{"type":"FeatureCollection","features":[{"type":"Feature","geometry":{"type":"Point","coordinates":[23.68253,37.94579]},"properties":{"name":"Μοσχάτο Χρ.Σμύρνης","band":0,"modes":"bus","arr":["1","860"],"off":[0,-0.8]}},{"type":"Feature","geometry":{"type":"Point","coordinates":[23.68253,37.94579]},"properties":{"name":"Ελ. Βενιζέλου","band":0,"modes":"bus","arr":["1","860"],"off":[0,-1.9]}},{"type":"Feature","geometry":{"type":"Point","coordinates":[23.68253,37.94579]},"properties":{"line":"1","mode":"bus","color":"#149a3f","colorDark":"#0a5121","band":0,"off":[-1.7,1.1]}},{"type":"Feature","geometry":{"type":"Point","coordinates":[23.68253,37.94579]},"properties":{"line":"860","mode":"bus","color":"#0059a9","colorDark":"#00294f","band":0,"off":[1.7,1.1]}},{"type":"Feature","geometry":{"type":"Point","coordinates":[23.722866,37.997922]},"properties":{"name":"Πλ. Αττικής","band":0,"modes":"bus","arr":["1","711","Β12"],"off":[0,-0.8]}},{"type":"Feature","geometry":{"type":"Point","coordinates":[23.722866,37.997922]},"properties":{"name":"Αφετηρία 711-Β12","band":0,"modes":"bus","arr":["1","711","Β12"],"off":[0,-1.9]}},{"type":"Feature","geometry":{"type":"Point","coordinates":[23.722866,37.997922]},"properties":{"line":"1","mode":"bus","color":"#149a3f","colorDark":"#0a5121","band":0,"off":[-3.4,1.1]}},{"type":"Feature","geometry":{"type":"Point","coordinates":[23.722866,37.997922]},"properties":{"line":"711","mode":"bus","color":"#0059a9","colorDark":"#00294f","band":0,"off":[0,1.1]}},{"type":"Feature","geometry":{"type":"Point","coordinates":[23.722866,37.997922]},"properties":{"line":"Β12","mode":"bus","color":"#0059a9","colorDark":"#00294f","band":0,"off":[3.4,1.1]}},{"type":"Feature","geometry":{"type":"Point","coordinates":[23.749531,38.00623]},"properties":{"name":"Άνω Κυψέλη","band":0,"modes":"bus","arr":["2","4","035"],"off":[0,-0.8]}},{"type":"Feature","geometry":{"type":"Point","coordinates":[23.749531,38.00623]},"properties":{"line":"2","mode":"bus","color":"#149a3f","colorDark":"#0a5121","band":0,"off":[-3.4,1.1]}},{"type":"Feature","geometry":{"type":"Point","coordinates":[23.749531,38.00623]},"properties":{"line":"4","mode":"bus","color":"#149a3f","colorDark":"#0a5121","band":0,"off":[0,1.1]}},{"type":"Feature","geometry":{"type":"Point","coordinates":[23.749531,38.00623]},"properties":{"line":"035","mode":"bus","color":"#0059a9","colorDark":"#00294f","band":0,"off":[3.4,1.1]}},{"type":"Feature","geometry":{"type":"Point","coordinates":[23.757796,37.971628]},"properties":{"name":"Πανεπιστημιούπολη","band":0,"modes":"bus","arr":["2","250"],"off":[0,-0.8]}},{"type":"Feature","geometry":{"type":"Point","coordinates":[23.757796,37.971628]},"properties":{"name":"Καισαριανή","band":0,"modes":"bus","arr":["2","250"],"off":[0,-1.9]}},{"type":"Feature","geometry":{"type":"Point","coordinates":[23.757796,37.971628]},"properties":{"line":"2","mode":"bus","color":"#149a3f","colorDark":"#0a5121","band":0,"off":[-1.7,1.1]}},{"type":"Feature","geometry":{"type":"Point","coordinates":[23.757796,37.971628]},"properties":{"line":"250","mode":"bus","color":"#0059a9","colorDark":"#00294f","band":0,"off":[1.7,1.1]}},{"type":"Feature","geometry":{"type":"Point","coordinates":[23.775274,38.000725]},"properties":{"name":"Νέο Ψυχικό","band":0,"modes":"bus","arr":["3"],"off":[0,-0.8]}},{"type":"Feature","geometry":{"type":"Point","coordinates":[23.775274,38.000725]},"properties":{"line":"3","mode":"bus","color":"#149a3f","colorDark":"#0a5121","band":0,"off":[0,1.1]}},{"type":"Feature","geometry":{"type":"Point","coordinates":[23.740173,38.035985]},"properties":{"name":"Νέα Φιλαδέλφεια","band":0,"modes":"bus","arr":["3"],"off":[0,-0.8]}},{"type":"Feature","geometry":{"type":"Point","coordinates":[23.740173,38.035985]},"properties":{"line":"3","mode":"bus","color":"#149a3f","colorDark":"#0a5121","band":0,"off":[0,1.1]}},{"type":"Feature","geometry":{"type":"Point","coordinates":[23.734693,37.956775]},"properties":{"name":"Στ. Μετρό Αγ. Ιωάννης","band":0,"modes":"bus","arr":["4"],"off":[0,-0.8]}},{"type":"Feature","geometry":{"type":"Point","coordinates":[23.734693,37.956775]},"properties":{"line":"4","mode":"bus","color":"#149a3f","colorDark":"#0a5121","band":0,"off":[0,1.1]}},{"type":"Feature","geometry":{"type":"Point","coordinates":[23.754123,38.022681]},"properties":{"name":"Λαμπρινή","band":0,"modes":"bus","arr":["5","14"],"off":[0,-0.8]}},{"type":"Feature","geometry":{"type":"Point","coordinates":[23.754123,38.022681]},"properties":{"line":"5","mode":"bus","color":"#149a3f","colorDark":"#0a5121","band":0,"off":[-1.7,1.1]}},{"type":"Feature","geometry":{"type":"Point","coordinates":[23.754123,38.022681]},"properties":{"line":"14","mode":"bus","color":"#149a3f","colorDark":"#0a5121","band":0,"off":[1.7,1.1]}},{"type":"Feature","geometry":{"type":"Point","coordinates":[23.685175,37.943172]},"properties":{"name":"Τζιτζιφιές","band":0,"modes":"bus","arr":["5","10"],"off":[0,-0.8]}},{"type":"Feature","geometry":{"type":"Point","coordinates":[23.685175,37.943172]},"properties":{"line":"5","mode":"bus","color":"#149a3f","colorDark":"#0a5121","band":0,"off":[-1.7,1.1]}},{"type":"Feature","geometry":{"type":"Point","coordinates":[23.685175,37.943172]},"properties":{"line":"10","mode":"bus","color":"#149a3f","colorDark":"#0a5121","band":0,"off":[1.7,1.1]}},{"type":"Feature","geometry":{"type":"Point","coordinates":[23.742251,38.054373]},"properties":{"name":"Ν. Φιλαδέλφεια","band":0,"modes":"bus","arr":["6"],"off":[0,-0.8]}},{"type":"Feature","geometry":{"type":"Point","coordinates":[23.742251,38.054373]},"properties":{"line":"6","mode":"bus","color":"#149a3f","colorDark":"#0a5121","band":0,"off":[0,1.1]}},{"type":"Feature","geometry":{"type":"Point","coordinates":[23.729216,37.985518]},"properties":{"name":"Πλ. Λαυρίου","band":0,"modes":"bus","arr":["6","021","049","838","914"],"off":[0,-0.8]}},{"type":"Feature","geometry":{"type":"Point","coordinates":[23.729216,37.985518]},"properties":{"name":"Πλ. Κάνιγγος","band":0,"modes":"bus","arr":["6","021","049","838","914"],"off":[0,-1.9]}},{"type":"Feature","geometry":{"type":"Point","coordinates":[23.729216,37.985518]},"properties":{"name":"Ομόνοια","band":0,"modes":"bus","arr":["6","021","049","838","914"],"off":[0,-3]}},{"type":"Feature","geometry":{"type":"Point","coordinates":[23.729216,37.985518]},"properties":{"line":"6","mode":"bus","color":"#149a3f","colorDark":"#0a5121","band":0,"off":[-6.8,1.1]}},{"type":"Feature","geometry":{"type":"Point","coordinates":[23.729216,37.985518]},"properties":{"line":"021","mode":"bus","color":"#0059a9","colorDark":"#00294f","band":0,"off":[-3.4,1.1]}},{"type":"Feature","geometry":{"type":"Point","coordinates":[23.729216,37.985518]},"properties":{"line":"049","mode":"bus","color":"#0059a9","colorDark":"#00294f","band":0,"off":[0,1.1]}},{"type":"Feature","geometry":{"type":"Point","coordinates":[23.729216,37.985518]},"properties":{"line":"838","mode":"bus","color":"#0059a9","colorDark":"#00294f","band":0,"off":[3.4,1.1]}},{"type":"Feature","geometry":{"type":"Point","coordinates":[23.729216,37.985518]},"properties":{"line":"914","mode":"bus","color":"#0059a9","colorDark":"#00294f","band":0,"off":[6.8,1.1]}},{"type":"Feature","geometry":{"type":"Point","coordinates":[23.798034,38.02251]},"properties":{"name":"Χαλάνδρι","band":0,"modes":"bus","arr":["10","18","447"],"off":[0,-0.8]}},{"type":"Feature","geometry":{"type":"Point","coordinates":[23.798034,38.02251]},"properties":{"name":"Πλ. Χαλανδρίου","band":0,"modes":"bus","arr":["10","18","447"],"off":[0,-1.9]}},{"type":"Feature","geometry":{"type":"Point","coordinates":[23.798034,38.02251]},"properties":{"line":"10","mode":"bus","color":"#149a3f","colorDark":"#0a5121","band":0,"off":[-3.4,1.1]}},{"type":"Feature","geometry":{"type":"Point","coordinates":[23.798034,38.02251]},"properties":{"line":"18","mode":"bus","color":"#149a3f","colorDark":"#0a5121","band":0,"off":[0,1.1]}},{"type":"Feature","geometry":{"type":"Point","coordinates":[23.798034,38.02251]},"properties":{"line":"447","mode":"bus","color":"#0059a9","colorDark":"#00294f","band":0,"off":[3.4,1.1]}},{"type":"Feature","geometry":{"type":"Point","coordinates":[23.735825,38.02162]},"properties":{"name":"Άνω Πατήσια","band":0,"modes":"bus","arr":["11"],"off":[0,-0.8]}},{"type":"Feature","geometry":{"type":"Point","coordinates":[23.735825,38.02162]},"properties":{"line":"11","mode":"bus","color":"#149a3f","colorDark":"#0a5121","band":0,"off":[0,1.1]}},{"type":"Feature","geometry":{"type":"Point","coordinates":[23.759705,37.954105]},"properties":{"name":"Ν. Ελβετία","band":0,"modes":"bus","arr":["11","214"],"off":[0,-0.8]}},{"type":"Feature","geometry":{"type":"Point","coordinates":[23.759705,37.954105]},"properties":{"name":"Ζ. Πηγή","band":0,"modes":"bus","arr":["11","214"],"off":[0,-1.9]}},{"type":"Feature","geometry":{"type":"Point","coordinates":[23.759705,37.954105]},"properties":{"line":"11","mode":"bus","color":"#149a3f","colorDark":"#0a5121","band":0,"off":[-1.7,1.1]}},{"type":"Feature","geometry":{"type":"Point","coordinates":[23.759705,37.954105]},"properties":{"line":"214","mode":"bus","color":"#0059a9","colorDark":"#00294f","band":0,"off":[1.7,1.1]}},{"type":"Feature","geometry":{"type":"Point","coordinates":[23.686238,38.028608]},"properties":{"name":"Ανθούπολη","band":0,"modes":"bus","arr":["12","731"],"off":[0,-0.8]}},{"type":"Feature","geometry":{"type":"Point","coordinates":[23.686238,38.028608]},"properties":{"name":"Αγ. Ιερόθεος","band":0,"modes":"bus","arr":["12","731"],"off":[0,-1.9]}},{"type":"Feature","geometry":{"type":"Point","coordinates":[23.686238,38.028608]},"properties":{"line":"12","mode":"bus","color":"#149a3f","colorDark":"#0a5121","band":0,"off":[-1.7,1.1]}},{"type":"Feature","geometry":{"type":"Point","coordinates":[23.686238,38.028608]},"properties":{"line":"731","mode":"bus","color":"#0059a9","colorDark":"#00294f","band":0,"off":[1.7,1.1]}},{"type":"Feature","geometry":{"type":"Point","coordinates":[23.7347,37.973133]},"properties":{"name":"Σύνταγμα (Κέντρο)","band":0,"modes":"bus,tram","arr":["12","040","T6","Ε14","Χ14","Χ95"],"off":[0,-0.8]}},{"type":"Feature","geometry":{"type":"Point","coordinates":[23.7347,37.973133]},"properties":{"name":"Σύνταγμα","band":0,"modes":"bus,tram","arr":["12","040","T6","Ε14","Χ14","Χ95"],"off":[0,-1.9]}},{"type":"Feature","geometry":{"type":"Point","coordinates":[23.7347,37.973133]},"properties":{"name":"Ζάππειο","band":0,"modes":"bus,tram","arr":["12","040","T6","Ε14","Χ14","Χ95"],"off":[0,-3]}},{"type":"Feature","geometry":{"type":"Point","coordinates":[23.7347,37.973133]},"properties":{"line":"12","mode":"bus","color":"#149a3f","colorDark":"#0a5121","band":0,"off":[-6.8,1.1]}},{"type":"Feature","geometry":{"type":"Point","coordinates":[23.7347,37.973133]},"properties":{"line":"040","mode":"bus","color":"#0059a9","colorDark":"#00294f","band":0,"off":[-3.4,1.1]}},{"type":"Feature","geometry":{"type":"Point","coordinates":[23.7347,37.973133]},"properties":{"line":"T6","mode":"tram","color":"#d6212b","colorDark":"#7c1116","band":0,"off":[0,1.1]}},{"type":"Feature","geometry":{"type":"Point","coordinates":[23.7347,37.973133]},"properties":{"line":"Ε14","mode":"bus","color":"#0059a9","colorDark":"#00294f","band":0,"off":[3.4,1.1]}},{"type":"Feature","geometry":{"type":"Point","coordinates":[23.7347,37.973133]},"properties":{"line":"Χ14","mode":"bus","color":"#0059a9","colorDark":"#00294f","band":0,"off":[6.8,1.1]}},{"type":"Feature","geometry":{"type":"Point","coordinates":[23.7347,37.973133]},"properties":{"line":"Χ95","mode":"bus","color":"#0059a9","colorDark":"#00294f","band":0,"off":[0,3.1]}},{"type":"Feature","geometry":{"type":"Point","coordinates":[23.768324,37.996647]},"properties":{"name":"Γηροκομείο","band":0,"modes":"bus","arr":["14"],"off":[0,-0.8]}},{"type":"Feature","geometry":{"type":"Point","coordinates":[23.768324,37.996647]},"properties":{"line":"14","mode":"bus","color":"#149a3f","colorDark":"#0a5121","band":0,"off":[0,1.1]}},{"type":"Feature","geometry":{"type":"Point","coordinates":[23.709121,37.968166]},"properties":{"name":"Πετράλωνα","band":0,"modes":"bus","arr":["15"],"off":[0,-0.8]}},{"type":"Feature","geometry":{"type":"Point","coordinates":[23.709121,37.968166]},"properties":{"line":"15","mode":"bus","color":"#149a3f","colorDark":"#0a5121","band":0,"off":[0,1.1]}},{"type":"Feature","geometry":{"type":"Point","coordinates":[23.756267,37.998232]},"properties":{"name":"Τέρμα Ελ. Βενιζέλου","band":0,"modes":"bus","arr":["15","224"],"off":[0,-0.8]}},{"type":"Feature","geometry":{"type":"Point","coordinates":[23.756267,37.998232]},"properties":{"name":"Ελ. Βενιζέλου","band":0,"modes":"bus","arr":["15","224"],"off":[0,-3]}},{"type":"Feature","geometry":{"type":"Point","coordinates":[23.756267,37.998232]},"properties":{"line":"15","mode":"bus","color":"#149a3f","colorDark":"#0a5121","band":0,"off":[-1.7,1.1]}},{"type":"Feature","geometry":{"type":"Point","coordinates":[23.756267,37.998232]},"properties":{"line":"224","mode":"bus","color":"#0059a9","colorDark":"#00294f","band":0,"off":[1.7,1.1]}},{"type":"Feature","geometry":{"type":"Point","coordinates":[23.674761,37.961812]},"properties":{"name":"Αγ. Ιωάννης Ρέντης","band":0,"modes":"bus","arr":["16"],"off":[0,-0.8]}},{"type":"Feature","geometry":{"type":"Point","coordinates":[23.674761,37.961812]},"properties":{"line":"16","mode":"bus","color":"#149a3f","colorDark":"#0a5121","band":0,"off":[0,1.1]}},{"type":"Feature","geometry":{"type":"Point","coordinates":[23.642504,37.947858]},"properties":{"name":"Πειραιάς Πλ. Καραϊσκάκη","band":0,"modes":"bus,metro","arr":["17","218","300","400","500","803","827","845","871","871Τ","904","906","M1","Ε90"],"off":[0,-0.8],"sc":0.95}},{"type":"Feature","geometry":{"type":"Point","coordinates":[23.642504,37.947858]},"properties":{"name":"Πειραιάς Αγ. Σπυρίδων","band":0,"modes":"bus,metro","arr":["17","218","300","400","500","803","827","845","871","871Τ","904","906","M1","Ε90"],"off":[0,-3],"sc":0.95}},{"type":"Feature","geometry":{"type":"Point","coordinates":[23.642504,37.947858]},"properties":{"name":"Πειραιάς","band":0,"modes":"bus,metro","arr":["17","218","300","400","500","803","827","845","871","871Τ","904","906","M1","Ε90"],"off":[0,-5.2],"sc":0.95}},{"type":"Feature","geometry":{"type":"Point","coordinates":[23.642504,37.947858]},"properties":{"line":"17","mode":"bus","color":"#149a3f","colorDark":"#0a5121","band":0,"sc":0.95,"off":[-6.8,1.1]}},{"type":"Feature","geometry":{"type":"Point","coordinates":[23.642504,37.947858]},"properties":{"line":"218","mode":"bus","color":"#0059a9","colorDark":"#00294f","band":0,"sc":0.95,"off":[-3.4,1.1]}},{"type":"Feature","geometry":{"type":"Point","coordinates":[23.642504,37.947858]},"properties":{"line":"300","mode":"bus","color":"#0059a9","colorDark":"#00294f","band":0,"sc":0.95,"off":[0,1.1]}},{"type":"Feature","geometry":{"type":"Point","coordinates":[23.642504,37.947858]},"properties":{"line":"400","mode":"bus","color":"#0059a9","colorDark":"#00294f","band":0,"sc":0.95,"off":[3.4,1.1]}},{"type":"Feature","geometry":{"type":"Point","coordinates":[23.642504,37.947858]},"properties":{"line":"500","mode":"bus","color":"#0059a9","colorDark":"#00294f","band":0,"sc":0.95,"off":[6.8,1.1]}},{"type":"Feature","geometry":{"type":"Point","coordinates":[23.642504,37.947858]},"properties":{"line":"803","mode":"bus","color":"#0059a9","colorDark":"#00294f","band":0,"sc":0.95,"off":[-6.8,3.1]}},{"type":"Feature","geometry":{"type":"Point","coordinates":[23.642504,37.947858]},"properties":{"line":"827","mode":"bus","color":"#0059a9","colorDark":"#00294f","band":0,"sc":0.95,"off":[-3.4,3.1]}},{"type":"Feature","geometry":{"type":"Point","coordinates":[23.642504,37.947858]},"properties":{"line":"845","mode":"bus","color":"#0059a9","colorDark":"#00294f","band":0,"sc":0.95,"off":[0,3.1]}},{"type":"Feature","geometry":{"type":"Point","coordinates":[23.642504,37.947858]},"properties":{"line":"871","mode":"bus","color":"#0059a9","colorDark":"#00294f","band":0,"sc":0.95,"off":[3.4,3.1]}},{"type":"Feature","geometry":{"type":"Point","coordinates":[23.642504,37.947858]},"properties":{"line":"871Τ","mode":"bus","color":"#0059a9","colorDark":"#00294f","band":0,"sc":0.95,"off":[6.8,3.1]}},{"type":"Feature","geometry":{"type":"Point","coordinates":[23.642504,37.947858]},"properties":{"line":"904","mode":"bus","color":"#0059a9","colorDark":"#00294f","band":0,"sc":0.95,"off":[-5.1,5.1]}},{"type":"Feature","geometry":{"type":"Point","coordinates":[23.642504,37.947858]},"properties":{"line":"906","mode":"bus","color":"#0059a9","colorDark":"#00294f","band":0,"sc":0.95,"off":[-1.7,5.1]}},{"type":"Feature","geometry":{"type":"Point","coordinates":[23.642504,37.947858]},"properties":{"line":"M1","mode":"tram","color":"#009550","colorDark":"#00512b","band":0,"sc":0.95,"off":[1.7,5.1]}},{"type":"Feature","geometry":{"type":"Point","coordinates":[23.642504,37.947858]},"properties":{"line":"Ε90","mode":"bus","color":"#0059a9","colorDark":"#00294f","band":0,"sc":0.95,"off":[5.1,5.1]}},{"type":"Feature","geometry":{"type":"Point","coordinates":[23.730687,37.990894]},"properties":{"name":"Στουρνάρη","band":0,"modes":"bus","arr":["18","19","046","19Β","Α7","Α8"],"off":[0,-0.8]}},{"type":"Feature","geometry":{"type":"Point","coordinates":[23.730687,37.990894]},"properties":{"name":"Πολυτεχνείο","band":0,"modes":"bus","arr":["18","19","046","19Β","Α7","Α8"],"off":[0,-1.9]}},{"type":"Feature","geometry":{"type":"Point","coordinates":[23.730687,37.990894]},"properties":{"name":"Μουσείο","band":0,"modes":"bus","arr":["18","19","046","19Β","Α7","Α8"],"off":[0,-3]}},{"type":"Feature","geometry":{"type":"Point","coordinates":[23.730687,37.990894]},"properties":{"line":"18","mode":"bus","color":"#149a3f","colorDark":"#0a5121","band":0,"off":[-6.8,1.1]}},{"type":"Feature","geometry":{"type":"Point","coordinates":[23.730687,37.990894]},"properties":{"line":"19","mode":"bus","color":"#149a3f","colorDark":"#0a5121","band":0,"off":[-3.4,1.1]}},{"type":"Feature","geometry":{"type":"Point","coordinates":[23.730687,37.990894]},"properties":{"line":"046","mode":"bus","color":"#0059a9","colorDark":"#00294f","band":0,"off":[0,1.1]}},{"type":"Feature","geometry":{"type":"Point","coordinates":[23.730687,37.990894]},"properties":{"line":"19Β","mode":"bus","color":"#149a3f","colorDark":"#0a5121","band":0,"off":[3.4,1.1]}},{"type":"Feature","geometry":{"type":"Point","coordinates":[23.730687,37.990894]},"properties":{"line":"Α7","mode":"bus","color":"#0059a9","colorDark":"#00294f","band":0,"off":[6.8,1.1]}},{"type":"Feature","geometry":{"type":"Point","coordinates":[23.730687,37.990894]},"properties":{"line":"Α8","mode":"bus","color":"#0059a9","colorDark":"#00294f","band":0,"off":[0,3.1]}},{"type":"Feature","geometry":{"type":"Point","coordinates":[23.827677,38.022731]},"properties":{"name":"Στ. Χαλάνδρι","band":0,"modes":"bus","arr":["19","301","301Β","302","306","307","314","319","400","405","407","411","450","451","460","461"],"off":[0,-0.8],"sc":0.92}},{"type":"Feature","geometry":{"type":"Point","coordinates":[23.827677,38.022731]},"properties":{"name":"Στ. Δουκ. Πλακεντίας","band":0,"modes":"bus","arr":["19","301","301Β","302","306","307","314","319","400","405","407","411","450","451","460","461"],"off":[0,-1.9],"sc":0.92}},{"type":"Feature","geometry":{"type":"Point","coordinates":[23.827677,38.022731]},"properties":{"line":"19","mode":"bus","color":"#149a3f","colorDark":"#0a5121","band":0,"sc":0.92,"off":[-6.8,1.1]}},{"type":"Feature","geometry":{"type":"Point","coordinates":[23.827677,38.022731]},"properties":{"line":"301","mode":"bus","color":"#0059a9","colorDark":"#00294f","band":0,"sc":0.92,"off":[-3.4,1.1]}},{"type":"Feature","geometry":{"type":"Point","coordinates":[23.827677,38.022731]},"properties":{"line":"301Β","mode":"bus","color":"#0059a9","colorDark":"#00294f","band":0,"sc":0.92,"off":[0,1.1]}},{"type":"Feature","geometry":{"type":"Point","coordinates":[23.827677,38.022731]},"properties":{"line":"302","mode":"bus","color":"#0059a9","colorDark":"#00294f","band":0,"sc":0.92,"off":[3.4,1.1]}},{"type":"Feature","geometry":{"type":"Point","coordinates":[23.827677,38.022731]},"properties":{"line":"306","mode":"bus","color":"#0059a9","colorDark":"#00294f","band":0,"sc":0.92,"off":[6.8,1.1]}},{"type":"Feature","geometry":{"type":"Point","coordinates":[23.827677,38.022731]},"properties":{"line":"307","mode":"bus","color":"#0059a9","colorDark":"#00294f","band":0,"sc":0.92,"off":[-6.8,3.1]}},{"type":"Feature","geometry":{"type":"Point","coordinates":[23.827677,38.022731]},"properties":{"line":"314","mode":"bus","color":"#0059a9","colorDark":"#00294f","band":0,"sc":0.92,"off":[-3.4,3.1]}},{"type":"Feature","geometry":{"type":"Point","coordinates":[23.827677,38.022731]},"properties":{"line":"319","mode":"bus","color":"#0059a9","colorDark":"#00294f","band":0,"sc":0.92,"off":[0,3.1]}},{"type":"Feature","geometry":{"type":"Point","coordinates":[23.827677,38.022731]},"properties":{"line":"400","mode":"bus","color":"#0059a9","colorDark":"#00294f","band":0,"sc":0.92,"off":[3.4,3.1]}},{"type":"Feature","geometry":{"type":"Point","coordinates":[23.827677,38.022731]},"properties":{"line":"405","mode":"bus","color":"#0059a9","colorDark":"#00294f","band":0,"sc":0.92,"off":[6.8,3.1]}},{"type":"Feature","geometry":{"type":"Point","coordinates":[23.827677,38.022731]},"properties":{"line":"407","mode":"bus","color":"#0059a9","colorDark":"#00294f","band":0,"sc":0.92,"off":[-6.8,5.1]}},{"type":"Feature","geometry":{"type":"Point","coordinates":[23.827677,38.022731]},"properties":{"line":"411","mode":"bus","color":"#0059a9","colorDark":"#00294f","band":0,"sc":0.92,"off":[-3.4,5.1]}},{"type":"Feature","geometry":{"type":"Point","coordinates":[23.827677,38.022731]},"properties":{"line":"450","mode":"bus","color":"#0059a9","colorDark":"#00294f","band":0,"sc":0.92,"off":[0,5.1]}},{"type":"Feature","geometry":{"type":"Point","coordinates":[23.827677,38.022731]},"properties":{"line":"451","mode":"bus","color":"#0059a9","colorDark":"#00294f","band":0,"sc":0.92,"off":[3.4,5.1]}},{"type":"Feature","geometry":{"type":"Point","coordinates":[23.827677,38.022731]},"properties":{"line":"460","mode":"bus","color":"#0059a9","colorDark":"#00294f","band":0,"sc":0.92,"off":[6.8,5.1]}},{"type":"Feature","geometry":{"type":"Point","coordinates":[23.827677,38.022731]},"properties":{"line":"461","mode":"bus","color":"#0059a9","colorDark":"#00294f","band":0,"sc":0.92,"off":[0,7.1]}},{"type":"Feature","geometry":{"type":"Point","coordinates":[23.622833,37.943021]},"properties":{"name":"Τέρμα","band":0,"modes":"bus","arr":["20","420","703","Χ96"],"off":[0,-0.8]}},{"type":"Feature","geometry":{"type":"Point","coordinates":[23.622833,37.943021]},"properties":{"name":"Πειραιάς Δραπετσώνα Χ96","band":0,"modes":"bus","arr":["20","420","703","Χ96"],"off":[0,-1.9]}},{"type":"Feature","geometry":{"type":"Point","coordinates":[23.622833,37.943021]},"properties":{"name":"Ακτή Βασιλειάδη","band":0,"modes":"bus","arr":["20","420","703","Χ96"],"off":[0,-4.1]}},{"type":"Feature","geometry":{"type":"Point","coordinates":[23.622833,37.943021]},"properties":{"line":"20","mode":"bus","color":"#149a3f","colorDark":"#0a5121","band":0,"off":[-5.1,1.1]}},{"type":"Feature","geometry":{"type":"Point","coordinates":[23.622833,37.943021]},"properties":{"line":"420","mode":"bus","color":"#0059a9","colorDark":"#00294f","band":0,"off":[-1.7,1.1]}},{"type":"Feature","geometry":{"type":"Point","coordinates":[23.622833,37.943021]},"properties":{"line":"703","mode":"bus","color":"#0059a9","colorDark":"#00294f","band":0,"off":[1.7,1.1]}},{"type":"Feature","geometry":{"type":"Point","coordinates":[23.622833,37.943021]},"properties":{"line":"Χ96","mode":"bus","color":"#0059a9","colorDark":"#00294f","band":0,"off":[5.1,1.1]}},{"type":"Feature","geometry":{"type":"Point","coordinates":[23.661499,37.944406]},"properties":{"name":"Ν. Φάληρο","band":0,"modes":"bus","arr":["20"],"off":[0,-0.8]}},{"type":"Feature","geometry":{"type":"Point","coordinates":[23.661499,37.944406]},"properties":{"line":"20","mode":"bus","color":"#149a3f","colorDark":"#0a5121","band":0,"off":[0,1.1]}},{"type":"Feature","geometry":{"type":"Point","coordinates":[23.6477,37.966078]},"properties":{"name":"Νίκαια","band":0,"modes":"bus","arr":["21"],"off":[0,-0.8]}},{"type":"Feature","geometry":{"type":"Point","coordinates":[23.6477,37.966078]},"properties":{"line":"21","mode":"bus","color":"#149a3f","colorDark":"#0a5121","band":0,"off":[0,1.1]}},{"type":"Feature","geometry":{"type":"Point","coordinates":[23.734599,37.977262]},"properties":{"name":"Αφετηρία - Σίνα","band":0,"modes":"bus","arr":["022","060","Α2","Α3","Α5"],"off":[0,-0.8]}},{"type":"Feature","geometry":{"type":"Point","coordinates":[23.734599,37.977262]},"properties":{"name":"Αφετηρία - Ρήγα Φεραίου","band":0,"modes":"bus","arr":["022","060","Α2","Α3","Α5"],"off":[0,-1.9]}},{"type":"Feature","geometry":{"type":"Point","coordinates":[23.734599,37.977262]},"properties":{"name":"Ακαδημία","band":0,"modes":"bus","arr":["022","060","Α2","Α3","Α5"],"off":[0,-4.1]}},{"type":"Feature","geometry":{"type":"Point","coordinates":[23.734599,37.977262]},"properties":{"line":"022","mode":"bus","color":"#0059a9","colorDark":"#00294f","band":0,"off":[-6.8,1.1]}},{"type":"Feature","geometry":{"type":"Point","coordinates":[23.734599,37.977262]},"properties":{"line":"060","mode":"bus","color":"#0059a9","colorDark":"#00294f","band":0,"off":[-3.4,1.1]}},{"type":"Feature","geometry":{"type":"Point","coordinates":[23.734599,37.977262]},"properties":{"line":"Α2","mode":"bus","color":"#0059a9","colorDark":"#00294f","band":0,"off":[0,1.1]}},{"type":"Feature","geometry":{"type":"Point","coordinates":[23.734599,37.977262]},"properties":{"line":"Α3","mode":"bus","color":"#0059a9","colorDark":"#00294f","band":0,"off":[3.4,1.1]}},{"type":"Feature","geometry":{"type":"Point","coordinates":[23.734599,37.977262]},"properties":{"line":"Α5","mode":"bus","color":"#0059a9","colorDark":"#00294f","band":0,"off":[6.8,1.1]}},{"type":"Feature","geometry":{"type":"Point","coordinates":[23.734503,38.047633]},"properties":{"name":"Αγ. Ανάργυροι","band":0,"modes":"bus","arr":["024"],"off":[0,-0.8]}},{"type":"Feature","geometry":{"type":"Point","coordinates":[23.734503,38.047633]},"properties":{"line":"024","mode":"bus","color":"#0059a9","colorDark":"#00294f","band":0,"off":[0,1.1]}},{"type":"Feature","geometry":{"type":"Point","coordinates":[23.68016,38.039952]},"properties":{"name":"Πετρούπολη","band":0,"modes":"bus","arr":["24"],"off":[0,-0.8]}},{"type":"Feature","geometry":{"type":"Point","coordinates":[23.68016,38.039952]},"properties":{"line":"24","mode":"bus","color":"#149a3f","colorDark":"#0a5121","band":0,"off":[0,1.1]}},{"type":"Feature","geometry":{"type":"Point","coordinates":[23.709133,37.989307]},"properties":{"name":"Προφήτη Δανιήλ","band":0,"modes":"bus","arr":["025"],"off":[0,-0.8]}},{"type":"Feature","geometry":{"type":"Point","coordinates":[23.709133,37.989307]},"properties":{"line":"025","mode":"bus","color":"#0059a9","colorDark":"#00294f","band":0,"off":[0,1.1]}},{"type":"Feature","geometry":{"type":"Point","coordinates":[23.747638,37.988183]},"properties":{"name":"Ιπποκράτους","band":0,"modes":"bus","arr":["025","026"],"off":[0,-0.8]}},{"type":"Feature","geometry":{"type":"Point","coordinates":[23.747638,37.988183]},"properties":{"line":"025","mode":"bus","color":"#0059a9","colorDark":"#00294f","band":0,"off":[-1.7,1.1]}},{"type":"Feature","geometry":{"type":"Point","coordinates":[23.747638,37.988183]},"properties":{"line":"026","mode":"bus","color":"#0059a9","colorDark":"#00294f","band":0,"off":[1.7,1.1]}},{"type":"Feature","geometry":{"type":"Point","coordinates":[23.701156,38.006603]},"properties":{"name":"Στ. Αγ. Αντώνιος","band":0,"modes":"bus","arr":["25","706","822","823"],"off":[0,-0.8]}},{"type":"Feature","geometry":{"type":"Point","coordinates":[23.701156,38.006603]},"properties":{"name":"Αφετηρία Αγ. Αντώνιος","band":0,"modes":"bus","arr":["25","706","822","823"],"off":[0,-1.9]}},{"type":"Feature","geometry":{"type":"Point","coordinates":[23.701156,38.006603]},"properties":{"line":"25","mode":"bus","color":"#149a3f","colorDark":"#0a5121","band":0,"off":[-5.1,1.1]}},{"type":"Feature","geometry":{"type":"Point","coordinates":[23.701156,38.006603]},"properties":{"line":"706","mode":"bus","color":"#0059a9","colorDark":"#00294f","band":0,"off":[-1.7,1.1]}},{"type":"Feature","geometry":{"type":"Point","coordinates":[23.701156,38.006603]},"properties":{"line":"822","mode":"bus","color":"#0059a9","colorDark":"#00294f","band":0,"off":[1.7,1.1]}},{"type":"Feature","geometry":{"type":"Point","coordinates":[23.701156,38.006603]},"properties":{"line":"823","mode":"bus","color":"#0059a9","colorDark":"#00294f","band":0,"off":[5.1,1.1]}},{"type":"Feature","geometry":{"type":"Point","coordinates":[23.704018,37.98084]},"properties":{"name":"Βοτανικός","band":0,"modes":"bus","arr":["026","865"],"off":[0,-0.8]}},{"type":"Feature","geometry":{"type":"Point","coordinates":[23.704018,37.98084]},"properties":{"name":"Αμαξοστάσιο Βοτανικού","band":0,"modes":"bus","arr":["026","865"],"off":[0,-1.9]}},{"type":"Feature","geometry":{"type":"Point","coordinates":[23.704018,37.98084]},"properties":{"line":"026","mode":"bus","color":"#0059a9","colorDark":"#00294f","band":0,"off":[-1.7,1.1]}},{"type":"Feature","geometry":{"type":"Point","coordinates":[23.704018,37.98084]},"properties":{"line":"865","mode":"bus","color":"#0059a9","colorDark":"#00294f","band":0,"off":[1.7,1.1]}},{"type":"Feature","geometry":{"type":"Point","coordinates":[23.696347,37.964084]},"properties":{"name":"Πετράλωνα","band":0,"modes":"bus","arr":["035"],"off":[0,-0.8]}},{"type":"Feature","geometry":{"type":"Point","coordinates":[23.696347,37.964084]},"properties":{"line":"035","mode":"bus","color":"#0059a9","colorDark":"#00294f","band":0,"off":[0,1.1]}},{"type":"Feature","geometry":{"type":"Point","coordinates":[23.777123,37.993604]},"properties":{"name":"Σταθμός Κατεχάκη","band":0,"modes":"bus","arr":["036","402"],"off":[0,-0.8]}},{"type":"Feature","geometry":{"type":"Point","coordinates":[23.777123,37.993604]},"properties":{"line":"036","mode":"bus","color":"#0059a9","colorDark":"#00294f","band":0,"off":[-1.7,1.1]}},{"type":"Feature","geometry":{"type":"Point","coordinates":[23.777123,37.993604]},"properties":{"line":"402","mode":"bus","color":"#0059a9","colorDark":"#00294f","band":0,"off":[1.7,1.1]}},{"type":"Feature","geometry":{"type":"Point","coordinates":[23.631889,37.938487]},"properties":{"name":"Πειραιάς","band":0,"modes":"bus","arr":["040","049","130","217","229","826","828","831","843","859","Α1","Β1"],"off":[0,-0.8]}},{"type":"Feature","geometry":{"type":"Point","coordinates":[23.631889,37.938487]},"properties":{"line":"040","mode":"bus","color":"#0059a9","colorDark":"#00294f","band":0,"off":[-6.8,1.1]}},{"type":"Feature","geometry":{"type":"Point","coordinates":[23.631889,37.938487]},"properties":{"line":"049","mode":"bus","color":"#0059a9","colorDark":"#00294f","band":0,"off":[-3.4,1.1]}},{"type":"Feature","geometry":{"type":"Point","coordinates":[23.631889,37.938487]},"properties":{"line":"130","mode":"bus","color":"#0059a9","colorDark":"#00294f","band":0,"off":[0,1.1]}},{"type":"Feature","geometry":{"type":"Point","coordinates":[23.631889,37.938487]},"properties":{"line":"217","mode":"bus","color":"#0059a9","colorDark":"#00294f","band":0,"off":[3.4,1.1]}},{"type":"Feature","geometry":{"type":"Point","coordinates":[23.631889,37.938487]},"properties":{"line":"229","mode":"bus","color":"#0059a9","colorDark":"#00294f","band":0,"off":[6.8,1.1]}},{"type":"Feature","geometry":{"type":"Point","coordinates":[23.631889,37.938487]},"properties":{"line":"826","mode":"bus","color":"#0059a9","colorDark":"#00294f","band":0,"off":[-6.8,3.1]}},{"type":"Feature","geometry":{"type":"Point","coordinates":[23.631889,37.938487]},"properties":{"line":"828","mode":"bus","color":"#0059a9","colorDark":"#00294f","band":0,"off":[-3.4,3.1]}},{"type":"Feature","geometry":{"type":"Point","coordinates":[23.631889,37.938487]},"properties":{"line":"831","mode":"bus","color":"#0059a9","colorDark":"#00294f","band":0,"off":[0,3.1]}},{"type":"Feature","geometry":{"type":"Point","coordinates":[23.631889,37.938487]},"properties":{"line":"843","mode":"bus","color":"#0059a9","colorDark":"#00294f","band":0,"off":[3.4,3.1]}},{"type":"Feature","geometry":{"type":"Point","coordinates":[23.631889,37.938487]},"properties":{"line":"859","mode":"bus","color":"#0059a9","colorDark":"#00294f","band":0,"off":[6.8,3.1]}},{"type":"Feature","geometry":{"type":"Point","coordinates":[23.631889,37.938487]},"properties":{"line":"Α1","mode":"bus","color":"#0059a9","colorDark":"#00294f","band":0,"off":[-1.7,5.1]}},{"type":"Feature","geometry":{"type":"Point","coordinates":[23.631889,37.938487]},"properties":{"line":"Β1","mode":"bus","color":"#0059a9","colorDark":"#00294f","band":0,"off":[1.7,5.1]}},{"type":"Feature","geometry":{"type":"Point","coordinates":[23.778898,37.996568]},"properties":{"name":"Ελληνορώσων","band":0,"modes":"bus","arr":["046","242"],"off":[0,-0.8]}},{"type":"Feature","geometry":{"type":"Point","coordinates":[23.778898,37.996568]},"properties":{"line":"046","mode":"bus","color":"#0059a9","colorDark":"#00294f","band":0,"off":[-1.7,1.1]}},{"type":"Feature","geometry":{"type":"Point","coordinates":[23.778898,37.996568]},"properties":{"line":"242","mode":"bus","color":"#0059a9","colorDark":"#00294f","band":0,"off":[1.7,1.1]}},{"type":"Feature","geometry":{"type":"Point","coordinates":[23.69927,37.997623]},"properties":{"name":"Στ. Υπεραστικών Λεωφορείων Κηφισού","band":0,"modes":"bus","arr":["051","Χ93"],"off":[0,-0.8]}},{"type":"Feature","geometry":{"type":"Point","coordinates":[23.69927,37.997623]},"properties":{"line":"051","mode":"bus","color":"#0059a9","colorDark":"#00294f","band":0,"off":[-1.7,1.1]}},{"type":"Feature","geometry":{"type":"Point","coordinates":[23.69927,37.997623]},"properties":{"line":"Χ93","mode":"bus","color":"#0059a9","colorDark":"#00294f","band":0,"off":[1.7,1.1]}},{"type":"Feature","geometry":{"type":"Point","coordinates":[23.694814,37.988432]},"properties":{"name":"Στ. Ελαιώνα","band":0,"modes":"bus","arr":["052"],"off":[0,-0.8]}},{"type":"Feature","geometry":{"type":"Point","coordinates":[23.694814,37.988432]},"properties":{"line":"052","mode":"bus","color":"#0059a9","colorDark":"#00294f","band":0,"off":[0,1.1]}},{"type":"Feature","geometry":{"type":"Point","coordinates":[23.769149,38.033931]},"properties":{"name":"Περισσός 054","band":0,"modes":"bus","arr":["054","605"],"off":[0,-0.8]}},{"type":"Feature","geometry":{"type":"Point","coordinates":[23.769149,38.033931]},"properties":{"name":"Περισσός","band":0,"modes":"bus","arr":["054","605"],"off":[0,-1.9]}},{"type":"Feature","geometry":{"type":"Point","coordinates":[23.769149,38.033931]},"properties":{"line":"054","mode":"bus","color":"#0059a9","colorDark":"#00294f","band":0,"off":[-1.7,1.1]}},{"type":"Feature","geometry":{"type":"Point","coordinates":[23.769149,38.033931]},"properties":{"line":"605","mode":"bus","color":"#0059a9","colorDark":"#00294f","band":0,"off":[1.7,1.1]}},{"type":"Feature","geometry":{"type":"Point","coordinates":[23.712555,38.002907]},"properties":{"name":"Λόφος Σκουζέ","band":0,"modes":"bus","arr":["057"],"off":[0,-0.8]}},{"type":"Feature","geometry":{"type":"Point","coordinates":[23.712555,38.002907]},"properties":{"line":"057","mode":"bus","color":"#0059a9","colorDark":"#00294f","band":0,"off":[0,1.1]}},{"type":"Feature","geometry":{"type":"Point","coordinates":[23.755379,37.889359]},"properties":{"name":"Ελληνικό","band":0,"modes":"bus","arr":["101"],"off":[0,-0.8]}},{"type":"Feature","geometry":{"type":"Point","coordinates":[23.755379,37.889359]},"properties":{"line":"101","mode":"bus","color":"#0059a9","colorDark":"#00294f","band":0,"off":[0,1.1]}},{"type":"Feature","geometry":{"type":"Point","coordinates":[23.703391,37.916148]},"properties":{"name":"Πικροδάφνη","band":0,"modes":"bus,tram","arr":["101","T6"],"off":[0,-0.8]}},{"type":"Feature","geometry":{"type":"Point","coordinates":[23.703391,37.916148]},"properties":{"name":"Άλιμος","band":0,"modes":"bus,tram","arr":["101","T6"],"off":[0,-1.9]}},{"type":"Feature","geometry":{"type":"Point","coordinates":[23.703391,37.916148]},"properties":{"line":"101","mode":"bus","color":"#0059a9","colorDark":"#00294f","band":0,"off":[-1.7,1.1]}},{"type":"Feature","geometry":{"type":"Point","coordinates":[23.703391,37.916148]},"properties":{"line":"T6","mode":"tram","color":"#d6212b","colorDark":"#7c1116","band":0,"off":[1.7,1.1]}},{"type":"Feature","geometry":{"type":"Point","coordinates":[23.726619,37.925785]},"properties":{"name":"Αγ. Δημήτριος","band":0,"modes":"bus","arr":["106","112","126"],"off":[0,-0.8]}},{"type":"Feature","geometry":{"type":"Point","coordinates":[23.726619,37.925785]},"properties":{"name":"Αγ. Βαρβάρα","band":0,"modes":"bus","arr":["106","112","126"],"off":[0,-1.9]}},{"type":"Feature","geometry":{"type":"Point","coordinates":[23.726619,37.925785]},"properties":{"line":"106","mode":"bus","color":"#0059a9","colorDark":"#00294f","band":0,"off":[-3.4,1.1]}},{"type":"Feature","geometry":{"type":"Point","coordinates":[23.726619,37.925785]},"properties":{"line":"112","mode":"bus","color":"#0059a9","colorDark":"#00294f","band":0,"off":[0,1.1]}},{"type":"Feature","geometry":{"type":"Point","coordinates":[23.726619,37.925785]},"properties":{"line":"126","mode":"bus","color":"#0059a9","colorDark":"#00294f","band":0,"off":[3.4,1.1]}},{"type":"Feature","geometry":{"type":"Point","coordinates":[23.742234,37.942847]},"properties":{"name":"Στ. Αγ. Δημήτριος","band":0,"modes":"bus","arr":["109","164","201","856"],"off":[0,-0.8]}},{"type":"Feature","geometry":{"type":"Point","coordinates":[23.742234,37.942847]},"properties":{"name":"Δάφνη","band":0,"modes":"bus","arr":["109","164","201","856"],"off":[0,-1.9]}},{"type":"Feature","geometry":{"type":"Point","coordinates":[23.742234,37.942847]},"properties":{"line":"109","mode":"bus","color":"#0059a9","colorDark":"#00294f","band":0,"off":[-5.1,1.1]}},{"type":"Feature","geometry":{"type":"Point","coordinates":[23.742234,37.942847]},"properties":{"line":"164","mode":"bus","color":"#0059a9","colorDark":"#00294f","band":0,"off":[-1.7,1.1]}},{"type":"Feature","geometry":{"type":"Point","coordinates":[23.742234,37.942847]},"properties":{"line":"201","mode":"bus","color":"#0059a9","colorDark":"#00294f","band":0,"off":[1.7,1.1]}},{"type":"Feature","geometry":{"type":"Point","coordinates":[23.742234,37.942847]},"properties":{"line":"856","mode":"bus","color":"#0059a9","colorDark":"#00294f","band":0,"off":[5.1,1.1]}},{"type":"Feature","geometry":{"type":"Point","coordinates":[23.740395,37.872888]},"properties":{"name":"Γλυφάδα","band":0,"modes":"bus","arr":["115","116","117","120","124","128","205","Α3"],"off":[0,-0.8]}},{"type":"Feature","geometry":{"type":"Point","coordinates":[23.740395,37.872888]},"properties":{"line":"115","mode":"bus","color":"#0059a9","colorDark":"#00294f","band":0,"off":[-6.8,1.1]}},{"type":"Feature","geometry":{"type":"Point","coordinates":[23.740395,37.872888]},"properties":{"line":"116","mode":"bus","color":"#0059a9","colorDark":"#00294f","band":0,"off":[-3.4,1.1]}},{"type":"Feature","geometry":{"type":"Point","coordinates":[23.740395,37.872888]},"properties":{"line":"117","mode":"bus","color":"#0059a9","colorDark":"#00294f","band":0,"off":[0,1.1]}},{"type":"Feature","geometry":{"type":"Point","coordinates":[23.740395,37.872888]},"properties":{"line":"120","mode":"bus","color":"#0059a9","colorDark":"#00294f","band":0,"off":[3.4,1.1]}},{"type":"Feature","geometry":{"type":"Point","coordinates":[23.740395,37.872888]},"properties":{"line":"124","mode":"bus","color":"#0059a9","colorDark":"#00294f","band":0,"off":[6.8,1.1]}},{"type":"Feature","geometry":{"type":"Point","coordinates":[23.740395,37.872888]},"properties":{"line":"128","mode":"bus","color":"#0059a9","colorDark":"#00294f","band":0,"off":[-3.4,3.1]}},{"type":"Feature","geometry":{"type":"Point","coordinates":[23.740395,37.872888]},"properties":{"line":"205","mode":"bus","color":"#0059a9","colorDark":"#00294f","band":0,"off":[0,3.1]}},{"type":"Feature","geometry":{"type":"Point","coordinates":[23.740395,37.872888]},"properties":{"line":"Α3","mode":"bus","color":"#0059a9","colorDark":"#00294f","band":0,"off":[3.4,3.1]}},{"type":"Feature","geometry":{"type":"Point","coordinates":[23.83763,37.848505]},"properties":{"name":"Κιτσι","band":0,"modes":"bus","arr":["115","116"],"off":[0,-0.8]}},{"type":"Feature","geometry":{"type":"Point","coordinates":[23.83763,37.848505]},"properties":{"line":"115","mode":"bus","color":"#0059a9","colorDark":"#00294f","band":0,"off":[-1.7,1.1]}},{"type":"Feature","geometry":{"type":"Point","coordinates":[23.83763,37.848505]},"properties":{"line":"116","mode":"bus","color":"#0059a9","colorDark":"#00294f","band":0,"off":[1.7,1.1]}},{"type":"Feature","geometry":{"type":"Point","coordinates":[23.820233,37.833784]},"properties":{"name":"Βάρη","band":0,"modes":"bus","arr":["117"],"off":[0,-0.8]}},{"type":"Feature","geometry":{"type":"Point","coordinates":[23.820233,37.833784]},"properties":{"line":"117","mode":"bus","color":"#0059a9","colorDark":"#00294f","band":0,"off":[0,1.1]}},{"type":"Feature","geometry":{"type":"Point","coordinates":[23.897074,37.913347]},"properties":{"name":"Προαστιακός 2","band":0,"modes":"bus","arr":["120","307","308","309","309Β","311","330"],"off":[0,-0.8]}},{"type":"Feature","geometry":{"type":"Point","coordinates":[23.897074,37.913347]},"properties":{"line":"120","mode":"bus","color":"#0059a9","colorDark":"#00294f","band":0,"off":[-6.8,1.1]}},{"type":"Feature","geometry":{"type":"Point","coordinates":[23.897074,37.913347]},"properties":{"line":"307","mode":"bus","color":"#0059a9","colorDark":"#00294f","band":0,"off":[-3.4,1.1]}},{"type":"Feature","geometry":{"type":"Point","coordinates":[23.897074,37.913347]},"properties":{"line":"308","mode":"bus","color":"#0059a9","colorDark":"#00294f","band":0,"off":[0,1.1]}},{"type":"Feature","geometry":{"type":"Point","coordinates":[23.897074,37.913347]},"properties":{"line":"309","mode":"bus","color":"#0059a9","colorDark":"#00294f","band":0,"off":[3.4,1.1]}},{"type":"Feature","geometry":{"type":"Point","coordinates":[23.897074,37.913347]},"properties":{"line":"309Β","mode":"bus","color":"#0059a9","colorDark":"#00294f","band":0,"off":[6.8,1.1]}},{"type":"Feature","geometry":{"type":"Point","coordinates":[23.897074,37.913347]},"properties":{"line":"311","mode":"bus","color":"#0059a9","colorDark":"#00294f","band":0,"off":[-1.7,3.1]}},{"type":"Feature","geometry":{"type":"Point","coordinates":[23.897074,37.913347]},"properties":{"line":"330","mode":"bus","color":"#0059a9","colorDark":"#00294f","band":0,"off":[1.7,3.1]}},{"type":"Feature","geometry":{"type":"Point","coordinates":[23.745007,37.908304]},"properties":{"name":"Αφετηρία 122","band":0,"modes":"bus","arr":["122"],"off":[0,-0.8]}},{"type":"Feature","geometry":{"type":"Point","coordinates":[23.745007,37.908304]},"properties":{"line":"122","mode":"bus","color":"#0059a9","colorDark":"#00294f","band":0,"off":[0,1.1]}},{"type":"Feature","geometry":{"type":"Point","coordinates":[23.913991,37.748651]},"properties":{"name":"Σαρωνίδα 122- 123","band":0,"modes":"bus","arr":["122","123"],"off":[0,-0.8]}},{"type":"Feature","geometry":{"type":"Point","coordinates":[23.913991,37.748651]},"properties":{"line":"122","mode":"bus","color":"#0059a9","colorDark":"#00294f","band":0,"off":[-1.7,1.1]}},{"type":"Feature","geometry":{"type":"Point","coordinates":[23.913991,37.748651]},"properties":{"line":"123","mode":"bus","color":"#0059a9","colorDark":"#00294f","band":0,"off":[1.7,1.1]}},{"type":"Feature","geometry":{"type":"Point","coordinates":[23.813726,37.822063]},"properties":{"name":"Βάρκιζα","band":0,"modes":"bus","arr":["122Θ","171"],"off":[0,-0.8]}},{"type":"Feature","geometry":{"type":"Point","coordinates":[23.813726,37.822063]},"properties":{"line":"122Θ","mode":"bus","color":"#0059a9","colorDark":"#00294f","band":0,"off":[-1.7,1.1]}},{"type":"Feature","geometry":{"type":"Point","coordinates":[23.813726,37.822063]},"properties":{"line":"171","mode":"bus","color":"#0059a9","colorDark":"#00294f","band":0,"off":[1.7,1.1]}},{"type":"Feature","geometry":{"type":"Point","coordinates":[23.717062,37.932948]},"properties":{"name":"Άνω Νέα Σμύρνη","band":0,"modes":"bus","arr":["131","136","137"],"off":[0,-0.8]}},{"type":"Feature","geometry":{"type":"Point","coordinates":[23.717062,37.932948]},"properties":{"name":"Αμ/σιο Αγ. Δημητρίου","band":0,"modes":"bus","arr":["131","136","137"],"off":[0,-1.9]}},{"type":"Feature","geometry":{"type":"Point","coordinates":[23.717062,37.932948]},"properties":{"line":"131","mode":"bus","color":"#0059a9","colorDark":"#00294f","band":0,"off":[-3.4,1.1]}},{"type":"Feature","geometry":{"type":"Point","coordinates":[23.717062,37.932948]},"properties":{"line":"136","mode":"bus","color":"#0059a9","colorDark":"#00294f","band":0,"off":[0,1.1]}},{"type":"Feature","geometry":{"type":"Point","coordinates":[23.717062,37.932948]},"properties":{"line":"137","mode":"bus","color":"#0059a9","colorDark":"#00294f","band":0,"off":[3.4,1.1]}},{"type":"Feature","geometry":{"type":"Point","coordinates":[23.746591,37.863412]},"properties":{"name":"Πλ. Γλυφάδας","band":0,"modes":"bus","arr":["140","790"],"off":[0,-0.8]}},{"type":"Feature","geometry":{"type":"Point","coordinates":[23.746591,37.863412]},"properties":{"name":"Γλυφάδα","band":0,"modes":"bus","arr":["140","790"],"off":[0,-1.9]}},{"type":"Feature","geometry":{"type":"Point","coordinates":[23.746591,37.863412]},"properties":{"line":"140","mode":"bus","color":"#0059a9","colorDark":"#00294f","band":0,"off":[-1.7,1.1]}},{"type":"Feature","geometry":{"type":"Point","coordinates":[23.746591,37.863412]},"properties":{"line":"790","mode":"bus","color":"#0059a9","colorDark":"#00294f","band":0,"off":[1.7,1.1]}},{"type":"Feature","geometry":{"type":"Point","coordinates":[23.74512,37.996475]},"properties":{"name":"Πολύγωνο","band":0,"modes":"bus","arr":["140"],"off":[0,-0.8]}},{"type":"Feature","geometry":{"type":"Point","coordinates":[23.74512,37.996475]},"properties":{"line":"140","mode":"bus","color":"#0059a9","colorDark":"#00294f","band":0,"off":[0,1.1]}},{"type":"Feature","geometry":{"type":"Point","coordinates":[23.736941,37.948997]},"properties":{"name":"Στ. Δάφνη","band":0,"modes":"bus","arr":["141","212","217","218","219","229","816"],"off":[0,-0.8]}},{"type":"Feature","geometry":{"type":"Point","coordinates":[23.736941,37.948997]},"properties":{"name":"Αγ. Δημήτριος (Στ. Δάφνη)","band":0,"modes":"bus","arr":["141","212","217","218","219","229","816"],"off":[0,-1.9]}},{"type":"Feature","geometry":{"type":"Point","coordinates":[23.736941,37.948997]},"properties":{"line":"141","mode":"bus","color":"#0059a9","colorDark":"#00294f","band":0,"off":[-6.8,1.1]}},{"type":"Feature","geometry":{"type":"Point","coordinates":[23.736941,37.948997]},"properties":{"line":"212","mode":"bus","color":"#0059a9","colorDark":"#00294f","band":0,"off":[-3.4,1.1]}},{"type":"Feature","geometry":{"type":"Point","coordinates":[23.736941,37.948997]},"properties":{"line":"217","mode":"bus","color":"#0059a9","colorDark":"#00294f","band":0,"off":[0,1.1]}},{"type":"Feature","geometry":{"type":"Point","coordinates":[23.736941,37.948997]},"properties":{"line":"218","mode":"bus","color":"#0059a9","colorDark":"#00294f","band":0,"off":[3.4,1.1]}},{"type":"Feature","geometry":{"type":"Point","coordinates":[23.736941,37.948997]},"properties":{"line":"219","mode":"bus","color":"#0059a9","colorDark":"#00294f","band":0,"off":[6.8,1.1]}},{"type":"Feature","geometry":{"type":"Point","coordinates":[23.736941,37.948997]},"properties":{"line":"229","mode":"bus","color":"#0059a9","colorDark":"#00294f","band":0,"off":[-1.7,3.1]}},{"type":"Feature","geometry":{"type":"Point","coordinates":[23.736941,37.948997]},"properties":{"line":"816","mode":"bus","color":"#0059a9","colorDark":"#00294f","band":0,"off":[1.7,3.1]}},{"type":"Feature","geometry":{"type":"Point","coordinates":[23.746158,37.902901]},"properties":{"name":"Στ. Αργυρούπολη","band":0,"modes":"bus","arr":["142"],"off":[0,-0.8]}},{"type":"Feature","geometry":{"type":"Point","coordinates":[23.746158,37.902901]},"properties":{"line":"142","mode":"bus","color":"#0059a9","colorDark":"#00294f","band":0,"off":[0,1.1]}},{"type":"Feature","geometry":{"type":"Point","coordinates":[23.778347,37.854163]},"properties":{"name":"Άνω Βούλα","band":0,"modes":"bus","arr":["154"],"off":[0,-0.8]}},{"type":"Feature","geometry":{"type":"Point","coordinates":[23.778347,37.854163]},"properties":{"line":"154","mode":"bus","color":"#0059a9","colorDark":"#00294f","band":0,"off":[0,1.1]}},{"type":"Feature","geometry":{"type":"Point","coordinates":[23.76955,37.835729]},"properties":{"name":"Βούλα","band":0,"modes":"bus","arr":["162","Α1","Α2"],"off":[0,-0.8]}},{"type":"Feature","geometry":{"type":"Point","coordinates":[23.76955,37.835729]},"properties":{"line":"162","mode":"bus","color":"#0059a9","colorDark":"#00294f","band":0,"off":[-3.4,1.1]}},{"type":"Feature","geometry":{"type":"Point","coordinates":[23.76955,37.835729]},"properties":{"line":"Α1","mode":"bus","color":"#0059a9","colorDark":"#00294f","band":0,"off":[0,1.1]}},{"type":"Feature","geometry":{"type":"Point","coordinates":[23.76955,37.835729]},"properties":{"line":"Α2","mode":"bus","color":"#0059a9","colorDark":"#00294f","band":0,"off":[3.4,1.1]}},{"type":"Feature","geometry":{"type":"Point","coordinates":[23.777455,37.89027]},"properties":{"name":"Άνω Γλυφάδα","band":0,"modes":"bus","arr":["164","Β1"],"off":[0,-0.8]}},{"type":"Feature","geometry":{"type":"Point","coordinates":[23.777455,37.89027]},"properties":{"line":"164","mode":"bus","color":"#0059a9","colorDark":"#00294f","band":0,"off":[-1.7,1.1]}},{"type":"Feature","geometry":{"type":"Point","coordinates":[23.777455,37.89027]},"properties":{"line":"Β1","mode":"bus","color":"#0059a9","colorDark":"#00294f","band":0,"off":[1.7,1.1]}},{"type":"Feature","geometry":{"type":"Point","coordinates":[23.769011,37.943098]},"properties":{"name":"Καρέας","band":0,"modes":"bus","arr":["203"],"off":[0,-0.8]}},{"type":"Feature","geometry":{"type":"Point","coordinates":[23.769011,37.943098]},"properties":{"line":"203","mode":"bus","color":"#0059a9","colorDark":"#00294f","band":0,"off":[0,1.1]}},{"type":"Feature","geometry":{"type":"Point","coordinates":[23.779061,37.954588]},"properties":{"name":"Στρ. Σακέτα","band":0,"modes":"bus","arr":["204"],"off":[0,-0.8]}},{"type":"Feature","geometry":{"type":"Point","coordinates":[23.779061,37.954588]},"properties":{"line":"204","mode":"bus","color":"#0059a9","colorDark":"#00294f","band":0,"off":[0,1.1]}},{"type":"Feature","geometry":{"type":"Point","coordinates":[23.776775,37.951297]},"properties":{"name":"Εκεμς","band":0,"modes":"bus","arr":["204Β"],"off":[0,-0.8]}},{"type":"Feature","geometry":{"type":"Point","coordinates":[23.776775,37.951297]},"properties":{"line":"204Β","mode":"bus","color":"#0059a9","colorDark":"#00294f","band":0,"off":[0,1.1]}},{"type":"Feature","geometry":{"type":"Point","coordinates":[23.764491,37.935062]},"properties":{"name":"Αγ. Μαρίνα","band":0,"modes":"bus","arr":["206","212"],"off":[0,-0.8]}},{"type":"Feature","geometry":{"type":"Point","coordinates":[23.764491,37.935062]},"properties":{"line":"206","mode":"bus","color":"#0059a9","colorDark":"#00294f","band":0,"off":[-1.7,1.1]}},{"type":"Feature","geometry":{"type":"Point","coordinates":[23.764491,37.935062]},"properties":{"line":"212","mode":"bus","color":"#0059a9","colorDark":"#00294f","band":0,"off":[1.7,1.1]}},{"type":"Feature","geometry":{"type":"Point","coordinates":[23.752499,37.950257]},"properties":{"name":"Μεταμόρφωση","band":0,"modes":"bus","arr":["209","211"],"off":[0,-0.8]}},{"type":"Feature","geometry":{"type":"Point","coordinates":[23.752499,37.950257]},"properties":{"line":"209","mode":"bus","color":"#0059a9","colorDark":"#00294f","band":0,"off":[-1.7,1.1]}},{"type":"Feature","geometry":{"type":"Point","coordinates":[23.752499,37.950257]},"properties":{"line":"211","mode":"bus","color":"#0059a9","colorDark":"#00294f","band":0,"off":[1.7,1.1]}},{"type":"Feature","geometry":{"type":"Point","coordinates":[23.69682,37.95968]},"properties":{"name":"Στ. Καλλιθέα","band":0,"modes":"bus","arr":["219","911","911Α"],"off":[0,-0.8]}},{"type":"Feature","geometry":{"type":"Point","coordinates":[23.69682,37.95968]},"properties":{"line":"219","mode":"bus","color":"#0059a9","colorDark":"#00294f","band":0,"off":[-3.4,1.1]}},{"type":"Feature","geometry":{"type":"Point","coordinates":[23.69682,37.95968]},"properties":{"line":"911","mode":"bus","color":"#0059a9","colorDark":"#00294f","band":0,"off":[0,1.1]}},{"type":"Feature","geometry":{"type":"Point","coordinates":[23.69682,37.95968]},"properties":{"line":"911Α","mode":"bus","color":"#0059a9","colorDark":"#00294f","band":0,"off":[3.4,1.1]}},{"type":"Feature","geometry":{"type":"Point","coordinates":[23.77861,37.970754]},"properties":{"name":"Πανεπιστημιούπολη","band":0,"modes":"bus","arr":["220","221","230","235","608","Ε90"],"off":[0,-0.8]}},{"type":"Feature","geometry":{"type":"Point","coordinates":[23.77861,37.970754]},"properties":{"name":"Νεκροταφείο Ζωγράφου","band":0,"modes":"bus","arr":["220","221","230","235","608","Ε90"],"off":[0,-1.9]}},{"type":"Feature","geometry":{"type":"Point","coordinates":[23.77861,37.970754]},"properties":{"name":"Ζωγράφου","band":0,"modes":"bus","arr":["220","221","230","235","608","Ε90"],"off":[0,-4.1]}},{"type":"Feature","geometry":{"type":"Point","coordinates":[23.77861,37.970754]},"properties":{"line":"220","mode":"bus","color":"#0059a9","colorDark":"#00294f","band":0,"off":[-6.8,1.1]}},{"type":"Feature","geometry":{"type":"Point","coordinates":[23.77861,37.970754]},"properties":{"line":"221","mode":"bus","color":"#0059a9","colorDark":"#00294f","band":0,"off":[-3.4,1.1]}},{"type":"Feature","geometry":{"type":"Point","coordinates":[23.77861,37.970754]},"properties":{"line":"230","mode":"bus","color":"#0059a9","colorDark":"#00294f","band":0,"off":[0,1.1]}},{"type":"Feature","geometry":{"type":"Point","coordinates":[23.77861,37.970754]},"properties":{"line":"235","mode":"bus","color":"#0059a9","colorDark":"#00294f","band":0,"off":[3.4,1.1]}},{"type":"Feature","geometry":{"type":"Point","coordinates":[23.77861,37.970754]},"properties":{"line":"608","mode":"bus","color":"#0059a9","colorDark":"#00294f","band":0,"off":[6.8,1.1]}},{"type":"Feature","geometry":{"type":"Point","coordinates":[23.77861,37.970754]},"properties":{"line":"Ε90","mode":"bus","color":"#0059a9","colorDark":"#00294f","band":0,"off":[0,3.1]}},{"type":"Feature","geometry":{"type":"Point","coordinates":[23.776419,37.964794]},"properties":{"name":"Καισαριανή","band":0,"modes":"bus","arr":["224"],"off":[0,-0.8]}},{"type":"Feature","geometry":{"type":"Point","coordinates":[23.776419,37.964794]},"properties":{"line":"224","mode":"bus","color":"#0059a9","colorDark":"#00294f","band":0,"off":[0,1.1]}},{"type":"Feature","geometry":{"type":"Point","coordinates":[23.709331,37.963619]},"properties":{"name":"Άνω Πετράλωνα","band":0,"modes":"bus","arr":["227"],"off":[0,-0.8]}},{"type":"Feature","geometry":{"type":"Point","coordinates":[23.709331,37.963619]},"properties":{"line":"227","mode":"bus","color":"#0059a9","colorDark":"#00294f","band":0,"off":[0,1.1]}},{"type":"Feature","geometry":{"type":"Point","coordinates":[23.749152,37.960154]},"properties":{"name":"Αγ. Αρτέμιος","band":0,"modes":"bus","arr":["227"],"off":[0,-0.8]}},{"type":"Feature","geometry":{"type":"Point","coordinates":[23.749152,37.960154]},"properties":{"line":"227","mode":"bus","color":"#0059a9","colorDark":"#00294f","band":0,"off":[0,1.1]}},{"type":"Feature","geometry":{"type":"Point","coordinates":[23.722446,37.969956]},"properties":{"name":"Ακρόπολη","band":0,"modes":"bus","arr":["230"],"off":[0,-0.8]}},{"type":"Feature","geometry":{"type":"Point","coordinates":[23.722446,37.969956]},"properties":{"line":"230","mode":"bus","color":"#0059a9","colorDark":"#00294f","band":0,"off":[0,1.1]}},{"type":"Feature","geometry":{"type":"Point","coordinates":[23.760664,37.92348]},"properties":{"name":"Άνω Ηλιούπολη","band":0,"modes":"bus","arr":["237"],"off":[0,-0.8]}},{"type":"Feature","geometry":{"type":"Point","coordinates":[23.760664,37.92348]},"properties":{"line":"237","mode":"bus","color":"#0059a9","colorDark":"#00294f","band":0,"off":[0,1.1]}},{"type":"Feature","geometry":{"type":"Point","coordinates":[24.001613,37.928863]},"properties":{"name":"Άρτεμις","band":0,"modes":"bus","arr":["304"],"off":[0,-0.8]}},{"type":"Feature","geometry":{"type":"Point","coordinates":[24.001613,37.928863]},"properties":{"line":"304","mode":"bus","color":"#0059a9","colorDark":"#00294f","band":0,"off":[0,1.1]}},{"type":"Feature","geometry":{"type":"Point","coordinates":[23.806244,38.00984]},"properties":{"name":"Στ. Νομισματοκοπείο","band":0,"modes":"bus","arr":["304","305","308","316"],"off":[0,-0.8]}},{"type":"Feature","geometry":{"type":"Point","coordinates":[23.806244,38.00984]},"properties":{"line":"304","mode":"bus","color":"#0059a9","colorDark":"#00294f","band":0,"off":[-5.1,1.1]}},{"type":"Feature","geometry":{"type":"Point","coordinates":[23.806244,38.00984]},"properties":{"line":"305","mode":"bus","color":"#0059a9","colorDark":"#00294f","band":0,"off":[-1.7,1.1]}},{"type":"Feature","geometry":{"type":"Point","coordinates":[23.806244,38.00984]},"properties":{"line":"308","mode":"bus","color":"#0059a9","colorDark":"#00294f","band":0,"off":[1.7,1.1]}},{"type":"Feature","geometry":{"type":"Point","coordinates":[23.806244,38.00984]},"properties":{"line":"316","mode":"bus","color":"#0059a9","colorDark":"#00294f","band":0,"off":[5.1,1.1]}},{"type":"Feature","geometry":{"type":"Point","coordinates":[24.020525,37.990537]},"properties":{"name":"Άρτεμις (Αγ. Νικόλαος)","band":0,"modes":"bus","arr":["305","316","323"],"off":[0,-0.8]}},{"type":"Feature","geometry":{"type":"Point","coordinates":[24.020525,37.990537]},"properties":{"line":"305","mode":"bus","color":"#0059a9","colorDark":"#00294f","band":0,"off":[-3.4,1.1]}},{"type":"Feature","geometry":{"type":"Point","coordinates":[24.020525,37.990537]},"properties":{"line":"316","mode":"bus","color":"#0059a9","colorDark":"#00294f","band":0,"off":[0,1.1]}},{"type":"Feature","geometry":{"type":"Point","coordinates":[24.020525,37.990537]},"properties":{"line":"323","mode":"bus","color":"#0059a9","colorDark":"#00294f","band":0,"off":[3.4,1.1]}},{"type":"Feature","geometry":{"type":"Point","coordinates":[23.960461,38.161876]},"properties":{"name":"Μαραθώνας 3","band":0,"modes":"bus","arr":["310"],"off":[0,-0.8]}},{"type":"Feature","geometry":{"type":"Point","coordinates":[23.960461,38.161876]},"properties":{"line":"310","mode":"bus","color":"#0059a9","colorDark":"#00294f","band":0,"off":[0,1.1]}},{"type":"Feature","geometry":{"type":"Point","coordinates":[23.982948,38.034007]},"properties":{"name":"Ραφήνα Τέρμα 314","band":0,"modes":"bus","arr":["314"],"off":[0,-0.8]}},{"type":"Feature","geometry":{"type":"Point","coordinates":[23.982948,38.034007]},"properties":{"line":"314","mode":"bus","color":"#0059a9","colorDark":"#00294f","band":0,"off":[0,1.1]}},{"type":"Feature","geometry":{"type":"Point","coordinates":[23.891112,38.044582]},"properties":{"name":"Αφετηρία 324","band":0,"modes":"bus","arr":["324"],"off":[0,-0.8]}},{"type":"Feature","geometry":{"type":"Point","coordinates":[23.891112,38.044582]},"properties":{"line":"324","mode":"bus","color":"#0059a9","colorDark":"#00294f","band":0,"off":[0,1.1]}},{"type":"Feature","geometry":{"type":"Point","coordinates":[23.872771,37.981486]},"properties":{"name":"Αφετηρία 326","band":0,"modes":"bus","arr":["326"],"off":[0,-0.8]}},{"type":"Feature","geometry":{"type":"Point","coordinates":[23.872771,37.981486]},"properties":{"line":"326","mode":"bus","color":"#0059a9","colorDark":"#00294f","band":0,"off":[0,1.1]}},{"type":"Feature","geometry":{"type":"Point","coordinates":[23.813824,38.033936]},"properties":{"name":"Πολύδροσο","band":0,"modes":"bus","arr":["402"],"off":[0,-0.8]}},{"type":"Feature","geometry":{"type":"Point","coordinates":[23.813824,38.033936]},"properties":{"line":"402","mode":"bus","color":"#0059a9","colorDark":"#00294f","band":0,"off":[0,1.1]}},{"type":"Feature","geometry":{"type":"Point","coordinates":[23.843717,38.021118]},"properties":{"name":"Πευκάκια Αγ. Παρασκευής","band":0,"modes":"bus","arr":["406"],"off":[0,-0.8]}},{"type":"Feature","geometry":{"type":"Point","coordinates":[23.843717,38.021118]},"properties":{"line":"406","mode":"bus","color":"#0059a9","colorDark":"#00294f","band":0,"off":[0,1.1]}},{"type":"Feature","geometry":{"type":"Point","coordinates":[23.795646,37.979339]},"properties":{"name":"Παπάγου","band":0,"modes":"bus","arr":["409"],"off":[0,-0.8]}},{"type":"Feature","geometry":{"type":"Point","coordinates":[23.795646,37.979339]},"properties":{"line":"409","mode":"bus","color":"#0059a9","colorDark":"#00294f","band":0,"off":[0,1.1]}},{"type":"Feature","geometry":{"type":"Point","coordinates":[23.792487,38.038504]},"properties":{"name":"Μαρούσι","band":0,"modes":"bus","arr":["410","Α8"],"off":[0,-0.8]}},{"type":"Feature","geometry":{"type":"Point","coordinates":[23.792487,38.038504]},"properties":{"line":"410","mode":"bus","color":"#0059a9","colorDark":"#00294f","band":0,"off":[-1.7,1.1]}},{"type":"Feature","geometry":{"type":"Point","coordinates":[23.792487,38.038504]},"properties":{"line":"Α8","mode":"bus","color":"#0059a9","colorDark":"#00294f","band":0,"off":[1.7,1.1]}},{"type":"Feature","geometry":{"type":"Point","coordinates":[23.785396,37.999431]},"properties":{"name":"Εθν.Άμυνα 418","band":0,"modes":"bus","arr":["416","418","Χ21"],"off":[0,-0.8]}},{"type":"Feature","geometry":{"type":"Point","coordinates":[23.785396,37.999431]},"properties":{"name":"Εθν.Άμυνα","band":0,"modes":"bus","arr":["416","418","Χ21"],"off":[0,-1.9]}},{"type":"Feature","geometry":{"type":"Point","coordinates":[23.785396,37.999431]},"properties":{"name":"Εθν. Άμυνα","band":0,"modes":"bus","arr":["416","418","Χ21"],"off":[0,-3]}},{"type":"Feature","geometry":{"type":"Point","coordinates":[23.785396,37.999431]},"properties":{"line":"416","mode":"bus","color":"#0059a9","colorDark":"#00294f","band":0,"off":[-3.4,1.1]}},{"type":"Feature","geometry":{"type":"Point","coordinates":[23.785396,37.999431]},"properties":{"line":"418","mode":"bus","color":"#0059a9","colorDark":"#00294f","band":0,"off":[0,1.1]}},{"type":"Feature","geometry":{"type":"Point","coordinates":[23.785396,37.999431]},"properties":{"line":"Χ21","mode":"bus","color":"#0059a9","colorDark":"#00294f","band":0,"off":[3.4,1.1]}},{"type":"Feature","geometry":{"type":"Point","coordinates":[23.717792,38.03579]},"properties":{"name":"Αγ. Ανάργυροι","band":0,"modes":"bus","arr":["420","421"],"off":[0,-0.8]}},{"type":"Feature","geometry":{"type":"Point","coordinates":[23.717792,38.03579]},"properties":{"line":"420","mode":"bus","color":"#0059a9","colorDark":"#00294f","band":0,"off":[-1.7,1.1]}},{"type":"Feature","geometry":{"type":"Point","coordinates":[23.717792,38.03579]},"properties":{"line":"421","mode":"bus","color":"#0059a9","colorDark":"#00294f","band":0,"off":[1.7,1.1]}},{"type":"Feature","geometry":{"type":"Point","coordinates":[23.821186,38.012545]},"properties":{"name":"Αγ. Παρασκευή","band":0,"modes":"bus","arr":["421","Β5"],"off":[0,-0.8]}},{"type":"Feature","geometry":{"type":"Point","coordinates":[23.821186,38.012545]},"properties":{"line":"421","mode":"bus","color":"#0059a9","colorDark":"#00294f","band":0,"off":[-1.7,1.1]}},{"type":"Feature","geometry":{"type":"Point","coordinates":[23.821186,38.012545]},"properties":{"line":"Β5","mode":"bus","color":"#0059a9","colorDark":"#00294f","band":0,"off":[1.7,1.1]}},{"type":"Feature","geometry":{"type":"Point","coordinates":[23.784663,38.04237]},"properties":{"name":"Στ. Ειρήνη","band":0,"modes":"bus","arr":["444"],"off":[0,-0.8]}},{"type":"Feature","geometry":{"type":"Point","coordinates":[23.784663,38.04237]},"properties":{"line":"444","mode":"bus","color":"#0059a9","colorDark":"#00294f","band":0,"off":[0,1.1]}},{"type":"Feature","geometry":{"type":"Point","coordinates":[23.79885,38.058139]},"properties":{"name":"Στ. Αμαρουσίου","band":0,"modes":"bus","arr":["446"],"off":[0,-0.8]}},{"type":"Feature","geometry":{"type":"Point","coordinates":[23.79885,38.058139]},"properties":{"line":"446","mode":"bus","color":"#0059a9","colorDark":"#00294f","band":0,"off":[0,1.1]}},{"type":"Feature","geometry":{"type":"Point","coordinates":[23.874559,38.059416]},"properties":{"name":"Π. Πεντέλη - Νοσοκομείο","band":0,"modes":"bus","arr":["446","460"],"off":[0,-0.8]}},{"type":"Feature","geometry":{"type":"Point","coordinates":[23.874559,38.059416]},"properties":{"line":"446","mode":"bus","color":"#0059a9","colorDark":"#00294f","band":0,"off":[-1.7,1.1]}},{"type":"Feature","geometry":{"type":"Point","coordinates":[23.874559,38.059416]},"properties":{"line":"460","mode":"bus","color":"#0059a9","colorDark":"#00294f","band":0,"off":[1.7,1.1]}},{"type":"Feature","geometry":{"type":"Point","coordinates":[23.847166,38.048013]},"properties":{"name":"Άνω Βριλήσσια","band":0,"modes":"bus","arr":["447"],"off":[0,-0.8]}},{"type":"Feature","geometry":{"type":"Point","coordinates":[23.847166,38.048013]},"properties":{"line":"447","mode":"bus","color":"#0059a9","colorDark":"#00294f","band":0,"off":[0,1.1]}},{"type":"Feature","geometry":{"type":"Point","coordinates":[23.858631,38.064153]},"properties":{"name":"Ν. Πεντέλη - Πλ.Αγ.Σίλα","band":0,"modes":"bus","arr":["450","530"],"off":[0,-0.8]}},{"type":"Feature","geometry":{"type":"Point","coordinates":[23.858631,38.064153]},"properties":{"line":"450","mode":"bus","color":"#0059a9","colorDark":"#00294f","band":0,"off":[-1.7,1.1]}},{"type":"Feature","geometry":{"type":"Point","coordinates":[23.858631,38.064153]},"properties":{"line":"530","mode":"bus","color":"#0059a9","colorDark":"#00294f","band":0,"off":[1.7,1.1]}},{"type":"Feature","geometry":{"type":"Point","coordinates":[23.80928,38.071513]},"properties":{"name":"Στ. Κηφισίας","band":0,"modes":"bus","arr":["500","522","523","524","526","530","543","543Α","550","560","Α7","Χ14"],"off":[0,-0.8]}},{"type":"Feature","geometry":{"type":"Point","coordinates":[23.80928,38.071513]},"properties":{"name":"Στ. Κηφισιά (Τατοΐου) 543-543Α","band":0,"modes":"bus","arr":["500","522","523","524","526","530","543","543Α","550","560","Α7","Χ14"],"off":[0,-1.9]}},{"type":"Feature","geometry":{"type":"Point","coordinates":[23.80928,38.071513]},"properties":{"name":"Πλ. Πλατάνου","band":0,"modes":"bus","arr":["500","522","523","524","526","530","543","543Α","550","560","Α7","Χ14"],"off":[0,-4.1]}},{"type":"Feature","geometry":{"type":"Point","coordinates":[23.80928,38.071513]},"properties":{"line":"500","mode":"bus","color":"#0059a9","colorDark":"#00294f","band":0,"off":[-6.8,1.1]}},{"type":"Feature","geometry":{"type":"Point","coordinates":[23.80928,38.071513]},"properties":{"line":"522","mode":"bus","color":"#0059a9","colorDark":"#00294f","band":0,"off":[-3.4,1.1]}},{"type":"Feature","geometry":{"type":"Point","coordinates":[23.80928,38.071513]},"properties":{"line":"523","mode":"bus","color":"#0059a9","colorDark":"#00294f","band":0,"off":[0,1.1]}},{"type":"Feature","geometry":{"type":"Point","coordinates":[23.80928,38.071513]},"properties":{"line":"524","mode":"bus","color":"#0059a9","colorDark":"#00294f","band":0,"off":[3.4,1.1]}},{"type":"Feature","geometry":{"type":"Point","coordinates":[23.80928,38.071513]},"properties":{"line":"526","mode":"bus","color":"#0059a9","colorDark":"#00294f","band":0,"off":[6.8,1.1]}},{"type":"Feature","geometry":{"type":"Point","coordinates":[23.80928,38.071513]},"properties":{"line":"530","mode":"bus","color":"#0059a9","colorDark":"#00294f","band":0,"off":[-6.8,3.1]}},{"type":"Feature","geometry":{"type":"Point","coordinates":[23.80928,38.071513]},"properties":{"line":"543","mode":"bus","color":"#0059a9","colorDark":"#00294f","band":0,"off":[-3.4,3.1]}},{"type":"Feature","geometry":{"type":"Point","coordinates":[23.80928,38.071513]},"properties":{"line":"543Α","mode":"bus","color":"#0059a9","colorDark":"#00294f","band":0,"off":[0,3.1]}},{"type":"Feature","geometry":{"type":"Point","coordinates":[23.80928,38.071513]},"properties":{"line":"550","mode":"bus","color":"#0059a9","colorDark":"#00294f","band":0,"off":[3.4,3.1]}},{"type":"Feature","geometry":{"type":"Point","coordinates":[23.80928,38.071513]},"properties":{"line":"560","mode":"bus","color":"#0059a9","colorDark":"#00294f","band":0,"off":[6.8,3.1]}},{"type":"Feature","geometry":{"type":"Point","coordinates":[23.80928,38.071513]},"properties":{"line":"Α7","mode":"bus","color":"#0059a9","colorDark":"#00294f","band":0,"off":[-1.7,5.1]}},{"type":"Feature","geometry":{"type":"Point","coordinates":[23.80928,38.071513]},"properties":{"line":"Χ14","mode":"bus","color":"#0059a9","colorDark":"#00294f","band":0,"off":[1.7,5.1]}},{"type":"Feature","geometry":{"type":"Point","coordinates":[23.789339,38.067925]},"properties":{"name":"Πεύκη","band":0,"modes":"bus","arr":["501","527"],"off":[0,-0.8]}},{"type":"Feature","geometry":{"type":"Point","coordinates":[23.789339,38.067925]},"properties":{"line":"501","mode":"bus","color":"#0059a9","colorDark":"#00294f","band":0,"off":[-1.7,1.1]}},{"type":"Feature","geometry":{"type":"Point","coordinates":[23.789339,38.067925]},"properties":{"line":"527","mode":"bus","color":"#0059a9","colorDark":"#00294f","band":0,"off":[1.7,1.1]}},{"type":"Feature","geometry":{"type":"Point","coordinates":[23.783291,38.121646]},"properties":{"name":"Βαρυμπόμπη","band":0,"modes":"bus","arr":["503","537"],"off":[0,-0.8]}},{"type":"Feature","geometry":{"type":"Point","coordinates":[23.783291,38.121646]},"properties":{"line":"503","mode":"bus","color":"#0059a9","colorDark":"#00294f","band":0,"off":[-1.7,1.1]}},{"type":"Feature","geometry":{"type":"Point","coordinates":[23.783291,38.121646]},"properties":{"line":"537","mode":"bus","color":"#0059a9","colorDark":"#00294f","band":0,"off":[1.7,1.1]}},{"type":"Feature","geometry":{"type":"Point","coordinates":[23.810001,38.066205]},"properties":{"name":"Ζηρινειο","band":0,"modes":"bus","arr":["503","507","509","509Β","510","535","535Α","536"],"off":[0,-0.8]}},{"type":"Feature","geometry":{"type":"Point","coordinates":[23.810001,38.066205]},"properties":{"line":"503","mode":"bus","color":"#0059a9","colorDark":"#00294f","band":0,"off":[-6.8,1.1]}},{"type":"Feature","geometry":{"type":"Point","coordinates":[23.810001,38.066205]},"properties":{"line":"507","mode":"bus","color":"#0059a9","colorDark":"#00294f","band":0,"off":[-3.4,1.1]}},{"type":"Feature","geometry":{"type":"Point","coordinates":[23.810001,38.066205]},"properties":{"line":"509","mode":"bus","color":"#0059a9","colorDark":"#00294f","band":0,"off":[0,1.1]}},{"type":"Feature","geometry":{"type":"Point","coordinates":[23.810001,38.066205]},"properties":{"line":"509Β","mode":"bus","color":"#0059a9","colorDark":"#00294f","band":0,"off":[3.4,1.1]}},{"type":"Feature","geometry":{"type":"Point","coordinates":[23.810001,38.066205]},"properties":{"line":"510","mode":"bus","color":"#0059a9","colorDark":"#00294f","band":0,"off":[6.8,1.1]}},{"type":"Feature","geometry":{"type":"Point","coordinates":[23.810001,38.066205]},"properties":{"line":"535","mode":"bus","color":"#0059a9","colorDark":"#00294f","band":0,"off":[-3.4,3.1]}},{"type":"Feature","geometry":{"type":"Point","coordinates":[23.810001,38.066205]},"properties":{"line":"535Α","mode":"bus","color":"#0059a9","colorDark":"#00294f","band":0,"off":[0,3.1]}},{"type":"Feature","geometry":{"type":"Point","coordinates":[23.810001,38.066205]},"properties":{"line":"536","mode":"bus","color":"#0059a9","colorDark":"#00294f","band":0,"off":[3.4,3.1]}},{"type":"Feature","geometry":{"type":"Point","coordinates":[23.756587,38.130053]},"properties":{"name":"Θρακομακεδόνες","band":0,"modes":"bus","arr":["504"],"off":[0,-0.8]}},{"type":"Feature","geometry":{"type":"Point","coordinates":[23.756587,38.130053]},"properties":{"line":"504","mode":"bus","color":"#0059a9","colorDark":"#00294f","band":0,"off":[0,1.1]}},{"type":"Feature","geometry":{"type":"Point","coordinates":[23.887115,38.144369]},"properties":{"name":"Σταμάτα","band":0,"modes":"bus","arr":["507"],"off":[0,-0.8]}},{"type":"Feature","geometry":{"type":"Point","coordinates":[23.887115,38.144369]},"properties":{"line":"507","mode":"bus","color":"#0059a9","colorDark":"#00294f","band":0,"off":[0,1.1]}},{"type":"Feature","geometry":{"type":"Point","coordinates":[23.824227,38.138944]},"properties":{"name":"Κρυονέρι","band":0,"modes":"bus","arr":["509"],"off":[0,-0.8]}},{"type":"Feature","geometry":{"type":"Point","coordinates":[23.824227,38.138944]},"properties":{"line":"509","mode":"bus","color":"#0059a9","colorDark":"#00294f","band":0,"off":[0,1.1]}},{"type":"Feature","geometry":{"type":"Point","coordinates":[23.924543,38.222055]},"properties":{"name":"Βαρνάβας","band":0,"modes":"bus","arr":["509Β"],"off":[0,-0.8]}},{"type":"Feature","geometry":{"type":"Point","coordinates":[23.924543,38.222055]},"properties":{"line":"509Β","mode":"bus","color":"#0059a9","colorDark":"#00294f","band":0,"off":[0,1.1]}},{"type":"Feature","geometry":{"type":"Point","coordinates":[23.789361,38.321504]},"properties":{"name":"Σκάλα Ωρωπού","band":0,"modes":"bus","arr":["510"],"off":[0,-0.8]}},{"type":"Feature","geometry":{"type":"Point","coordinates":[23.789361,38.321504]},"properties":{"line":"510","mode":"bus","color":"#0059a9","colorDark":"#00294f","band":0,"off":[0,1.1]}},{"type":"Feature","geometry":{"type":"Point","coordinates":[23.904484,38.092335]},"properties":{"name":"Διόνυσος","band":0,"modes":"bus","arr":["536"],"off":[0,-0.8]}},{"type":"Feature","geometry":{"type":"Point","coordinates":[23.904484,38.092335]},"properties":{"line":"536","mode":"bus","color":"#0059a9","colorDark":"#00294f","band":0,"off":[0,1.1]}},{"type":"Feature","geometry":{"type":"Point","coordinates":[23.731807,38.078254]},"properties":{"name":"Αχαρναί","band":0,"modes":"bus","arr":["537","712","728","733","734","735","752","878","879"],"off":[0,-0.8]}},{"type":"Feature","geometry":{"type":"Point","coordinates":[23.731807,38.078254]},"properties":{"line":"537","mode":"bus","color":"#0059a9","colorDark":"#00294f","band":0,"off":[-6.8,1.1]}},{"type":"Feature","geometry":{"type":"Point","coordinates":[23.731807,38.078254]},"properties":{"line":"712","mode":"bus","color":"#0059a9","colorDark":"#00294f","band":0,"off":[-3.4,1.1]}},{"type":"Feature","geometry":{"type":"Point","coordinates":[23.731807,38.078254]},"properties":{"line":"728","mode":"bus","color":"#0059a9","colorDark":"#00294f","band":0,"off":[0,1.1]}},{"type":"Feature","geometry":{"type":"Point","coordinates":[23.731807,38.078254]},"properties":{"line":"733","mode":"bus","color":"#0059a9","colorDark":"#00294f","band":0,"off":[3.4,1.1]}},{"type":"Feature","geometry":{"type":"Point","coordinates":[23.731807,38.078254]},"properties":{"line":"734","mode":"bus","color":"#0059a9","colorDark":"#00294f","band":0,"off":[6.8,1.1]}},{"type":"Feature","geometry":{"type":"Point","coordinates":[23.731807,38.078254]},"properties":{"line":"735","mode":"bus","color":"#0059a9","colorDark":"#00294f","band":0,"off":[-5.1,3.1]}},{"type":"Feature","geometry":{"type":"Point","coordinates":[23.731807,38.078254]},"properties":{"line":"752","mode":"bus","color":"#0059a9","colorDark":"#00294f","band":0,"off":[-1.7,3.1]}},{"type":"Feature","geometry":{"type":"Point","coordinates":[23.731807,38.078254]},"properties":{"line":"878","mode":"bus","color":"#0059a9","colorDark":"#00294f","band":0,"off":[1.7,3.1]}},{"type":"Feature","geometry":{"type":"Point","coordinates":[23.731807,38.078254]},"properties":{"line":"879","mode":"bus","color":"#0059a9","colorDark":"#00294f","band":0,"off":[5.1,3.1]}},{"type":"Feature","geometry":{"type":"Point","coordinates":[23.760272,38.063768]},"properties":{"name":"Μεταμόρφωση","band":0,"modes":"bus","arr":["541"],"off":[0,-0.8]}},{"type":"Feature","geometry":{"type":"Point","coordinates":[23.760272,38.063768]},"properties":{"line":"541","mode":"bus","color":"#0059a9","colorDark":"#00294f","band":0,"off":[0,1.1]}},{"type":"Feature","geometry":{"type":"Point","coordinates":[23.68614,37.930064]},"properties":{"name":"Π. Φάληρο","band":0,"modes":"bus","arr":["550"],"off":[0,-0.8]}},{"type":"Feature","geometry":{"type":"Point","coordinates":[23.68614,37.930064]},"properties":{"line":"550","mode":"bus","color":"#0059a9","colorDark":"#00294f","band":0,"off":[0,1.1]}},{"type":"Feature","geometry":{"type":"Point","coordinates":[23.809727,38.104248]},"properties":{"name":"Ν. Ερυθραία","band":0,"modes":"bus","arr":["560"],"off":[0,-0.8]}},{"type":"Feature","geometry":{"type":"Point","coordinates":[23.809727,38.104248]},"properties":{"line":"560","mode":"bus","color":"#0059a9","colorDark":"#00294f","band":0,"off":[0,1.1]}},{"type":"Feature","geometry":{"type":"Point","coordinates":[23.760058,38.039132]},"properties":{"name":"Αφετηρία 602","band":0,"modes":"bus","arr":["602"],"off":[0,-0.8]}},{"type":"Feature","geometry":{"type":"Point","coordinates":[23.760058,38.039132]},"properties":{"line":"602","mode":"bus","color":"#0059a9","colorDark":"#00294f","band":0,"off":[0,1.1]}},{"type":"Feature","geometry":{"type":"Point","coordinates":[23.77307,38.081742]},"properties":{"name":"Νοσ. Αγ. Ανάργυροι","band":0,"modes":"bus","arr":["604"],"off":[0,-0.8]}},{"type":"Feature","geometry":{"type":"Point","coordinates":[23.77307,38.081742]},"properties":{"line":"604","mode":"bus","color":"#0059a9","colorDark":"#00294f","band":0,"off":[0,1.1]}},{"type":"Feature","geometry":{"type":"Point","coordinates":[23.761502,38.026541]},"properties":{"name":"Γαλάτσι","band":0,"modes":"bus","arr":["608"],"off":[0,-0.8]}},{"type":"Feature","geometry":{"type":"Point","coordinates":[23.761502,38.026541]},"properties":{"line":"608","mode":"bus","color":"#0059a9","colorDark":"#00294f","band":0,"off":[0,1.1]}},{"type":"Feature","geometry":{"type":"Point","coordinates":[23.775579,38.019707]},"properties":{"name":"Φιλοθέη","band":0,"modes":"bus","arr":["610"],"off":[0,-0.8]}},{"type":"Feature","geometry":{"type":"Point","coordinates":[23.775579,38.019707]},"properties":{"line":"610","mode":"bus","color":"#0059a9","colorDark":"#00294f","band":0,"off":[0,1.1]}},{"type":"Feature","geometry":{"type":"Point","coordinates":[23.752629,38.060101]},"properties":{"name":"Μεταμόρφωση","band":0,"modes":"bus","arr":["619"],"off":[0,-0.8]}},{"type":"Feature","geometry":{"type":"Point","coordinates":[23.752629,38.060101]},"properties":{"line":"619","mode":"bus","color":"#0059a9","colorDark":"#00294f","band":0,"off":[0,1.1]}},{"type":"Feature","geometry":{"type":"Point","coordinates":[23.758811,38.008481]},"properties":{"name":"Άνω Γαλάτσι","band":0,"modes":"bus","arr":["622"],"off":[0,-0.8]}},{"type":"Feature","geometry":{"type":"Point","coordinates":[23.758811,38.008481]},"properties":{"line":"622","mode":"bus","color":"#0059a9","colorDark":"#00294f","band":0,"off":[0,1.1]}},{"type":"Feature","geometry":{"type":"Point","coordinates":[23.774762,37.982419]},"properties":{"name":"Γουδή","band":0,"modes":"bus","arr":["622","815"],"off":[0,-0.8]}},{"type":"Feature","geometry":{"type":"Point","coordinates":[23.774762,37.982419]},"properties":{"line":"622","mode":"bus","color":"#0059a9","colorDark":"#00294f","band":0,"off":[-1.7,1.1]}},{"type":"Feature","geometry":{"type":"Point","coordinates":[23.774762,37.982419]},"properties":{"line":"815","mode":"bus","color":"#0059a9","colorDark":"#00294f","band":0,"off":[1.7,1.1]}},{"type":"Feature","geometry":{"type":"Point","coordinates":[23.763377,38.046599]},"properties":{"name":"Τοπική Ηρακλείου","band":0,"modes":"bus","arr":["640","642"],"off":[0,-0.8]}},{"type":"Feature","geometry":{"type":"Point","coordinates":[23.763377,38.046599]},"properties":{"name":"Ηράκλειο 640","band":0,"modes":"bus","arr":["640","642"],"off":[0,-1.9]}},{"type":"Feature","geometry":{"type":"Point","coordinates":[23.763377,38.046599]},"properties":{"line":"640","mode":"bus","color":"#0059a9","colorDark":"#00294f","band":0,"off":[-1.7,1.1]}},{"type":"Feature","geometry":{"type":"Point","coordinates":[23.763377,38.046599]},"properties":{"line":"642","mode":"bus","color":"#0059a9","colorDark":"#00294f","band":0,"off":[1.7,1.1]}},{"type":"Feature","geometry":{"type":"Point","coordinates":[23.764175,38.006007]},"properties":{"name":"Ψυχικό","band":0,"modes":"bus","arr":["651"],"off":[0,-0.8]}},{"type":"Feature","geometry":{"type":"Point","coordinates":[23.764175,38.006007]},"properties":{"line":"651","mode":"bus","color":"#0059a9","colorDark":"#00294f","band":0,"off":[0,1.1]}},{"type":"Feature","geometry":{"type":"Point","coordinates":[23.757418,37.989739]},"properties":{"name":"Αφετηρία - Πανόρμου","band":0,"modes":"bus","arr":["653","813"],"off":[0,-0.8]}},{"type":"Feature","geometry":{"type":"Point","coordinates":[23.757418,37.989739]},"properties":{"name":"Αβέρωφ","band":0,"modes":"bus","arr":["653","813"],"off":[0,-3]}},{"type":"Feature","geometry":{"type":"Point","coordinates":[23.757418,37.989739]},"properties":{"line":"653","mode":"bus","color":"#0059a9","colorDark":"#00294f","band":0,"off":[-1.7,1.1]}},{"type":"Feature","geometry":{"type":"Point","coordinates":[23.757418,37.989739]},"properties":{"line":"813","mode":"bus","color":"#0059a9","colorDark":"#00294f","band":0,"off":[1.7,1.1]}},{"type":"Feature","geometry":{"type":"Point","coordinates":[23.669129,38.03522]},"properties":{"name":"Κηπούπολη","band":0,"modes":"bus","arr":["700","719","Α13"],"off":[0,-0.8]}},{"type":"Feature","geometry":{"type":"Point","coordinates":[23.669129,38.03522]},"properties":{"line":"700","mode":"bus","color":"#0059a9","colorDark":"#00294f","band":0,"off":[-3.4,1.1]}},{"type":"Feature","geometry":{"type":"Point","coordinates":[23.669129,38.03522]},"properties":{"line":"719","mode":"bus","color":"#0059a9","colorDark":"#00294f","band":0,"off":[0,1.1]}},{"type":"Feature","geometry":{"type":"Point","coordinates":[23.669129,38.03522]},"properties":{"line":"Α13","mode":"bus","color":"#0059a9","colorDark":"#00294f","band":0,"off":[3.4,1.1]}},{"type":"Feature","geometry":{"type":"Point","coordinates":[23.692704,38.054269]},"properties":{"name":"Καματερό","band":0,"modes":"bus","arr":["701","704","705","Γ12"],"off":[0,-0.8]}},{"type":"Feature","geometry":{"type":"Point","coordinates":[23.692704,38.054269]},"properties":{"line":"701","mode":"bus","color":"#0059a9","colorDark":"#00294f","band":0,"off":[-5.1,1.1]}},{"type":"Feature","geometry":{"type":"Point","coordinates":[23.692704,38.054269]},"properties":{"line":"704","mode":"bus","color":"#0059a9","colorDark":"#00294f","band":0,"off":[-1.7,1.1]}},{"type":"Feature","geometry":{"type":"Point","coordinates":[23.692704,38.054269]},"properties":{"line":"705","mode":"bus","color":"#0059a9","colorDark":"#00294f","band":0,"off":[1.7,1.1]}},{"type":"Feature","geometry":{"type":"Point","coordinates":[23.692704,38.054269]},"properties":{"line":"Γ12","mode":"bus","color":"#0059a9","colorDark":"#00294f","band":0,"off":[5.1,1.1]}},{"type":"Feature","geometry":{"type":"Point","coordinates":[23.726851,38.021998]},"properties":{"name":"Αγ. Ελευθέριος","band":0,"modes":"bus","arr":["703"],"off":[0,-0.8]}},{"type":"Feature","geometry":{"type":"Point","coordinates":[23.726851,38.021998]},"properties":{"line":"703","mode":"bus","color":"#0059a9","colorDark":"#00294f","band":0,"off":[0,1.1]}},{"type":"Feature","geometry":{"type":"Point","coordinates":[23.698858,38.082085]},"properties":{"name":"Άνω Λιόσια","band":0,"modes":"bus","arr":["709"],"off":[0,-0.8]}},{"type":"Feature","geometry":{"type":"Point","coordinates":[23.698858,38.082085]},"properties":{"line":"709","mode":"bus","color":"#0059a9","colorDark":"#00294f","band":0,"off":[0,1.1]}},{"type":"Feature","geometry":{"type":"Point","coordinates":[23.681212,38.071322]},"properties":{"name":"Ζωφριά","band":0,"modes":"bus","arr":["711"],"off":[0,-0.8]}},{"type":"Feature","geometry":{"type":"Point","coordinates":[23.681212,38.071322]},"properties":{"line":"711","mode":"bus","color":"#0059a9","colorDark":"#00294f","band":0,"off":[0,1.1]}},{"type":"Feature","geometry":{"type":"Point","coordinates":[23.732094,38.050634]},"properties":{"name":"Ανάκασα","band":0,"modes":"bus","arr":["720"],"off":[0,-0.8]}},{"type":"Feature","geometry":{"type":"Point","coordinates":[23.732094,38.050634]},"properties":{"line":"720","mode":"bus","color":"#0059a9","colorDark":"#00294f","band":0,"off":[0,1.1]}},{"type":"Feature","geometry":{"type":"Point","coordinates":[23.737358,38.103624]},"properties":{"name":"Αχαρναί","band":0,"modes":"bus","arr":["721","724","725","726","727","755","755Β","Α10","Β10"],"off":[0,-0.8]}},{"type":"Feature","geometry":{"type":"Point","coordinates":[23.737358,38.103624]},"properties":{"name":"A10-Β10 Μεσονυχι","band":0,"modes":"bus","arr":["721","724","725","726","727","755","755Β","Α10","Β10"],"off":[0,-1.9]}},{"type":"Feature","geometry":{"type":"Point","coordinates":[23.737358,38.103624]},"properties":{"line":"721","mode":"bus","color":"#0059a9","colorDark":"#00294f","band":0,"off":[-6.8,1.1]}},{"type":"Feature","geometry":{"type":"Point","coordinates":[23.737358,38.103624]},"properties":{"line":"724","mode":"bus","color":"#0059a9","colorDark":"#00294f","band":0,"off":[-3.4,1.1]}},{"type":"Feature","geometry":{"type":"Point","coordinates":[23.737358,38.103624]},"properties":{"line":"725","mode":"bus","color":"#0059a9","colorDark":"#00294f","band":0,"off":[0,1.1]}},{"type":"Feature","geometry":{"type":"Point","coordinates":[23.737358,38.103624]},"properties":{"line":"726","mode":"bus","color":"#0059a9","colorDark":"#00294f","band":0,"off":[3.4,1.1]}},{"type":"Feature","geometry":{"type":"Point","coordinates":[23.737358,38.103624]},"properties":{"line":"727","mode":"bus","color":"#0059a9","colorDark":"#00294f","band":0,"off":[6.8,1.1]}},{"type":"Feature","geometry":{"type":"Point","coordinates":[23.737358,38.103624]},"properties":{"line":"755","mode":"bus","color":"#0059a9","colorDark":"#00294f","band":0,"off":[-5.1,3.1]}},{"type":"Feature","geometry":{"type":"Point","coordinates":[23.737358,38.103624]},"properties":{"line":"755Β","mode":"bus","color":"#0059a9","colorDark":"#00294f","band":0,"off":[-1.7,3.1]}},{"type":"Feature","geometry":{"type":"Point","coordinates":[23.737358,38.103624]},"properties":{"line":"Α10","mode":"bus","color":"#0059a9","colorDark":"#00294f","band":0,"off":[1.7,3.1]}},{"type":"Feature","geometry":{"type":"Point","coordinates":[23.737358,38.103624]},"properties":{"line":"Β10","mode":"bus","color":"#0059a9","colorDark":"#00294f","band":0,"off":[5.1,3.1]}},{"type":"Feature","geometry":{"type":"Point","coordinates":[23.672657,38.107881]},"properties":{"name":"Τέρμα Φυλής","band":0,"modes":"bus","arr":["723"],"off":[0,-0.8]}},{"type":"Feature","geometry":{"type":"Point","coordinates":[23.672657,38.107881]},"properties":{"line":"723","mode":"bus","color":"#0059a9","colorDark":"#00294f","band":0,"off":[0,1.1]}},{"type":"Feature","geometry":{"type":"Point","coordinates":[23.700053,38.023984]},"properties":{"name":"Ζωοδόχος Πηγή","band":0,"modes":"bus","arr":["730"],"off":[0,-0.8]}},{"type":"Feature","geometry":{"type":"Point","coordinates":[23.700053,38.023984]},"properties":{"line":"730","mode":"bus","color":"#0059a9","colorDark":"#00294f","band":0,"off":[0,1.1]}},{"type":"Feature","geometry":{"type":"Point","coordinates":[23.676698,38.010068]},"properties":{"name":"Αγ. Αναστασία","band":0,"modes":"bus","arr":["730","821"],"off":[0,-0.8]}},{"type":"Feature","geometry":{"type":"Point","coordinates":[23.676698,38.010068]},"properties":{"line":"730","mode":"bus","color":"#0059a9","colorDark":"#00294f","band":0,"off":[-1.7,1.1]}},{"type":"Feature","geometry":{"type":"Point","coordinates":[23.676698,38.010068]},"properties":{"line":"821","mode":"bus","color":"#0059a9","colorDark":"#00294f","band":0,"off":[1.7,1.1]}},{"type":"Feature","geometry":{"type":"Point","coordinates":[23.648054,38.021729]},"properties":{"name":"Δάσος Β","band":0,"modes":"bus","arr":["731","803","Α15"],"off":[0,-0.8]}},{"type":"Feature","geometry":{"type":"Point","coordinates":[23.648054,38.021729]},"properties":{"name":"Δάσος","band":0,"modes":"bus","arr":["731","803","Α15"],"off":[0,-1.9]}},{"type":"Feature","geometry":{"type":"Point","coordinates":[23.648054,38.021729]},"properties":{"line":"731","mode":"bus","color":"#0059a9","colorDark":"#00294f","band":0,"off":[-3.4,1.1]}},{"type":"Feature","geometry":{"type":"Point","coordinates":[23.648054,38.021729]},"properties":{"line":"803","mode":"bus","color":"#0059a9","colorDark":"#00294f","band":0,"off":[0,1.1]}},{"type":"Feature","geometry":{"type":"Point","coordinates":[23.648054,38.021729]},"properties":{"line":"Α15","mode":"bus","color":"#0059a9","colorDark":"#00294f","band":0,"off":[3.4,1.1]}},{"type":"Feature","geometry":{"type":"Point","coordinates":[23.706679,38.039393]},"properties":{"name":"Νέα Λεωφ.Θηβών 732","band":0,"modes":"bus","arr":["732"],"off":[0,-0.8]}},{"type":"Feature","geometry":{"type":"Point","coordinates":[23.706679,38.039393]},"properties":{"line":"732","mode":"bus","color":"#0059a9","colorDark":"#00294f","band":0,"off":[0,1.1]}},{"type":"Feature","geometry":{"type":"Point","coordinates":[23.77232,38.117225]},"properties":{"name":"Ολυμπ. Χωριό","band":0,"modes":"bus","arr":["740"],"off":[0,-0.8]}},{"type":"Feature","geometry":{"type":"Point","coordinates":[23.77232,38.117225]},"properties":{"line":"740","mode":"bus","color":"#0059a9","colorDark":"#00294f","band":0,"off":[0,1.1]}},{"type":"Feature","geometry":{"type":"Point","coordinates":[23.674197,38.045368]},"properties":{"name":"Πετρούπολη","band":0,"modes":"bus","arr":["747","Α11","Β11"],"off":[0,-0.8]}},{"type":"Feature","geometry":{"type":"Point","coordinates":[23.674197,38.045368]},"properties":{"line":"747","mode":"bus","color":"#0059a9","colorDark":"#00294f","band":0,"off":[-3.4,1.1]}},{"type":"Feature","geometry":{"type":"Point","coordinates":[23.674197,38.045368]},"properties":{"line":"Α11","mode":"bus","color":"#0059a9","colorDark":"#00294f","band":0,"off":[0,1.1]}},{"type":"Feature","geometry":{"type":"Point","coordinates":[23.674197,38.045368]},"properties":{"line":"Β11","mode":"bus","color":"#0059a9","colorDark":"#00294f","band":0,"off":[3.4,1.1]}},{"type":"Feature","geometry":{"type":"Point","coordinates":[23.67482,38.027025]},"properties":{"name":"Χρυσούπολη","band":0,"modes":"bus","arr":["748"],"off":[0,-0.8]}},{"type":"Feature","geometry":{"type":"Point","coordinates":[23.67482,38.027025]},"properties":{"line":"748","mode":"bus","color":"#0059a9","colorDark":"#00294f","band":0,"off":[0,1.1]}},{"type":"Feature","geometry":{"type":"Point","coordinates":[23.680583,38.083193]},"properties":{"name":"Οικισμός Γεννηματά","band":0,"modes":"bus","arr":["749"],"off":[0,-0.8]}},{"type":"Feature","geometry":{"type":"Point","coordinates":[23.680583,38.083193]},"properties":{"line":"749","mode":"bus","color":"#0059a9","colorDark":"#00294f","band":0,"off":[0,1.1]}},{"type":"Feature","geometry":{"type":"Point","coordinates":[23.667498,38.014955]},"properties":{"name":"Παλατάκι","band":0,"modes":"bus","arr":["750","Β15"],"off":[0,-0.8]}},{"type":"Feature","geometry":{"type":"Point","coordinates":[23.667498,38.014955]},"properties":{"name":"Αττικό Νοσοκομείο","band":0,"modes":"bus","arr":["750","Β15"],"off":[0,-1.9]}},{"type":"Feature","geometry":{"type":"Point","coordinates":[23.667498,38.014955]},"properties":{"line":"750","mode":"bus","color":"#0059a9","colorDark":"#00294f","band":0,"off":[-1.7,1.1]}},{"type":"Feature","geometry":{"type":"Point","coordinates":[23.667498,38.014955]},"properties":{"line":"Β15","mode":"bus","color":"#0059a9","colorDark":"#00294f","band":0,"off":[1.7,1.1]}},{"type":"Feature","geometry":{"type":"Point","coordinates":[23.63508,37.970363]},"properties":{"name":"Νίκαια","band":0,"modes":"bus","arr":["750"],"off":[0,-0.8]}},{"type":"Feature","geometry":{"type":"Point","coordinates":[23.63508,37.970363]},"properties":{"line":"750","mode":"bus","color":"#0059a9","colorDark":"#00294f","band":0,"off":[0,1.1]}},{"type":"Feature","geometry":{"type":"Point","coordinates":[23.691504,38.016675]},"properties":{"name":"Λ. Παναγή Τσαλδάρη","band":0,"modes":"bus,metro","arr":["790","M2"],"off":[0,-0.8]}},{"type":"Feature","geometry":{"type":"Point","coordinates":[23.691504,38.016675]},"properties":{"name":"Ανθούπολη","band":0,"modes":"bus,metro","arr":["790","M2"],"off":[0,-1.9]}},{"type":"Feature","geometry":{"type":"Point","coordinates":[23.691504,38.016675]},"properties":{"line":"790","mode":"bus","color":"#0059a9","colorDark":"#00294f","band":0,"off":[-1.7,1.1]}},{"type":"Feature","geometry":{"type":"Point","coordinates":[23.691504,38.016675]},"properties":{"line":"M2","mode":"tram","color":"#e30613","colorDark":"#7c060e","band":0,"off":[1.7,1.1]}},{"type":"Feature","geometry":{"type":"Point","coordinates":[23.626569,37.986789]},"properties":{"name":"Νεάπολη","band":0,"modes":"bus","arr":["800","824","825","846","852"],"off":[0,-0.8]}},{"type":"Feature","geometry":{"type":"Point","coordinates":[23.626569,37.986789]},"properties":{"line":"800","mode":"bus","color":"#0059a9","colorDark":"#00294f","band":0,"off":[-6.8,1.1]}},{"type":"Feature","geometry":{"type":"Point","coordinates":[23.626569,37.986789]},"properties":{"line":"824","mode":"bus","color":"#0059a9","colorDark":"#00294f","band":0,"off":[-3.4,1.1]}},{"type":"Feature","geometry":{"type":"Point","coordinates":[23.626569,37.986789]},"properties":{"line":"825","mode":"bus","color":"#0059a9","colorDark":"#00294f","band":0,"off":[0,1.1]}},{"type":"Feature","geometry":{"type":"Point","coordinates":[23.626569,37.986789]},"properties":{"line":"846","mode":"bus","color":"#0059a9","colorDark":"#00294f","band":0,"off":[3.4,1.1]}},{"type":"Feature","geometry":{"type":"Point","coordinates":[23.626569,37.986789]},"properties":{"line":"852","mode":"bus","color":"#0059a9","colorDark":"#00294f","band":0,"off":[6.8,1.1]}},{"type":"Feature","geometry":{"type":"Point","coordinates":[23.588794,38.058133]},"properties":{"name":"Ασπρόπυργος","band":0,"modes":"bus","arr":["805"],"off":[0,-0.8]}},{"type":"Feature","geometry":{"type":"Point","coordinates":[23.588794,38.058133]},"properties":{"line":"805","mode":"bus","color":"#0059a9","colorDark":"#00294f","band":0,"off":[0,1.1]}},{"type":"Feature","geometry":{"type":"Point","coordinates":[23.636102,38.044833]},"properties":{"name":"Νεοκτιστα","band":0,"modes":"bus","arr":["805"],"off":[0,-0.8]}},{"type":"Feature","geometry":{"type":"Point","coordinates":[23.636102,38.044833]},"properties":{"line":"805","mode":"bus","color":"#0059a9","colorDark":"#00294f","band":0,"off":[0,1.1]}},{"type":"Feature","geometry":{"type":"Point","coordinates":[23.634323,38.000868]},"properties":{"name":"Σχιστο","band":0,"modes":"bus","arr":["806","807","809","810","814"],"off":[0,-0.8]}},{"type":"Feature","geometry":{"type":"Point","coordinates":[23.634323,38.000868]},"properties":{"line":"806","mode":"bus","color":"#0059a9","colorDark":"#00294f","band":0,"off":[-6.8,1.1]}},{"type":"Feature","geometry":{"type":"Point","coordinates":[23.634323,38.000868]},"properties":{"line":"807","mode":"bus","color":"#0059a9","colorDark":"#00294f","band":0,"off":[-3.4,1.1]}},{"type":"Feature","geometry":{"type":"Point","coordinates":[23.634323,38.000868]},"properties":{"line":"809","mode":"bus","color":"#0059a9","colorDark":"#00294f","band":0,"off":[0,1.1]}},{"type":"Feature","geometry":{"type":"Point","coordinates":[23.634323,38.000868]},"properties":{"line":"810","mode":"bus","color":"#0059a9","colorDark":"#00294f","band":0,"off":[3.4,1.1]}},{"type":"Feature","geometry":{"type":"Point","coordinates":[23.634323,38.000868]},"properties":{"line":"814","mode":"bus","color":"#0059a9","colorDark":"#00294f","band":0,"off":[6.8,1.1]}},{"type":"Feature","geometry":{"type":"Point","coordinates":[23.63501,38.014398]},"properties":{"name":"Χαϊδάρι","band":0,"modes":"bus","arr":["811"],"off":[0,-0.8]}},{"type":"Feature","geometry":{"type":"Point","coordinates":[23.63501,38.014398]},"properties":{"line":"811","mode":"bus","color":"#0059a9","colorDark":"#00294f","band":0,"off":[0,1.1]}},{"type":"Feature","geometry":{"type":"Point","coordinates":[23.684353,37.999844]},"properties":{"name":"Προύσσης","band":0,"modes":"bus","arr":["813"],"off":[0,-0.8]}},{"type":"Feature","geometry":{"type":"Point","coordinates":[23.684353,37.999844]},"properties":{"line":"813","mode":"bus","color":"#0059a9","colorDark":"#00294f","band":0,"off":[0,1.1]}},{"type":"Feature","geometry":{"type":"Point","coordinates":[23.68917,37.972759]},"properties":{"name":"Ταύρος","band":0,"modes":"bus","arr":["815"],"off":[0,-0.8]}},{"type":"Feature","geometry":{"type":"Point","coordinates":[23.68917,37.972759]},"properties":{"line":"815","mode":"bus","color":"#0059a9","colorDark":"#00294f","band":0,"off":[0,1.1]}},{"type":"Feature","geometry":{"type":"Point","coordinates":[23.697485,37.967724]},"properties":{"name":"Ταύρος","band":0,"modes":"bus","arr":["816"],"off":[0,-0.8]}},{"type":"Feature","geometry":{"type":"Point","coordinates":[23.697485,37.967724]},"properties":{"line":"816","mode":"bus","color":"#0059a9","colorDark":"#00294f","band":0,"off":[0,1.1]}},{"type":"Feature","geometry":{"type":"Point","coordinates":[23.539891,38.035898]},"properties":{"name":"Ελευσίνα","band":0,"modes":"bus","arr":["817","845","861","861Β","862","863","864","871","876","878","879","881"],"off":[0,-0.8]}},{"type":"Feature","geometry":{"type":"Point","coordinates":[23.539891,38.035898]},"properties":{"line":"817","mode":"bus","color":"#0059a9","colorDark":"#00294f","band":0,"off":[-6.8,1.1]}},{"type":"Feature","geometry":{"type":"Point","coordinates":[23.539891,38.035898]},"properties":{"line":"845","mode":"bus","color":"#0059a9","colorDark":"#00294f","band":0,"off":[-3.4,1.1]}},{"type":"Feature","geometry":{"type":"Point","coordinates":[23.539891,38.035898]},"properties":{"line":"861","mode":"bus","color":"#0059a9","colorDark":"#00294f","band":0,"off":[0,1.1]}},{"type":"Feature","geometry":{"type":"Point","coordinates":[23.539891,38.035898]},"properties":{"line":"861Β","mode":"bus","color":"#0059a9","colorDark":"#00294f","band":0,"off":[3.4,1.1]}},{"type":"Feature","geometry":{"type":"Point","coordinates":[23.539891,38.035898]},"properties":{"line":"862","mode":"bus","color":"#0059a9","colorDark":"#00294f","band":0,"off":[6.8,1.1]}},{"type":"Feature","geometry":{"type":"Point","coordinates":[23.539891,38.035898]},"properties":{"line":"863","mode":"bus","color":"#0059a9","colorDark":"#00294f","band":0,"off":[-6.8,3.1]}},{"type":"Feature","geometry":{"type":"Point","coordinates":[23.539891,38.035898]},"properties":{"line":"864","mode":"bus","color":"#0059a9","colorDark":"#00294f","band":0,"off":[-3.4,3.1]}},{"type":"Feature","geometry":{"type":"Point","coordinates":[23.539891,38.035898]},"properties":{"line":"871","mode":"bus","color":"#0059a9","colorDark":"#00294f","band":0,"off":[0,3.1]}},{"type":"Feature","geometry":{"type":"Point","coordinates":[23.539891,38.035898]},"properties":{"line":"876","mode":"bus","color":"#0059a9","colorDark":"#00294f","band":0,"off":[3.4,3.1]}},{"type":"Feature","geometry":{"type":"Point","coordinates":[23.539891,38.035898]},"properties":{"line":"878","mode":"bus","color":"#0059a9","colorDark":"#00294f","band":0,"off":[6.8,3.1]}},{"type":"Feature","geometry":{"type":"Point","coordinates":[23.539891,38.035898]},"properties":{"line":"879","mode":"bus","color":"#0059a9","colorDark":"#00294f","band":0,"off":[-1.7,5.1]}},{"type":"Feature","geometry":{"type":"Point","coordinates":[23.539891,38.035898]},"properties":{"line":"881","mode":"bus","color":"#0059a9","colorDark":"#00294f","band":0,"off":[1.7,5.1]}},{"type":"Feature","geometry":{"type":"Point","coordinates":[23.48148,38.084393]},"properties":{"name":"Μάνδρα","band":0,"modes":"bus","arr":["817","863","865"],"off":[0,-0.8]}},{"type":"Feature","geometry":{"type":"Point","coordinates":[23.48148,38.084393]},"properties":{"line":"817","mode":"bus","color":"#0059a9","colorDark":"#00294f","band":0,"off":[-3.4,1.1]}},{"type":"Feature","geometry":{"type":"Point","coordinates":[23.48148,38.084393]},"properties":{"line":"863","mode":"bus","color":"#0059a9","colorDark":"#00294f","band":0,"off":[0,1.1]}},{"type":"Feature","geometry":{"type":"Point","coordinates":[23.48148,38.084393]},"properties":{"line":"865","mode":"bus","color":"#0059a9","colorDark":"#00294f","band":0,"off":[3.4,1.1]}},{"type":"Feature","geometry":{"type":"Point","coordinates":[23.558695,37.96382]},"properties":{"name":"Πέραμα","band":0,"modes":"bus","arr":["818","819","841","842","843"],"off":[0,-0.8]}},{"type":"Feature","geometry":{"type":"Point","coordinates":[23.558695,37.96382]},"properties":{"line":"818","mode":"bus","color":"#0059a9","colorDark":"#00294f","band":0,"off":[-6.8,1.1]}},{"type":"Feature","geometry":{"type":"Point","coordinates":[23.558695,37.96382]},"properties":{"line":"819","mode":"bus","color":"#0059a9","colorDark":"#00294f","band":0,"off":[-3.4,1.1]}},{"type":"Feature","geometry":{"type":"Point","coordinates":[23.558695,37.96382]},"properties":{"line":"841","mode":"bus","color":"#0059a9","colorDark":"#00294f","band":0,"off":[0,1.1]}},{"type":"Feature","geometry":{"type":"Point","coordinates":[23.558695,37.96382]},"properties":{"line":"842","mode":"bus","color":"#0059a9","colorDark":"#00294f","band":0,"off":[3.4,1.1]}},{"type":"Feature","geometry":{"type":"Point","coordinates":[23.558695,37.96382]},"properties":{"line":"843","mode":"bus","color":"#0059a9","colorDark":"#00294f","band":0,"off":[6.8,1.1]}},{"type":"Feature","geometry":{"type":"Point","coordinates":[23.601221,37.98113]},"properties":{"name":"Νεκρ. Σχιστού","band":0,"modes":"bus","arr":["819","860"],"off":[0,-0.8]}},{"type":"Feature","geometry":{"type":"Point","coordinates":[23.601221,37.98113]},"properties":{"line":"819","mode":"bus","color":"#0059a9","colorDark":"#00294f","band":0,"off":[-1.7,1.1]}},{"type":"Feature","geometry":{"type":"Point","coordinates":[23.601221,37.98113]},"properties":{"line":"860","mode":"bus","color":"#0059a9","colorDark":"#00294f","band":0,"off":[1.7,1.1]}},{"type":"Feature","geometry":{"type":"Point","coordinates":[23.622756,37.956361]},"properties":{"name":"Ευγένεια","band":0,"modes":"bus","arr":["820","832","833"],"off":[0,-0.8]}},{"type":"Feature","geometry":{"type":"Point","coordinates":[23.622756,37.956361]},"properties":{"name":"Αφετηρία - Ευγένεια","band":0,"modes":"bus","arr":["820","832","833"],"off":[0,-1.9]}},{"type":"Feature","geometry":{"type":"Point","coordinates":[23.622756,37.956361]},"properties":{"line":"820","mode":"bus","color":"#0059a9","colorDark":"#00294f","band":0,"off":[-3.4,1.1]}},{"type":"Feature","geometry":{"type":"Point","coordinates":[23.622756,37.956361]},"properties":{"line":"832","mode":"bus","color":"#0059a9","colorDark":"#00294f","band":0,"off":[0,1.1]}},{"type":"Feature","geometry":{"type":"Point","coordinates":[23.622756,37.956361]},"properties":{"line":"833","mode":"bus","color":"#0059a9","colorDark":"#00294f","band":0,"off":[3.4,1.1]}},{"type":"Feature","geometry":{"type":"Point","coordinates":[23.671672,37.978922]},"properties":{"name":"Παν/πολη Αρχαίου Ελαιώνα","band":0,"modes":"bus","arr":["829"],"off":[0,-0.8]}},{"type":"Feature","geometry":{"type":"Point","coordinates":[23.671672,37.978922]},"properties":{"line":"829","mode":"bus","color":"#0059a9","colorDark":"#00294f","band":0,"off":[0,1.1]}},{"type":"Feature","geometry":{"type":"Point","coordinates":[23.665878,37.992696]},"properties":{"name":"Αγ. Βαρβάρα - Αφετηρία 830","band":0,"modes":"bus","arr":["830","891","892"],"off":[0,-0.8]}},{"type":"Feature","geometry":{"type":"Point","coordinates":[23.665878,37.992696]},"properties":{"name":"Αγ. Βαρβάρα","band":0,"modes":"bus","arr":["830","891","892"],"off":[0,-3]}},{"type":"Feature","geometry":{"type":"Point","coordinates":[23.665878,37.992696]},"properties":{"line":"830","mode":"bus","color":"#0059a9","colorDark":"#00294f","band":0,"off":[-3.4,1.1]}},{"type":"Feature","geometry":{"type":"Point","coordinates":[23.665878,37.992696]},"properties":{"line":"891","mode":"bus","color":"#0059a9","colorDark":"#00294f","band":0,"off":[0,1.1]}},{"type":"Feature","geometry":{"type":"Point","coordinates":[23.665878,37.992696]},"properties":{"line":"892","mode":"bus","color":"#0059a9","colorDark":"#00294f","band":0,"off":[3.4,1.1]}},{"type":"Feature","geometry":{"type":"Point","coordinates":[23.669339,38.002453]},"properties":{"name":"Αιγάλεω","band":0,"modes":"bus","arr":["831"],"off":[0,-0.8]}},{"type":"Feature","geometry":{"type":"Point","coordinates":[23.669339,38.002453]},"properties":{"line":"831","mode":"bus","color":"#0059a9","colorDark":"#00294f","band":0,"off":[0,1.1]}},{"type":"Feature","geometry":{"type":"Point","coordinates":[23.652859,37.993184]},"properties":{"name":"Άνω Αγ. Βαρβάρα","band":0,"modes":"bus","arr":["837"],"off":[0,-0.8]}},{"type":"Feature","geometry":{"type":"Point","coordinates":[23.652859,37.993184]},"properties":{"line":"837","mode":"bus","color":"#0059a9","colorDark":"#00294f","band":0,"off":[0,1.1]}},{"type":"Feature","geometry":{"type":"Point","coordinates":[23.561944,38.08942]},"properties":{"name":"Ψαρι","band":0,"modes":"bus","arr":["855"],"off":[0,-0.8]}},{"type":"Feature","geometry":{"type":"Point","coordinates":[23.561944,38.08942]},"properties":{"line":"855","mode":"bus","color":"#0059a9","colorDark":"#00294f","band":0,"off":[0,1.1]}},{"type":"Feature","geometry":{"type":"Point","coordinates":[23.618882,38.092829]},"properties":{"name":"Λόφος Κυρίλλου","band":0,"modes":"bus","arr":["855"],"off":[0,-0.8]}},{"type":"Feature","geometry":{"type":"Point","coordinates":[23.618882,38.092829]},"properties":{"line":"855","mode":"bus","color":"#0059a9","colorDark":"#00294f","band":0,"off":[0,1.1]}},{"type":"Feature","geometry":{"type":"Point","coordinates":[23.662194,37.986448]},"properties":{"name":"Αιγάλεω","band":0,"modes":"bus","arr":["856"],"off":[0,-0.8]}},{"type":"Feature","geometry":{"type":"Point","coordinates":[23.662194,37.986448]},"properties":{"line":"856","mode":"bus","color":"#0059a9","colorDark":"#00294f","band":0,"off":[0,1.1]}},{"type":"Feature","geometry":{"type":"Point","coordinates":[23.417124,38.120129]},"properties":{"name":"Μάνδρα","band":0,"modes":"bus","arr":["861"],"off":[0,-0.8]}},{"type":"Feature","geometry":{"type":"Point","coordinates":[23.417124,38.120129]},"properties":{"line":"861","mode":"bus","color":"#0059a9","colorDark":"#00294f","band":0,"off":[0,1.1]}},{"type":"Feature","geometry":{"type":"Point","coordinates":[23.32055,38.219816]},"properties":{"name":"Τέρμα - Ερυθρές","band":0,"modes":"bus","arr":["861Β"],"off":[0,-0.8]}},{"type":"Feature","geometry":{"type":"Point","coordinates":[23.32055,38.219816]},"properties":{"line":"861Β","mode":"bus","color":"#0059a9","colorDark":"#00294f","band":0,"off":[0,1.1]}},{"type":"Feature","geometry":{"type":"Point","coordinates":[23.525583,38.058109]},"properties":{"name":"Άνω Ελευσίνα","band":0,"modes":"bus","arr":["862"],"off":[0,-0.8]}},{"type":"Feature","geometry":{"type":"Point","coordinates":[23.525583,38.058109]},"properties":{"line":"862","mode":"bus","color":"#0059a9","colorDark":"#00294f","band":0,"off":[0,1.1]}},{"type":"Feature","geometry":{"type":"Point","coordinates":[23.598711,38.061193]},"properties":{"name":"Ασπρόπυργος","band":0,"modes":"bus","arr":["866"],"off":[0,-0.8]}},{"type":"Feature","geometry":{"type":"Point","coordinates":[23.598711,38.061193]},"properties":{"line":"866","mode":"bus","color":"#0059a9","colorDark":"#00294f","band":0,"off":[0,1.1]}},{"type":"Feature","geometry":{"type":"Point","coordinates":[23.668,37.997205]},"properties":{"name":"Στ. Αγ.Μαρίνα","band":0,"modes":"bus","arr":["868","890"],"off":[0,-0.8]}},{"type":"Feature","geometry":{"type":"Point","coordinates":[23.668,37.997205]},"properties":{"line":"868","mode":"bus","color":"#0059a9","colorDark":"#00294f","band":0,"off":[-1.7,1.1]}},{"type":"Feature","geometry":{"type":"Point","coordinates":[23.668,37.997205]},"properties":{"line":"890","mode":"bus","color":"#0059a9","colorDark":"#00294f","band":0,"off":[1.7,1.1]}},{"type":"Feature","geometry":{"type":"Point","coordinates":[23.534401,38.073756]},"properties":{"name":"Αμαξοστάσιο Θριασίου","band":0,"modes":"bus","arr":["868"],"off":[0,-0.8]}},{"type":"Feature","geometry":{"type":"Point","coordinates":[23.534401,38.073756]},"properties":{"line":"868","mode":"bus","color":"#0059a9","colorDark":"#00294f","band":0,"off":[0,1.1]}},{"type":"Feature","geometry":{"type":"Point","coordinates":[23.5917,38.096354]},"properties":{"name":"Ρουπακι","band":0,"modes":"bus","arr":["881"],"off":[0,-0.8]}},{"type":"Feature","geometry":{"type":"Point","coordinates":[23.5917,38.096354]},"properties":{"line":"881","mode":"bus","color":"#0059a9","colorDark":"#00294f","band":0,"off":[0,1.1]}},{"type":"Feature","geometry":{"type":"Point","coordinates":[23.597971,38.004483]},"properties":{"name":"Ναυπηγεία Σκαραμαγκά","band":0,"modes":"bus","arr":["890"],"off":[0,-0.8]}},{"type":"Feature","geometry":{"type":"Point","coordinates":[23.597971,38.004483]},"properties":{"line":"890","mode":"bus","color":"#0059a9","colorDark":"#00294f","band":0,"off":[0,1.1]}},{"type":"Feature","geometry":{"type":"Point","coordinates":[23.725144,38.0452]},"properties":{"name":"Τέρμα 892 Ίλιον","band":0,"modes":"bus","arr":["892"],"off":[0,-0.8]}},{"type":"Feature","geometry":{"type":"Point","coordinates":[23.725144,38.0452]},"properties":{"line":"892","mode":"bus","color":"#0059a9","colorDark":"#00294f","band":0,"off":[0,1.1]}},{"type":"Feature","geometry":{"type":"Point","coordinates":[23.666324,37.969445]},"properties":{"name":"Αμαξοστάσιο Τέρμα 909","band":0,"modes":"bus","arr":["909"],"off":[0,-0.8]}},{"type":"Feature","geometry":{"type":"Point","coordinates":[23.666324,37.969445]},"properties":{"line":"909","mode":"bus","color":"#0059a9","colorDark":"#00294f","band":0,"off":[0,1.1]}},{"type":"Feature","geometry":{"type":"Point","coordinates":[23.642829,37.930118]},"properties":{"name":"Αγ. Βασίλειος","band":0,"modes":"bus","arr":["909"],"off":[0,-0.8]}},{"type":"Feature","geometry":{"type":"Point","coordinates":[23.642829,37.930118]},"properties":{"line":"909","mode":"bus","color":"#0059a9","colorDark":"#00294f","band":0,"off":[0,1.1]}},{"type":"Feature","geometry":{"type":"Point","coordinates":[23.726197,37.964055]},"properties":{"name":"Στ. Συγγρού Φιξ","band":0,"modes":"bus","arr":["910","Β2"],"off":[0,-0.8]}},{"type":"Feature","geometry":{"type":"Point","coordinates":[23.726197,37.964055]},"properties":{"line":"910","mode":"bus","color":"#0059a9","colorDark":"#00294f","band":0,"off":[-1.7,1.1]}},{"type":"Feature","geometry":{"type":"Point","coordinates":[23.726197,37.964055]},"properties":{"line":"Β2","mode":"bus","color":"#0059a9","colorDark":"#00294f","band":0,"off":[1.7,1.1]}},{"type":"Feature","geometry":{"type":"Point","coordinates":[23.667263,37.941456]},"properties":{"name":"Κεπα","band":0,"modes":"bus","arr":["912"],"off":[0,-0.8]}},{"type":"Feature","geometry":{"type":"Point","coordinates":[23.667263,37.941456]},"properties":{"line":"912","mode":"bus","color":"#0059a9","colorDark":"#00294f","band":0,"off":[0,1.1]}},{"type":"Feature","geometry":{"type":"Point","coordinates":[23.644837,37.959811]},"properties":{"name":"Λόφος Βώκου - Παναγία Οδηγήτρια","band":0,"modes":"bus","arr":["915"],"off":[0,-0.8]}},{"type":"Feature","geometry":{"type":"Point","coordinates":[23.644837,37.959811]},"properties":{"line":"915","mode":"bus","color":"#0059a9","colorDark":"#00294f","band":0,"off":[0,1.1]}},{"type":"Feature","geometry":{"type":"Point","coordinates":[23.721395,37.995254]},"properties":{"name":"Στ. Λαρίσης","band":0,"modes":"bus","arr":["Α10","Α15","Β10","Β15","Β5"],"off":[0,-0.8]}},{"type":"Feature","geometry":{"type":"Point","coordinates":[23.721395,37.995254]},"properties":{"line":"Α10","mode":"bus","color":"#0059a9","colorDark":"#00294f","band":0,"off":[-6.8,1.1]}},{"type":"Feature","geometry":{"type":"Point","coordinates":[23.721395,37.995254]},"properties":{"line":"Α15","mode":"bus","color":"#0059a9","colorDark":"#00294f","band":0,"off":[-3.4,1.1]}},{"type":"Feature","geometry":{"type":"Point","coordinates":[23.721395,37.995254]},"properties":{"line":"Β10","mode":"bus","color":"#0059a9","colorDark":"#00294f","band":0,"off":[0,1.1]}},{"type":"Feature","geometry":{"type":"Point","coordinates":[23.721395,37.995254]},"properties":{"line":"Β15","mode":"bus","color":"#0059a9","colorDark":"#00294f","band":0,"off":[3.4,1.1]}},{"type":"Feature","geometry":{"type":"Point","coordinates":[23.721395,37.995254]},"properties":{"line":"Β5","mode":"bus","color":"#0059a9","colorDark":"#00294f","band":0,"off":[6.8,1.1]}},{"type":"Feature","geometry":{"type":"Point","coordinates":[23.726135,37.982106]},"properties":{"name":"Χαλκοκονδύλη","band":0,"modes":"bus","arr":["Α11","Α13","Β11","Β9"],"off":[0,-0.8]}},{"type":"Feature","geometry":{"type":"Point","coordinates":[23.726135,37.982106]},"properties":{"name":"Ομόνοια Ζήνωνος","band":0,"modes":"bus","arr":["Α11","Α13","Β11","Β9"],"off":[0,-1.9]}},{"type":"Feature","geometry":{"type":"Point","coordinates":[23.726135,37.982106]},"properties":{"line":"Α11","mode":"bus","color":"#0059a9","colorDark":"#00294f","band":0,"off":[-5.1,1.1]}},{"type":"Feature","geometry":{"type":"Point","coordinates":[23.726135,37.982106]},"properties":{"line":"Α13","mode":"bus","color":"#0059a9","colorDark":"#00294f","band":0,"off":[-1.7,1.1]}},{"type":"Feature","geometry":{"type":"Point","coordinates":[23.726135,37.982106]},"properties":{"line":"Β11","mode":"bus","color":"#0059a9","colorDark":"#00294f","band":0,"off":[1.7,1.1]}},{"type":"Feature","geometry":{"type":"Point","coordinates":[23.726135,37.982106]},"properties":{"line":"Β9","mode":"bus","color":"#0059a9","colorDark":"#00294f","band":0,"off":[5.1,1.1]}},{"type":"Feature","geometry":{"type":"Point","coordinates":[23.870173,38.011422]},"properties":{"name":"Ανθούσα","band":0,"modes":"bus","arr":["Α5"],"off":[0,-0.8]}},{"type":"Feature","geometry":{"type":"Point","coordinates":[23.870173,38.011422]},"properties":{"line":"Α5","mode":"bus","color":"#0059a9","colorDark":"#00294f","band":0,"off":[0,1.1]}},{"type":"Feature","geometry":{"type":"Point","coordinates":[23.689534,38.103133]},"properties":{"name":"Α. Λιόσια (Πανόραμα)","band":0,"modes":"bus","arr":["Β12"],"off":[0,-0.8]}},{"type":"Feature","geometry":{"type":"Point","coordinates":[23.689534,38.103133]},"properties":{"line":"Β12","mode":"bus","color":"#0059a9","colorDark":"#00294f","band":0,"off":[0,1.1]}},{"type":"Feature","geometry":{"type":"Point","coordinates":[23.793285,38.093954]},"properties":{"name":"Ν. Κηφισιά","band":0,"modes":"bus","arr":["Β9"],"off":[0,-0.8]}},{"type":"Feature","geometry":{"type":"Point","coordinates":[23.793285,38.093954]},"properties":{"line":"Β9","mode":"bus","color":"#0059a9","colorDark":"#00294f","band":0,"off":[0,1.1]}},{"type":"Feature","geometry":{"type":"Point","coordinates":[23.788565,38.045585]},"properties":{"name":"Υπουργείο Παιδείας","band":0,"modes":"bus","arr":["Ε14"],"off":[0,-0.8]}},{"type":"Feature","geometry":{"type":"Point","coordinates":[23.788565,38.045585]},"properties":{"line":"Ε14","mode":"bus","color":"#0059a9","colorDark":"#00294f","band":0,"off":[0,1.1]}},{"type":"Feature","geometry":{"type":"Point","coordinates":[23.745997,37.975411]},"properties":{"name":"Ευαγγελισμός","band":0,"modes":"bus","arr":["Χ21"],"off":[0,-0.8]}},{"type":"Feature","geometry":{"type":"Point","coordinates":[23.745997,37.975411]},"properties":{"line":"Χ21","mode":"bus","color":"#0059a9","colorDark":"#00294f","band":0,"off":[0,1.1]}},{"type":"Feature","geometry":{"type":"Point","coordinates":[23.945631,37.936858]},"properties":{"name":"Κτίριο Αναχωρησεων","band":0,"modes":"metro,bus","arr":["M3","Χ93","Χ95","Χ96","Χ97"],"off":[0,-0.8]}},{"type":"Feature","geometry":{"type":"Point","coordinates":[23.945631,37.936858]},"properties":{"name":"Ελ. Βενιζέλος","band":0,"modes":"metro,bus","arr":["M3","Χ93","Χ95","Χ96","Χ97"],"off":[0,-1.9]}},{"type":"Feature","geometry":{"type":"Point","coordinates":[23.945631,37.936858]},"properties":{"line":"M3","mode":"tram","color":"#1e9cd7","colorDark":"#0d567a","band":0,"off":[-6.8,1.1]}},{"type":"Feature","geometry":{"type":"Point","coordinates":[23.945631,37.936858]},"properties":{"line":"Χ93","mode":"bus","color":"#0059a9","colorDark":"#00294f","band":0,"off":[-3.4,1.1]}},{"type":"Feature","geometry":{"type":"Point","coordinates":[23.945631,37.936858]},"properties":{"line":"Χ95","mode":"bus","color":"#0059a9","colorDark":"#00294f","band":0,"off":[0,1.1]}},{"type":"Feature","geometry":{"type":"Point","coordinates":[23.945631,37.936858]},"properties":{"line":"Χ96","mode":"bus","color":"#0059a9","colorDark":"#00294f","band":0,"off":[3.4,1.1]}},{"type":"Feature","geometry":{"type":"Point","coordinates":[23.945631,37.936858]},"properties":{"line":"Χ97","mode":"bus","color":"#0059a9","colorDark":"#00294f","band":0,"off":[6.8,1.1]}},{"type":"Feature","geometry":{"type":"Point","coordinates":[23.808195,38.076435]},"properties":{"name":"Κηφισιά","band":0,"modes":"metro","arr":["M1"],"off":[0,-0.8]}},{"type":"Feature","geometry":{"type":"Point","coordinates":[23.808195,38.076435]},"properties":{"line":"M1","mode":"tram","color":"#009550","colorDark":"#00512b","band":0,"off":[0,1.1]}},{"type":"Feature","geometry":{"type":"Point","coordinates":[23.74721,37.892437]},"properties":{"name":"Ελληνικό","band":0,"modes":"metro","arr":["M2"],"off":[0,-0.8]}},{"type":"Feature","geometry":{"type":"Point","coordinates":[23.74721,37.892437]},"properties":{"line":"M2","mode":"tram","color":"#e30613","colorDark":"#7c060e","band":0,"off":[0,1.1]}},{"type":"Feature","geometry":{"type":"Point","coordinates":[23.645265,37.941959]},"properties":{"name":"Δημοτικό Θέατρο","band":0,"modes":"metro,tram","arr":["M3","T7"],"off":[0,-0.8]}},{"type":"Feature","geometry":{"type":"Point","coordinates":[23.645265,37.941959]},"properties":{"name":"Ακτή Ποσειδώνος","band":0,"modes":"metro,tram","arr":["M3","T7"],"off":[0,-1.9]}},{"type":"Feature","geometry":{"type":"Point","coordinates":[23.645265,37.941959]},"properties":{"line":"M3","mode":"tram","color":"#1e9cd7","colorDark":"#0d567a","band":0,"off":[-1.7,1.1]}},{"type":"Feature","geometry":{"type":"Point","coordinates":[23.645265,37.941959]},"properties":{"line":"T7","mode":"tram","color":"#d6212b","colorDark":"#7c1116","band":0,"off":[1.7,1.1]}},{"type":"Feature","geometry":{"type":"Point","coordinates":[23.752686,37.849327]},"properties":{"name":"Βούλα","band":0,"modes":"tram","arr":["T7"],"off":[0,-0.8]}},{"type":"Feature","geometry":{"type":"Point","coordinates":[23.752686,37.849327]},"properties":{"line":"T7","mode":"tram","color":"#d6212b","colorDark":"#7c1116","band":0,"off":[0,1.1]}},{"type":"Feature","geometry":{"type":"Point","coordinates":[23.685847,37.945845]},"properties":{"name":"Ελ. Βενιζέλου","band":1,"modes":"bus","arr":["1"],"off":[0,-0.8]}},{"type":"Feature","geometry":{"type":"Point","coordinates":[23.685847,37.945845]},"properties":{"line":"1","mode":"bus","color":"#149a3f","colorDark":"#0a5121","band":1,"off":[0,1.1]}},{"type":"Feature","geometry":{"type":"Point","coordinates":[23.722866,37.996714]},"properties":{"name":"Πλ. Αττικής","band":1,"modes":"bus","arr":["1","711","Β12"],"off":[0,-0.8]}},{"type":"Feature","geometry":{"type":"Point","coordinates":[23.722866,37.996714]},"properties":{"name":"Αφετηρία 711-Β12","band":1,"modes":"bus","arr":["1","711","Β12"],"off":[0,-1.9]}},{"type":"Feature","geometry":{"type":"Point","coordinates":[23.722866,37.996714]},"properties":{"line":"1","mode":"bus","color":"#149a3f","colorDark":"#0a5121","band":1,"off":[-3.4,1.1]}},{"type":"Feature","geometry":{"type":"Point","coordinates":[23.722866,37.996714]},"properties":{"line":"711","mode":"bus","color":"#0059a9","colorDark":"#00294f","band":1,"off":[0,1.1]}},{"type":"Feature","geometry":{"type":"Point","coordinates":[23.722866,37.996714]},"properties":{"line":"Β12","mode":"bus","color":"#0059a9","colorDark":"#00294f","band":1,"off":[3.4,1.1]}},{"type":"Feature","geometry":{"type":"Point","coordinates":[23.749531,38.00623]},"properties":{"name":"Άνω Κυψέλη","band":1,"modes":"bus","arr":["2","4","035"],"off":[0,-0.8]}},{"type":"Feature","geometry":{"type":"Point","coordinates":[23.749531,38.00623]},"properties":{"line":"2","mode":"bus","color":"#149a3f","colorDark":"#0a5121","band":1,"off":[-3.4,1.1]}},{"type":"Feature","geometry":{"type":"Point","coordinates":[23.749531,38.00623]},"properties":{"line":"4","mode":"bus","color":"#149a3f","colorDark":"#0a5121","band":1,"off":[0,1.1]}},{"type":"Feature","geometry":{"type":"Point","coordinates":[23.749531,38.00623]},"properties":{"line":"035","mode":"bus","color":"#0059a9","colorDark":"#00294f","band":1,"off":[3.4,1.1]}},{"type":"Feature","geometry":{"type":"Point","coordinates":[23.755483,37.971523]},"properties":{"name":"Καισαριανή","band":1,"modes":"bus","arr":["2"],"off":[0,-0.8]}},{"type":"Feature","geometry":{"type":"Point","coordinates":[23.755483,37.971523]},"properties":{"line":"2","mode":"bus","color":"#149a3f","colorDark":"#0a5121","band":1,"off":[0,1.1]}},{"type":"Feature","geometry":{"type":"Point","coordinates":[23.775274,38.000725]},"properties":{"name":"Νέο Ψυχικό","band":1,"modes":"bus","arr":["3"],"off":[0,-0.8]}},{"type":"Feature","geometry":{"type":"Point","coordinates":[23.775274,38.000725]},"properties":{"line":"3","mode":"bus","color":"#149a3f","colorDark":"#0a5121","band":1,"off":[0,1.1]}},{"type":"Feature","geometry":{"type":"Point","coordinates":[23.740173,38.035985]},"properties":{"name":"Νέα Φιλαδέλφεια","band":1,"modes":"bus","arr":["3"],"off":[0,-0.8]}},{"type":"Feature","geometry":{"type":"Point","coordinates":[23.740173,38.035985]},"properties":{"line":"3","mode":"bus","color":"#149a3f","colorDark":"#0a5121","band":1,"off":[0,1.1]}},{"type":"Feature","geometry":{"type":"Point","coordinates":[23.734693,37.956775]},"properties":{"name":"Στ. Μετρό Αγ. Ιωάννης","band":1,"modes":"bus","arr":["4"],"off":[0,-0.8]}},{"type":"Feature","geometry":{"type":"Point","coordinates":[23.734693,37.956775]},"properties":{"line":"4","mode":"bus","color":"#149a3f","colorDark":"#0a5121","band":1,"off":[0,1.1]}},{"type":"Feature","geometry":{"type":"Point","coordinates":[23.754123,38.022681]},"properties":{"name":"Λαμπρινή","band":1,"modes":"bus","arr":["5","14"],"off":[0,-0.8]}},{"type":"Feature","geometry":{"type":"Point","coordinates":[23.754123,38.022681]},"properties":{"line":"5","mode":"bus","color":"#149a3f","colorDark":"#0a5121","band":1,"off":[-1.7,1.1]}},{"type":"Feature","geometry":{"type":"Point","coordinates":[23.754123,38.022681]},"properties":{"line":"14","mode":"bus","color":"#149a3f","colorDark":"#0a5121","band":1,"off":[1.7,1.1]}},{"type":"Feature","geometry":{"type":"Point","coordinates":[23.685175,37.943172]},"properties":{"name":"Τζιτζιφιές","band":1,"modes":"bus","arr":["5","10"],"off":[0,-0.8]}},{"type":"Feature","geometry":{"type":"Point","coordinates":[23.685175,37.943172]},"properties":{"line":"5","mode":"bus","color":"#149a3f","colorDark":"#0a5121","band":1,"off":[-1.7,1.1]}},{"type":"Feature","geometry":{"type":"Point","coordinates":[23.685175,37.943172]},"properties":{"line":"10","mode":"bus","color":"#149a3f","colorDark":"#0a5121","band":1,"off":[1.7,1.1]}},{"type":"Feature","geometry":{"type":"Point","coordinates":[23.742251,38.054373]},"properties":{"name":"Ν. Φιλαδέλφεια","band":1,"modes":"bus","arr":["6"],"off":[0,-0.8]}},{"type":"Feature","geometry":{"type":"Point","coordinates":[23.742251,38.054373]},"properties":{"line":"6","mode":"bus","color":"#149a3f","colorDark":"#0a5121","band":1,"off":[0,1.1]}},{"type":"Feature","geometry":{"type":"Point","coordinates":[23.729329,37.985553]},"properties":{"name":"Χαλκοκονδύλη","band":1,"modes":"bus","arr":["6","021","Α11","Β11","Β9"],"off":[0,-0.8]}},{"type":"Feature","geometry":{"type":"Point","coordinates":[23.729329,37.985553]},"properties":{"name":"Πλ. Λαυρίου","band":1,"modes":"bus","arr":["6","021","Α11","Β11","Β9"],"off":[0,-1.9]}},{"type":"Feature","geometry":{"type":"Point","coordinates":[23.729329,37.985553]},"properties":{"name":"Πλ. Κάνιγγος","band":1,"modes":"bus","arr":["6","021","Α11","Β11","Β9"],"off":[0,-3]}},{"type":"Feature","geometry":{"type":"Point","coordinates":[23.729329,37.985553]},"properties":{"line":"6","mode":"bus","color":"#149a3f","colorDark":"#0a5121","band":1,"off":[-6.8,1.1]}},{"type":"Feature","geometry":{"type":"Point","coordinates":[23.729329,37.985553]},"properties":{"line":"021","mode":"bus","color":"#0059a9","colorDark":"#00294f","band":1,"off":[-3.4,1.1]}},{"type":"Feature","geometry":{"type":"Point","coordinates":[23.729329,37.985553]},"properties":{"line":"Α11","mode":"bus","color":"#0059a9","colorDark":"#00294f","band":1,"off":[0,1.1]}},{"type":"Feature","geometry":{"type":"Point","coordinates":[23.729329,37.985553]},"properties":{"line":"Β11","mode":"bus","color":"#0059a9","colorDark":"#00294f","band":1,"off":[3.4,1.1]}},{"type":"Feature","geometry":{"type":"Point","coordinates":[23.729329,37.985553]},"properties":{"line":"Β9","mode":"bus","color":"#0059a9","colorDark":"#00294f","band":1,"off":[6.8,1.1]}},{"type":"Feature","geometry":{"type":"Point","coordinates":[23.798034,38.02251]},"properties":{"name":"Χαλάνδρι","band":1,"modes":"bus","arr":["10","18","447"],"off":[0,-0.8]}},{"type":"Feature","geometry":{"type":"Point","coordinates":[23.798034,38.02251]},"properties":{"name":"Πλ. Χαλανδρίου","band":1,"modes":"bus","arr":["10","18","447"],"off":[0,-1.9]}},{"type":"Feature","geometry":{"type":"Point","coordinates":[23.798034,38.02251]},"properties":{"line":"10","mode":"bus","color":"#149a3f","colorDark":"#0a5121","band":1,"off":[-3.4,1.1]}},{"type":"Feature","geometry":{"type":"Point","coordinates":[23.798034,38.02251]},"properties":{"line":"18","mode":"bus","color":"#149a3f","colorDark":"#0a5121","band":1,"off":[0,1.1]}},{"type":"Feature","geometry":{"type":"Point","coordinates":[23.798034,38.02251]},"properties":{"line":"447","mode":"bus","color":"#0059a9","colorDark":"#00294f","band":1,"off":[3.4,1.1]}},{"type":"Feature","geometry":{"type":"Point","coordinates":[23.735825,38.02162]},"properties":{"name":"Άνω Πατήσια","band":1,"modes":"bus","arr":["11"],"off":[0,-0.8]}},{"type":"Feature","geometry":{"type":"Point","coordinates":[23.735825,38.02162]},"properties":{"line":"11","mode":"bus","color":"#149a3f","colorDark":"#0a5121","band":1,"off":[0,1.1]}},{"type":"Feature","geometry":{"type":"Point","coordinates":[23.759705,37.954105]},"properties":{"name":"Ν. Ελβετία","band":1,"modes":"bus","arr":["11","214"],"off":[0,-0.8]}},{"type":"Feature","geometry":{"type":"Point","coordinates":[23.759705,37.954105]},"properties":{"name":"Ζ. Πηγή","band":1,"modes":"bus","arr":["11","214"],"off":[0,-1.9]}},{"type":"Feature","geometry":{"type":"Point","coordinates":[23.759705,37.954105]},"properties":{"line":"11","mode":"bus","color":"#149a3f","colorDark":"#0a5121","band":1,"off":[-1.7,1.1]}},{"type":"Feature","geometry":{"type":"Point","coordinates":[23.759705,37.954105]},"properties":{"line":"214","mode":"bus","color":"#0059a9","colorDark":"#00294f","band":1,"off":[1.7,1.1]}},{"type":"Feature","geometry":{"type":"Point","coordinates":[23.684279,38.029694]},"properties":{"name":"Αγ. Ιερόθεος","band":1,"modes":"bus","arr":["12"],"off":[0,-0.8]}},{"type":"Feature","geometry":{"type":"Point","coordinates":[23.684279,38.029694]},"properties":{"line":"12","mode":"bus","color":"#149a3f","colorDark":"#0a5121","band":1,"off":[0,1.1]}},{"type":"Feature","geometry":{"type":"Point","coordinates":[23.7347,37.973929]},"properties":{"name":"Σύνταγμα (Κέντρο)","band":1,"modes":"bus,tram","arr":["12","040","T6","Ε14","Χ14","Χ95"],"off":[0,-0.8]}},{"type":"Feature","geometry":{"type":"Point","coordinates":[23.7347,37.973929]},"properties":{"name":"Σύνταγμα","band":1,"modes":"bus,tram","arr":["12","040","T6","Ε14","Χ14","Χ95"],"off":[0,-1.9]}},{"type":"Feature","geometry":{"type":"Point","coordinates":[23.7347,37.973929]},"properties":{"name":"Ζάππειο","band":1,"modes":"bus,tram","arr":["12","040","T6","Ε14","Χ14","Χ95"],"off":[0,-3]}},{"type":"Feature","geometry":{"type":"Point","coordinates":[23.7347,37.973929]},"properties":{"line":"12","mode":"bus","color":"#149a3f","colorDark":"#0a5121","band":1,"off":[-6.8,1.1]}},{"type":"Feature","geometry":{"type":"Point","coordinates":[23.7347,37.973929]},"properties":{"line":"040","mode":"bus","color":"#0059a9","colorDark":"#00294f","band":1,"off":[-3.4,1.1]}},{"type":"Feature","geometry":{"type":"Point","coordinates":[23.7347,37.973929]},"properties":{"line":"T6","mode":"tram","color":"#d6212b","colorDark":"#7c1116","band":1,"off":[0,1.1]}},{"type":"Feature","geometry":{"type":"Point","coordinates":[23.7347,37.973929]},"properties":{"line":"Ε14","mode":"bus","color":"#0059a9","colorDark":"#00294f","band":1,"off":[3.4,1.1]}},{"type":"Feature","geometry":{"type":"Point","coordinates":[23.7347,37.973929]},"properties":{"line":"Χ14","mode":"bus","color":"#0059a9","colorDark":"#00294f","band":1,"off":[6.8,1.1]}},{"type":"Feature","geometry":{"type":"Point","coordinates":[23.7347,37.973929]},"properties":{"line":"Χ95","mode":"bus","color":"#0059a9","colorDark":"#00294f","band":1,"off":[0,3.1]}},{"type":"Feature","geometry":{"type":"Point","coordinates":[23.768324,37.996647]},"properties":{"name":"Γηροκομείο","band":1,"modes":"bus","arr":["14"],"off":[0,-0.8]}},{"type":"Feature","geometry":{"type":"Point","coordinates":[23.768324,37.996647]},"properties":{"line":"14","mode":"bus","color":"#149a3f","colorDark":"#0a5121","band":1,"off":[0,1.1]}},{"type":"Feature","geometry":{"type":"Point","coordinates":[23.709121,37.968166]},"properties":{"name":"Πετράλωνα","band":1,"modes":"bus","arr":["15"],"off":[0,-0.8]}},{"type":"Feature","geometry":{"type":"Point","coordinates":[23.709121,37.968166]},"properties":{"line":"15","mode":"bus","color":"#149a3f","colorDark":"#0a5121","band":1,"off":[0,1.1]}},{"type":"Feature","geometry":{"type":"Point","coordinates":[23.756267,37.998232]},"properties":{"name":"Τέρμα Ελ. Βενιζέλου","band":1,"modes":"bus","arr":["15","224"],"off":[0,-0.8]}},{"type":"Feature","geometry":{"type":"Point","coordinates":[23.756267,37.998232]},"properties":{"name":"Ελ. Βενιζέλου","band":1,"modes":"bus","arr":["15","224"],"off":[0,-3]}},{"type":"Feature","geometry":{"type":"Point","coordinates":[23.756267,37.998232]},"properties":{"line":"15","mode":"bus","color":"#149a3f","colorDark":"#0a5121","band":1,"off":[-1.7,1.1]}},{"type":"Feature","geometry":{"type":"Point","coordinates":[23.756267,37.998232]},"properties":{"line":"224","mode":"bus","color":"#0059a9","colorDark":"#00294f","band":1,"off":[1.7,1.1]}},{"type":"Feature","geometry":{"type":"Point","coordinates":[23.674761,37.961812]},"properties":{"name":"Αγ. Ιωάννης Ρέντης","band":1,"modes":"bus","arr":["16"],"off":[0,-0.8]}},{"type":"Feature","geometry":{"type":"Point","coordinates":[23.674761,37.961812]},"properties":{"line":"16","mode":"bus","color":"#149a3f","colorDark":"#0a5121","band":1,"off":[0,1.1]}},{"type":"Feature","geometry":{"type":"Point","coordinates":[23.644263,37.94269]},"properties":{"name":"Πειραιάς Πλ. Καραϊσκάκη","band":1,"modes":"bus,metro","arr":["17","218","300","400","500","803","827","845","871","871Τ","904","906","M3","Ε90"],"off":[0,-0.8],"sc":0.95}},{"type":"Feature","geometry":{"type":"Point","coordinates":[23.644263,37.94269]},"properties":{"name":"Πειραιάς Αγ. Σπυρίδων","band":1,"modes":"bus,metro","arr":["17","218","300","400","500","803","827","845","871","871Τ","904","906","M3","Ε90"],"off":[0,-3],"sc":0.95}},{"type":"Feature","geometry":{"type":"Point","coordinates":[23.644263,37.94269]},"properties":{"name":"Δημοτικό Θέατρο","band":1,"modes":"bus,metro","arr":["17","218","300","400","500","803","827","845","871","871Τ","904","906","M3","Ε90"],"off":[0,-5.2],"sc":0.95}},{"type":"Feature","geometry":{"type":"Point","coordinates":[23.644263,37.94269]},"properties":{"line":"17","mode":"bus","color":"#149a3f","colorDark":"#0a5121","band":1,"sc":0.95,"off":[-6.8,1.1]}},{"type":"Feature","geometry":{"type":"Point","coordinates":[23.644263,37.94269]},"properties":{"line":"218","mode":"bus","color":"#0059a9","colorDark":"#00294f","band":1,"sc":0.95,"off":[-3.4,1.1]}},{"type":"Feature","geometry":{"type":"Point","coordinates":[23.644263,37.94269]},"properties":{"line":"300","mode":"bus","color":"#0059a9","colorDark":"#00294f","band":1,"sc":0.95,"off":[0,1.1]}},{"type":"Feature","geometry":{"type":"Point","coordinates":[23.644263,37.94269]},"properties":{"line":"400","mode":"bus","color":"#0059a9","colorDark":"#00294f","band":1,"sc":0.95,"off":[3.4,1.1]}},{"type":"Feature","geometry":{"type":"Point","coordinates":[23.644263,37.94269]},"properties":{"line":"500","mode":"bus","color":"#0059a9","colorDark":"#00294f","band":1,"sc":0.95,"off":[6.8,1.1]}},{"type":"Feature","geometry":{"type":"Point","coordinates":[23.644263,37.94269]},"properties":{"line":"803","mode":"bus","color":"#0059a9","colorDark":"#00294f","band":1,"sc":0.95,"off":[-6.8,3.1]}},{"type":"Feature","geometry":{"type":"Point","coordinates":[23.644263,37.94269]},"properties":{"line":"827","mode":"bus","color":"#0059a9","colorDark":"#00294f","band":1,"sc":0.95,"off":[-3.4,3.1]}},{"type":"Feature","geometry":{"type":"Point","coordinates":[23.644263,37.94269]},"properties":{"line":"845","mode":"bus","color":"#0059a9","colorDark":"#00294f","band":1,"sc":0.95,"off":[0,3.1]}},{"type":"Feature","geometry":{"type":"Point","coordinates":[23.644263,37.94269]},"properties":{"line":"871","mode":"bus","color":"#0059a9","colorDark":"#00294f","band":1,"sc":0.95,"off":[3.4,3.1]}},{"type":"Feature","geometry":{"type":"Point","coordinates":[23.644263,37.94269]},"properties":{"line":"871Τ","mode":"bus","color":"#0059a9","colorDark":"#00294f","band":1,"sc":0.95,"off":[6.8,3.1]}},{"type":"Feature","geometry":{"type":"Point","coordinates":[23.644263,37.94269]},"properties":{"line":"904","mode":"bus","color":"#0059a9","colorDark":"#00294f","band":1,"sc":0.95,"off":[-5.1,5.1]}},{"type":"Feature","geometry":{"type":"Point","coordinates":[23.644263,37.94269]},"properties":{"line":"906","mode":"bus","color":"#0059a9","colorDark":"#00294f","band":1,"sc":0.95,"off":[-1.7,5.1]}},{"type":"Feature","geometry":{"type":"Point","coordinates":[23.644263,37.94269]},"properties":{"line":"M3","mode":"tram","color":"#1e9cd7","colorDark":"#0d567a","band":1,"sc":0.95,"off":[1.7,5.1]}},{"type":"Feature","geometry":{"type":"Point","coordinates":[23.644263,37.94269]},"properties":{"line":"Ε90","mode":"bus","color":"#0059a9","colorDark":"#00294f","band":1,"sc":0.95,"off":[5.1,5.1]}},{"type":"Feature","geometry":{"type":"Point","coordinates":[23.730687,37.989234]},"properties":{"name":"Στουρνάρη","band":1,"modes":"bus","arr":["18","19","046","19Β","Α7","Α8"],"off":[0,-0.8]}},{"type":"Feature","geometry":{"type":"Point","coordinates":[23.730687,37.989234]},"properties":{"name":"Πολυτεχνείο","band":1,"modes":"bus","arr":["18","19","046","19Β","Α7","Α8"],"off":[0,-1.9]}},{"type":"Feature","geometry":{"type":"Point","coordinates":[23.730687,37.989234]},"properties":{"name":"Μουσείο","band":1,"modes":"bus","arr":["18","19","046","19Β","Α7","Α8"],"off":[0,-3]}},{"type":"Feature","geometry":{"type":"Point","coordinates":[23.730687,37.989234]},"properties":{"line":"18","mode":"bus","color":"#149a3f","colorDark":"#0a5121","band":1,"off":[-6.8,1.1]}},{"type":"Feature","geometry":{"type":"Point","coordinates":[23.730687,37.989234]},"properties":{"line":"19","mode":"bus","color":"#149a3f","colorDark":"#0a5121","band":1,"off":[-3.4,1.1]}},{"type":"Feature","geometry":{"type":"Point","coordinates":[23.730687,37.989234]},"properties":{"line":"046","mode":"bus","color":"#0059a9","colorDark":"#00294f","band":1,"off":[0,1.1]}},{"type":"Feature","geometry":{"type":"Point","coordinates":[23.730687,37.989234]},"properties":{"line":"19Β","mode":"bus","color":"#149a3f","colorDark":"#0a5121","band":1,"off":[3.4,1.1]}},{"type":"Feature","geometry":{"type":"Point","coordinates":[23.730687,37.989234]},"properties":{"line":"Α7","mode":"bus","color":"#0059a9","colorDark":"#00294f","band":1,"off":[6.8,1.1]}},{"type":"Feature","geometry":{"type":"Point","coordinates":[23.730687,37.989234]},"properties":{"line":"Α8","mode":"bus","color":"#0059a9","colorDark":"#00294f","band":1,"off":[0,3.1]}},{"type":"Feature","geometry":{"type":"Point","coordinates":[23.821089,38.021717]},"properties":{"name":"Στ. Χαλάνδρι","band":1,"modes":"bus","arr":["19","405","450","451","460","461"],"off":[0,-0.8]}},{"type":"Feature","geometry":{"type":"Point","coordinates":[23.821089,38.021717]},"properties":{"line":"19","mode":"bus","color":"#149a3f","colorDark":"#0a5121","band":1,"off":[-6.8,1.1]}},{"type":"Feature","geometry":{"type":"Point","coordinates":[23.821089,38.021717]},"properties":{"line":"405","mode":"bus","color":"#0059a9","colorDark":"#00294f","band":1,"off":[-3.4,1.1]}},{"type":"Feature","geometry":{"type":"Point","coordinates":[23.821089,38.021717]},"properties":{"line":"450","mode":"bus","color":"#0059a9","colorDark":"#00294f","band":1,"off":[0,1.1]}},{"type":"Feature","geometry":{"type":"Point","coordinates":[23.821089,38.021717]},"properties":{"line":"451","mode":"bus","color":"#0059a9","colorDark":"#00294f","band":1,"off":[3.4,1.1]}},{"type":"Feature","geometry":{"type":"Point","coordinates":[23.821089,38.021717]},"properties":{"line":"460","mode":"bus","color":"#0059a9","colorDark":"#00294f","band":1,"off":[6.8,1.1]}},{"type":"Feature","geometry":{"type":"Point","coordinates":[23.821089,38.021717]},"properties":{"line":"461","mode":"bus","color":"#0059a9","colorDark":"#00294f","band":1,"off":[0,3.1]}},{"type":"Feature","geometry":{"type":"Point","coordinates":[23.622833,37.943021]},"properties":{"name":"Τέρμα","band":1,"modes":"bus","arr":["20","420","703","Χ96"],"off":[0,-0.8]}},{"type":"Feature","geometry":{"type":"Point","coordinates":[23.622833,37.943021]},"properties":{"name":"Πειραιάς Δραπετσώνα Χ96","band":1,"modes":"bus","arr":["20","420","703","Χ96"],"off":[0,-1.9]}},{"type":"Feature","geometry":{"type":"Point","coordinates":[23.622833,37.943021]},"properties":{"name":"Ακτή Βασιλειάδη","band":1,"modes":"bus","arr":["20","420","703","Χ96"],"off":[0,-4.1]}},{"type":"Feature","geometry":{"type":"Point","coordinates":[23.622833,37.943021]},"properties":{"line":"20","mode":"bus","color":"#149a3f","colorDark":"#0a5121","band":1,"off":[-5.1,1.1]}},{"type":"Feature","geometry":{"type":"Point","coordinates":[23.622833,37.943021]},"properties":{"line":"420","mode":"bus","color":"#0059a9","colorDark":"#00294f","band":1,"off":[-1.7,1.1]}},{"type":"Feature","geometry":{"type":"Point","coordinates":[23.622833,37.943021]},"properties":{"line":"703","mode":"bus","color":"#0059a9","colorDark":"#00294f","band":1,"off":[1.7,1.1]}},{"type":"Feature","geometry":{"type":"Point","coordinates":[23.622833,37.943021]},"properties":{"line":"Χ96","mode":"bus","color":"#0059a9","colorDark":"#00294f","band":1,"off":[5.1,1.1]}},{"type":"Feature","geometry":{"type":"Point","coordinates":[23.661499,37.944406]},"properties":{"name":"Ν. Φάληρο","band":1,"modes":"bus","arr":["20"],"off":[0,-0.8]}},{"type":"Feature","geometry":{"type":"Point","coordinates":[23.661499,37.944406]},"properties":{"line":"20","mode":"bus","color":"#149a3f","colorDark":"#0a5121","band":1,"off":[0,1.1]}},{"type":"Feature","geometry":{"type":"Point","coordinates":[23.6477,37.966078]},"properties":{"name":"Νίκαια","band":1,"modes":"bus","arr":["21"],"off":[0,-0.8]}},{"type":"Feature","geometry":{"type":"Point","coordinates":[23.6477,37.966078]},"properties":{"line":"21","mode":"bus","color":"#149a3f","colorDark":"#0a5121","band":1,"off":[0,1.1]}},{"type":"Feature","geometry":{"type":"Point","coordinates":[23.734599,37.980463]},"properties":{"name":"Αφετηρία - Σίνα","band":1,"modes":"bus","arr":["022","060","Α2","Α3","Α5"],"off":[0,-0.8]}},{"type":"Feature","geometry":{"type":"Point","coordinates":[23.734599,37.980463]},"properties":{"name":"Αφετηρία - Ρήγα Φεραίου","band":1,"modes":"bus","arr":["022","060","Α2","Α3","Α5"],"off":[0,-1.9]}},{"type":"Feature","geometry":{"type":"Point","coordinates":[23.734599,37.980463]},"properties":{"name":"Ακαδημία","band":1,"modes":"bus","arr":["022","060","Α2","Α3","Α5"],"off":[0,-4.1]}},{"type":"Feature","geometry":{"type":"Point","coordinates":[23.734599,37.980463]},"properties":{"line":"022","mode":"bus","color":"#0059a9","colorDark":"#00294f","band":1,"off":[-6.8,1.1]}},{"type":"Feature","geometry":{"type":"Point","coordinates":[23.734599,37.980463]},"properties":{"line":"060","mode":"bus","color":"#0059a9","colorDark":"#00294f","band":1,"off":[-3.4,1.1]}},{"type":"Feature","geometry":{"type":"Point","coordinates":[23.734599,37.980463]},"properties":{"line":"Α2","mode":"bus","color":"#0059a9","colorDark":"#00294f","band":1,"off":[0,1.1]}},{"type":"Feature","geometry":{"type":"Point","coordinates":[23.734599,37.980463]},"properties":{"line":"Α3","mode":"bus","color":"#0059a9","colorDark":"#00294f","band":1,"off":[3.4,1.1]}},{"type":"Feature","geometry":{"type":"Point","coordinates":[23.734599,37.980463]},"properties":{"line":"Α5","mode":"bus","color":"#0059a9","colorDark":"#00294f","band":1,"off":[6.8,1.1]}},{"type":"Feature","geometry":{"type":"Point","coordinates":[23.734503,38.047633]},"properties":{"name":"Αγ. Ανάργυροι","band":1,"modes":"bus","arr":["024"],"off":[0,-0.8]}},{"type":"Feature","geometry":{"type":"Point","coordinates":[23.734503,38.047633]},"properties":{"line":"024","mode":"bus","color":"#0059a9","colorDark":"#00294f","band":1,"off":[0,1.1]}},{"type":"Feature","geometry":{"type":"Point","coordinates":[23.68016,38.039952]},"properties":{"name":"Πετρούπολη","band":1,"modes":"bus","arr":["24"],"off":[0,-0.8]}},{"type":"Feature","geometry":{"type":"Point","coordinates":[23.68016,38.039952]},"properties":{"line":"24","mode":"bus","color":"#149a3f","colorDark":"#0a5121","band":1,"off":[0,1.1]}},{"type":"Feature","geometry":{"type":"Point","coordinates":[23.709133,37.989307]},"properties":{"name":"Προφήτη Δανιήλ","band":1,"modes":"bus","arr":["025"],"off":[0,-0.8]}},{"type":"Feature","geometry":{"type":"Point","coordinates":[23.709133,37.989307]},"properties":{"line":"025","mode":"bus","color":"#0059a9","colorDark":"#00294f","band":1,"off":[0,1.1]}},{"type":"Feature","geometry":{"type":"Point","coordinates":[23.747638,37.988183]},"properties":{"name":"Ιπποκράτους","band":1,"modes":"bus","arr":["025","026"],"off":[0,-0.8]}},{"type":"Feature","geometry":{"type":"Point","coordinates":[23.747638,37.988183]},"properties":{"line":"025","mode":"bus","color":"#0059a9","colorDark":"#00294f","band":1,"off":[-1.7,1.1]}},{"type":"Feature","geometry":{"type":"Point","coordinates":[23.747638,37.988183]},"properties":{"line":"026","mode":"bus","color":"#0059a9","colorDark":"#00294f","band":1,"off":[1.7,1.1]}},{"type":"Feature","geometry":{"type":"Point","coordinates":[23.701156,38.006603]},"properties":{"name":"Στ. Αγ. Αντώνιος","band":1,"modes":"bus","arr":["25","706","822","823"],"off":[0,-0.8]}},{"type":"Feature","geometry":{"type":"Point","coordinates":[23.701156,38.006603]},"properties":{"name":"Αφετηρία Αγ. Αντώνιος","band":1,"modes":"bus","arr":["25","706","822","823"],"off":[0,-1.9]}},{"type":"Feature","geometry":{"type":"Point","coordinates":[23.701156,38.006603]},"properties":{"line":"25","mode":"bus","color":"#149a3f","colorDark":"#0a5121","band":1,"off":[-5.1,1.1]}},{"type":"Feature","geometry":{"type":"Point","coordinates":[23.701156,38.006603]},"properties":{"line":"706","mode":"bus","color":"#0059a9","colorDark":"#00294f","band":1,"off":[-1.7,1.1]}},{"type":"Feature","geometry":{"type":"Point","coordinates":[23.701156,38.006603]},"properties":{"line":"822","mode":"bus","color":"#0059a9","colorDark":"#00294f","band":1,"off":[1.7,1.1]}},{"type":"Feature","geometry":{"type":"Point","coordinates":[23.701156,38.006603]},"properties":{"line":"823","mode":"bus","color":"#0059a9","colorDark":"#00294f","band":1,"off":[5.1,1.1]}},{"type":"Feature","geometry":{"type":"Point","coordinates":[23.704018,37.98084]},"properties":{"name":"Βοτανικός","band":1,"modes":"bus","arr":["026","865"],"off":[0,-0.8]}},{"type":"Feature","geometry":{"type":"Point","coordinates":[23.704018,37.98084]},"properties":{"name":"Αμαξοστάσιο Βοτανικού","band":1,"modes":"bus","arr":["026","865"],"off":[0,-1.9]}},{"type":"Feature","geometry":{"type":"Point","coordinates":[23.704018,37.98084]},"properties":{"line":"026","mode":"bus","color":"#0059a9","colorDark":"#00294f","band":1,"off":[-1.7,1.1]}},{"type":"Feature","geometry":{"type":"Point","coordinates":[23.704018,37.98084]},"properties":{"line":"865","mode":"bus","color":"#0059a9","colorDark":"#00294f","band":1,"off":[1.7,1.1]}},{"type":"Feature","geometry":{"type":"Point","coordinates":[23.696347,37.964084]},"properties":{"name":"Πετράλωνα","band":1,"modes":"bus","arr":["035"],"off":[0,-0.8]}},{"type":"Feature","geometry":{"type":"Point","coordinates":[23.696347,37.964084]},"properties":{"line":"035","mode":"bus","color":"#0059a9","colorDark":"#00294f","band":1,"off":[0,1.1]}},{"type":"Feature","geometry":{"type":"Point","coordinates":[23.777123,37.993604]},"properties":{"name":"Σταθμός Κατεχάκη","band":1,"modes":"bus","arr":["036","402"],"off":[0,-0.8]}},{"type":"Feature","geometry":{"type":"Point","coordinates":[23.777123,37.993604]},"properties":{"line":"036","mode":"bus","color":"#0059a9","colorDark":"#00294f","band":1,"off":[-1.7,1.1]}},{"type":"Feature","geometry":{"type":"Point","coordinates":[23.777123,37.993604]},"properties":{"line":"402","mode":"bus","color":"#0059a9","colorDark":"#00294f","band":1,"off":[1.7,1.1]}},{"type":"Feature","geometry":{"type":"Point","coordinates":[23.631889,37.938487]},"properties":{"name":"Πειραιάς","band":1,"modes":"bus","arr":["040","049","130","217","229","826","828","831","843","859","Α1","Β1"],"off":[0,-0.8]}},{"type":"Feature","geometry":{"type":"Point","coordinates":[23.631889,37.938487]},"properties":{"line":"040","mode":"bus","color":"#0059a9","colorDark":"#00294f","band":1,"off":[-6.8,1.1]}},{"type":"Feature","geometry":{"type":"Point","coordinates":[23.631889,37.938487]},"properties":{"line":"049","mode":"bus","color":"#0059a9","colorDark":"#00294f","band":1,"off":[-3.4,1.1]}},{"type":"Feature","geometry":{"type":"Point","coordinates":[23.631889,37.938487]},"properties":{"line":"130","mode":"bus","color":"#0059a9","colorDark":"#00294f","band":1,"off":[0,1.1]}},{"type":"Feature","geometry":{"type":"Point","coordinates":[23.631889,37.938487]},"properties":{"line":"217","mode":"bus","color":"#0059a9","colorDark":"#00294f","band":1,"off":[3.4,1.1]}},{"type":"Feature","geometry":{"type":"Point","coordinates":[23.631889,37.938487]},"properties":{"line":"229","mode":"bus","color":"#0059a9","colorDark":"#00294f","band":1,"off":[6.8,1.1]}},{"type":"Feature","geometry":{"type":"Point","coordinates":[23.631889,37.938487]},"properties":{"line":"826","mode":"bus","color":"#0059a9","colorDark":"#00294f","band":1,"off":[-6.8,3.1]}},{"type":"Feature","geometry":{"type":"Point","coordinates":[23.631889,37.938487]},"properties":{"line":"828","mode":"bus","color":"#0059a9","colorDark":"#00294f","band":1,"off":[-3.4,3.1]}},{"type":"Feature","geometry":{"type":"Point","coordinates":[23.631889,37.938487]},"properties":{"line":"831","mode":"bus","color":"#0059a9","colorDark":"#00294f","band":1,"off":[0,3.1]}},{"type":"Feature","geometry":{"type":"Point","coordinates":[23.631889,37.938487]},"properties":{"line":"843","mode":"bus","color":"#0059a9","colorDark":"#00294f","band":1,"off":[3.4,3.1]}},{"type":"Feature","geometry":{"type":"Point","coordinates":[23.631889,37.938487]},"properties":{"line":"859","mode":"bus","color":"#0059a9","colorDark":"#00294f","band":1,"off":[6.8,3.1]}},{"type":"Feature","geometry":{"type":"Point","coordinates":[23.631889,37.938487]},"properties":{"line":"Α1","mode":"bus","color":"#0059a9","colorDark":"#00294f","band":1,"off":[-1.7,5.1]}},{"type":"Feature","geometry":{"type":"Point","coordinates":[23.631889,37.938487]},"properties":{"line":"Β1","mode":"bus","color":"#0059a9","colorDark":"#00294f","band":1,"off":[1.7,5.1]}},{"type":"Feature","geometry":{"type":"Point","coordinates":[23.778898,37.996568]},"properties":{"name":"Ελληνορώσων","band":1,"modes":"bus","arr":["046","242"],"off":[0,-0.8]}},{"type":"Feature","geometry":{"type":"Point","coordinates":[23.778898,37.996568]},"properties":{"line":"046","mode":"bus","color":"#0059a9","colorDark":"#00294f","band":1,"off":[-1.7,1.1]}},{"type":"Feature","geometry":{"type":"Point","coordinates":[23.778898,37.996568]},"properties":{"line":"242","mode":"bus","color":"#0059a9","colorDark":"#00294f","band":1,"off":[1.7,1.1]}},{"type":"Feature","geometry":{"type":"Point","coordinates":[23.725966,37.983257]},"properties":{"name":"Ομόνοια Ζήνωνος","band":1,"modes":"bus","arr":["049","838","914","Α13"],"off":[0,-0.8]}},{"type":"Feature","geometry":{"type":"Point","coordinates":[23.725966,37.983257]},"properties":{"name":"Ομόνοια","band":1,"modes":"bus","arr":["049","838","914","Α13"],"off":[0,-1.9]}},{"type":"Feature","geometry":{"type":"Point","coordinates":[23.725966,37.983257]},"properties":{"line":"049","mode":"bus","color":"#0059a9","colorDark":"#00294f","band":1,"off":[-5.1,1.1]}},{"type":"Feature","geometry":{"type":"Point","coordinates":[23.725966,37.983257]},"properties":{"line":"838","mode":"bus","color":"#0059a9","colorDark":"#00294f","band":1,"off":[-1.7,1.1]}},{"type":"Feature","geometry":{"type":"Point","coordinates":[23.725966,37.983257]},"properties":{"line":"914","mode":"bus","color":"#0059a9","colorDark":"#00294f","band":1,"off":[1.7,1.1]}},{"type":"Feature","geometry":{"type":"Point","coordinates":[23.725966,37.983257]},"properties":{"line":"Α13","mode":"bus","color":"#0059a9","colorDark":"#00294f","band":1,"off":[5.1,1.1]}},{"type":"Feature","geometry":{"type":"Point","coordinates":[23.69927,37.997623]},"properties":{"name":"Στ. Υπεραστικών Λεωφορείων Κηφισού","band":1,"modes":"bus","arr":["051","Χ93"],"off":[0,-0.8]}},{"type":"Feature","geometry":{"type":"Point","coordinates":[23.69927,37.997623]},"properties":{"line":"051","mode":"bus","color":"#0059a9","colorDark":"#00294f","band":1,"off":[-1.7,1.1]}},{"type":"Feature","geometry":{"type":"Point","coordinates":[23.69927,37.997623]},"properties":{"line":"Χ93","mode":"bus","color":"#0059a9","colorDark":"#00294f","band":1,"off":[1.7,1.1]}},{"type":"Feature","geometry":{"type":"Point","coordinates":[23.694814,37.988432]},"properties":{"name":"Στ. Ελαιώνα","band":1,"modes":"bus","arr":["052"],"off":[0,-0.8]}},{"type":"Feature","geometry":{"type":"Point","coordinates":[23.694814,37.988432]},"properties":{"line":"052","mode":"bus","color":"#0059a9","colorDark":"#00294f","band":1,"off":[0,1.1]}},{"type":"Feature","geometry":{"type":"Point","coordinates":[23.769149,38.033931]},"properties":{"name":"Περισσός 054","band":1,"modes":"bus","arr":["054","605"],"off":[0,-0.8]}},{"type":"Feature","geometry":{"type":"Point","coordinates":[23.769149,38.033931]},"properties":{"name":"Περισσός","band":1,"modes":"bus","arr":["054","605"],"off":[0,-1.9]}},{"type":"Feature","geometry":{"type":"Point","coordinates":[23.769149,38.033931]},"properties":{"line":"054","mode":"bus","color":"#0059a9","colorDark":"#00294f","band":1,"off":[-1.7,1.1]}},{"type":"Feature","geometry":{"type":"Point","coordinates":[23.769149,38.033931]},"properties":{"line":"605","mode":"bus","color":"#0059a9","colorDark":"#00294f","band":1,"off":[1.7,1.1]}},{"type":"Feature","geometry":{"type":"Point","coordinates":[23.712555,38.002907]},"properties":{"name":"Λόφος Σκουζέ","band":1,"modes":"bus","arr":["057"],"off":[0,-0.8]}},{"type":"Feature","geometry":{"type":"Point","coordinates":[23.712555,38.002907]},"properties":{"line":"057","mode":"bus","color":"#0059a9","colorDark":"#00294f","band":1,"off":[0,1.1]}},{"type":"Feature","geometry":{"type":"Point","coordinates":[23.755379,37.889359]},"properties":{"name":"Ελληνικό","band":1,"modes":"bus","arr":["101"],"off":[0,-0.8]}},{"type":"Feature","geometry":{"type":"Point","coordinates":[23.755379,37.889359]},"properties":{"line":"101","mode":"bus","color":"#0059a9","colorDark":"#00294f","band":1,"off":[0,1.1]}},{"type":"Feature","geometry":{"type":"Point","coordinates":[23.701337,37.916427]},"properties":{"name":"Άλιμος","band":1,"modes":"bus","arr":["101"],"off":[0,-0.8]}},{"type":"Feature","geometry":{"type":"Point","coordinates":[23.701337,37.916427]},"properties":{"line":"101","mode":"bus","color":"#0059a9","colorDark":"#00294f","band":1,"off":[0,1.1]}},{"type":"Feature","geometry":{"type":"Point","coordinates":[23.724478,37.925804]},"properties":{"name":"Αγ. Βαρβάρα","band":1,"modes":"bus","arr":["106","126"],"off":[0,-0.8]}},{"type":"Feature","geometry":{"type":"Point","coordinates":[23.724478,37.925804]},"properties":{"line":"106","mode":"bus","color":"#0059a9","colorDark":"#00294f","band":1,"off":[-1.7,1.1]}},{"type":"Feature","geometry":{"type":"Point","coordinates":[23.724478,37.925804]},"properties":{"line":"126","mode":"bus","color":"#0059a9","colorDark":"#00294f","band":1,"off":[1.7,1.1]}},{"type":"Feature","geometry":{"type":"Point","coordinates":[23.740883,37.941708]},"properties":{"name":"Στ. Αγ. Δημήτριος","band":1,"modes":"bus","arr":["109","164","201"],"off":[0,-0.8]}},{"type":"Feature","geometry":{"type":"Point","coordinates":[23.740883,37.941708]},"properties":{"line":"109","mode":"bus","color":"#0059a9","colorDark":"#00294f","band":1,"off":[-3.4,1.1]}},{"type":"Feature","geometry":{"type":"Point","coordinates":[23.740883,37.941708]},"properties":{"line":"164","mode":"bus","color":"#0059a9","colorDark":"#00294f","band":1,"off":[0,1.1]}},{"type":"Feature","geometry":{"type":"Point","coordinates":[23.740883,37.941708]},"properties":{"line":"201","mode":"bus","color":"#0059a9","colorDark":"#00294f","band":1,"off":[3.4,1.1]}},{"type":"Feature","geometry":{"type":"Point","coordinates":[23.72876,37.925766]},"properties":{"name":"Αγ. Δημήτριος","band":1,"modes":"bus","arr":["112"],"off":[0,-0.8]}},{"type":"Feature","geometry":{"type":"Point","coordinates":[23.72876,37.925766]},"properties":{"line":"112","mode":"bus","color":"#0059a9","colorDark":"#00294f","band":1,"off":[0,1.1]}},{"type":"Feature","geometry":{"type":"Point","coordinates":[23.740395,37.872888]},"properties":{"name":"Γλυφάδα","band":1,"modes":"bus","arr":["115","116","117","120","124","128","205","Α3"],"off":[0,-0.8]}},{"type":"Feature","geometry":{"type":"Point","coordinates":[23.740395,37.872888]},"properties":{"line":"115","mode":"bus","color":"#0059a9","colorDark":"#00294f","band":1,"off":[-6.8,1.1]}},{"type":"Feature","geometry":{"type":"Point","coordinates":[23.740395,37.872888]},"properties":{"line":"116","mode":"bus","color":"#0059a9","colorDark":"#00294f","band":1,"off":[-3.4,1.1]}},{"type":"Feature","geometry":{"type":"Point","coordinates":[23.740395,37.872888]},"properties":{"line":"117","mode":"bus","color":"#0059a9","colorDark":"#00294f","band":1,"off":[0,1.1]}},{"type":"Feature","geometry":{"type":"Point","coordinates":[23.740395,37.872888]},"properties":{"line":"120","mode":"bus","color":"#0059a9","colorDark":"#00294f","band":1,"off":[3.4,1.1]}},{"type":"Feature","geometry":{"type":"Point","coordinates":[23.740395,37.872888]},"properties":{"line":"124","mode":"bus","color":"#0059a9","colorDark":"#00294f","band":1,"off":[6.8,1.1]}},{"type":"Feature","geometry":{"type":"Point","coordinates":[23.740395,37.872888]},"properties":{"line":"128","mode":"bus","color":"#0059a9","colorDark":"#00294f","band":1,"off":[-3.4,3.1]}},{"type":"Feature","geometry":{"type":"Point","coordinates":[23.740395,37.872888]},"properties":{"line":"205","mode":"bus","color":"#0059a9","colorDark":"#00294f","band":1,"off":[0,3.1]}},{"type":"Feature","geometry":{"type":"Point","coordinates":[23.740395,37.872888]},"properties":{"line":"Α3","mode":"bus","color":"#0059a9","colorDark":"#00294f","band":1,"off":[3.4,3.1]}},{"type":"Feature","geometry":{"type":"Point","coordinates":[23.83763,37.848505]},"properties":{"name":"Κιτσι","band":1,"modes":"bus","arr":["115","116"],"off":[0,-0.8]}},{"type":"Feature","geometry":{"type":"Point","coordinates":[23.83763,37.848505]},"properties":{"line":"115","mode":"bus","color":"#0059a9","colorDark":"#00294f","band":1,"off":[-1.7,1.1]}},{"type":"Feature","geometry":{"type":"Point","coordinates":[23.83763,37.848505]},"properties":{"line":"116","mode":"bus","color":"#0059a9","colorDark":"#00294f","band":1,"off":[1.7,1.1]}},{"type":"Feature","geometry":{"type":"Point","coordinates":[23.820233,37.833784]},"properties":{"name":"Βάρη","band":1,"modes":"bus","arr":["117"],"off":[0,-0.8]}},{"type":"Feature","geometry":{"type":"Point","coordinates":[23.820233,37.833784]},"properties":{"line":"117","mode":"bus","color":"#0059a9","colorDark":"#00294f","band":1,"off":[0,1.1]}},{"type":"Feature","geometry":{"type":"Point","coordinates":[23.897074,37.913347]},"properties":{"name":"Προαστιακός 2","band":1,"modes":"bus","arr":["120","307","308","309","309Β","311","330"],"off":[0,-0.8]}},{"type":"Feature","geometry":{"type":"Point","coordinates":[23.897074,37.913347]},"properties":{"line":"120","mode":"bus","color":"#0059a9","colorDark":"#00294f","band":1,"off":[-6.8,1.1]}},{"type":"Feature","geometry":{"type":"Point","coordinates":[23.897074,37.913347]},"properties":{"line":"307","mode":"bus","color":"#0059a9","colorDark":"#00294f","band":1,"off":[-3.4,1.1]}},{"type":"Feature","geometry":{"type":"Point","coordinates":[23.897074,37.913347]},"properties":{"line":"308","mode":"bus","color":"#0059a9","colorDark":"#00294f","band":1,"off":[0,1.1]}},{"type":"Feature","geometry":{"type":"Point","coordinates":[23.897074,37.913347]},"properties":{"line":"309","mode":"bus","color":"#0059a9","colorDark":"#00294f","band":1,"off":[3.4,1.1]}},{"type":"Feature","geometry":{"type":"Point","coordinates":[23.897074,37.913347]},"properties":{"line":"309Β","mode":"bus","color":"#0059a9","colorDark":"#00294f","band":1,"off":[6.8,1.1]}},{"type":"Feature","geometry":{"type":"Point","coordinates":[23.897074,37.913347]},"properties":{"line":"311","mode":"bus","color":"#0059a9","colorDark":"#00294f","band":1,"off":[-1.7,3.1]}},{"type":"Feature","geometry":{"type":"Point","coordinates":[23.897074,37.913347]},"properties":{"line":"330","mode":"bus","color":"#0059a9","colorDark":"#00294f","band":1,"off":[1.7,3.1]}},{"type":"Feature","geometry":{"type":"Point","coordinates":[23.745007,37.908304]},"properties":{"name":"Αφετηρία 122","band":1,"modes":"bus","arr":["122"],"off":[0,-0.8]}},{"type":"Feature","geometry":{"type":"Point","coordinates":[23.745007,37.908304]},"properties":{"line":"122","mode":"bus","color":"#0059a9","colorDark":"#00294f","band":1,"off":[0,1.1]}},{"type":"Feature","geometry":{"type":"Point","coordinates":[23.913991,37.748651]},"properties":{"name":"Σαρωνίδα 122- 123","band":1,"modes":"bus","arr":["122","123"],"off":[0,-0.8]}},{"type":"Feature","geometry":{"type":"Point","coordinates":[23.913991,37.748651]},"properties":{"line":"122","mode":"bus","color":"#0059a9","colorDark":"#00294f","band":1,"off":[-1.7,1.1]}},{"type":"Feature","geometry":{"type":"Point","coordinates":[23.913991,37.748651]},"properties":{"line":"123","mode":"bus","color":"#0059a9","colorDark":"#00294f","band":1,"off":[1.7,1.1]}},{"type":"Feature","geometry":{"type":"Point","coordinates":[23.813726,37.822063]},"properties":{"name":"Βάρκιζα","band":1,"modes":"bus","arr":["122Θ","171"],"off":[0,-0.8]}},{"type":"Feature","geometry":{"type":"Point","coordinates":[23.813726,37.822063]},"properties":{"line":"122Θ","mode":"bus","color":"#0059a9","colorDark":"#00294f","band":1,"off":[-1.7,1.1]}},{"type":"Feature","geometry":{"type":"Point","coordinates":[23.813726,37.822063]},"properties":{"line":"171","mode":"bus","color":"#0059a9","colorDark":"#00294f","band":1,"off":[1.7,1.1]}},{"type":"Feature","geometry":{"type":"Point","coordinates":[23.719116,37.932378]},"properties":{"name":"Αμ/σιο Αγ. Δημητρίου","band":1,"modes":"bus","arr":["131"],"off":[0,-0.8]}},{"type":"Feature","geometry":{"type":"Point","coordinates":[23.719116,37.932378]},"properties":{"line":"131","mode":"bus","color":"#0059a9","colorDark":"#00294f","band":1,"off":[0,1.1]}},{"type":"Feature","geometry":{"type":"Point","coordinates":[23.715008,37.933519]},"properties":{"name":"Άνω Νέα Σμύρνη","band":1,"modes":"bus","arr":["136","137"],"off":[0,-0.8]}},{"type":"Feature","geometry":{"type":"Point","coordinates":[23.715008,37.933519]},"properties":{"line":"136","mode":"bus","color":"#0059a9","colorDark":"#00294f","band":1,"off":[-1.7,1.1]}},{"type":"Feature","geometry":{"type":"Point","coordinates":[23.715008,37.933519]},"properties":{"line":"137","mode":"bus","color":"#0059a9","colorDark":"#00294f","band":1,"off":[1.7,1.1]}},{"type":"Feature","geometry":{"type":"Point","coordinates":[23.746591,37.863412]},"properties":{"name":"Πλ. Γλυφάδας","band":1,"modes":"bus","arr":["140","790"],"off":[0,-0.8]}},{"type":"Feature","geometry":{"type":"Point","coordinates":[23.746591,37.863412]},"properties":{"name":"Γλυφάδα","band":1,"modes":"bus","arr":["140","790"],"off":[0,-1.9]}},{"type":"Feature","geometry":{"type":"Point","coordinates":[23.746591,37.863412]},"properties":{"line":"140","mode":"bus","color":"#0059a9","colorDark":"#00294f","band":1,"off":[-1.7,1.1]}},{"type":"Feature","geometry":{"type":"Point","coordinates":[23.746591,37.863412]},"properties":{"line":"790","mode":"bus","color":"#0059a9","colorDark":"#00294f","band":1,"off":[1.7,1.1]}},{"type":"Feature","geometry":{"type":"Point","coordinates":[23.74512,37.996475]},"properties":{"name":"Πολύγωνο","band":1,"modes":"bus","arr":["140"],"off":[0,-0.8]}},{"type":"Feature","geometry":{"type":"Point","coordinates":[23.74512,37.996475]},"properties":{"line":"140","mode":"bus","color":"#0059a9","colorDark":"#00294f","band":1,"off":[0,1.1]}},{"type":"Feature","geometry":{"type":"Point","coordinates":[23.736941,37.948997]},"properties":{"name":"Στ. Δάφνη","band":1,"modes":"bus","arr":["141","212","217","218","219","229","816"],"off":[0,-0.8]}},{"type":"Feature","geometry":{"type":"Point","coordinates":[23.736941,37.948997]},"properties":{"name":"Αγ. Δημήτριος (Στ. Δάφνη)","band":1,"modes":"bus","arr":["141","212","217","218","219","229","816"],"off":[0,-1.9]}},{"type":"Feature","geometry":{"type":"Point","coordinates":[23.736941,37.948997]},"properties":{"line":"141","mode":"bus","color":"#0059a9","colorDark":"#00294f","band":1,"off":[-6.8,1.1]}},{"type":"Feature","geometry":{"type":"Point","coordinates":[23.736941,37.948997]},"properties":{"line":"212","mode":"bus","color":"#0059a9","colorDark":"#00294f","band":1,"off":[-3.4,1.1]}},{"type":"Feature","geometry":{"type":"Point","coordinates":[23.736941,37.948997]},"properties":{"line":"217","mode":"bus","color":"#0059a9","colorDark":"#00294f","band":1,"off":[0,1.1]}},{"type":"Feature","geometry":{"type":"Point","coordinates":[23.736941,37.948997]},"properties":{"line":"218","mode":"bus","color":"#0059a9","colorDark":"#00294f","band":1,"off":[3.4,1.1]}},{"type":"Feature","geometry":{"type":"Point","coordinates":[23.736941,37.948997]},"properties":{"line":"219","mode":"bus","color":"#0059a9","colorDark":"#00294f","band":1,"off":[6.8,1.1]}},{"type":"Feature","geometry":{"type":"Point","coordinates":[23.736941,37.948997]},"properties":{"line":"229","mode":"bus","color":"#0059a9","colorDark":"#00294f","band":1,"off":[-1.7,3.1]}},{"type":"Feature","geometry":{"type":"Point","coordinates":[23.736941,37.948997]},"properties":{"line":"816","mode":"bus","color":"#0059a9","colorDark":"#00294f","band":1,"off":[1.7,3.1]}},{"type":"Feature","geometry":{"type":"Point","coordinates":[23.746158,37.902901]},"properties":{"name":"Στ. Αργυρούπολη","band":1,"modes":"bus","arr":["142"],"off":[0,-0.8]}},{"type":"Feature","geometry":{"type":"Point","coordinates":[23.746158,37.902901]},"properties":{"line":"142","mode":"bus","color":"#0059a9","colorDark":"#00294f","band":1,"off":[0,1.1]}},{"type":"Feature","geometry":{"type":"Point","coordinates":[23.778347,37.854163]},"properties":{"name":"Άνω Βούλα","band":1,"modes":"bus","arr":["154"],"off":[0,-0.8]}},{"type":"Feature","geometry":{"type":"Point","coordinates":[23.778347,37.854163]},"properties":{"line":"154","mode":"bus","color":"#0059a9","colorDark":"#00294f","band":1,"off":[0,1.1]}},{"type":"Feature","geometry":{"type":"Point","coordinates":[23.76955,37.835729]},"properties":{"name":"Βούλα","band":1,"modes":"bus","arr":["162","Α1","Α2"],"off":[0,-0.8]}},{"type":"Feature","geometry":{"type":"Point","coordinates":[23.76955,37.835729]},"properties":{"line":"162","mode":"bus","color":"#0059a9","colorDark":"#00294f","band":1,"off":[-3.4,1.1]}},{"type":"Feature","geometry":{"type":"Point","coordinates":[23.76955,37.835729]},"properties":{"line":"Α1","mode":"bus","color":"#0059a9","colorDark":"#00294f","band":1,"off":[0,1.1]}},{"type":"Feature","geometry":{"type":"Point","coordinates":[23.76955,37.835729]},"properties":{"line":"Α2","mode":"bus","color":"#0059a9","colorDark":"#00294f","band":1,"off":[3.4,1.1]}},{"type":"Feature","geometry":{"type":"Point","coordinates":[23.777455,37.89027]},"properties":{"name":"Άνω Γλυφάδα","band":1,"modes":"bus","arr":["164","Β1"],"off":[0,-0.8]}},{"type":"Feature","geometry":{"type":"Point","coordinates":[23.777455,37.89027]},"properties":{"line":"164","mode":"bus","color":"#0059a9","colorDark":"#00294f","band":1,"off":[-1.7,1.1]}},{"type":"Feature","geometry":{"type":"Point","coordinates":[23.777455,37.89027]},"properties":{"line":"Β1","mode":"bus","color":"#0059a9","colorDark":"#00294f","band":1,"off":[1.7,1.1]}},{"type":"Feature","geometry":{"type":"Point","coordinates":[23.769011,37.943098]},"properties":{"name":"Καρέας","band":1,"modes":"bus","arr":["203"],"off":[0,-0.8]}},{"type":"Feature","geometry":{"type":"Point","coordinates":[23.769011,37.943098]},"properties":{"line":"203","mode":"bus","color":"#0059a9","colorDark":"#00294f","band":1,"off":[0,1.1]}},{"type":"Feature","geometry":{"type":"Point","coordinates":[23.779061,37.954588]},"properties":{"name":"Στρ. Σακέτα","band":1,"modes":"bus","arr":["204"],"off":[0,-0.8]}},{"type":"Feature","geometry":{"type":"Point","coordinates":[23.779061,37.954588]},"properties":{"line":"204","mode":"bus","color":"#0059a9","colorDark":"#00294f","band":1,"off":[0,1.1]}},{"type":"Feature","geometry":{"type":"Point","coordinates":[23.776775,37.951297]},"properties":{"name":"Εκεμς","band":1,"modes":"bus","arr":["204Β"],"off":[0,-0.8]}},{"type":"Feature","geometry":{"type":"Point","coordinates":[23.776775,37.951297]},"properties":{"line":"204Β","mode":"bus","color":"#0059a9","colorDark":"#00294f","band":1,"off":[0,1.1]}},{"type":"Feature","geometry":{"type":"Point","coordinates":[23.764491,37.935062]},"properties":{"name":"Αγ. Μαρίνα","band":1,"modes":"bus","arr":["206","212"],"off":[0,-0.8]}},{"type":"Feature","geometry":{"type":"Point","coordinates":[23.764491,37.935062]},"properties":{"line":"206","mode":"bus","color":"#0059a9","colorDark":"#00294f","band":1,"off":[-1.7,1.1]}},{"type":"Feature","geometry":{"type":"Point","coordinates":[23.764491,37.935062]},"properties":{"line":"212","mode":"bus","color":"#0059a9","colorDark":"#00294f","band":1,"off":[1.7,1.1]}},{"type":"Feature","geometry":{"type":"Point","coordinates":[23.752499,37.950257]},"properties":{"name":"Μεταμόρφωση","band":1,"modes":"bus","arr":["209","211"],"off":[0,-0.8]}},{"type":"Feature","geometry":{"type":"Point","coordinates":[23.752499,37.950257]},"properties":{"line":"209","mode":"bus","color":"#0059a9","colorDark":"#00294f","band":1,"off":[-1.7,1.1]}},{"type":"Feature","geometry":{"type":"Point","coordinates":[23.752499,37.950257]},"properties":{"line":"211","mode":"bus","color":"#0059a9","colorDark":"#00294f","band":1,"off":[1.7,1.1]}},{"type":"Feature","geometry":{"type":"Point","coordinates":[23.69682,37.95968]},"properties":{"name":"Στ. Καλλιθέα","band":1,"modes":"bus","arr":["219","911","911Α"],"off":[0,-0.8]}},{"type":"Feature","geometry":{"type":"Point","coordinates":[23.69682,37.95968]},"properties":{"line":"219","mode":"bus","color":"#0059a9","colorDark":"#00294f","band":1,"off":[-3.4,1.1]}},{"type":"Feature","geometry":{"type":"Point","coordinates":[23.69682,37.95968]},"properties":{"line":"911","mode":"bus","color":"#0059a9","colorDark":"#00294f","band":1,"off":[0,1.1]}},{"type":"Feature","geometry":{"type":"Point","coordinates":[23.69682,37.95968]},"properties":{"line":"911Α","mode":"bus","color":"#0059a9","colorDark":"#00294f","band":1,"off":[3.4,1.1]}},{"type":"Feature","geometry":{"type":"Point","coordinates":[23.77861,37.970754]},"properties":{"name":"Πανεπιστημιούπολη","band":1,"modes":"bus","arr":["220","221","230","235","608","Ε90"],"off":[0,-0.8]}},{"type":"Feature","geometry":{"type":"Point","coordinates":[23.77861,37.970754]},"properties":{"name":"Νεκροταφείο Ζωγράφου","band":1,"modes":"bus","arr":["220","221","230","235","608","Ε90"],"off":[0,-1.9]}},{"type":"Feature","geometry":{"type":"Point","coordinates":[23.77861,37.970754]},"properties":{"name":"Ζωγράφου","band":1,"modes":"bus","arr":["220","221","230","235","608","Ε90"],"off":[0,-4.1]}},{"type":"Feature","geometry":{"type":"Point","coordinates":[23.77861,37.970754]},"properties":{"line":"220","mode":"bus","color":"#0059a9","colorDark":"#00294f","band":1,"off":[-6.8,1.1]}},{"type":"Feature","geometry":{"type":"Point","coordinates":[23.77861,37.970754]},"properties":{"line":"221","mode":"bus","color":"#0059a9","colorDark":"#00294f","band":1,"off":[-3.4,1.1]}},{"type":"Feature","geometry":{"type":"Point","coordinates":[23.77861,37.970754]},"properties":{"line":"230","mode":"bus","color":"#0059a9","colorDark":"#00294f","band":1,"off":[0,1.1]}},{"type":"Feature","geometry":{"type":"Point","coordinates":[23.77861,37.970754]},"properties":{"line":"235","mode":"bus","color":"#0059a9","colorDark":"#00294f","band":1,"off":[3.4,1.1]}},{"type":"Feature","geometry":{"type":"Point","coordinates":[23.77861,37.970754]},"properties":{"line":"608","mode":"bus","color":"#0059a9","colorDark":"#00294f","band":1,"off":[6.8,1.1]}},{"type":"Feature","geometry":{"type":"Point","coordinates":[23.77861,37.970754]},"properties":{"line":"Ε90","mode":"bus","color":"#0059a9","colorDark":"#00294f","band":1,"off":[0,3.1]}},{"type":"Feature","geometry":{"type":"Point","coordinates":[23.776419,37.964794]},"properties":{"name":"Καισαριανή","band":1,"modes":"bus","arr":["224"],"off":[0,-0.8]}},{"type":"Feature","geometry":{"type":"Point","coordinates":[23.776419,37.964794]},"properties":{"line":"224","mode":"bus","color":"#0059a9","colorDark":"#00294f","band":1,"off":[0,1.1]}},{"type":"Feature","geometry":{"type":"Point","coordinates":[23.709331,37.963619]},"properties":{"name":"Άνω Πετράλωνα","band":1,"modes":"bus","arr":["227"],"off":[0,-0.8]}},{"type":"Feature","geometry":{"type":"Point","coordinates":[23.709331,37.963619]},"properties":{"line":"227","mode":"bus","color":"#0059a9","colorDark":"#00294f","band":1,"off":[0,1.1]}},{"type":"Feature","geometry":{"type":"Point","coordinates":[23.749152,37.960154]},"properties":{"name":"Αγ. Αρτέμιος","band":1,"modes":"bus","arr":["227"],"off":[0,-0.8]}},{"type":"Feature","geometry":{"type":"Point","coordinates":[23.749152,37.960154]},"properties":{"line":"227","mode":"bus","color":"#0059a9","colorDark":"#00294f","band":1,"off":[0,1.1]}},{"type":"Feature","geometry":{"type":"Point","coordinates":[23.722446,37.969956]},"properties":{"name":"Ακρόπολη","band":1,"modes":"bus","arr":["230"],"off":[0,-0.8]}},{"type":"Feature","geometry":{"type":"Point","coordinates":[23.722446,37.969956]},"properties":{"line":"230","mode":"bus","color":"#0059a9","colorDark":"#00294f","band":1,"off":[0,1.1]}},{"type":"Feature","geometry":{"type":"Point","coordinates":[23.760664,37.92348]},"properties":{"name":"Άνω Ηλιούπολη","band":1,"modes":"bus","arr":["237"],"off":[0,-0.8]}},{"type":"Feature","geometry":{"type":"Point","coordinates":[23.760664,37.92348]},"properties":{"line":"237","mode":"bus","color":"#0059a9","colorDark":"#00294f","band":1,"off":[0,1.1]}},{"type":"Feature","geometry":{"type":"Point","coordinates":[23.760109,37.971734]},"properties":{"name":"Πανεπιστημιούπολη","band":1,"modes":"bus","arr":["250"],"off":[0,-0.8]}},{"type":"Feature","geometry":{"type":"Point","coordinates":[23.760109,37.971734]},"properties":{"line":"250","mode":"bus","color":"#0059a9","colorDark":"#00294f","band":1,"off":[0,1.1]}},{"type":"Feature","geometry":{"type":"Point","coordinates":[23.834265,38.023745]},"properties":{"name":"Στ. Δουκ. Πλακεντίας","band":1,"modes":"bus","arr":["301","301Β","302","306","307","314","319","400","407","411"],"off":[0,-0.8]}},{"type":"Feature","geometry":{"type":"Point","coordinates":[23.834265,38.023745]},"properties":{"line":"301","mode":"bus","color":"#0059a9","colorDark":"#00294f","band":1,"off":[-6.8,1.1]}},{"type":"Feature","geometry":{"type":"Point","coordinates":[23.834265,38.023745]},"properties":{"line":"301Β","mode":"bus","color":"#0059a9","colorDark":"#00294f","band":1,"off":[-3.4,1.1]}},{"type":"Feature","geometry":{"type":"Point","coordinates":[23.834265,38.023745]},"properties":{"line":"302","mode":"bus","color":"#0059a9","colorDark":"#00294f","band":1,"off":[0,1.1]}},{"type":"Feature","geometry":{"type":"Point","coordinates":[23.834265,38.023745]},"properties":{"line":"306","mode":"bus","color":"#0059a9","colorDark":"#00294f","band":1,"off":[3.4,1.1]}},{"type":"Feature","geometry":{"type":"Point","coordinates":[23.834265,38.023745]},"properties":{"line":"307","mode":"bus","color":"#0059a9","colorDark":"#00294f","band":1,"off":[6.8,1.1]}},{"type":"Feature","geometry":{"type":"Point","coordinates":[23.834265,38.023745]},"properties":{"line":"314","mode":"bus","color":"#0059a9","colorDark":"#00294f","band":1,"off":[-6.8,3.1]}},{"type":"Feature","geometry":{"type":"Point","coordinates":[23.834265,38.023745]},"properties":{"line":"319","mode":"bus","color":"#0059a9","colorDark":"#00294f","band":1,"off":[-3.4,3.1]}},{"type":"Feature","geometry":{"type":"Point","coordinates":[23.834265,38.023745]},"properties":{"line":"400","mode":"bus","color":"#0059a9","colorDark":"#00294f","band":1,"off":[0,3.1]}},{"type":"Feature","geometry":{"type":"Point","coordinates":[23.834265,38.023745]},"properties":{"line":"407","mode":"bus","color":"#0059a9","colorDark":"#00294f","band":1,"off":[3.4,3.1]}},{"type":"Feature","geometry":{"type":"Point","coordinates":[23.834265,38.023745]},"properties":{"line":"411","mode":"bus","color":"#0059a9","colorDark":"#00294f","band":1,"off":[6.8,3.1]}},{"type":"Feature","geometry":{"type":"Point","coordinates":[24.001613,37.928863]},"properties":{"name":"Άρτεμις","band":1,"modes":"bus","arr":["304"],"off":[0,-0.8]}},{"type":"Feature","geometry":{"type":"Point","coordinates":[24.001613,37.928863]},"properties":{"line":"304","mode":"bus","color":"#0059a9","colorDark":"#00294f","band":1,"off":[0,1.1]}},{"type":"Feature","geometry":{"type":"Point","coordinates":[23.806244,38.00984]},"properties":{"name":"Στ. Νομισματοκοπείο","band":1,"modes":"bus","arr":["304","305","308","316"],"off":[0,-0.8]}},{"type":"Feature","geometry":{"type":"Point","coordinates":[23.806244,38.00984]},"properties":{"line":"304","mode":"bus","color":"#0059a9","colorDark":"#00294f","band":1,"off":[-5.1,1.1]}},{"type":"Feature","geometry":{"type":"Point","coordinates":[23.806244,38.00984]},"properties":{"line":"305","mode":"bus","color":"#0059a9","colorDark":"#00294f","band":1,"off":[-1.7,1.1]}},{"type":"Feature","geometry":{"type":"Point","coordinates":[23.806244,38.00984]},"properties":{"line":"308","mode":"bus","color":"#0059a9","colorDark":"#00294f","band":1,"off":[1.7,1.1]}},{"type":"Feature","geometry":{"type":"Point","coordinates":[23.806244,38.00984]},"properties":{"line":"316","mode":"bus","color":"#0059a9","colorDark":"#00294f","band":1,"off":[5.1,1.1]}},{"type":"Feature","geometry":{"type":"Point","coordinates":[24.020525,37.990537]},"properties":{"name":"Άρτεμις (Αγ. Νικόλαος)","band":1,"modes":"bus","arr":["305","316","323"],"off":[0,-0.8]}},{"type":"Feature","geometry":{"type":"Point","coordinates":[24.020525,37.990537]},"properties":{"line":"305","mode":"bus","color":"#0059a9","colorDark":"#00294f","band":1,"off":[-3.4,1.1]}},{"type":"Feature","geometry":{"type":"Point","coordinates":[24.020525,37.990537]},"properties":{"line":"316","mode":"bus","color":"#0059a9","colorDark":"#00294f","band":1,"off":[0,1.1]}},{"type":"Feature","geometry":{"type":"Point","coordinates":[24.020525,37.990537]},"properties":{"line":"323","mode":"bus","color":"#0059a9","colorDark":"#00294f","band":1,"off":[3.4,1.1]}},{"type":"Feature","geometry":{"type":"Point","coordinates":[23.960461,38.161876]},"properties":{"name":"Μαραθώνας 3","band":1,"modes":"bus","arr":["310"],"off":[0,-0.8]}},{"type":"Feature","geometry":{"type":"Point","coordinates":[23.960461,38.161876]},"properties":{"line":"310","mode":"bus","color":"#0059a9","colorDark":"#00294f","band":1,"off":[0,1.1]}},{"type":"Feature","geometry":{"type":"Point","coordinates":[23.982948,38.034007]},"properties":{"name":"Ραφήνα Τέρμα 314","band":1,"modes":"bus","arr":["314"],"off":[0,-0.8]}},{"type":"Feature","geometry":{"type":"Point","coordinates":[23.982948,38.034007]},"properties":{"line":"314","mode":"bus","color":"#0059a9","colorDark":"#00294f","band":1,"off":[0,1.1]}},{"type":"Feature","geometry":{"type":"Point","coordinates":[23.891112,38.044582]},"properties":{"name":"Αφετηρία 324","band":1,"modes":"bus","arr":["324"],"off":[0,-0.8]}},{"type":"Feature","geometry":{"type":"Point","coordinates":[23.891112,38.044582]},"properties":{"line":"324","mode":"bus","color":"#0059a9","colorDark":"#00294f","band":1,"off":[0,1.1]}},{"type":"Feature","geometry":{"type":"Point","coordinates":[23.872771,37.981486]},"properties":{"name":"Αφετηρία 326","band":1,"modes":"bus","arr":["326"],"off":[0,-0.8]}},{"type":"Feature","geometry":{"type":"Point","coordinates":[23.872771,37.981486]},"properties":{"line":"326","mode":"bus","color":"#0059a9","colorDark":"#00294f","band":1,"off":[0,1.1]}},{"type":"Feature","geometry":{"type":"Point","coordinates":[23.813824,38.033936]},"properties":{"name":"Πολύδροσο","band":1,"modes":"bus","arr":["402"],"off":[0,-0.8]}},{"type":"Feature","geometry":{"type":"Point","coordinates":[23.813824,38.033936]},"properties":{"line":"402","mode":"bus","color":"#0059a9","colorDark":"#00294f","band":1,"off":[0,1.1]}},{"type":"Feature","geometry":{"type":"Point","coordinates":[23.843717,38.021118]},"properties":{"name":"Πευκάκια Αγ. Παρασκευής","band":1,"modes":"bus","arr":["406"],"off":[0,-0.8]}},{"type":"Feature","geometry":{"type":"Point","coordinates":[23.843717,38.021118]},"properties":{"line":"406","mode":"bus","color":"#0059a9","colorDark":"#00294f","band":1,"off":[0,1.1]}},{"type":"Feature","geometry":{"type":"Point","coordinates":[23.795646,37.979339]},"properties":{"name":"Παπάγου","band":1,"modes":"bus","arr":["409"],"off":[0,-0.8]}},{"type":"Feature","geometry":{"type":"Point","coordinates":[23.795646,37.979339]},"properties":{"line":"409","mode":"bus","color":"#0059a9","colorDark":"#00294f","band":1,"off":[0,1.1]}},{"type":"Feature","geometry":{"type":"Point","coordinates":[23.792487,38.038504]},"properties":{"name":"Μαρούσι","band":1,"modes":"bus","arr":["410","Α8"],"off":[0,-0.8]}},{"type":"Feature","geometry":{"type":"Point","coordinates":[23.792487,38.038504]},"properties":{"line":"410","mode":"bus","color":"#0059a9","colorDark":"#00294f","band":1,"off":[-1.7,1.1]}},{"type":"Feature","geometry":{"type":"Point","coordinates":[23.792487,38.038504]},"properties":{"line":"Α8","mode":"bus","color":"#0059a9","colorDark":"#00294f","band":1,"off":[1.7,1.1]}},{"type":"Feature","geometry":{"type":"Point","coordinates":[23.785396,37.999431]},"properties":{"name":"Εθν.Άμυνα 418","band":1,"modes":"bus","arr":["416","418","Χ21"],"off":[0,-0.8]}},{"type":"Feature","geometry":{"type":"Point","coordinates":[23.785396,37.999431]},"properties":{"name":"Εθν.Άμυνα","band":1,"modes":"bus","arr":["416","418","Χ21"],"off":[0,-1.9]}},{"type":"Feature","geometry":{"type":"Point","coordinates":[23.785396,37.999431]},"properties":{"name":"Εθν. Άμυνα","band":1,"modes":"bus","arr":["416","418","Χ21"],"off":[0,-3]}},{"type":"Feature","geometry":{"type":"Point","coordinates":[23.785396,37.999431]},"properties":{"line":"416","mode":"bus","color":"#0059a9","colorDark":"#00294f","band":1,"off":[-3.4,1.1]}},{"type":"Feature","geometry":{"type":"Point","coordinates":[23.785396,37.999431]},"properties":{"line":"418","mode":"bus","color":"#0059a9","colorDark":"#00294f","band":1,"off":[0,1.1]}},{"type":"Feature","geometry":{"type":"Point","coordinates":[23.785396,37.999431]},"properties":{"line":"Χ21","mode":"bus","color":"#0059a9","colorDark":"#00294f","band":1,"off":[3.4,1.1]}},{"type":"Feature","geometry":{"type":"Point","coordinates":[23.717792,38.03579]},"properties":{"name":"Αγ. Ανάργυροι","band":1,"modes":"bus","arr":["420","421"],"off":[0,-0.8]}},{"type":"Feature","geometry":{"type":"Point","coordinates":[23.717792,38.03579]},"properties":{"line":"420","mode":"bus","color":"#0059a9","colorDark":"#00294f","band":1,"off":[-1.7,1.1]}},{"type":"Feature","geometry":{"type":"Point","coordinates":[23.717792,38.03579]},"properties":{"line":"421","mode":"bus","color":"#0059a9","colorDark":"#00294f","band":1,"off":[1.7,1.1]}},{"type":"Feature","geometry":{"type":"Point","coordinates":[23.821831,38.013409]},"properties":{"name":"Αγ. Παρασκευή","band":1,"modes":"bus","arr":["421"],"off":[0,-0.8]}},{"type":"Feature","geometry":{"type":"Point","coordinates":[23.821831,38.013409]},"properties":{"line":"421","mode":"bus","color":"#0059a9","colorDark":"#00294f","band":1,"off":[0,1.1]}},{"type":"Feature","geometry":{"type":"Point","coordinates":[23.784663,38.04237]},"properties":{"name":"Στ. Ειρήνη","band":1,"modes":"bus","arr":["444"],"off":[0,-0.8]}},{"type":"Feature","geometry":{"type":"Point","coordinates":[23.784663,38.04237]},"properties":{"line":"444","mode":"bus","color":"#0059a9","colorDark":"#00294f","band":1,"off":[0,1.1]}},{"type":"Feature","geometry":{"type":"Point","coordinates":[23.79885,38.058139]},"properties":{"name":"Στ. Αμαρουσίου","band":1,"modes":"bus","arr":["446"],"off":[0,-0.8]}},{"type":"Feature","geometry":{"type":"Point","coordinates":[23.79885,38.058139]},"properties":{"line":"446","mode":"bus","color":"#0059a9","colorDark":"#00294f","band":1,"off":[0,1.1]}},{"type":"Feature","geometry":{"type":"Point","coordinates":[23.874559,38.059416]},"properties":{"name":"Π. Πεντέλη - Νοσοκομείο","band":1,"modes":"bus","arr":["446","460"],"off":[0,-0.8]}},{"type":"Feature","geometry":{"type":"Point","coordinates":[23.874559,38.059416]},"properties":{"line":"446","mode":"bus","color":"#0059a9","colorDark":"#00294f","band":1,"off":[-1.7,1.1]}},{"type":"Feature","geometry":{"type":"Point","coordinates":[23.874559,38.059416]},"properties":{"line":"460","mode":"bus","color":"#0059a9","colorDark":"#00294f","band":1,"off":[1.7,1.1]}},{"type":"Feature","geometry":{"type":"Point","coordinates":[23.847166,38.048013]},"properties":{"name":"Άνω Βριλήσσια","band":1,"modes":"bus","arr":["447"],"off":[0,-0.8]}},{"type":"Feature","geometry":{"type":"Point","coordinates":[23.847166,38.048013]},"properties":{"line":"447","mode":"bus","color":"#0059a9","colorDark":"#00294f","band":1,"off":[0,1.1]}},{"type":"Feature","geometry":{"type":"Point","coordinates":[23.858631,38.064153]},"properties":{"name":"Ν. Πεντέλη - Πλ.Αγ.Σίλα","band":1,"modes":"bus","arr":["450","530"],"off":[0,-0.8]}},{"type":"Feature","geometry":{"type":"Point","coordinates":[23.858631,38.064153]},"properties":{"line":"450","mode":"bus","color":"#0059a9","colorDark":"#00294f","band":1,"off":[-1.7,1.1]}},{"type":"Feature","geometry":{"type":"Point","coordinates":[23.858631,38.064153]},"properties":{"line":"530","mode":"bus","color":"#0059a9","colorDark":"#00294f","band":1,"off":[1.7,1.1]}},{"type":"Feature","geometry":{"type":"Point","coordinates":[23.80928,38.071831]},"properties":{"name":"Στ. Κηφισίας","band":1,"modes":"bus","arr":["500","522","523","524","526","530","543","543Α","550","560","Α7","Χ14"],"off":[0,-0.8]}},{"type":"Feature","geometry":{"type":"Point","coordinates":[23.80928,38.071831]},"properties":{"name":"Στ. Κηφισιά (Τατοΐου) 543-543Α","band":1,"modes":"bus","arr":["500","522","523","524","526","530","543","543Α","550","560","Α7","Χ14"],"off":[0,-1.9]}},{"type":"Feature","geometry":{"type":"Point","coordinates":[23.80928,38.071831]},"properties":{"name":"Πλ. Πλατάνου","band":1,"modes":"bus","arr":["500","522","523","524","526","530","543","543Α","550","560","Α7","Χ14"],"off":[0,-4.1]}},{"type":"Feature","geometry":{"type":"Point","coordinates":[23.80928,38.071831]},"properties":{"line":"500","mode":"bus","color":"#0059a9","colorDark":"#00294f","band":1,"off":[-6.8,1.1]}},{"type":"Feature","geometry":{"type":"Point","coordinates":[23.80928,38.071831]},"properties":{"line":"522","mode":"bus","color":"#0059a9","colorDark":"#00294f","band":1,"off":[-3.4,1.1]}},{"type":"Feature","geometry":{"type":"Point","coordinates":[23.80928,38.071831]},"properties":{"line":"523","mode":"bus","color":"#0059a9","colorDark":"#00294f","band":1,"off":[0,1.1]}},{"type":"Feature","geometry":{"type":"Point","coordinates":[23.80928,38.071831]},"properties":{"line":"524","mode":"bus","color":"#0059a9","colorDark":"#00294f","band":1,"off":[3.4,1.1]}},{"type":"Feature","geometry":{"type":"Point","coordinates":[23.80928,38.071831]},"properties":{"line":"526","mode":"bus","color":"#0059a9","colorDark":"#00294f","band":1,"off":[6.8,1.1]}},{"type":"Feature","geometry":{"type":"Point","coordinates":[23.80928,38.071831]},"properties":{"line":"530","mode":"bus","color":"#0059a9","colorDark":"#00294f","band":1,"off":[-6.8,3.1]}},{"type":"Feature","geometry":{"type":"Point","coordinates":[23.80928,38.071831]},"properties":{"line":"543","mode":"bus","color":"#0059a9","colorDark":"#00294f","band":1,"off":[-3.4,3.1]}},{"type":"Feature","geometry":{"type":"Point","coordinates":[23.80928,38.071831]},"properties":{"line":"543Α","mode":"bus","color":"#0059a9","colorDark":"#00294f","band":1,"off":[0,3.1]}},{"type":"Feature","geometry":{"type":"Point","coordinates":[23.80928,38.071831]},"properties":{"line":"550","mode":"bus","color":"#0059a9","colorDark":"#00294f","band":1,"off":[3.4,3.1]}},{"type":"Feature","geometry":{"type":"Point","coordinates":[23.80928,38.071831]},"properties":{"line":"560","mode":"bus","color":"#0059a9","colorDark":"#00294f","band":1,"off":[6.8,3.1]}},{"type":"Feature","geometry":{"type":"Point","coordinates":[23.80928,38.071831]},"properties":{"line":"Α7","mode":"bus","color":"#0059a9","colorDark":"#00294f","band":1,"off":[-1.7,5.1]}},{"type":"Feature","geometry":{"type":"Point","coordinates":[23.80928,38.071831]},"properties":{"line":"Χ14","mode":"bus","color":"#0059a9","colorDark":"#00294f","band":1,"off":[1.7,5.1]}},{"type":"Feature","geometry":{"type":"Point","coordinates":[23.789339,38.067925]},"properties":{"name":"Πεύκη","band":1,"modes":"bus","arr":["501","527"],"off":[0,-0.8]}},{"type":"Feature","geometry":{"type":"Point","coordinates":[23.789339,38.067925]},"properties":{"line":"501","mode":"bus","color":"#0059a9","colorDark":"#00294f","band":1,"off":[-1.7,1.1]}},{"type":"Feature","geometry":{"type":"Point","coordinates":[23.789339,38.067925]},"properties":{"line":"527","mode":"bus","color":"#0059a9","colorDark":"#00294f","band":1,"off":[1.7,1.1]}},{"type":"Feature","geometry":{"type":"Point","coordinates":[23.783291,38.121646]},"properties":{"name":"Βαρυμπόμπη","band":1,"modes":"bus","arr":["503","537"],"off":[0,-0.8]}},{"type":"Feature","geometry":{"type":"Point","coordinates":[23.783291,38.121646]},"properties":{"line":"503","mode":"bus","color":"#0059a9","colorDark":"#00294f","band":1,"off":[-1.7,1.1]}},{"type":"Feature","geometry":{"type":"Point","coordinates":[23.783291,38.121646]},"properties":{"line":"537","mode":"bus","color":"#0059a9","colorDark":"#00294f","band":1,"off":[1.7,1.1]}},{"type":"Feature","geometry":{"type":"Point","coordinates":[23.810001,38.067122]},"properties":{"name":"Ζηρινειο","band":1,"modes":"bus","arr":["503","507","509","509Β","510","535","535Α","536"],"off":[0,-0.8]}},{"type":"Feature","geometry":{"type":"Point","coordinates":[23.810001,38.067122]},"properties":{"line":"503","mode":"bus","color":"#0059a9","colorDark":"#00294f","band":1,"off":[-6.8,1.1]}},{"type":"Feature","geometry":{"type":"Point","coordinates":[23.810001,38.067122]},"properties":{"line":"507","mode":"bus","color":"#0059a9","colorDark":"#00294f","band":1,"off":[-3.4,1.1]}},{"type":"Feature","geometry":{"type":"Point","coordinates":[23.810001,38.067122]},"properties":{"line":"509","mode":"bus","color":"#0059a9","colorDark":"#00294f","band":1,"off":[0,1.1]}},{"type":"Feature","geometry":{"type":"Point","coordinates":[23.810001,38.067122]},"properties":{"line":"509Β","mode":"bus","color":"#0059a9","colorDark":"#00294f","band":1,"off":[3.4,1.1]}},{"type":"Feature","geometry":{"type":"Point","coordinates":[23.810001,38.067122]},"properties":{"line":"510","mode":"bus","color":"#0059a9","colorDark":"#00294f","band":1,"off":[6.8,1.1]}},{"type":"Feature","geometry":{"type":"Point","coordinates":[23.810001,38.067122]},"properties":{"line":"535","mode":"bus","color":"#0059a9","colorDark":"#00294f","band":1,"off":[-3.4,3.1]}},{"type":"Feature","geometry":{"type":"Point","coordinates":[23.810001,38.067122]},"properties":{"line":"535Α","mode":"bus","color":"#0059a9","colorDark":"#00294f","band":1,"off":[0,3.1]}},{"type":"Feature","geometry":{"type":"Point","coordinates":[23.810001,38.067122]},"properties":{"line":"536","mode":"bus","color":"#0059a9","colorDark":"#00294f","band":1,"off":[3.4,3.1]}},{"type":"Feature","geometry":{"type":"Point","coordinates":[23.756587,38.130053]},"properties":{"name":"Θρακομακεδόνες","band":1,"modes":"bus","arr":["504"],"off":[0,-0.8]}},{"type":"Feature","geometry":{"type":"Point","coordinates":[23.756587,38.130053]},"properties":{"line":"504","mode":"bus","color":"#0059a9","colorDark":"#00294f","band":1,"off":[0,1.1]}},{"type":"Feature","geometry":{"type":"Point","coordinates":[23.887115,38.144369]},"properties":{"name":"Σταμάτα","band":1,"modes":"bus","arr":["507"],"off":[0,-0.8]}},{"type":"Feature","geometry":{"type":"Point","coordinates":[23.887115,38.144369]},"properties":{"line":"507","mode":"bus","color":"#0059a9","colorDark":"#00294f","band":1,"off":[0,1.1]}},{"type":"Feature","geometry":{"type":"Point","coordinates":[23.824227,38.138944]},"properties":{"name":"Κρυονέρι","band":1,"modes":"bus","arr":["509"],"off":[0,-0.8]}},{"type":"Feature","geometry":{"type":"Point","coordinates":[23.824227,38.138944]},"properties":{"line":"509","mode":"bus","color":"#0059a9","colorDark":"#00294f","band":1,"off":[0,1.1]}},{"type":"Feature","geometry":{"type":"Point","coordinates":[23.924543,38.222055]},"properties":{"name":"Βαρνάβας","band":1,"modes":"bus","arr":["509Β"],"off":[0,-0.8]}},{"type":"Feature","geometry":{"type":"Point","coordinates":[23.924543,38.222055]},"properties":{"line":"509Β","mode":"bus","color":"#0059a9","colorDark":"#00294f","band":1,"off":[0,1.1]}},{"type":"Feature","geometry":{"type":"Point","coordinates":[23.789361,38.321504]},"properties":{"name":"Σκάλα Ωρωπού","band":1,"modes":"bus","arr":["510"],"off":[0,-0.8]}},{"type":"Feature","geometry":{"type":"Point","coordinates":[23.789361,38.321504]},"properties":{"line":"510","mode":"bus","color":"#0059a9","colorDark":"#00294f","band":1,"off":[0,1.1]}},{"type":"Feature","geometry":{"type":"Point","coordinates":[23.904484,38.092335]},"properties":{"name":"Διόνυσος","band":1,"modes":"bus","arr":["536"],"off":[0,-0.8]}},{"type":"Feature","geometry":{"type":"Point","coordinates":[23.904484,38.092335]},"properties":{"line":"536","mode":"bus","color":"#0059a9","colorDark":"#00294f","band":1,"off":[0,1.1]}},{"type":"Feature","geometry":{"type":"Point","coordinates":[23.731807,38.078254]},"properties":{"name":"Αχαρναί","band":1,"modes":"bus","arr":["537","712","728","733","734","735","752","878","879"],"off":[0,-0.8]}},{"type":"Feature","geometry":{"type":"Point","coordinates":[23.731807,38.078254]},"properties":{"line":"537","mode":"bus","color":"#0059a9","colorDark":"#00294f","band":1,"off":[-6.8,1.1]}},{"type":"Feature","geometry":{"type":"Point","coordinates":[23.731807,38.078254]},"properties":{"line":"712","mode":"bus","color":"#0059a9","colorDark":"#00294f","band":1,"off":[-3.4,1.1]}},{"type":"Feature","geometry":{"type":"Point","coordinates":[23.731807,38.078254]},"properties":{"line":"728","mode":"bus","color":"#0059a9","colorDark":"#00294f","band":1,"off":[0,1.1]}},{"type":"Feature","geometry":{"type":"Point","coordinates":[23.731807,38.078254]},"properties":{"line":"733","mode":"bus","color":"#0059a9","colorDark":"#00294f","band":1,"off":[3.4,1.1]}},{"type":"Feature","geometry":{"type":"Point","coordinates":[23.731807,38.078254]},"properties":{"line":"734","mode":"bus","color":"#0059a9","colorDark":"#00294f","band":1,"off":[6.8,1.1]}},{"type":"Feature","geometry":{"type":"Point","coordinates":[23.731807,38.078254]},"properties":{"line":"735","mode":"bus","color":"#0059a9","colorDark":"#00294f","band":1,"off":[-5.1,3.1]}},{"type":"Feature","geometry":{"type":"Point","coordinates":[23.731807,38.078254]},"properties":{"line":"752","mode":"bus","color":"#0059a9","colorDark":"#00294f","band":1,"off":[-1.7,3.1]}},{"type":"Feature","geometry":{"type":"Point","coordinates":[23.731807,38.078254]},"properties":{"line":"878","mode":"bus","color":"#0059a9","colorDark":"#00294f","band":1,"off":[1.7,3.1]}},{"type":"Feature","geometry":{"type":"Point","coordinates":[23.731807,38.078254]},"properties":{"line":"879","mode":"bus","color":"#0059a9","colorDark":"#00294f","band":1,"off":[5.1,3.1]}},{"type":"Feature","geometry":{"type":"Point","coordinates":[23.760272,38.063768]},"properties":{"name":"Μεταμόρφωση","band":1,"modes":"bus","arr":["541"],"off":[0,-0.8]}},{"type":"Feature","geometry":{"type":"Point","coordinates":[23.760272,38.063768]},"properties":{"line":"541","mode":"bus","color":"#0059a9","colorDark":"#00294f","band":1,"off":[0,1.1]}},{"type":"Feature","geometry":{"type":"Point","coordinates":[23.68614,37.930064]},"properties":{"name":"Π. Φάληρο","band":1,"modes":"bus","arr":["550"],"off":[0,-0.8]}},{"type":"Feature","geometry":{"type":"Point","coordinates":[23.68614,37.930064]},"properties":{"line":"550","mode":"bus","color":"#0059a9","colorDark":"#00294f","band":1,"off":[0,1.1]}},{"type":"Feature","geometry":{"type":"Point","coordinates":[23.809727,38.104248]},"properties":{"name":"Ν. Ερυθραία","band":1,"modes":"bus","arr":["560"],"off":[0,-0.8]}},{"type":"Feature","geometry":{"type":"Point","coordinates":[23.809727,38.104248]},"properties":{"line":"560","mode":"bus","color":"#0059a9","colorDark":"#00294f","band":1,"off":[0,1.1]}},{"type":"Feature","geometry":{"type":"Point","coordinates":[23.760058,38.039132]},"properties":{"name":"Αφετηρία 602","band":1,"modes":"bus","arr":["602"],"off":[0,-0.8]}},{"type":"Feature","geometry":{"type":"Point","coordinates":[23.760058,38.039132]},"properties":{"line":"602","mode":"bus","color":"#0059a9","colorDark":"#00294f","band":1,"off":[0,1.1]}},{"type":"Feature","geometry":{"type":"Point","coordinates":[23.77307,38.081742]},"properties":{"name":"Νοσ. Αγ. Ανάργυροι","band":1,"modes":"bus","arr":["604"],"off":[0,-0.8]}},{"type":"Feature","geometry":{"type":"Point","coordinates":[23.77307,38.081742]},"properties":{"line":"604","mode":"bus","color":"#0059a9","colorDark":"#00294f","band":1,"off":[0,1.1]}},{"type":"Feature","geometry":{"type":"Point","coordinates":[23.761502,38.026541]},"properties":{"name":"Γαλάτσι","band":1,"modes":"bus","arr":["608"],"off":[0,-0.8]}},{"type":"Feature","geometry":{"type":"Point","coordinates":[23.761502,38.026541]},"properties":{"line":"608","mode":"bus","color":"#0059a9","colorDark":"#00294f","band":1,"off":[0,1.1]}},{"type":"Feature","geometry":{"type":"Point","coordinates":[23.775579,38.019707]},"properties":{"name":"Φιλοθέη","band":1,"modes":"bus","arr":["610"],"off":[0,-0.8]}},{"type":"Feature","geometry":{"type":"Point","coordinates":[23.775579,38.019707]},"properties":{"line":"610","mode":"bus","color":"#0059a9","colorDark":"#00294f","band":1,"off":[0,1.1]}},{"type":"Feature","geometry":{"type":"Point","coordinates":[23.752629,38.060101]},"properties":{"name":"Μεταμόρφωση","band":1,"modes":"bus","arr":["619"],"off":[0,-0.8]}},{"type":"Feature","geometry":{"type":"Point","coordinates":[23.752629,38.060101]},"properties":{"line":"619","mode":"bus","color":"#0059a9","colorDark":"#00294f","band":1,"off":[0,1.1]}},{"type":"Feature","geometry":{"type":"Point","coordinates":[23.758811,38.008481]},"properties":{"name":"Άνω Γαλάτσι","band":1,"modes":"bus","arr":["622"],"off":[0,-0.8]}},{"type":"Feature","geometry":{"type":"Point","coordinates":[23.758811,38.008481]},"properties":{"line":"622","mode":"bus","color":"#0059a9","colorDark":"#00294f","band":1,"off":[0,1.1]}},{"type":"Feature","geometry":{"type":"Point","coordinates":[23.774762,37.982419]},"properties":{"name":"Γουδή","band":1,"modes":"bus","arr":["622","815"],"off":[0,-0.8]}},{"type":"Feature","geometry":{"type":"Point","coordinates":[23.774762,37.982419]},"properties":{"line":"622","mode":"bus","color":"#0059a9","colorDark":"#00294f","band":1,"off":[-1.7,1.1]}},{"type":"Feature","geometry":{"type":"Point","coordinates":[23.774762,37.982419]},"properties":{"line":"815","mode":"bus","color":"#0059a9","colorDark":"#00294f","band":1,"off":[1.7,1.1]}},{"type":"Feature","geometry":{"type":"Point","coordinates":[23.765759,38.046526]},"properties":{"name":"Ηράκλειο 640","band":1,"modes":"bus","arr":["640"],"off":[0,-0.8]}},{"type":"Feature","geometry":{"type":"Point","coordinates":[23.765759,38.046526]},"properties":{"line":"640","mode":"bus","color":"#0059a9","colorDark":"#00294f","band":1,"off":[0,1.1]}},{"type":"Feature","geometry":{"type":"Point","coordinates":[23.760996,38.046671]},"properties":{"name":"Τοπική Ηρακλείου","band":1,"modes":"bus","arr":["642"],"off":[0,-0.8]}},{"type":"Feature","geometry":{"type":"Point","coordinates":[23.760996,38.046671]},"properties":{"line":"642","mode":"bus","color":"#0059a9","colorDark":"#00294f","band":1,"off":[0,1.1]}},{"type":"Feature","geometry":{"type":"Point","coordinates":[23.764175,38.006007]},"properties":{"name":"Ψυχικό","band":1,"modes":"bus","arr":["651"],"off":[0,-0.8]}},{"type":"Feature","geometry":{"type":"Point","coordinates":[23.764175,38.006007]},"properties":{"line":"651","mode":"bus","color":"#0059a9","colorDark":"#00294f","band":1,"off":[0,1.1]}},{"type":"Feature","geometry":{"type":"Point","coordinates":[23.757418,37.989739]},"properties":{"name":"Αφετηρία - Πανόρμου","band":1,"modes":"bus","arr":["653","813"],"off":[0,-0.8]}},{"type":"Feature","geometry":{"type":"Point","coordinates":[23.757418,37.989739]},"properties":{"name":"Αβέρωφ","band":1,"modes":"bus","arr":["653","813"],"off":[0,-3]}},{"type":"Feature","geometry":{"type":"Point","coordinates":[23.757418,37.989739]},"properties":{"line":"653","mode":"bus","color":"#0059a9","colorDark":"#00294f","band":1,"off":[-1.7,1.1]}},{"type":"Feature","geometry":{"type":"Point","coordinates":[23.757418,37.989739]},"properties":{"line":"813","mode":"bus","color":"#0059a9","colorDark":"#00294f","band":1,"off":[1.7,1.1]}},{"type":"Feature","geometry":{"type":"Point","coordinates":[23.669129,38.03522]},"properties":{"name":"Κηπούπολη","band":1,"modes":"bus","arr":["700","719","Α13"],"off":[0,-0.8]}},{"type":"Feature","geometry":{"type":"Point","coordinates":[23.669129,38.03522]},"properties":{"line":"700","mode":"bus","color":"#0059a9","colorDark":"#00294f","band":1,"off":[-3.4,1.1]}},{"type":"Feature","geometry":{"type":"Point","coordinates":[23.669129,38.03522]},"properties":{"line":"719","mode":"bus","color":"#0059a9","colorDark":"#00294f","band":1,"off":[0,1.1]}},{"type":"Feature","geometry":{"type":"Point","coordinates":[23.669129,38.03522]},"properties":{"line":"Α13","mode":"bus","color":"#0059a9","colorDark":"#00294f","band":1,"off":[3.4,1.1]}},{"type":"Feature","geometry":{"type":"Point","coordinates":[23.692704,38.054269]},"properties":{"name":"Καματερό","band":1,"modes":"bus","arr":["701","704","705","Γ12"],"off":[0,-0.8]}},{"type":"Feature","geometry":{"type":"Point","coordinates":[23.692704,38.054269]},"properties":{"line":"701","mode":"bus","color":"#0059a9","colorDark":"#00294f","band":1,"off":[-5.1,1.1]}},{"type":"Feature","geometry":{"type":"Point","coordinates":[23.692704,38.054269]},"properties":{"line":"704","mode":"bus","color":"#0059a9","colorDark":"#00294f","band":1,"off":[-1.7,1.1]}},{"type":"Feature","geometry":{"type":"Point","coordinates":[23.692704,38.054269]},"properties":{"line":"705","mode":"bus","color":"#0059a9","colorDark":"#00294f","band":1,"off":[1.7,1.1]}},{"type":"Feature","geometry":{"type":"Point","coordinates":[23.692704,38.054269]},"properties":{"line":"Γ12","mode":"bus","color":"#0059a9","colorDark":"#00294f","band":1,"off":[5.1,1.1]}},{"type":"Feature","geometry":{"type":"Point","coordinates":[23.726851,38.021998]},"properties":{"name":"Αγ. Ελευθέριος","band":1,"modes":"bus","arr":["703"],"off":[0,-0.8]}},{"type":"Feature","geometry":{"type":"Point","coordinates":[23.726851,38.021998]},"properties":{"line":"703","mode":"bus","color":"#0059a9","colorDark":"#00294f","band":1,"off":[0,1.1]}},{"type":"Feature","geometry":{"type":"Point","coordinates":[23.698858,38.082085]},"properties":{"name":"Άνω Λιόσια","band":1,"modes":"bus","arr":["709"],"off":[0,-0.8]}},{"type":"Feature","geometry":{"type":"Point","coordinates":[23.698858,38.082085]},"properties":{"line":"709","mode":"bus","color":"#0059a9","colorDark":"#00294f","band":1,"off":[0,1.1]}},{"type":"Feature","geometry":{"type":"Point","coordinates":[23.681212,38.071322]},"properties":{"name":"Ζωφριά","band":1,"modes":"bus","arr":["711"],"off":[0,-0.8]}},{"type":"Feature","geometry":{"type":"Point","coordinates":[23.681212,38.071322]},"properties":{"line":"711","mode":"bus","color":"#0059a9","colorDark":"#00294f","band":1,"off":[0,1.1]}},{"type":"Feature","geometry":{"type":"Point","coordinates":[23.732094,38.050634]},"properties":{"name":"Ανάκασα","band":1,"modes":"bus","arr":["720"],"off":[0,-0.8]}},{"type":"Feature","geometry":{"type":"Point","coordinates":[23.732094,38.050634]},"properties":{"line":"720","mode":"bus","color":"#0059a9","colorDark":"#00294f","band":1,"off":[0,1.1]}},{"type":"Feature","geometry":{"type":"Point","coordinates":[23.737358,38.103624]},"properties":{"name":"Αχαρναί","band":1,"modes":"bus","arr":["721","724","725","726","727","755","755Β","Α10","Β10"],"off":[0,-0.8]}},{"type":"Feature","geometry":{"type":"Point","coordinates":[23.737358,38.103624]},"properties":{"name":"A10-Β10 Μεσονυχι","band":1,"modes":"bus","arr":["721","724","725","726","727","755","755Β","Α10","Β10"],"off":[0,-1.9]}},{"type":"Feature","geometry":{"type":"Point","coordinates":[23.737358,38.103624]},"properties":{"line":"721","mode":"bus","color":"#0059a9","colorDark":"#00294f","band":1,"off":[-6.8,1.1]}},{"type":"Feature","geometry":{"type":"Point","coordinates":[23.737358,38.103624]},"properties":{"line":"724","mode":"bus","color":"#0059a9","colorDark":"#00294f","band":1,"off":[-3.4,1.1]}},{"type":"Feature","geometry":{"type":"Point","coordinates":[23.737358,38.103624]},"properties":{"line":"725","mode":"bus","color":"#0059a9","colorDark":"#00294f","band":1,"off":[0,1.1]}},{"type":"Feature","geometry":{"type":"Point","coordinates":[23.737358,38.103624]},"properties":{"line":"726","mode":"bus","color":"#0059a9","colorDark":"#00294f","band":1,"off":[3.4,1.1]}},{"type":"Feature","geometry":{"type":"Point","coordinates":[23.737358,38.103624]},"properties":{"line":"727","mode":"bus","color":"#0059a9","colorDark":"#00294f","band":1,"off":[6.8,1.1]}},{"type":"Feature","geometry":{"type":"Point","coordinates":[23.737358,38.103624]},"properties":{"line":"755","mode":"bus","color":"#0059a9","colorDark":"#00294f","band":1,"off":[-5.1,3.1]}},{"type":"Feature","geometry":{"type":"Point","coordinates":[23.737358,38.103624]},"properties":{"line":"755Β","mode":"bus","color":"#0059a9","colorDark":"#00294f","band":1,"off":[-1.7,3.1]}},{"type":"Feature","geometry":{"type":"Point","coordinates":[23.737358,38.103624]},"properties":{"line":"Α10","mode":"bus","color":"#0059a9","colorDark":"#00294f","band":1,"off":[1.7,3.1]}},{"type":"Feature","geometry":{"type":"Point","coordinates":[23.737358,38.103624]},"properties":{"line":"Β10","mode":"bus","color":"#0059a9","colorDark":"#00294f","band":1,"off":[5.1,3.1]}},{"type":"Feature","geometry":{"type":"Point","coordinates":[23.672657,38.107881]},"properties":{"name":"Τέρμα Φυλής","band":1,"modes":"bus","arr":["723"],"off":[0,-0.8]}},{"type":"Feature","geometry":{"type":"Point","coordinates":[23.672657,38.107881]},"properties":{"line":"723","mode":"bus","color":"#0059a9","colorDark":"#00294f","band":1,"off":[0,1.1]}},{"type":"Feature","geometry":{"type":"Point","coordinates":[23.700053,38.023984]},"properties":{"name":"Ζωοδόχος Πηγή","band":1,"modes":"bus","arr":["730"],"off":[0,-0.8]}},{"type":"Feature","geometry":{"type":"Point","coordinates":[23.700053,38.023984]},"properties":{"line":"730","mode":"bus","color":"#0059a9","colorDark":"#00294f","band":1,"off":[0,1.1]}},{"type":"Feature","geometry":{"type":"Point","coordinates":[23.676698,38.010068]},"properties":{"name":"Αγ. Αναστασία","band":1,"modes":"bus","arr":["730","821"],"off":[0,-0.8]}},{"type":"Feature","geometry":{"type":"Point","coordinates":[23.676698,38.010068]},"properties":{"line":"730","mode":"bus","color":"#0059a9","colorDark":"#00294f","band":1,"off":[-1.7,1.1]}},{"type":"Feature","geometry":{"type":"Point","coordinates":[23.676698,38.010068]},"properties":{"line":"821","mode":"bus","color":"#0059a9","colorDark":"#00294f","band":1,"off":[1.7,1.1]}},{"type":"Feature","geometry":{"type":"Point","coordinates":[23.688197,38.027522]},"properties":{"name":"Ανθούπολη","band":1,"modes":"bus","arr":["731"],"off":[0,-0.8]}},{"type":"Feature","geometry":{"type":"Point","coordinates":[23.688197,38.027522]},"properties":{"line":"731","mode":"bus","color":"#0059a9","colorDark":"#00294f","band":1,"off":[0,1.1]}},{"type":"Feature","geometry":{"type":"Point","coordinates":[23.648054,38.021729]},"properties":{"name":"Δάσος Β","band":1,"modes":"bus","arr":["731","803","Α15"],"off":[0,-0.8]}},{"type":"Feature","geometry":{"type":"Point","coordinates":[23.648054,38.021729]},"properties":{"name":"Δάσος","band":1,"modes":"bus","arr":["731","803","Α15"],"off":[0,-1.9]}},{"type":"Feature","geometry":{"type":"Point","coordinates":[23.648054,38.021729]},"properties":{"line":"731","mode":"bus","color":"#0059a9","colorDark":"#00294f","band":1,"off":[-3.4,1.1]}},{"type":"Feature","geometry":{"type":"Point","coordinates":[23.648054,38.021729]},"properties":{"line":"803","mode":"bus","color":"#0059a9","colorDark":"#00294f","band":1,"off":[0,1.1]}},{"type":"Feature","geometry":{"type":"Point","coordinates":[23.648054,38.021729]},"properties":{"line":"Α15","mode":"bus","color":"#0059a9","colorDark":"#00294f","band":1,"off":[3.4,1.1]}},{"type":"Feature","geometry":{"type":"Point","coordinates":[23.706679,38.039393]},"properties":{"name":"Νέα Λεωφ.Θηβών 732","band":1,"modes":"bus","arr":["732"],"off":[0,-0.8]}},{"type":"Feature","geometry":{"type":"Point","coordinates":[23.706679,38.039393]},"properties":{"line":"732","mode":"bus","color":"#0059a9","colorDark":"#00294f","band":1,"off":[0,1.1]}},{"type":"Feature","geometry":{"type":"Point","coordinates":[23.77232,38.117225]},"properties":{"name":"Ολυμπ. Χωριό","band":1,"modes":"bus","arr":["740"],"off":[0,-0.8]}},{"type":"Feature","geometry":{"type":"Point","coordinates":[23.77232,38.117225]},"properties":{"line":"740","mode":"bus","color":"#0059a9","colorDark":"#00294f","band":1,"off":[0,1.1]}},{"type":"Feature","geometry":{"type":"Point","coordinates":[23.674197,38.045368]},"properties":{"name":"Πετρούπολη","band":1,"modes":"bus","arr":["747","Α11","Β11"],"off":[0,-0.8]}},{"type":"Feature","geometry":{"type":"Point","coordinates":[23.674197,38.045368]},"properties":{"line":"747","mode":"bus","color":"#0059a9","colorDark":"#00294f","band":1,"off":[-3.4,1.1]}},{"type":"Feature","geometry":{"type":"Point","coordinates":[23.674197,38.045368]},"properties":{"line":"Α11","mode":"bus","color":"#0059a9","colorDark":"#00294f","band":1,"off":[0,1.1]}},{"type":"Feature","geometry":{"type":"Point","coordinates":[23.674197,38.045368]},"properties":{"line":"Β11","mode":"bus","color":"#0059a9","colorDark":"#00294f","band":1,"off":[3.4,1.1]}},{"type":"Feature","geometry":{"type":"Point","coordinates":[23.67482,38.027025]},"properties":{"name":"Χρυσούπολη","band":1,"modes":"bus","arr":["748"],"off":[0,-0.8]}},{"type":"Feature","geometry":{"type":"Point","coordinates":[23.67482,38.027025]},"properties":{"line":"748","mode":"bus","color":"#0059a9","colorDark":"#00294f","band":1,"off":[0,1.1]}},{"type":"Feature","geometry":{"type":"Point","coordinates":[23.680583,38.083193]},"properties":{"name":"Οικισμός Γεννηματά","band":1,"modes":"bus","arr":["749"],"off":[0,-0.8]}},{"type":"Feature","geometry":{"type":"Point","coordinates":[23.680583,38.083193]},"properties":{"line":"749","mode":"bus","color":"#0059a9","colorDark":"#00294f","band":1,"off":[0,1.1]}},{"type":"Feature","geometry":{"type":"Point","coordinates":[23.665009,38.015622]},"properties":{"name":"Αττικό Νοσοκομείο","band":1,"modes":"bus","arr":["750"],"off":[0,-0.8]}},{"type":"Feature","geometry":{"type":"Point","coordinates":[23.665009,38.015622]},"properties":{"line":"750","mode":"bus","color":"#0059a9","colorDark":"#00294f","band":1,"off":[0,1.1]}},{"type":"Feature","geometry":{"type":"Point","coordinates":[23.63508,37.970363]},"properties":{"name":"Νίκαια","band":1,"modes":"bus","arr":["750"],"off":[0,-0.8]}},{"type":"Feature","geometry":{"type":"Point","coordinates":[23.63508,37.970363]},"properties":{"line":"750","mode":"bus","color":"#0059a9","colorDark":"#00294f","band":1,"off":[0,1.1]}},{"type":"Feature","geometry":{"type":"Point","coordinates":[23.691504,38.016675]},"properties":{"name":"Λ. Παναγή Τσαλδάρη","band":1,"modes":"bus,metro","arr":["790","M2"],"off":[0,-0.8]}},{"type":"Feature","geometry":{"type":"Point","coordinates":[23.691504,38.016675]},"properties":{"name":"Ανθούπολη","band":1,"modes":"bus,metro","arr":["790","M2"],"off":[0,-1.9]}},{"type":"Feature","geometry":{"type":"Point","coordinates":[23.691504,38.016675]},"properties":{"line":"790","mode":"bus","color":"#0059a9","colorDark":"#00294f","band":1,"off":[-1.7,1.1]}},{"type":"Feature","geometry":{"type":"Point","coordinates":[23.691504,38.016675]},"properties":{"line":"M2","mode":"tram","color":"#e30613","colorDark":"#7c060e","band":1,"off":[1.7,1.1]}},{"type":"Feature","geometry":{"type":"Point","coordinates":[23.626569,37.986789]},"properties":{"name":"Νεάπολη","band":1,"modes":"bus","arr":["800","824","825","846","852"],"off":[0,-0.8]}},{"type":"Feature","geometry":{"type":"Point","coordinates":[23.626569,37.986789]},"properties":{"line":"800","mode":"bus","color":"#0059a9","colorDark":"#00294f","band":1,"off":[-6.8,1.1]}},{"type":"Feature","geometry":{"type":"Point","coordinates":[23.626569,37.986789]},"properties":{"line":"824","mode":"bus","color":"#0059a9","colorDark":"#00294f","band":1,"off":[-3.4,1.1]}},{"type":"Feature","geometry":{"type":"Point","coordinates":[23.626569,37.986789]},"properties":{"line":"825","mode":"bus","color":"#0059a9","colorDark":"#00294f","band":1,"off":[0,1.1]}},{"type":"Feature","geometry":{"type":"Point","coordinates":[23.626569,37.986789]},"properties":{"line":"846","mode":"bus","color":"#0059a9","colorDark":"#00294f","band":1,"off":[3.4,1.1]}},{"type":"Feature","geometry":{"type":"Point","coordinates":[23.626569,37.986789]},"properties":{"line":"852","mode":"bus","color":"#0059a9","colorDark":"#00294f","band":1,"off":[6.8,1.1]}},{"type":"Feature","geometry":{"type":"Point","coordinates":[23.588794,38.058133]},"properties":{"name":"Ασπρόπυργος","band":1,"modes":"bus","arr":["805"],"off":[0,-0.8]}},{"type":"Feature","geometry":{"type":"Point","coordinates":[23.588794,38.058133]},"properties":{"line":"805","mode":"bus","color":"#0059a9","colorDark":"#00294f","band":1,"off":[0,1.1]}},{"type":"Feature","geometry":{"type":"Point","coordinates":[23.636102,38.044833]},"properties":{"name":"Νεοκτιστα","band":1,"modes":"bus","arr":["805"],"off":[0,-0.8]}},{"type":"Feature","geometry":{"type":"Point","coordinates":[23.636102,38.044833]},"properties":{"line":"805","mode":"bus","color":"#0059a9","colorDark":"#00294f","band":1,"off":[0,1.1]}},{"type":"Feature","geometry":{"type":"Point","coordinates":[23.634323,38.000868]},"properties":{"name":"Σχιστο","band":1,"modes":"bus","arr":["806","807","809","810","814"],"off":[0,-0.8]}},{"type":"Feature","geometry":{"type":"Point","coordinates":[23.634323,38.000868]},"properties":{"line":"806","mode":"bus","color":"#0059a9","colorDark":"#00294f","band":1,"off":[-6.8,1.1]}},{"type":"Feature","geometry":{"type":"Point","coordinates":[23.634323,38.000868]},"properties":{"line":"807","mode":"bus","color":"#0059a9","colorDark":"#00294f","band":1,"off":[-3.4,1.1]}},{"type":"Feature","geometry":{"type":"Point","coordinates":[23.634323,38.000868]},"properties":{"line":"809","mode":"bus","color":"#0059a9","colorDark":"#00294f","band":1,"off":[0,1.1]}},{"type":"Feature","geometry":{"type":"Point","coordinates":[23.634323,38.000868]},"properties":{"line":"810","mode":"bus","color":"#0059a9","colorDark":"#00294f","band":1,"off":[3.4,1.1]}},{"type":"Feature","geometry":{"type":"Point","coordinates":[23.634323,38.000868]},"properties":{"line":"814","mode":"bus","color":"#0059a9","colorDark":"#00294f","band":1,"off":[6.8,1.1]}},{"type":"Feature","geometry":{"type":"Point","coordinates":[23.63501,38.014398]},"properties":{"name":"Χαϊδάρι","band":1,"modes":"bus","arr":["811"],"off":[0,-0.8]}},{"type":"Feature","geometry":{"type":"Point","coordinates":[23.63501,38.014398]},"properties":{"line":"811","mode":"bus","color":"#0059a9","colorDark":"#00294f","band":1,"off":[0,1.1]}},{"type":"Feature","geometry":{"type":"Point","coordinates":[23.684353,37.999844]},"properties":{"name":"Προύσσης","band":1,"modes":"bus","arr":["813"],"off":[0,-0.8]}},{"type":"Feature","geometry":{"type":"Point","coordinates":[23.684353,37.999844]},"properties":{"line":"813","mode":"bus","color":"#0059a9","colorDark":"#00294f","band":1,"off":[0,1.1]}},{"type":"Feature","geometry":{"type":"Point","coordinates":[23.68917,37.972759]},"properties":{"name":"Ταύρος","band":1,"modes":"bus","arr":["815"],"off":[0,-0.8]}},{"type":"Feature","geometry":{"type":"Point","coordinates":[23.68917,37.972759]},"properties":{"line":"815","mode":"bus","color":"#0059a9","colorDark":"#00294f","band":1,"off":[0,1.1]}},{"type":"Feature","geometry":{"type":"Point","coordinates":[23.697485,37.967724]},"properties":{"name":"Ταύρος","band":1,"modes":"bus","arr":["816"],"off":[0,-0.8]}},{"type":"Feature","geometry":{"type":"Point","coordinates":[23.697485,37.967724]},"properties":{"line":"816","mode":"bus","color":"#0059a9","colorDark":"#00294f","band":1,"off":[0,1.1]}},{"type":"Feature","geometry":{"type":"Point","coordinates":[23.539891,38.035898]},"properties":{"name":"Ελευσίνα","band":1,"modes":"bus","arr":["817","845","861","861Β","862","863","864","871","876","878","879","881"],"off":[0,-0.8]}},{"type":"Feature","geometry":{"type":"Point","coordinates":[23.539891,38.035898]},"properties":{"line":"817","mode":"bus","color":"#0059a9","colorDark":"#00294f","band":1,"off":[-6.8,1.1]}},{"type":"Feature","geometry":{"type":"Point","coordinates":[23.539891,38.035898]},"properties":{"line":"845","mode":"bus","color":"#0059a9","colorDark":"#00294f","band":1,"off":[-3.4,1.1]}},{"type":"Feature","geometry":{"type":"Point","coordinates":[23.539891,38.035898]},"properties":{"line":"861","mode":"bus","color":"#0059a9","colorDark":"#00294f","band":1,"off":[0,1.1]}},{"type":"Feature","geometry":{"type":"Point","coordinates":[23.539891,38.035898]},"properties":{"line":"861Β","mode":"bus","color":"#0059a9","colorDark":"#00294f","band":1,"off":[3.4,1.1]}},{"type":"Feature","geometry":{"type":"Point","coordinates":[23.539891,38.035898]},"properties":{"line":"862","mode":"bus","color":"#0059a9","colorDark":"#00294f","band":1,"off":[6.8,1.1]}},{"type":"Feature","geometry":{"type":"Point","coordinates":[23.539891,38.035898]},"properties":{"line":"863","mode":"bus","color":"#0059a9","colorDark":"#00294f","band":1,"off":[-6.8,3.1]}},{"type":"Feature","geometry":{"type":"Point","coordinates":[23.539891,38.035898]},"properties":{"line":"864","mode":"bus","color":"#0059a9","colorDark":"#00294f","band":1,"off":[-3.4,3.1]}},{"type":"Feature","geometry":{"type":"Point","coordinates":[23.539891,38.035898]},"properties":{"line":"871","mode":"bus","color":"#0059a9","colorDark":"#00294f","band":1,"off":[0,3.1]}},{"type":"Feature","geometry":{"type":"Point","coordinates":[23.539891,38.035898]},"properties":{"line":"876","mode":"bus","color":"#0059a9","colorDark":"#00294f","band":1,"off":[3.4,3.1]}},{"type":"Feature","geometry":{"type":"Point","coordinates":[23.539891,38.035898]},"properties":{"line":"878","mode":"bus","color":"#0059a9","colorDark":"#00294f","band":1,"off":[6.8,3.1]}},{"type":"Feature","geometry":{"type":"Point","coordinates":[23.539891,38.035898]},"properties":{"line":"879","mode":"bus","color":"#0059a9","colorDark":"#00294f","band":1,"off":[-1.7,5.1]}},{"type":"Feature","geometry":{"type":"Point","coordinates":[23.539891,38.035898]},"properties":{"line":"881","mode":"bus","color":"#0059a9","colorDark":"#00294f","band":1,"off":[1.7,5.1]}},{"type":"Feature","geometry":{"type":"Point","coordinates":[23.48148,38.084393]},"properties":{"name":"Μάνδρα","band":1,"modes":"bus","arr":["817","863","865"],"off":[0,-0.8]}},{"type":"Feature","geometry":{"type":"Point","coordinates":[23.48148,38.084393]},"properties":{"line":"817","mode":"bus","color":"#0059a9","colorDark":"#00294f","band":1,"off":[-3.4,1.1]}},{"type":"Feature","geometry":{"type":"Point","coordinates":[23.48148,38.084393]},"properties":{"line":"863","mode":"bus","color":"#0059a9","colorDark":"#00294f","band":1,"off":[0,1.1]}},{"type":"Feature","geometry":{"type":"Point","coordinates":[23.48148,38.084393]},"properties":{"line":"865","mode":"bus","color":"#0059a9","colorDark":"#00294f","band":1,"off":[3.4,1.1]}},{"type":"Feature","geometry":{"type":"Point","coordinates":[23.558695,37.96382]},"properties":{"name":"Πέραμα","band":1,"modes":"bus","arr":["818","819","841","842","843"],"off":[0,-0.8]}},{"type":"Feature","geometry":{"type":"Point","coordinates":[23.558695,37.96382]},"properties":{"line":"818","mode":"bus","color":"#0059a9","colorDark":"#00294f","band":1,"off":[-6.8,1.1]}},{"type":"Feature","geometry":{"type":"Point","coordinates":[23.558695,37.96382]},"properties":{"line":"819","mode":"bus","color":"#0059a9","colorDark":"#00294f","band":1,"off":[-3.4,1.1]}},{"type":"Feature","geometry":{"type":"Point","coordinates":[23.558695,37.96382]},"properties":{"line":"841","mode":"bus","color":"#0059a9","colorDark":"#00294f","band":1,"off":[0,1.1]}},{"type":"Feature","geometry":{"type":"Point","coordinates":[23.558695,37.96382]},"properties":{"line":"842","mode":"bus","color":"#0059a9","colorDark":"#00294f","band":1,"off":[3.4,1.1]}},{"type":"Feature","geometry":{"type":"Point","coordinates":[23.558695,37.96382]},"properties":{"line":"843","mode":"bus","color":"#0059a9","colorDark":"#00294f","band":1,"off":[6.8,1.1]}},{"type":"Feature","geometry":{"type":"Point","coordinates":[23.601221,37.98113]},"properties":{"name":"Νεκρ. Σχιστού","band":1,"modes":"bus","arr":["819","860"],"off":[0,-0.8]}},{"type":"Feature","geometry":{"type":"Point","coordinates":[23.601221,37.98113]},"properties":{"line":"819","mode":"bus","color":"#0059a9","colorDark":"#00294f","band":1,"off":[-1.7,1.1]}},{"type":"Feature","geometry":{"type":"Point","coordinates":[23.601221,37.98113]},"properties":{"line":"860","mode":"bus","color":"#0059a9","colorDark":"#00294f","band":1,"off":[1.7,1.1]}},{"type":"Feature","geometry":{"type":"Point","coordinates":[23.622756,37.956361]},"properties":{"name":"Ευγένεια","band":1,"modes":"bus","arr":["820","832","833"],"off":[0,-0.8]}},{"type":"Feature","geometry":{"type":"Point","coordinates":[23.622756,37.956361]},"properties":{"name":"Αφετηρία - Ευγένεια","band":1,"modes":"bus","arr":["820","832","833"],"off":[0,-1.9]}},{"type":"Feature","geometry":{"type":"Point","coordinates":[23.622756,37.956361]},"properties":{"line":"820","mode":"bus","color":"#0059a9","colorDark":"#00294f","band":1,"off":[-3.4,1.1]}},{"type":"Feature","geometry":{"type":"Point","coordinates":[23.622756,37.956361]},"properties":{"line":"832","mode":"bus","color":"#0059a9","colorDark":"#00294f","band":1,"off":[0,1.1]}},{"type":"Feature","geometry":{"type":"Point","coordinates":[23.622756,37.956361]},"properties":{"line":"833","mode":"bus","color":"#0059a9","colorDark":"#00294f","band":1,"off":[3.4,1.1]}},{"type":"Feature","geometry":{"type":"Point","coordinates":[23.671672,37.978922]},"properties":{"name":"Παν/πολη Αρχαίου Ελαιώνα","band":1,"modes":"bus","arr":["829"],"off":[0,-0.8]}},{"type":"Feature","geometry":{"type":"Point","coordinates":[23.671672,37.978922]},"properties":{"line":"829","mode":"bus","color":"#0059a9","colorDark":"#00294f","band":1,"off":[0,1.1]}},{"type":"Feature","geometry":{"type":"Point","coordinates":[23.665878,37.992696]},"properties":{"name":"Αγ. Βαρβάρα - Αφετηρία 830","band":1,"modes":"bus","arr":["830","891","892"],"off":[0,-0.8]}},{"type":"Feature","geometry":{"type":"Point","coordinates":[23.665878,37.992696]},"properties":{"name":"Αγ. Βαρβάρα","band":1,"modes":"bus","arr":["830","891","892"],"off":[0,-3]}},{"type":"Feature","geometry":{"type":"Point","coordinates":[23.665878,37.992696]},"properties":{"line":"830","mode":"bus","color":"#0059a9","colorDark":"#00294f","band":1,"off":[-3.4,1.1]}},{"type":"Feature","geometry":{"type":"Point","coordinates":[23.665878,37.992696]},"properties":{"line":"891","mode":"bus","color":"#0059a9","colorDark":"#00294f","band":1,"off":[0,1.1]}},{"type":"Feature","geometry":{"type":"Point","coordinates":[23.665878,37.992696]},"properties":{"line":"892","mode":"bus","color":"#0059a9","colorDark":"#00294f","band":1,"off":[3.4,1.1]}},{"type":"Feature","geometry":{"type":"Point","coordinates":[23.669339,38.002453]},"properties":{"name":"Αιγάλεω","band":1,"modes":"bus","arr":["831"],"off":[0,-0.8]}},{"type":"Feature","geometry":{"type":"Point","coordinates":[23.669339,38.002453]},"properties":{"line":"831","mode":"bus","color":"#0059a9","colorDark":"#00294f","band":1,"off":[0,1.1]}},{"type":"Feature","geometry":{"type":"Point","coordinates":[23.652859,37.993184]},"properties":{"name":"Άνω Αγ. Βαρβάρα","band":1,"modes":"bus","arr":["837"],"off":[0,-0.8]}},{"type":"Feature","geometry":{"type":"Point","coordinates":[23.652859,37.993184]},"properties":{"line":"837","mode":"bus","color":"#0059a9","colorDark":"#00294f","band":1,"off":[0,1.1]}},{"type":"Feature","geometry":{"type":"Point","coordinates":[23.561944,38.08942]},"properties":{"name":"Ψαρι","band":1,"modes":"bus","arr":["855"],"off":[0,-0.8]}},{"type":"Feature","geometry":{"type":"Point","coordinates":[23.561944,38.08942]},"properties":{"line":"855","mode":"bus","color":"#0059a9","colorDark":"#00294f","band":1,"off":[0,1.1]}},{"type":"Feature","geometry":{"type":"Point","coordinates":[23.618882,38.092829]},"properties":{"name":"Λόφος Κυρίλλου","band":1,"modes":"bus","arr":["855"],"off":[0,-0.8]}},{"type":"Feature","geometry":{"type":"Point","coordinates":[23.618882,38.092829]},"properties":{"line":"855","mode":"bus","color":"#0059a9","colorDark":"#00294f","band":1,"off":[0,1.1]}},{"type":"Feature","geometry":{"type":"Point","coordinates":[23.743585,37.943985]},"properties":{"name":"Δάφνη","band":1,"modes":"bus","arr":["856"],"off":[0,-0.8]}},{"type":"Feature","geometry":{"type":"Point","coordinates":[23.743585,37.943985]},"properties":{"line":"856","mode":"bus","color":"#0059a9","colorDark":"#00294f","band":1,"off":[0,1.1]}},{"type":"Feature","geometry":{"type":"Point","coordinates":[23.662194,37.986448]},"properties":{"name":"Αιγάλεω","band":1,"modes":"bus","arr":["856"],"off":[0,-0.8]}},{"type":"Feature","geometry":{"type":"Point","coordinates":[23.662194,37.986448]},"properties":{"line":"856","mode":"bus","color":"#0059a9","colorDark":"#00294f","band":1,"off":[0,1.1]}},{"type":"Feature","geometry":{"type":"Point","coordinates":[23.679212,37.945735]},"properties":{"name":"Μοσχάτο Χρ.Σμύρνης","band":1,"modes":"bus","arr":["860"],"off":[0,-0.8]}},{"type":"Feature","geometry":{"type":"Point","coordinates":[23.679212,37.945735]},"properties":{"line":"860","mode":"bus","color":"#0059a9","colorDark":"#00294f","band":1,"off":[0,1.1]}},{"type":"Feature","geometry":{"type":"Point","coordinates":[23.417124,38.120129]},"properties":{"name":"Μάνδρα","band":1,"modes":"bus","arr":["861"],"off":[0,-0.8]}},{"type":"Feature","geometry":{"type":"Point","coordinates":[23.417124,38.120129]},"properties":{"line":"861","mode":"bus","color":"#0059a9","colorDark":"#00294f","band":1,"off":[0,1.1]}},{"type":"Feature","geometry":{"type":"Point","coordinates":[23.32055,38.219816]},"properties":{"name":"Τέρμα - Ερυθρές","band":1,"modes":"bus","arr":["861Β"],"off":[0,-0.8]}},{"type":"Feature","geometry":{"type":"Point","coordinates":[23.32055,38.219816]},"properties":{"line":"861Β","mode":"bus","color":"#0059a9","colorDark":"#00294f","band":1,"off":[0,1.1]}},{"type":"Feature","geometry":{"type":"Point","coordinates":[23.525583,38.058109]},"properties":{"name":"Άνω Ελευσίνα","band":1,"modes":"bus","arr":["862"],"off":[0,-0.8]}},{"type":"Feature","geometry":{"type":"Point","coordinates":[23.525583,38.058109]},"properties":{"line":"862","mode":"bus","color":"#0059a9","colorDark":"#00294f","band":1,"off":[0,1.1]}},{"type":"Feature","geometry":{"type":"Point","coordinates":[23.598711,38.061193]},"properties":{"name":"Ασπρόπυργος","band":1,"modes":"bus","arr":["866"],"off":[0,-0.8]}},{"type":"Feature","geometry":{"type":"Point","coordinates":[23.598711,38.061193]},"properties":{"line":"866","mode":"bus","color":"#0059a9","colorDark":"#00294f","band":1,"off":[0,1.1]}},{"type":"Feature","geometry":{"type":"Point","coordinates":[23.668,37.997205]},"properties":{"name":"Στ. Αγ.Μαρίνα","band":1,"modes":"bus","arr":["868","890"],"off":[0,-0.8]}},{"type":"Feature","geometry":{"type":"Point","coordinates":[23.668,37.997205]},"properties":{"line":"868","mode":"bus","color":"#0059a9","colorDark":"#00294f","band":1,"off":[-1.7,1.1]}},{"type":"Feature","geometry":{"type":"Point","coordinates":[23.668,37.997205]},"properties":{"line":"890","mode":"bus","color":"#0059a9","colorDark":"#00294f","band":1,"off":[1.7,1.1]}},{"type":"Feature","geometry":{"type":"Point","coordinates":[23.534401,38.073756]},"properties":{"name":"Αμαξοστάσιο Θριασίου","band":1,"modes":"bus","arr":["868"],"off":[0,-0.8]}},{"type":"Feature","geometry":{"type":"Point","coordinates":[23.534401,38.073756]},"properties":{"line":"868","mode":"bus","color":"#0059a9","colorDark":"#00294f","band":1,"off":[0,1.1]}},{"type":"Feature","geometry":{"type":"Point","coordinates":[23.5917,38.096354]},"properties":{"name":"Ρουπακι","band":1,"modes":"bus","arr":["881"],"off":[0,-0.8]}},{"type":"Feature","geometry":{"type":"Point","coordinates":[23.5917,38.096354]},"properties":{"line":"881","mode":"bus","color":"#0059a9","colorDark":"#00294f","band":1,"off":[0,1.1]}},{"type":"Feature","geometry":{"type":"Point","coordinates":[23.597971,38.004483]},"properties":{"name":"Ναυπηγεία Σκαραμαγκά","band":1,"modes":"bus","arr":["890"],"off":[0,-0.8]}},{"type":"Feature","geometry":{"type":"Point","coordinates":[23.597971,38.004483]},"properties":{"line":"890","mode":"bus","color":"#0059a9","colorDark":"#00294f","band":1,"off":[0,1.1]}},{"type":"Feature","geometry":{"type":"Point","coordinates":[23.725144,38.0452]},"properties":{"name":"Τέρμα 892 Ίλιον","band":1,"modes":"bus","arr":["892"],"off":[0,-0.8]}},{"type":"Feature","geometry":{"type":"Point","coordinates":[23.725144,38.0452]},"properties":{"line":"892","mode":"bus","color":"#0059a9","colorDark":"#00294f","band":1,"off":[0,1.1]}},{"type":"Feature","geometry":{"type":"Point","coordinates":[23.666324,37.969445]},"properties":{"name":"Αμαξοστάσιο Τέρμα 909","band":1,"modes":"bus","arr":["909"],"off":[0,-0.8]}},{"type":"Feature","geometry":{"type":"Point","coordinates":[23.666324,37.969445]},"properties":{"line":"909","mode":"bus","color":"#0059a9","colorDark":"#00294f","band":1,"off":[0,1.1]}},{"type":"Feature","geometry":{"type":"Point","coordinates":[23.642829,37.930118]},"properties":{"name":"Αγ. Βασίλειος","band":1,"modes":"bus","arr":["909"],"off":[0,-0.8]}},{"type":"Feature","geometry":{"type":"Point","coordinates":[23.642829,37.930118]},"properties":{"line":"909","mode":"bus","color":"#0059a9","colorDark":"#00294f","band":1,"off":[0,1.1]}},{"type":"Feature","geometry":{"type":"Point","coordinates":[23.726197,37.964055]},"properties":{"name":"Στ. Συγγρού Φιξ","band":1,"modes":"bus","arr":["910","Β2"],"off":[0,-0.8]}},{"type":"Feature","geometry":{"type":"Point","coordinates":[23.726197,37.964055]},"properties":{"line":"910","mode":"bus","color":"#0059a9","colorDark":"#00294f","band":1,"off":[-1.7,1.1]}},{"type":"Feature","geometry":{"type":"Point","coordinates":[23.726197,37.964055]},"properties":{"line":"Β2","mode":"bus","color":"#0059a9","colorDark":"#00294f","band":1,"off":[1.7,1.1]}},{"type":"Feature","geometry":{"type":"Point","coordinates":[23.667263,37.941456]},"properties":{"name":"Κεπα","band":1,"modes":"bus","arr":["912"],"off":[0,-0.8]}},{"type":"Feature","geometry":{"type":"Point","coordinates":[23.667263,37.941456]},"properties":{"line":"912","mode":"bus","color":"#0059a9","colorDark":"#00294f","band":1,"off":[0,1.1]}},{"type":"Feature","geometry":{"type":"Point","coordinates":[23.644837,37.959811]},"properties":{"name":"Λόφος Βώκου - Παναγία Οδηγήτρια","band":1,"modes":"bus","arr":["915"],"off":[0,-0.8]}},{"type":"Feature","geometry":{"type":"Point","coordinates":[23.644837,37.959811]},"properties":{"line":"915","mode":"bus","color":"#0059a9","colorDark":"#00294f","band":1,"off":[0,1.1]}},{"type":"Feature","geometry":{"type":"Point","coordinates":[23.721395,37.992442]},"properties":{"name":"Στ. Λαρίσης","band":1,"modes":"bus","arr":["Α10","Α15","Β10","Β15","Β5"],"off":[0,-0.8]}},{"type":"Feature","geometry":{"type":"Point","coordinates":[23.721395,37.992442]},"properties":{"line":"Α10","mode":"bus","color":"#0059a9","colorDark":"#00294f","band":1,"off":[-6.8,1.1]}},{"type":"Feature","geometry":{"type":"Point","coordinates":[23.721395,37.992442]},"properties":{"line":"Α15","mode":"bus","color":"#0059a9","colorDark":"#00294f","band":1,"off":[-3.4,1.1]}},{"type":"Feature","geometry":{"type":"Point","coordinates":[23.721395,37.992442]},"properties":{"line":"Β10","mode":"bus","color":"#0059a9","colorDark":"#00294f","band":1,"off":[0,1.1]}},{"type":"Feature","geometry":{"type":"Point","coordinates":[23.721395,37.992442]},"properties":{"line":"Β15","mode":"bus","color":"#0059a9","colorDark":"#00294f","band":1,"off":[3.4,1.1]}},{"type":"Feature","geometry":{"type":"Point","coordinates":[23.721395,37.992442]},"properties":{"line":"Β5","mode":"bus","color":"#0059a9","colorDark":"#00294f","band":1,"off":[6.8,1.1]}},{"type":"Feature","geometry":{"type":"Point","coordinates":[23.870173,38.011422]},"properties":{"name":"Ανθούσα","band":1,"modes":"bus","arr":["Α5"],"off":[0,-0.8]}},{"type":"Feature","geometry":{"type":"Point","coordinates":[23.870173,38.011422]},"properties":{"line":"Α5","mode":"bus","color":"#0059a9","colorDark":"#00294f","band":1,"off":[0,1.1]}},{"type":"Feature","geometry":{"type":"Point","coordinates":[23.689534,38.103133]},"properties":{"name":"Α. Λιόσια (Πανόραμα)","band":1,"modes":"bus","arr":["Β12"],"off":[0,-0.8]}},{"type":"Feature","geometry":{"type":"Point","coordinates":[23.689534,38.103133]},"properties":{"line":"Β12","mode":"bus","color":"#0059a9","colorDark":"#00294f","band":1,"off":[0,1.1]}},{"type":"Feature","geometry":{"type":"Point","coordinates":[23.669987,38.014287]},"properties":{"name":"Παλατάκι","band":1,"modes":"bus","arr":["Β15"],"off":[0,-0.8]}},{"type":"Feature","geometry":{"type":"Point","coordinates":[23.669987,38.014287]},"properties":{"line":"Β15","mode":"bus","color":"#0059a9","colorDark":"#00294f","band":1,"off":[0,1.1]}},{"type":"Feature","geometry":{"type":"Point","coordinates":[23.82054,38.01168]},"properties":{"name":"Αγ. Παρασκευή","band":1,"modes":"bus","arr":["Β5"],"off":[0,-0.8]}},{"type":"Feature","geometry":{"type":"Point","coordinates":[23.82054,38.01168]},"properties":{"line":"Β5","mode":"bus","color":"#0059a9","colorDark":"#00294f","band":1,"off":[0,1.1]}},{"type":"Feature","geometry":{"type":"Point","coordinates":[23.793285,38.093954]},"properties":{"name":"Ν. Κηφισιά","band":1,"modes":"bus","arr":["Β9"],"off":[0,-0.8]}},{"type":"Feature","geometry":{"type":"Point","coordinates":[23.793285,38.093954]},"properties":{"line":"Β9","mode":"bus","color":"#0059a9","colorDark":"#00294f","band":1,"off":[0,1.1]}},{"type":"Feature","geometry":{"type":"Point","coordinates":[23.788565,38.045585]},"properties":{"name":"Υπουργείο Παιδείας","band":1,"modes":"bus","arr":["Ε14"],"off":[0,-0.8]}},{"type":"Feature","geometry":{"type":"Point","coordinates":[23.788565,38.045585]},"properties":{"line":"Ε14","mode":"bus","color":"#0059a9","colorDark":"#00294f","band":1,"off":[0,1.1]}},{"type":"Feature","geometry":{"type":"Point","coordinates":[23.745997,37.975411]},"properties":{"name":"Ευαγγελισμός","band":1,"modes":"bus","arr":["Χ21"],"off":[0,-0.8]}},{"type":"Feature","geometry":{"type":"Point","coordinates":[23.745997,37.975411]},"properties":{"line":"Χ21","mode":"bus","color":"#0059a9","colorDark":"#00294f","band":1,"off":[0,1.1]}},{"type":"Feature","geometry":{"type":"Point","coordinates":[23.945631,37.936858]},"properties":{"name":"Κτίριο Αναχωρησεων","band":1,"modes":"metro,bus","arr":["M3","Χ93","Χ95","Χ96","Χ97"],"off":[0,-0.8]}},{"type":"Feature","geometry":{"type":"Point","coordinates":[23.945631,37.936858]},"properties":{"name":"Ελ. Βενιζέλος","band":1,"modes":"metro,bus","arr":["M3","Χ93","Χ95","Χ96","Χ97"],"off":[0,-1.9]}},{"type":"Feature","geometry":{"type":"Point","coordinates":[23.945631,37.936858]},"properties":{"line":"M3","mode":"tram","color":"#1e9cd7","colorDark":"#0d567a","band":1,"off":[-6.8,1.1]}},{"type":"Feature","geometry":{"type":"Point","coordinates":[23.945631,37.936858]},"properties":{"line":"Χ93","mode":"bus","color":"#0059a9","colorDark":"#00294f","band":1,"off":[-3.4,1.1]}},{"type":"Feature","geometry":{"type":"Point","coordinates":[23.945631,37.936858]},"properties":{"line":"Χ95","mode":"bus","color":"#0059a9","colorDark":"#00294f","band":1,"off":[0,1.1]}},{"type":"Feature","geometry":{"type":"Point","coordinates":[23.945631,37.936858]},"properties":{"line":"Χ96","mode":"bus","color":"#0059a9","colorDark":"#00294f","band":1,"off":[3.4,1.1]}},{"type":"Feature","geometry":{"type":"Point","coordinates":[23.945631,37.936858]},"properties":{"line":"Χ97","mode":"bus","color":"#0059a9","colorDark":"#00294f","band":1,"off":[6.8,1.1]}},{"type":"Feature","geometry":{"type":"Point","coordinates":[23.642287,37.948197]},"properties":{"name":"Πειραιάς","band":1,"modes":"metro","arr":["M1"],"off":[0,-0.8]}},{"type":"Feature","geometry":{"type":"Point","coordinates":[23.642287,37.948197]},"properties":{"line":"M1","mode":"tram","color":"#009550","colorDark":"#00512b","band":1,"off":[0,1.1]}},{"type":"Feature","geometry":{"type":"Point","coordinates":[23.808195,38.0752]},"properties":{"name":"Κηφισιά","band":1,"modes":"metro","arr":["M1"],"off":[0,-0.8]}},{"type":"Feature","geometry":{"type":"Point","coordinates":[23.808195,38.0752]},"properties":{"line":"M1","mode":"tram","color":"#009550","colorDark":"#00512b","band":1,"off":[0,1.1]}},{"type":"Feature","geometry":{"type":"Point","coordinates":[23.74721,37.892437]},"properties":{"name":"Ελληνικό","band":1,"modes":"metro","arr":["M2"],"off":[0,-0.8]}},{"type":"Feature","geometry":{"type":"Point","coordinates":[23.74721,37.892437]},"properties":{"line":"M2","mode":"tram","color":"#e30613","colorDark":"#7c060e","band":1,"off":[0,1.1]}},{"type":"Feature","geometry":{"type":"Point","coordinates":[23.705444,37.915868]},"properties":{"name":"Πικροδάφνη","band":1,"modes":"tram","arr":["T6"],"off":[0,-0.8]}},{"type":"Feature","geometry":{"type":"Point","coordinates":[23.705444,37.915868]},"properties":{"line":"T6","mode":"tram","color":"#d6212b","colorDark":"#7c1116","band":1,"off":[0,1.1]}},{"type":"Feature","geometry":{"type":"Point","coordinates":[23.752686,37.849327]},"properties":{"name":"Βούλα","band":1,"modes":"tram","arr":["T7"],"off":[0,-0.8]}},{"type":"Feature","geometry":{"type":"Point","coordinates":[23.752686,37.849327]},"properties":{"line":"T7","mode":"tram","color":"#d6212b","colorDark":"#7c1116","band":1,"off":[0,1.1]}},{"type":"Feature","geometry":{"type":"Point","coordinates":[23.642968,37.946303]},"properties":{"name":"Ακτή Ποσειδώνος","band":1,"modes":"tram","arr":["T7"],"off":[0,-0.8]}},{"type":"Feature","geometry":{"type":"Point","coordinates":[23.642968,37.946303]},"properties":{"line":"T7","mode":"tram","color":"#d6212b","colorDark":"#7c1116","band":1,"off":[0,1.1]}},{"type":"Feature","geometry":{"type":"Point","coordinates":[23.685847,37.945845]},"properties":{"name":"Ελ. Βενιζέλου","band":2,"modes":"bus","arr":["1"],"off":[0,-0.8]}},{"type":"Feature","geometry":{"type":"Point","coordinates":[23.685847,37.945845]},"properties":{"line":"1","mode":"bus","color":"#149a3f","colorDark":"#0a5121","band":2,"off":[0,1.1]}},{"type":"Feature","geometry":{"type":"Point","coordinates":[23.722866,37.996714]},"properties":{"name":"Πλ. Αττικής","band":2,"modes":"bus","arr":["1","711","Β12"],"off":[0,-0.8]}},{"type":"Feature","geometry":{"type":"Point","coordinates":[23.722866,37.996714]},"properties":{"name":"Αφετηρία 711-Β12","band":2,"modes":"bus","arr":["1","711","Β12"],"off":[0,-1.9]}},{"type":"Feature","geometry":{"type":"Point","coordinates":[23.722866,37.996714]},"properties":{"line":"1","mode":"bus","color":"#149a3f","colorDark":"#0a5121","band":2,"off":[-3.4,1.1]}},{"type":"Feature","geometry":{"type":"Point","coordinates":[23.722866,37.996714]},"properties":{"line":"711","mode":"bus","color":"#0059a9","colorDark":"#00294f","band":2,"off":[0,1.1]}},{"type":"Feature","geometry":{"type":"Point","coordinates":[23.722866,37.996714]},"properties":{"line":"Β12","mode":"bus","color":"#0059a9","colorDark":"#00294f","band":2,"off":[3.4,1.1]}},{"type":"Feature","geometry":{"type":"Point","coordinates":[23.749531,38.00623]},"properties":{"name":"Άνω Κυψέλη","band":2,"modes":"bus","arr":["2","4","035"],"off":[0,-0.8]}},{"type":"Feature","geometry":{"type":"Point","coordinates":[23.749531,38.00623]},"properties":{"line":"2","mode":"bus","color":"#149a3f","colorDark":"#0a5121","band":2,"off":[-3.4,1.1]}},{"type":"Feature","geometry":{"type":"Point","coordinates":[23.749531,38.00623]},"properties":{"line":"4","mode":"bus","color":"#149a3f","colorDark":"#0a5121","band":2,"off":[0,1.1]}},{"type":"Feature","geometry":{"type":"Point","coordinates":[23.749531,38.00623]},"properties":{"line":"035","mode":"bus","color":"#0059a9","colorDark":"#00294f","band":2,"off":[3.4,1.1]}},{"type":"Feature","geometry":{"type":"Point","coordinates":[23.755483,37.971523]},"properties":{"name":"Καισαριανή","band":2,"modes":"bus","arr":["2"],"off":[0,-0.8]}},{"type":"Feature","geometry":{"type":"Point","coordinates":[23.755483,37.971523]},"properties":{"line":"2","mode":"bus","color":"#149a3f","colorDark":"#0a5121","band":2,"off":[0,1.1]}},{"type":"Feature","geometry":{"type":"Point","coordinates":[23.775274,38.000725]},"properties":{"name":"Νέο Ψυχικό","band":2,"modes":"bus","arr":["3"],"off":[0,-0.8]}},{"type":"Feature","geometry":{"type":"Point","coordinates":[23.775274,38.000725]},"properties":{"line":"3","mode":"bus","color":"#149a3f","colorDark":"#0a5121","band":2,"off":[0,1.1]}},{"type":"Feature","geometry":{"type":"Point","coordinates":[23.740173,38.035985]},"properties":{"name":"Νέα Φιλαδέλφεια","band":2,"modes":"bus","arr":["3"],"off":[0,-0.8]}},{"type":"Feature","geometry":{"type":"Point","coordinates":[23.740173,38.035985]},"properties":{"line":"3","mode":"bus","color":"#149a3f","colorDark":"#0a5121","band":2,"off":[0,1.1]}},{"type":"Feature","geometry":{"type":"Point","coordinates":[23.734693,37.956775]},"properties":{"name":"Στ. Μετρό Αγ. Ιωάννης","band":2,"modes":"bus","arr":["4"],"off":[0,-0.8]}},{"type":"Feature","geometry":{"type":"Point","coordinates":[23.734693,37.956775]},"properties":{"line":"4","mode":"bus","color":"#149a3f","colorDark":"#0a5121","band":2,"off":[0,1.1]}},{"type":"Feature","geometry":{"type":"Point","coordinates":[23.754123,38.022681]},"properties":{"name":"Λαμπρινή","band":2,"modes":"bus","arr":["5","14"],"off":[0,-0.8]}},{"type":"Feature","geometry":{"type":"Point","coordinates":[23.754123,38.022681]},"properties":{"line":"5","mode":"bus","color":"#149a3f","colorDark":"#0a5121","band":2,"off":[-1.7,1.1]}},{"type":"Feature","geometry":{"type":"Point","coordinates":[23.754123,38.022681]},"properties":{"line":"14","mode":"bus","color":"#149a3f","colorDark":"#0a5121","band":2,"off":[1.7,1.1]}},{"type":"Feature","geometry":{"type":"Point","coordinates":[23.685175,37.943172]},"properties":{"name":"Τζιτζιφιές","band":2,"modes":"bus","arr":["5","10"],"off":[0,-0.8]}},{"type":"Feature","geometry":{"type":"Point","coordinates":[23.685175,37.943172]},"properties":{"line":"5","mode":"bus","color":"#149a3f","colorDark":"#0a5121","band":2,"off":[-1.7,1.1]}},{"type":"Feature","geometry":{"type":"Point","coordinates":[23.685175,37.943172]},"properties":{"line":"10","mode":"bus","color":"#149a3f","colorDark":"#0a5121","band":2,"off":[1.7,1.1]}},{"type":"Feature","geometry":{"type":"Point","coordinates":[23.742251,38.054373]},"properties":{"name":"Ν. Φιλαδέλφεια","band":2,"modes":"bus","arr":["6"],"off":[0,-0.8]}},{"type":"Feature","geometry":{"type":"Point","coordinates":[23.742251,38.054373]},"properties":{"line":"6","mode":"bus","color":"#149a3f","colorDark":"#0a5121","band":2,"off":[0,1.1]}},{"type":"Feature","geometry":{"type":"Point","coordinates":[23.729329,37.98578]},"properties":{"name":"Χαλκοκονδύλη","band":2,"modes":"bus","arr":["6","021","Α11","Β11","Β9"],"off":[0,-0.8]}},{"type":"Feature","geometry":{"type":"Point","coordinates":[23.729329,37.98578]},"properties":{"name":"Πλ. Λαυρίου","band":2,"modes":"bus","arr":["6","021","Α11","Β11","Β9"],"off":[0,-1.9]}},{"type":"Feature","geometry":{"type":"Point","coordinates":[23.729329,37.98578]},"properties":{"name":"Πλ. Κάνιγγος","band":2,"modes":"bus","arr":["6","021","Α11","Β11","Β9"],"off":[0,-3]}},{"type":"Feature","geometry":{"type":"Point","coordinates":[23.729329,37.98578]},"properties":{"line":"6","mode":"bus","color":"#149a3f","colorDark":"#0a5121","band":2,"off":[-6.8,1.1]}},{"type":"Feature","geometry":{"type":"Point","coordinates":[23.729329,37.98578]},"properties":{"line":"021","mode":"bus","color":"#0059a9","colorDark":"#00294f","band":2,"off":[-3.4,1.1]}},{"type":"Feature","geometry":{"type":"Point","coordinates":[23.729329,37.98578]},"properties":{"line":"Α11","mode":"bus","color":"#0059a9","colorDark":"#00294f","band":2,"off":[0,1.1]}},{"type":"Feature","geometry":{"type":"Point","coordinates":[23.729329,37.98578]},"properties":{"line":"Β11","mode":"bus","color":"#0059a9","colorDark":"#00294f","band":2,"off":[3.4,1.1]}},{"type":"Feature","geometry":{"type":"Point","coordinates":[23.729329,37.98578]},"properties":{"line":"Β9","mode":"bus","color":"#0059a9","colorDark":"#00294f","band":2,"off":[6.8,1.1]}},{"type":"Feature","geometry":{"type":"Point","coordinates":[23.798034,38.02251]},"properties":{"name":"Χαλάνδρι","band":2,"modes":"bus","arr":["10","18","447"],"off":[0,-0.8]}},{"type":"Feature","geometry":{"type":"Point","coordinates":[23.798034,38.02251]},"properties":{"name":"Πλ. Χαλανδρίου","band":2,"modes":"bus","arr":["10","18","447"],"off":[0,-1.9]}},{"type":"Feature","geometry":{"type":"Point","coordinates":[23.798034,38.02251]},"properties":{"line":"10","mode":"bus","color":"#149a3f","colorDark":"#0a5121","band":2,"off":[-3.4,1.1]}},{"type":"Feature","geometry":{"type":"Point","coordinates":[23.798034,38.02251]},"properties":{"line":"18","mode":"bus","color":"#149a3f","colorDark":"#0a5121","band":2,"off":[0,1.1]}},{"type":"Feature","geometry":{"type":"Point","coordinates":[23.798034,38.02251]},"properties":{"line":"447","mode":"bus","color":"#0059a9","colorDark":"#00294f","band":2,"off":[3.4,1.1]}},{"type":"Feature","geometry":{"type":"Point","coordinates":[23.735825,38.02162]},"properties":{"name":"Άνω Πατήσια","band":2,"modes":"bus","arr":["11"],"off":[0,-0.8]}},{"type":"Feature","geometry":{"type":"Point","coordinates":[23.735825,38.02162]},"properties":{"line":"11","mode":"bus","color":"#149a3f","colorDark":"#0a5121","band":2,"off":[0,1.1]}},{"type":"Feature","geometry":{"type":"Point","coordinates":[23.759705,37.954105]},"properties":{"name":"Ν. Ελβετία","band":2,"modes":"bus","arr":["11","214"],"off":[0,-0.8]}},{"type":"Feature","geometry":{"type":"Point","coordinates":[23.759705,37.954105]},"properties":{"name":"Ζ. Πηγή","band":2,"modes":"bus","arr":["11","214"],"off":[0,-1.9]}},{"type":"Feature","geometry":{"type":"Point","coordinates":[23.759705,37.954105]},"properties":{"line":"11","mode":"bus","color":"#149a3f","colorDark":"#0a5121","band":2,"off":[-1.7,1.1]}},{"type":"Feature","geometry":{"type":"Point","coordinates":[23.759705,37.954105]},"properties":{"line":"214","mode":"bus","color":"#0059a9","colorDark":"#00294f","band":2,"off":[1.7,1.1]}},{"type":"Feature","geometry":{"type":"Point","coordinates":[23.684279,38.029694]},"properties":{"name":"Αγ. Ιερόθεος","band":2,"modes":"bus","arr":["12"],"off":[0,-0.8]}},{"type":"Feature","geometry":{"type":"Point","coordinates":[23.684279,38.029694]},"properties":{"line":"12","mode":"bus","color":"#149a3f","colorDark":"#0a5121","band":2,"off":[0,1.1]}},{"type":"Feature","geometry":{"type":"Point","coordinates":[23.734758,37.97284]},"properties":{"name":"Ζάππειο","band":2,"modes":"bus","arr":["12","Ε14","Χ14"],"off":[0,-0.8]}},{"type":"Feature","geometry":{"type":"Point","coordinates":[23.734758,37.97284]},"properties":{"line":"12","mode":"bus","color":"#149a3f","colorDark":"#0a5121","band":2,"off":[-3.4,1.1]}},{"type":"Feature","geometry":{"type":"Point","coordinates":[23.734758,37.97284]},"properties":{"line":"Ε14","mode":"bus","color":"#0059a9","colorDark":"#00294f","band":2,"off":[0,1.1]}},{"type":"Feature","geometry":{"type":"Point","coordinates":[23.734758,37.97284]},"properties":{"line":"Χ14","mode":"bus","color":"#0059a9","colorDark":"#00294f","band":2,"off":[3.4,1.1]}},{"type":"Feature","geometry":{"type":"Point","coordinates":[23.768324,37.996647]},"properties":{"name":"Γηροκομείο","band":2,"modes":"bus","arr":["14"],"off":[0,-0.8]}},{"type":"Feature","geometry":{"type":"Point","coordinates":[23.768324,37.996647]},"properties":{"line":"14","mode":"bus","color":"#149a3f","colorDark":"#0a5121","band":2,"off":[0,1.1]}},{"type":"Feature","geometry":{"type":"Point","coordinates":[23.709121,37.968166]},"properties":{"name":"Πετράλωνα","band":2,"modes":"bus","arr":["15"],"off":[0,-0.8]}},{"type":"Feature","geometry":{"type":"Point","coordinates":[23.709121,37.968166]},"properties":{"line":"15","mode":"bus","color":"#149a3f","colorDark":"#0a5121","band":2,"off":[0,1.1]}},{"type":"Feature","geometry":{"type":"Point","coordinates":[23.754726,37.998364]},"properties":{"name":"Ελ. Βενιζέλου","band":2,"modes":"bus","arr":["15"],"off":[0,-0.8]}},{"type":"Feature","geometry":{"type":"Point","coordinates":[23.754726,37.998364]},"properties":{"line":"15","mode":"bus","color":"#149a3f","colorDark":"#0a5121","band":2,"off":[0,1.1]}},{"type":"Feature","geometry":{"type":"Point","coordinates":[23.674761,37.961812]},"properties":{"name":"Αγ. Ιωάννης Ρέντης","band":2,"modes":"bus","arr":["16"],"off":[0,-0.8]}},{"type":"Feature","geometry":{"type":"Point","coordinates":[23.674761,37.961812]},"properties":{"line":"16","mode":"bus","color":"#149a3f","colorDark":"#0a5121","band":2,"off":[0,1.1]}},{"type":"Feature","geometry":{"type":"Point","coordinates":[23.642731,37.944854]},"properties":{"name":"Πειραιάς Πλ. Καραϊσκάκη","band":2,"modes":"bus,tram","arr":["17","218","300","400","500","803","827","845","871","871Τ","904","906","T7","Ε90"],"off":[0,-0.8],"sc":0.95}},{"type":"Feature","geometry":{"type":"Point","coordinates":[23.642731,37.944854]},"properties":{"name":"Πειραιάς Αγ. Σπυρίδων","band":2,"modes":"bus,tram","arr":["17","218","300","400","500","803","827","845","871","871Τ","904","906","T7","Ε90"],"off":[0,-3],"sc":0.95}},{"type":"Feature","geometry":{"type":"Point","coordinates":[23.642731,37.944854]},"properties":{"name":"Ακτή Ποσειδώνος","band":2,"modes":"bus,tram","arr":["17","218","300","400","500","803","827","845","871","871Τ","904","906","T7","Ε90"],"off":[0,-5.2],"sc":0.95}},{"type":"Feature","geometry":{"type":"Point","coordinates":[23.642731,37.944854]},"properties":{"line":"17","mode":"bus","color":"#149a3f","colorDark":"#0a5121","band":2,"sc":0.95,"off":[-6.8,1.1]}},{"type":"Feature","geometry":{"type":"Point","coordinates":[23.642731,37.944854]},"properties":{"line":"218","mode":"bus","color":"#0059a9","colorDark":"#00294f","band":2,"sc":0.95,"off":[-3.4,1.1]}},{"type":"Feature","geometry":{"type":"Point","coordinates":[23.642731,37.944854]},"properties":{"line":"300","mode":"bus","color":"#0059a9","colorDark":"#00294f","band":2,"sc":0.95,"off":[0,1.1]}},{"type":"Feature","geometry":{"type":"Point","coordinates":[23.642731,37.944854]},"properties":{"line":"400","mode":"bus","color":"#0059a9","colorDark":"#00294f","band":2,"sc":0.95,"off":[3.4,1.1]}},{"type":"Feature","geometry":{"type":"Point","coordinates":[23.642731,37.944854]},"properties":{"line":"500","mode":"bus","color":"#0059a9","colorDark":"#00294f","band":2,"sc":0.95,"off":[6.8,1.1]}},{"type":"Feature","geometry":{"type":"Point","coordinates":[23.642731,37.944854]},"properties":{"line":"803","mode":"bus","color":"#0059a9","colorDark":"#00294f","band":2,"sc":0.95,"off":[-6.8,3.1]}},{"type":"Feature","geometry":{"type":"Point","coordinates":[23.642731,37.944854]},"properties":{"line":"827","mode":"bus","color":"#0059a9","colorDark":"#00294f","band":2,"sc":0.95,"off":[-3.4,3.1]}},{"type":"Feature","geometry":{"type":"Point","coordinates":[23.642731,37.944854]},"properties":{"line":"845","mode":"bus","color":"#0059a9","colorDark":"#00294f","band":2,"sc":0.95,"off":[0,3.1]}},{"type":"Feature","geometry":{"type":"Point","coordinates":[23.642731,37.944854]},"properties":{"line":"871","mode":"bus","color":"#0059a9","colorDark":"#00294f","band":2,"sc":0.95,"off":[3.4,3.1]}},{"type":"Feature","geometry":{"type":"Point","coordinates":[23.642731,37.944854]},"properties":{"line":"871Τ","mode":"bus","color":"#0059a9","colorDark":"#00294f","band":2,"sc":0.95,"off":[6.8,3.1]}},{"type":"Feature","geometry":{"type":"Point","coordinates":[23.642731,37.944854]},"properties":{"line":"904","mode":"bus","color":"#0059a9","colorDark":"#00294f","band":2,"sc":0.95,"off":[-5.1,5.1]}},{"type":"Feature","geometry":{"type":"Point","coordinates":[23.642731,37.944854]},"properties":{"line":"906","mode":"bus","color":"#0059a9","colorDark":"#00294f","band":2,"sc":0.95,"off":[-1.7,5.1]}},{"type":"Feature","geometry":{"type":"Point","coordinates":[23.642731,37.944854]},"properties":{"line":"T7","mode":"tram","color":"#d6212b","colorDark":"#7c1116","band":2,"sc":0.95,"off":[1.7,5.1]}},{"type":"Feature","geometry":{"type":"Point","coordinates":[23.642731,37.944854]},"properties":{"line":"Ε90","mode":"bus","color":"#0059a9","colorDark":"#00294f","band":2,"sc":0.95,"off":[5.1,5.1]}},{"type":"Feature","geometry":{"type":"Point","coordinates":[23.731391,37.989395]},"properties":{"name":"Πολυτεχνείο","band":2,"modes":"bus","arr":["18","19","046","19Β","Α8"],"off":[0,-0.8]}},{"type":"Feature","geometry":{"type":"Point","coordinates":[23.731391,37.989395]},"properties":{"name":"Μουσείο","band":2,"modes":"bus","arr":["18","19","046","19Β","Α8"],"off":[0,-1.9]}},{"type":"Feature","geometry":{"type":"Point","coordinates":[23.731391,37.989395]},"properties":{"line":"18","mode":"bus","color":"#149a3f","colorDark":"#0a5121","band":2,"off":[-6.8,1.1]}},{"type":"Feature","geometry":{"type":"Point","coordinates":[23.731391,37.989395]},"properties":{"line":"19","mode":"bus","color":"#149a3f","colorDark":"#0a5121","band":2,"off":[-3.4,1.1]}},{"type":"Feature","geometry":{"type":"Point","coordinates":[23.731391,37.989395]},"properties":{"line":"046","mode":"bus","color":"#0059a9","colorDark":"#00294f","band":2,"off":[0,1.1]}},{"type":"Feature","geometry":{"type":"Point","coordinates":[23.731391,37.989395]},"properties":{"line":"19Β","mode":"bus","color":"#149a3f","colorDark":"#0a5121","band":2,"off":[3.4,1.1]}},{"type":"Feature","geometry":{"type":"Point","coordinates":[23.731391,37.989395]},"properties":{"line":"Α8","mode":"bus","color":"#0059a9","colorDark":"#00294f","band":2,"off":[6.8,1.1]}},{"type":"Feature","geometry":{"type":"Point","coordinates":[23.821089,38.021717]},"properties":{"name":"Στ. Χαλάνδρι","band":2,"modes":"bus","arr":["19","405","450","451","460","461"],"off":[0,-0.8]}},{"type":"Feature","geometry":{"type":"Point","coordinates":[23.821089,38.021717]},"properties":{"line":"19","mode":"bus","color":"#149a3f","colorDark":"#0a5121","band":2,"off":[-6.8,1.1]}},{"type":"Feature","geometry":{"type":"Point","coordinates":[23.821089,38.021717]},"properties":{"line":"405","mode":"bus","color":"#0059a9","colorDark":"#00294f","band":2,"off":[-3.4,1.1]}},{"type":"Feature","geometry":{"type":"Point","coordinates":[23.821089,38.021717]},"properties":{"line":"450","mode":"bus","color":"#0059a9","colorDark":"#00294f","band":2,"off":[0,1.1]}},{"type":"Feature","geometry":{"type":"Point","coordinates":[23.821089,38.021717]},"properties":{"line":"451","mode":"bus","color":"#0059a9","colorDark":"#00294f","band":2,"off":[3.4,1.1]}},{"type":"Feature","geometry":{"type":"Point","coordinates":[23.821089,38.021717]},"properties":{"line":"460","mode":"bus","color":"#0059a9","colorDark":"#00294f","band":2,"off":[6.8,1.1]}},{"type":"Feature","geometry":{"type":"Point","coordinates":[23.821089,38.021717]},"properties":{"line":"461","mode":"bus","color":"#0059a9","colorDark":"#00294f","band":2,"off":[0,3.1]}},{"type":"Feature","geometry":{"type":"Point","coordinates":[23.622761,37.944206]},"properties":{"name":"Τέρμα","band":2,"modes":"bus","arr":["20"],"off":[0,-0.8]}},{"type":"Feature","geometry":{"type":"Point","coordinates":[23.622761,37.944206]},"properties":{"line":"20","mode":"bus","color":"#149a3f","colorDark":"#0a5121","band":2,"off":[0,1.1]}},{"type":"Feature","geometry":{"type":"Point","coordinates":[23.661499,37.944406]},"properties":{"name":"Ν. Φάληρο","band":2,"modes":"bus","arr":["20"],"off":[0,-0.8]}},{"type":"Feature","geometry":{"type":"Point","coordinates":[23.661499,37.944406]},"properties":{"line":"20","mode":"bus","color":"#149a3f","colorDark":"#0a5121","band":2,"off":[0,1.1]}},{"type":"Feature","geometry":{"type":"Point","coordinates":[23.6477,37.966078]},"properties":{"name":"Νίκαια","band":2,"modes":"bus","arr":["21"],"off":[0,-0.8]}},{"type":"Feature","geometry":{"type":"Point","coordinates":[23.6477,37.966078]},"properties":{"line":"21","mode":"bus","color":"#149a3f","colorDark":"#0a5121","band":2,"off":[0,1.1]}},{"type":"Feature","geometry":{"type":"Point","coordinates":[23.734599,37.980463]},"properties":{"name":"Αφετηρία - Σίνα","band":2,"modes":"bus","arr":["022","060","Α2","Α3","Α5"],"off":[0,-0.8]}},{"type":"Feature","geometry":{"type":"Point","coordinates":[23.734599,37.980463]},"properties":{"name":"Αφετηρία - Ρήγα Φεραίου","band":2,"modes":"bus","arr":["022","060","Α2","Α3","Α5"],"off":[0,-1.9]}},{"type":"Feature","geometry":{"type":"Point","coordinates":[23.734599,37.980463]},"properties":{"name":"Ακαδημία","band":2,"modes":"bus","arr":["022","060","Α2","Α3","Α5"],"off":[0,-4.1]}},{"type":"Feature","geometry":{"type":"Point","coordinates":[23.734599,37.980463]},"properties":{"line":"022","mode":"bus","color":"#0059a9","colorDark":"#00294f","band":2,"off":[-6.8,1.1]}},{"type":"Feature","geometry":{"type":"Point","coordinates":[23.734599,37.980463]},"properties":{"line":"060","mode":"bus","color":"#0059a9","colorDark":"#00294f","band":2,"off":[-3.4,1.1]}},{"type":"Feature","geometry":{"type":"Point","coordinates":[23.734599,37.980463]},"properties":{"line":"Α2","mode":"bus","color":"#0059a9","colorDark":"#00294f","band":2,"off":[0,1.1]}},{"type":"Feature","geometry":{"type":"Point","coordinates":[23.734599,37.980463]},"properties":{"line":"Α3","mode":"bus","color":"#0059a9","colorDark":"#00294f","band":2,"off":[3.4,1.1]}},{"type":"Feature","geometry":{"type":"Point","coordinates":[23.734599,37.980463]},"properties":{"line":"Α5","mode":"bus","color":"#0059a9","colorDark":"#00294f","band":2,"off":[6.8,1.1]}},{"type":"Feature","geometry":{"type":"Point","coordinates":[23.734503,38.047633]},"properties":{"name":"Αγ. Ανάργυροι","band":2,"modes":"bus","arr":["024"],"off":[0,-0.8]}},{"type":"Feature","geometry":{"type":"Point","coordinates":[23.734503,38.047633]},"properties":{"line":"024","mode":"bus","color":"#0059a9","colorDark":"#00294f","band":2,"off":[0,1.1]}},{"type":"Feature","geometry":{"type":"Point","coordinates":[23.68016,38.039952]},"properties":{"name":"Πετρούπολη","band":2,"modes":"bus","arr":["24"],"off":[0,-0.8]}},{"type":"Feature","geometry":{"type":"Point","coordinates":[23.68016,38.039952]},"properties":{"line":"24","mode":"bus","color":"#149a3f","colorDark":"#0a5121","band":2,"off":[0,1.1]}},{"type":"Feature","geometry":{"type":"Point","coordinates":[23.709133,37.989307]},"properties":{"name":"Προφήτη Δανιήλ","band":2,"modes":"bus","arr":["025"],"off":[0,-0.8]}},{"type":"Feature","geometry":{"type":"Point","coordinates":[23.709133,37.989307]},"properties":{"line":"025","mode":"bus","color":"#0059a9","colorDark":"#00294f","band":2,"off":[0,1.1]}},{"type":"Feature","geometry":{"type":"Point","coordinates":[23.747638,37.988183]},"properties":{"name":"Ιπποκράτους","band":2,"modes":"bus","arr":["025","026"],"off":[0,-0.8]}},{"type":"Feature","geometry":{"type":"Point","coordinates":[23.747638,37.988183]},"properties":{"line":"025","mode":"bus","color":"#0059a9","colorDark":"#00294f","band":2,"off":[-1.7,1.1]}},{"type":"Feature","geometry":{"type":"Point","coordinates":[23.747638,37.988183]},"properties":{"line":"026","mode":"bus","color":"#0059a9","colorDark":"#00294f","band":2,"off":[1.7,1.1]}},{"type":"Feature","geometry":{"type":"Point","coordinates":[23.701156,38.006603]},"properties":{"name":"Στ. Αγ. Αντώνιος","band":2,"modes":"bus","arr":["25","706","822","823"],"off":[0,-0.8]}},{"type":"Feature","geometry":{"type":"Point","coordinates":[23.701156,38.006603]},"properties":{"name":"Αφετηρία Αγ. Αντώνιος","band":2,"modes":"bus","arr":["25","706","822","823"],"off":[0,-1.9]}},{"type":"Feature","geometry":{"type":"Point","coordinates":[23.701156,38.006603]},"properties":{"line":"25","mode":"bus","color":"#149a3f","colorDark":"#0a5121","band":2,"off":[-5.1,1.1]}},{"type":"Feature","geometry":{"type":"Point","coordinates":[23.701156,38.006603]},"properties":{"line":"706","mode":"bus","color":"#0059a9","colorDark":"#00294f","band":2,"off":[-1.7,1.1]}},{"type":"Feature","geometry":{"type":"Point","coordinates":[23.701156,38.006603]},"properties":{"line":"822","mode":"bus","color":"#0059a9","colorDark":"#00294f","band":2,"off":[1.7,1.1]}},{"type":"Feature","geometry":{"type":"Point","coordinates":[23.701156,38.006603]},"properties":{"line":"823","mode":"bus","color":"#0059a9","colorDark":"#00294f","band":2,"off":[5.1,1.1]}},{"type":"Feature","geometry":{"type":"Point","coordinates":[23.704018,37.98084]},"properties":{"name":"Βοτανικός","band":2,"modes":"bus","arr":["026","865"],"off":[0,-0.8]}},{"type":"Feature","geometry":{"type":"Point","coordinates":[23.704018,37.98084]},"properties":{"name":"Αμαξοστάσιο Βοτανικού","band":2,"modes":"bus","arr":["026","865"],"off":[0,-1.9]}},{"type":"Feature","geometry":{"type":"Point","coordinates":[23.704018,37.98084]},"properties":{"line":"026","mode":"bus","color":"#0059a9","colorDark":"#00294f","band":2,"off":[-1.7,1.1]}},{"type":"Feature","geometry":{"type":"Point","coordinates":[23.704018,37.98084]},"properties":{"line":"865","mode":"bus","color":"#0059a9","colorDark":"#00294f","band":2,"off":[1.7,1.1]}},{"type":"Feature","geometry":{"type":"Point","coordinates":[23.696347,37.964084]},"properties":{"name":"Πετράλωνα","band":2,"modes":"bus","arr":["035"],"off":[0,-0.8]}},{"type":"Feature","geometry":{"type":"Point","coordinates":[23.696347,37.964084]},"properties":{"line":"035","mode":"bus","color":"#0059a9","colorDark":"#00294f","band":2,"off":[0,1.1]}},{"type":"Feature","geometry":{"type":"Point","coordinates":[23.777123,37.993604]},"properties":{"name":"Σταθμός Κατεχάκη","band":2,"modes":"bus","arr":["036","402"],"off":[0,-0.8]}},{"type":"Feature","geometry":{"type":"Point","coordinates":[23.777123,37.993604]},"properties":{"line":"036","mode":"bus","color":"#0059a9","colorDark":"#00294f","band":2,"off":[-1.7,1.1]}},{"type":"Feature","geometry":{"type":"Point","coordinates":[23.777123,37.993604]},"properties":{"line":"402","mode":"bus","color":"#0059a9","colorDark":"#00294f","band":2,"off":[1.7,1.1]}},{"type":"Feature","geometry":{"type":"Point","coordinates":[23.734671,37.974474]},"properties":{"name":"Σύνταγμα (Κέντρο)","band":2,"modes":"bus,tram","arr":["040","T6","Χ95"],"off":[0,-0.8]}},{"type":"Feature","geometry":{"type":"Point","coordinates":[23.734671,37.974474]},"properties":{"name":"Σύνταγμα","band":2,"modes":"bus,tram","arr":["040","T6","Χ95"],"off":[0,-1.9]}},{"type":"Feature","geometry":{"type":"Point","coordinates":[23.734671,37.974474]},"properties":{"line":"040","mode":"bus","color":"#0059a9","colorDark":"#00294f","band":2,"off":[-3.4,1.1]}},{"type":"Feature","geometry":{"type":"Point","coordinates":[23.734671,37.974474]},"properties":{"line":"T6","mode":"tram","color":"#d6212b","colorDark":"#7c1116","band":2,"off":[0,1.1]}},{"type":"Feature","geometry":{"type":"Point","coordinates":[23.734671,37.974474]},"properties":{"line":"Χ95","mode":"bus","color":"#0059a9","colorDark":"#00294f","band":2,"off":[3.4,1.1]}},{"type":"Feature","geometry":{"type":"Point","coordinates":[23.631889,37.938487]},"properties":{"name":"Πειραιάς","band":2,"modes":"bus","arr":["040","049","130","217","229","826","828","831","843","859","Α1","Β1"],"off":[0,-0.8]}},{"type":"Feature","geometry":{"type":"Point","coordinates":[23.631889,37.938487]},"properties":{"line":"040","mode":"bus","color":"#0059a9","colorDark":"#00294f","band":2,"off":[-6.8,1.1]}},{"type":"Feature","geometry":{"type":"Point","coordinates":[23.631889,37.938487]},"properties":{"line":"049","mode":"bus","color":"#0059a9","colorDark":"#00294f","band":2,"off":[-3.4,1.1]}},{"type":"Feature","geometry":{"type":"Point","coordinates":[23.631889,37.938487]},"properties":{"line":"130","mode":"bus","color":"#0059a9","colorDark":"#00294f","band":2,"off":[0,1.1]}},{"type":"Feature","geometry":{"type":"Point","coordinates":[23.631889,37.938487]},"properties":{"line":"217","mode":"bus","color":"#0059a9","colorDark":"#00294f","band":2,"off":[3.4,1.1]}},{"type":"Feature","geometry":{"type":"Point","coordinates":[23.631889,37.938487]},"properties":{"line":"229","mode":"bus","color":"#0059a9","colorDark":"#00294f","band":2,"off":[6.8,1.1]}},{"type":"Feature","geometry":{"type":"Point","coordinates":[23.631889,37.938487]},"properties":{"line":"826","mode":"bus","color":"#0059a9","colorDark":"#00294f","band":2,"off":[-6.8,3.1]}},{"type":"Feature","geometry":{"type":"Point","coordinates":[23.631889,37.938487]},"properties":{"line":"828","mode":"bus","color":"#0059a9","colorDark":"#00294f","band":2,"off":[-3.4,3.1]}},{"type":"Feature","geometry":{"type":"Point","coordinates":[23.631889,37.938487]},"properties":{"line":"831","mode":"bus","color":"#0059a9","colorDark":"#00294f","band":2,"off":[0,3.1]}},{"type":"Feature","geometry":{"type":"Point","coordinates":[23.631889,37.938487]},"properties":{"line":"843","mode":"bus","color":"#0059a9","colorDark":"#00294f","band":2,"off":[3.4,3.1]}},{"type":"Feature","geometry":{"type":"Point","coordinates":[23.631889,37.938487]},"properties":{"line":"859","mode":"bus","color":"#0059a9","colorDark":"#00294f","band":2,"off":[6.8,3.1]}},{"type":"Feature","geometry":{"type":"Point","coordinates":[23.631889,37.938487]},"properties":{"line":"Α1","mode":"bus","color":"#0059a9","colorDark":"#00294f","band":2,"off":[-1.7,5.1]}},{"type":"Feature","geometry":{"type":"Point","coordinates":[23.631889,37.938487]},"properties":{"line":"Β1","mode":"bus","color":"#0059a9","colorDark":"#00294f","band":2,"off":[1.7,5.1]}},{"type":"Feature","geometry":{"type":"Point","coordinates":[23.778898,37.996568]},"properties":{"name":"Ελληνορώσων","band":2,"modes":"bus","arr":["046","242"],"off":[0,-0.8]}},{"type":"Feature","geometry":{"type":"Point","coordinates":[23.778898,37.996568]},"properties":{"line":"046","mode":"bus","color":"#0059a9","colorDark":"#00294f","band":2,"off":[-1.7,1.1]}},{"type":"Feature","geometry":{"type":"Point","coordinates":[23.778898,37.996568]},"properties":{"line":"242","mode":"bus","color":"#0059a9","colorDark":"#00294f","band":2,"off":[1.7,1.1]}},{"type":"Feature","geometry":{"type":"Point","coordinates":[23.727794,37.983241]},"properties":{"name":"Ομόνοια","band":2,"modes":"bus","arr":["049","838","914"],"off":[0,-0.8]}},{"type":"Feature","geometry":{"type":"Point","coordinates":[23.727794,37.983241]},"properties":{"line":"049","mode":"bus","color":"#0059a9","colorDark":"#00294f","band":2,"off":[-3.4,1.1]}},{"type":"Feature","geometry":{"type":"Point","coordinates":[23.727794,37.983241]},"properties":{"line":"838","mode":"bus","color":"#0059a9","colorDark":"#00294f","band":2,"off":[0,1.1]}},{"type":"Feature","geometry":{"type":"Point","coordinates":[23.727794,37.983241]},"properties":{"line":"914","mode":"bus","color":"#0059a9","colorDark":"#00294f","band":2,"off":[3.4,1.1]}},{"type":"Feature","geometry":{"type":"Point","coordinates":[23.69927,37.997623]},"properties":{"name":"Στ. Υπεραστικών Λεωφορείων Κηφισού","band":2,"modes":"bus","arr":["051","Χ93"],"off":[0,-0.8]}},{"type":"Feature","geometry":{"type":"Point","coordinates":[23.69927,37.997623]},"properties":{"line":"051","mode":"bus","color":"#0059a9","colorDark":"#00294f","band":2,"off":[-1.7,1.1]}},{"type":"Feature","geometry":{"type":"Point","coordinates":[23.69927,37.997623]},"properties":{"line":"Χ93","mode":"bus","color":"#0059a9","colorDark":"#00294f","band":2,"off":[1.7,1.1]}},{"type":"Feature","geometry":{"type":"Point","coordinates":[23.694814,37.988432]},"properties":{"name":"Στ. Ελαιώνα","band":2,"modes":"bus","arr":["052"],"off":[0,-0.8]}},{"type":"Feature","geometry":{"type":"Point","coordinates":[23.694814,37.988432]},"properties":{"line":"052","mode":"bus","color":"#0059a9","colorDark":"#00294f","band":2,"off":[0,1.1]}},{"type":"Feature","geometry":{"type":"Point","coordinates":[23.769149,38.033931]},"properties":{"name":"Περισσός 054","band":2,"modes":"bus","arr":["054","605"],"off":[0,-0.8]}},{"type":"Feature","geometry":{"type":"Point","coordinates":[23.769149,38.033931]},"properties":{"name":"Περισσός","band":2,"modes":"bus","arr":["054","605"],"off":[0,-1.9]}},{"type":"Feature","geometry":{"type":"Point","coordinates":[23.769149,38.033931]},"properties":{"line":"054","mode":"bus","color":"#0059a9","colorDark":"#00294f","band":2,"off":[-1.7,1.1]}},{"type":"Feature","geometry":{"type":"Point","coordinates":[23.769149,38.033931]},"properties":{"line":"605","mode":"bus","color":"#0059a9","colorDark":"#00294f","band":2,"off":[1.7,1.1]}},{"type":"Feature","geometry":{"type":"Point","coordinates":[23.712555,38.002907]},"properties":{"name":"Λόφος Σκουζέ","band":2,"modes":"bus","arr":["057"],"off":[0,-0.8]}},{"type":"Feature","geometry":{"type":"Point","coordinates":[23.712555,38.002907]},"properties":{"line":"057","mode":"bus","color":"#0059a9","colorDark":"#00294f","band":2,"off":[0,1.1]}},{"type":"Feature","geometry":{"type":"Point","coordinates":[23.755379,37.889359]},"properties":{"name":"Ελληνικό","band":2,"modes":"bus","arr":["101"],"off":[0,-0.8]}},{"type":"Feature","geometry":{"type":"Point","coordinates":[23.755379,37.889359]},"properties":{"line":"101","mode":"bus","color":"#0059a9","colorDark":"#00294f","band":2,"off":[0,1.1]}},{"type":"Feature","geometry":{"type":"Point","coordinates":[23.701337,37.916427]},"properties":{"name":"Άλιμος","band":2,"modes":"bus","arr":["101"],"off":[0,-0.8]}},{"type":"Feature","geometry":{"type":"Point","coordinates":[23.701337,37.916427]},"properties":{"line":"101","mode":"bus","color":"#0059a9","colorDark":"#00294f","band":2,"off":[0,1.1]}},{"type":"Feature","geometry":{"type":"Point","coordinates":[23.724478,37.925804]},"properties":{"name":"Αγ. Βαρβάρα","band":2,"modes":"bus","arr":["106","126"],"off":[0,-0.8]}},{"type":"Feature","geometry":{"type":"Point","coordinates":[23.724478,37.925804]},"properties":{"line":"106","mode":"bus","color":"#0059a9","colorDark":"#00294f","band":2,"off":[-1.7,1.1]}},{"type":"Feature","geometry":{"type":"Point","coordinates":[23.724478,37.925804]},"properties":{"line":"126","mode":"bus","color":"#0059a9","colorDark":"#00294f","band":2,"off":[1.7,1.1]}},{"type":"Feature","geometry":{"type":"Point","coordinates":[23.740883,37.941708]},"properties":{"name":"Στ. Αγ. Δημήτριος","band":2,"modes":"bus","arr":["109","164","201"],"off":[0,-0.8]}},{"type":"Feature","geometry":{"type":"Point","coordinates":[23.740883,37.941708]},"properties":{"line":"109","mode":"bus","color":"#0059a9","colorDark":"#00294f","band":2,"off":[-3.4,1.1]}},{"type":"Feature","geometry":{"type":"Point","coordinates":[23.740883,37.941708]},"properties":{"line":"164","mode":"bus","color":"#0059a9","colorDark":"#00294f","band":2,"off":[0,1.1]}},{"type":"Feature","geometry":{"type":"Point","coordinates":[23.740883,37.941708]},"properties":{"line":"201","mode":"bus","color":"#0059a9","colorDark":"#00294f","band":2,"off":[3.4,1.1]}},{"type":"Feature","geometry":{"type":"Point","coordinates":[23.72876,37.925766]},"properties":{"name":"Αγ. Δημήτριος","band":2,"modes":"bus","arr":["112"],"off":[0,-0.8]}},{"type":"Feature","geometry":{"type":"Point","coordinates":[23.72876,37.925766]},"properties":{"line":"112","mode":"bus","color":"#0059a9","colorDark":"#00294f","band":2,"off":[0,1.1]}},{"type":"Feature","geometry":{"type":"Point","coordinates":[23.740395,37.872888]},"properties":{"name":"Γλυφάδα","band":2,"modes":"bus","arr":["115","116","117","120","124","128","205","Α3"],"off":[0,-0.8]}},{"type":"Feature","geometry":{"type":"Point","coordinates":[23.740395,37.872888]},"properties":{"line":"115","mode":"bus","color":"#0059a9","colorDark":"#00294f","band":2,"off":[-6.8,1.1]}},{"type":"Feature","geometry":{"type":"Point","coordinates":[23.740395,37.872888]},"properties":{"line":"116","mode":"bus","color":"#0059a9","colorDark":"#00294f","band":2,"off":[-3.4,1.1]}},{"type":"Feature","geometry":{"type":"Point","coordinates":[23.740395,37.872888]},"properties":{"line":"117","mode":"bus","color":"#0059a9","colorDark":"#00294f","band":2,"off":[0,1.1]}},{"type":"Feature","geometry":{"type":"Point","coordinates":[23.740395,37.872888]},"properties":{"line":"120","mode":"bus","color":"#0059a9","colorDark":"#00294f","band":2,"off":[3.4,1.1]}},{"type":"Feature","geometry":{"type":"Point","coordinates":[23.740395,37.872888]},"properties":{"line":"124","mode":"bus","color":"#0059a9","colorDark":"#00294f","band":2,"off":[6.8,1.1]}},{"type":"Feature","geometry":{"type":"Point","coordinates":[23.740395,37.872888]},"properties":{"line":"128","mode":"bus","color":"#0059a9","colorDark":"#00294f","band":2,"off":[-3.4,3.1]}},{"type":"Feature","geometry":{"type":"Point","coordinates":[23.740395,37.872888]},"properties":{"line":"205","mode":"bus","color":"#0059a9","colorDark":"#00294f","band":2,"off":[0,3.1]}},{"type":"Feature","geometry":{"type":"Point","coordinates":[23.740395,37.872888]},"properties":{"line":"Α3","mode":"bus","color":"#0059a9","colorDark":"#00294f","band":2,"off":[3.4,3.1]}},{"type":"Feature","geometry":{"type":"Point","coordinates":[23.83763,37.848505]},"properties":{"name":"Κιτσι","band":2,"modes":"bus","arr":["115","116"],"off":[0,-0.8]}},{"type":"Feature","geometry":{"type":"Point","coordinates":[23.83763,37.848505]},"properties":{"line":"115","mode":"bus","color":"#0059a9","colorDark":"#00294f","band":2,"off":[-1.7,1.1]}},{"type":"Feature","geometry":{"type":"Point","coordinates":[23.83763,37.848505]},"properties":{"line":"116","mode":"bus","color":"#0059a9","colorDark":"#00294f","band":2,"off":[1.7,1.1]}},{"type":"Feature","geometry":{"type":"Point","coordinates":[23.820233,37.833784]},"properties":{"name":"Βάρη","band":2,"modes":"bus","arr":["117"],"off":[0,-0.8]}},{"type":"Feature","geometry":{"type":"Point","coordinates":[23.820233,37.833784]},"properties":{"line":"117","mode":"bus","color":"#0059a9","colorDark":"#00294f","band":2,"off":[0,1.1]}},{"type":"Feature","geometry":{"type":"Point","coordinates":[23.897074,37.913347]},"properties":{"name":"Προαστιακός 2","band":2,"modes":"bus","arr":["120","307","308","309","309Β","311","330"],"off":[0,-0.8]}},{"type":"Feature","geometry":{"type":"Point","coordinates":[23.897074,37.913347]},"properties":{"line":"120","mode":"bus","color":"#0059a9","colorDark":"#00294f","band":2,"off":[-6.8,1.1]}},{"type":"Feature","geometry":{"type":"Point","coordinates":[23.897074,37.913347]},"properties":{"line":"307","mode":"bus","color":"#0059a9","colorDark":"#00294f","band":2,"off":[-3.4,1.1]}},{"type":"Feature","geometry":{"type":"Point","coordinates":[23.897074,37.913347]},"properties":{"line":"308","mode":"bus","color":"#0059a9","colorDark":"#00294f","band":2,"off":[0,1.1]}},{"type":"Feature","geometry":{"type":"Point","coordinates":[23.897074,37.913347]},"properties":{"line":"309","mode":"bus","color":"#0059a9","colorDark":"#00294f","band":2,"off":[3.4,1.1]}},{"type":"Feature","geometry":{"type":"Point","coordinates":[23.897074,37.913347]},"properties":{"line":"309Β","mode":"bus","color":"#0059a9","colorDark":"#00294f","band":2,"off":[6.8,1.1]}},{"type":"Feature","geometry":{"type":"Point","coordinates":[23.897074,37.913347]},"properties":{"line":"311","mode":"bus","color":"#0059a9","colorDark":"#00294f","band":2,"off":[-1.7,3.1]}},{"type":"Feature","geometry":{"type":"Point","coordinates":[23.897074,37.913347]},"properties":{"line":"330","mode":"bus","color":"#0059a9","colorDark":"#00294f","band":2,"off":[1.7,3.1]}},{"type":"Feature","geometry":{"type":"Point","coordinates":[23.745007,37.908304]},"properties":{"name":"Αφετηρία 122","band":2,"modes":"bus","arr":["122"],"off":[0,-0.8]}},{"type":"Feature","geometry":{"type":"Point","coordinates":[23.745007,37.908304]},"properties":{"line":"122","mode":"bus","color":"#0059a9","colorDark":"#00294f","band":2,"off":[0,1.1]}},{"type":"Feature","geometry":{"type":"Point","coordinates":[23.913991,37.748651]},"properties":{"name":"Σαρωνίδα 122- 123","band":2,"modes":"bus","arr":["122","123"],"off":[0,-0.8]}},{"type":"Feature","geometry":{"type":"Point","coordinates":[23.913991,37.748651]},"properties":{"line":"122","mode":"bus","color":"#0059a9","colorDark":"#00294f","band":2,"off":[-1.7,1.1]}},{"type":"Feature","geometry":{"type":"Point","coordinates":[23.913991,37.748651]},"properties":{"line":"123","mode":"bus","color":"#0059a9","colorDark":"#00294f","band":2,"off":[1.7,1.1]}},{"type":"Feature","geometry":{"type":"Point","coordinates":[23.813726,37.822063]},"properties":{"name":"Βάρκιζα","band":2,"modes":"bus","arr":["122Θ","171"],"off":[0,-0.8]}},{"type":"Feature","geometry":{"type":"Point","coordinates":[23.813726,37.822063]},"properties":{"line":"122Θ","mode":"bus","color":"#0059a9","colorDark":"#00294f","band":2,"off":[-1.7,1.1]}},{"type":"Feature","geometry":{"type":"Point","coordinates":[23.813726,37.822063]},"properties":{"line":"171","mode":"bus","color":"#0059a9","colorDark":"#00294f","band":2,"off":[1.7,1.1]}},{"type":"Feature","geometry":{"type":"Point","coordinates":[23.719116,37.932378]},"properties":{"name":"Αμ/σιο Αγ. Δημητρίου","band":2,"modes":"bus","arr":["131"],"off":[0,-0.8]}},{"type":"Feature","geometry":{"type":"Point","coordinates":[23.719116,37.932378]},"properties":{"line":"131","mode":"bus","color":"#0059a9","colorDark":"#00294f","band":2,"off":[0,1.1]}},{"type":"Feature","geometry":{"type":"Point","coordinates":[23.715008,37.933519]},"properties":{"name":"Άνω Νέα Σμύρνη","band":2,"modes":"bus","arr":["136","137"],"off":[0,-0.8]}},{"type":"Feature","geometry":{"type":"Point","coordinates":[23.715008,37.933519]},"properties":{"line":"136","mode":"bus","color":"#0059a9","colorDark":"#00294f","band":2,"off":[-1.7,1.1]}},{"type":"Feature","geometry":{"type":"Point","coordinates":[23.715008,37.933519]},"properties":{"line":"137","mode":"bus","color":"#0059a9","colorDark":"#00294f","band":2,"off":[1.7,1.1]}},{"type":"Feature","geometry":{"type":"Point","coordinates":[23.746591,37.863412]},"properties":{"name":"Πλ. Γλυφάδας","band":2,"modes":"bus","arr":["140","790"],"off":[0,-0.8]}},{"type":"Feature","geometry":{"type":"Point","coordinates":[23.746591,37.863412]},"properties":{"name":"Γλυφάδα","band":2,"modes":"bus","arr":["140","790"],"off":[0,-1.9]}},{"type":"Feature","geometry":{"type":"Point","coordinates":[23.746591,37.863412]},"properties":{"line":"140","mode":"bus","color":"#0059a9","colorDark":"#00294f","band":2,"off":[-1.7,1.1]}},{"type":"Feature","geometry":{"type":"Point","coordinates":[23.746591,37.863412]},"properties":{"line":"790","mode":"bus","color":"#0059a9","colorDark":"#00294f","band":2,"off":[1.7,1.1]}},{"type":"Feature","geometry":{"type":"Point","coordinates":[23.74512,37.996475]},"properties":{"name":"Πολύγωνο","band":2,"modes":"bus","arr":["140"],"off":[0,-0.8]}},{"type":"Feature","geometry":{"type":"Point","coordinates":[23.74512,37.996475]},"properties":{"line":"140","mode":"bus","color":"#0059a9","colorDark":"#00294f","band":2,"off":[0,1.1]}},{"type":"Feature","geometry":{"type":"Point","coordinates":[23.736941,37.948997]},"properties":{"name":"Στ. Δάφνη","band":2,"modes":"bus","arr":["141","212","217","218","219","229","816"],"off":[0,-0.8]}},{"type":"Feature","geometry":{"type":"Point","coordinates":[23.736941,37.948997]},"properties":{"name":"Αγ. Δημήτριος (Στ. Δάφνη)","band":2,"modes":"bus","arr":["141","212","217","218","219","229","816"],"off":[0,-1.9]}},{"type":"Feature","geometry":{"type":"Point","coordinates":[23.736941,37.948997]},"properties":{"line":"141","mode":"bus","color":"#0059a9","colorDark":"#00294f","band":2,"off":[-6.8,1.1]}},{"type":"Feature","geometry":{"type":"Point","coordinates":[23.736941,37.948997]},"properties":{"line":"212","mode":"bus","color":"#0059a9","colorDark":"#00294f","band":2,"off":[-3.4,1.1]}},{"type":"Feature","geometry":{"type":"Point","coordinates":[23.736941,37.948997]},"properties":{"line":"217","mode":"bus","color":"#0059a9","colorDark":"#00294f","band":2,"off":[0,1.1]}},{"type":"Feature","geometry":{"type":"Point","coordinates":[23.736941,37.948997]},"properties":{"line":"218","mode":"bus","color":"#0059a9","colorDark":"#00294f","band":2,"off":[3.4,1.1]}},{"type":"Feature","geometry":{"type":"Point","coordinates":[23.736941,37.948997]},"properties":{"line":"219","mode":"bus","color":"#0059a9","colorDark":"#00294f","band":2,"off":[6.8,1.1]}},{"type":"Feature","geometry":{"type":"Point","coordinates":[23.736941,37.948997]},"properties":{"line":"229","mode":"bus","color":"#0059a9","colorDark":"#00294f","band":2,"off":[-1.7,3.1]}},{"type":"Feature","geometry":{"type":"Point","coordinates":[23.736941,37.948997]},"properties":{"line":"816","mode":"bus","color":"#0059a9","colorDark":"#00294f","band":2,"off":[1.7,3.1]}},{"type":"Feature","geometry":{"type":"Point","coordinates":[23.746158,37.902901]},"properties":{"name":"Στ. Αργυρούπολη","band":2,"modes":"bus","arr":["142"],"off":[0,-0.8]}},{"type":"Feature","geometry":{"type":"Point","coordinates":[23.746158,37.902901]},"properties":{"line":"142","mode":"bus","color":"#0059a9","colorDark":"#00294f","band":2,"off":[0,1.1]}},{"type":"Feature","geometry":{"type":"Point","coordinates":[23.778347,37.854163]},"properties":{"name":"Άνω Βούλα","band":2,"modes":"bus","arr":["154"],"off":[0,-0.8]}},{"type":"Feature","geometry":{"type":"Point","coordinates":[23.778347,37.854163]},"properties":{"line":"154","mode":"bus","color":"#0059a9","colorDark":"#00294f","band":2,"off":[0,1.1]}},{"type":"Feature","geometry":{"type":"Point","coordinates":[23.76955,37.835729]},"properties":{"name":"Βούλα","band":2,"modes":"bus","arr":["162","Α1","Α2"],"off":[0,-0.8]}},{"type":"Feature","geometry":{"type":"Point","coordinates":[23.76955,37.835729]},"properties":{"line":"162","mode":"bus","color":"#0059a9","colorDark":"#00294f","band":2,"off":[-3.4,1.1]}},{"type":"Feature","geometry":{"type":"Point","coordinates":[23.76955,37.835729]},"properties":{"line":"Α1","mode":"bus","color":"#0059a9","colorDark":"#00294f","band":2,"off":[0,1.1]}},{"type":"Feature","geometry":{"type":"Point","coordinates":[23.76955,37.835729]},"properties":{"line":"Α2","mode":"bus","color":"#0059a9","colorDark":"#00294f","band":2,"off":[3.4,1.1]}},{"type":"Feature","geometry":{"type":"Point","coordinates":[23.777455,37.89027]},"properties":{"name":"Άνω Γλυφάδα","band":2,"modes":"bus","arr":["164","Β1"],"off":[0,-0.8]}},{"type":"Feature","geometry":{"type":"Point","coordinates":[23.777455,37.89027]},"properties":{"line":"164","mode":"bus","color":"#0059a9","colorDark":"#00294f","band":2,"off":[-1.7,1.1]}},{"type":"Feature","geometry":{"type":"Point","coordinates":[23.777455,37.89027]},"properties":{"line":"Β1","mode":"bus","color":"#0059a9","colorDark":"#00294f","band":2,"off":[1.7,1.1]}},{"type":"Feature","geometry":{"type":"Point","coordinates":[23.769011,37.943098]},"properties":{"name":"Καρέας","band":2,"modes":"bus","arr":["203"],"off":[0,-0.8]}},{"type":"Feature","geometry":{"type":"Point","coordinates":[23.769011,37.943098]},"properties":{"line":"203","mode":"bus","color":"#0059a9","colorDark":"#00294f","band":2,"off":[0,1.1]}},{"type":"Feature","geometry":{"type":"Point","coordinates":[23.779061,37.954588]},"properties":{"name":"Στρ. Σακέτα","band":2,"modes":"bus","arr":["204"],"off":[0,-0.8]}},{"type":"Feature","geometry":{"type":"Point","coordinates":[23.779061,37.954588]},"properties":{"line":"204","mode":"bus","color":"#0059a9","colorDark":"#00294f","band":2,"off":[0,1.1]}},{"type":"Feature","geometry":{"type":"Point","coordinates":[23.776775,37.951297]},"properties":{"name":"Εκεμς","band":2,"modes":"bus","arr":["204Β"],"off":[0,-0.8]}},{"type":"Feature","geometry":{"type":"Point","coordinates":[23.776775,37.951297]},"properties":{"line":"204Β","mode":"bus","color":"#0059a9","colorDark":"#00294f","band":2,"off":[0,1.1]}},{"type":"Feature","geometry":{"type":"Point","coordinates":[23.764491,37.935062]},"properties":{"name":"Αγ. Μαρίνα","band":2,"modes":"bus","arr":["206","212"],"off":[0,-0.8]}},{"type":"Feature","geometry":{"type":"Point","coordinates":[23.764491,37.935062]},"properties":{"line":"206","mode":"bus","color":"#0059a9","colorDark":"#00294f","band":2,"off":[-1.7,1.1]}},{"type":"Feature","geometry":{"type":"Point","coordinates":[23.764491,37.935062]},"properties":{"line":"212","mode":"bus","color":"#0059a9","colorDark":"#00294f","band":2,"off":[1.7,1.1]}},{"type":"Feature","geometry":{"type":"Point","coordinates":[23.752499,37.950257]},"properties":{"name":"Μεταμόρφωση","band":2,"modes":"bus","arr":["209","211"],"off":[0,-0.8]}},{"type":"Feature","geometry":{"type":"Point","coordinates":[23.752499,37.950257]},"properties":{"line":"209","mode":"bus","color":"#0059a9","colorDark":"#00294f","band":2,"off":[-1.7,1.1]}},{"type":"Feature","geometry":{"type":"Point","coordinates":[23.752499,37.950257]},"properties":{"line":"211","mode":"bus","color":"#0059a9","colorDark":"#00294f","band":2,"off":[1.7,1.1]}},{"type":"Feature","geometry":{"type":"Point","coordinates":[23.69682,37.95968]},"properties":{"name":"Στ. Καλλιθέα","band":2,"modes":"bus","arr":["219","911","911Α"],"off":[0,-0.8]}},{"type":"Feature","geometry":{"type":"Point","coordinates":[23.69682,37.95968]},"properties":{"line":"219","mode":"bus","color":"#0059a9","colorDark":"#00294f","band":2,"off":[-3.4,1.1]}},{"type":"Feature","geometry":{"type":"Point","coordinates":[23.69682,37.95968]},"properties":{"line":"911","mode":"bus","color":"#0059a9","colorDark":"#00294f","band":2,"off":[0,1.1]}},{"type":"Feature","geometry":{"type":"Point","coordinates":[23.69682,37.95968]},"properties":{"line":"911Α","mode":"bus","color":"#0059a9","colorDark":"#00294f","band":2,"off":[3.4,1.1]}},{"type":"Feature","geometry":{"type":"Point","coordinates":[23.775849,37.969638]},"properties":{"name":"Πανεπιστημιούπολη","band":2,"modes":"bus","arr":["220","221","235","Ε90"],"off":[0,-0.8]}},{"type":"Feature","geometry":{"type":"Point","coordinates":[23.775849,37.969638]},"properties":{"name":"Ζωγράφου","band":2,"modes":"bus","arr":["220","221","235","Ε90"],"off":[0,-1.9]}},{"type":"Feature","geometry":{"type":"Point","coordinates":[23.775849,37.969638]},"properties":{"line":"220","mode":"bus","color":"#0059a9","colorDark":"#00294f","band":2,"off":[-5.1,1.1]}},{"type":"Feature","geometry":{"type":"Point","coordinates":[23.775849,37.969638]},"properties":{"line":"221","mode":"bus","color":"#0059a9","colorDark":"#00294f","band":2,"off":[-1.7,1.1]}},{"type":"Feature","geometry":{"type":"Point","coordinates":[23.775849,37.969638]},"properties":{"line":"235","mode":"bus","color":"#0059a9","colorDark":"#00294f","band":2,"off":[1.7,1.1]}},{"type":"Feature","geometry":{"type":"Point","coordinates":[23.775849,37.969638]},"properties":{"line":"Ε90","mode":"bus","color":"#0059a9","colorDark":"#00294f","band":2,"off":[5.1,1.1]}},{"type":"Feature","geometry":{"type":"Point","coordinates":[23.776419,37.964794]},"properties":{"name":"Καισαριανή","band":2,"modes":"bus","arr":["224"],"off":[0,-0.8]}},{"type":"Feature","geometry":{"type":"Point","coordinates":[23.776419,37.964794]},"properties":{"line":"224","mode":"bus","color":"#0059a9","colorDark":"#00294f","band":2,"off":[0,1.1]}},{"type":"Feature","geometry":{"type":"Point","coordinates":[23.757807,37.9981]},"properties":{"name":"Τέρμα Ελ. Βενιζέλου","band":2,"modes":"bus","arr":["224"],"off":[0,-0.8]}},{"type":"Feature","geometry":{"type":"Point","coordinates":[23.757807,37.9981]},"properties":{"line":"224","mode":"bus","color":"#0059a9","colorDark":"#00294f","band":2,"off":[0,1.1]}},{"type":"Feature","geometry":{"type":"Point","coordinates":[23.709331,37.963619]},"properties":{"name":"Άνω Πετράλωνα","band":2,"modes":"bus","arr":["227"],"off":[0,-0.8]}},{"type":"Feature","geometry":{"type":"Point","coordinates":[23.709331,37.963619]},"properties":{"line":"227","mode":"bus","color":"#0059a9","colorDark":"#00294f","band":2,"off":[0,1.1]}},{"type":"Feature","geometry":{"type":"Point","coordinates":[23.749152,37.960154]},"properties":{"name":"Αγ. Αρτέμιος","band":2,"modes":"bus","arr":["227"],"off":[0,-0.8]}},{"type":"Feature","geometry":{"type":"Point","coordinates":[23.749152,37.960154]},"properties":{"line":"227","mode":"bus","color":"#0059a9","colorDark":"#00294f","band":2,"off":[0,1.1]}},{"type":"Feature","geometry":{"type":"Point","coordinates":[23.78142,37.972665]},"properties":{"name":"Ζωγράφου","band":2,"modes":"bus","arr":["230"],"off":[0,-0.8]}},{"type":"Feature","geometry":{"type":"Point","coordinates":[23.78142,37.972665]},"properties":{"line":"230","mode":"bus","color":"#0059a9","colorDark":"#00294f","band":2,"off":[0,1.1]}},{"type":"Feature","geometry":{"type":"Point","coordinates":[23.722446,37.969956]},"properties":{"name":"Ακρόπολη","band":2,"modes":"bus","arr":["230"],"off":[0,-0.8]}},{"type":"Feature","geometry":{"type":"Point","coordinates":[23.722446,37.969956]},"properties":{"line":"230","mode":"bus","color":"#0059a9","colorDark":"#00294f","band":2,"off":[0,1.1]}},{"type":"Feature","geometry":{"type":"Point","coordinates":[23.760664,37.92348]},"properties":{"name":"Άνω Ηλιούπολη","band":2,"modes":"bus","arr":["237"],"off":[0,-0.8]}},{"type":"Feature","geometry":{"type":"Point","coordinates":[23.760664,37.92348]},"properties":{"line":"237","mode":"bus","color":"#0059a9","colorDark":"#00294f","band":2,"off":[0,1.1]}},{"type":"Feature","geometry":{"type":"Point","coordinates":[23.760109,37.971734]},"properties":{"name":"Πανεπιστημιούπολη","band":2,"modes":"bus","arr":["250"],"off":[0,-0.8]}},{"type":"Feature","geometry":{"type":"Point","coordinates":[23.760109,37.971734]},"properties":{"line":"250","mode":"bus","color":"#0059a9","colorDark":"#00294f","band":2,"off":[0,1.1]}},{"type":"Feature","geometry":{"type":"Point","coordinates":[23.834265,38.023745]},"properties":{"name":"Στ. Δουκ. Πλακεντίας","band":2,"modes":"bus","arr":["301","301Β","302","306","307","314","319","400","407","411"],"off":[0,-0.8]}},{"type":"Feature","geometry":{"type":"Point","coordinates":[23.834265,38.023745]},"properties":{"line":"301","mode":"bus","color":"#0059a9","colorDark":"#00294f","band":2,"off":[-6.8,1.1]}},{"type":"Feature","geometry":{"type":"Point","coordinates":[23.834265,38.023745]},"properties":{"line":"301Β","mode":"bus","color":"#0059a9","colorDark":"#00294f","band":2,"off":[-3.4,1.1]}},{"type":"Feature","geometry":{"type":"Point","coordinates":[23.834265,38.023745]},"properties":{"line":"302","mode":"bus","color":"#0059a9","colorDark":"#00294f","band":2,"off":[0,1.1]}},{"type":"Feature","geometry":{"type":"Point","coordinates":[23.834265,38.023745]},"properties":{"line":"306","mode":"bus","color":"#0059a9","colorDark":"#00294f","band":2,"off":[3.4,1.1]}},{"type":"Feature","geometry":{"type":"Point","coordinates":[23.834265,38.023745]},"properties":{"line":"307","mode":"bus","color":"#0059a9","colorDark":"#00294f","band":2,"off":[6.8,1.1]}},{"type":"Feature","geometry":{"type":"Point","coordinates":[23.834265,38.023745]},"properties":{"line":"314","mode":"bus","color":"#0059a9","colorDark":"#00294f","band":2,"off":[-6.8,3.1]}},{"type":"Feature","geometry":{"type":"Point","coordinates":[23.834265,38.023745]},"properties":{"line":"319","mode":"bus","color":"#0059a9","colorDark":"#00294f","band":2,"off":[-3.4,3.1]}},{"type":"Feature","geometry":{"type":"Point","coordinates":[23.834265,38.023745]},"properties":{"line":"400","mode":"bus","color":"#0059a9","colorDark":"#00294f","band":2,"off":[0,3.1]}},{"type":"Feature","geometry":{"type":"Point","coordinates":[23.834265,38.023745]},"properties":{"line":"407","mode":"bus","color":"#0059a9","colorDark":"#00294f","band":2,"off":[3.4,3.1]}},{"type":"Feature","geometry":{"type":"Point","coordinates":[23.834265,38.023745]},"properties":{"line":"411","mode":"bus","color":"#0059a9","colorDark":"#00294f","band":2,"off":[6.8,3.1]}},{"type":"Feature","geometry":{"type":"Point","coordinates":[24.001613,37.928863]},"properties":{"name":"Άρτεμις","band":2,"modes":"bus","arr":["304"],"off":[0,-0.8]}},{"type":"Feature","geometry":{"type":"Point","coordinates":[24.001613,37.928863]},"properties":{"line":"304","mode":"bus","color":"#0059a9","colorDark":"#00294f","band":2,"off":[0,1.1]}},{"type":"Feature","geometry":{"type":"Point","coordinates":[23.806244,38.00984]},"properties":{"name":"Στ. Νομισματοκοπείο","band":2,"modes":"bus","arr":["304","305","308","316"],"off":[0,-0.8]}},{"type":"Feature","geometry":{"type":"Point","coordinates":[23.806244,38.00984]},"properties":{"line":"304","mode":"bus","color":"#0059a9","colorDark":"#00294f","band":2,"off":[-5.1,1.1]}},{"type":"Feature","geometry":{"type":"Point","coordinates":[23.806244,38.00984]},"properties":{"line":"305","mode":"bus","color":"#0059a9","colorDark":"#00294f","band":2,"off":[-1.7,1.1]}},{"type":"Feature","geometry":{"type":"Point","coordinates":[23.806244,38.00984]},"properties":{"line":"308","mode":"bus","color":"#0059a9","colorDark":"#00294f","band":2,"off":[1.7,1.1]}},{"type":"Feature","geometry":{"type":"Point","coordinates":[23.806244,38.00984]},"properties":{"line":"316","mode":"bus","color":"#0059a9","colorDark":"#00294f","band":2,"off":[5.1,1.1]}},{"type":"Feature","geometry":{"type":"Point","coordinates":[24.020525,37.990537]},"properties":{"name":"Άρτεμις (Αγ. Νικόλαος)","band":2,"modes":"bus","arr":["305","316","323"],"off":[0,-0.8]}},{"type":"Feature","geometry":{"type":"Point","coordinates":[24.020525,37.990537]},"properties":{"line":"305","mode":"bus","color":"#0059a9","colorDark":"#00294f","band":2,"off":[-3.4,1.1]}},{"type":"Feature","geometry":{"type":"Point","coordinates":[24.020525,37.990537]},"properties":{"line":"316","mode":"bus","color":"#0059a9","colorDark":"#00294f","band":2,"off":[0,1.1]}},{"type":"Feature","geometry":{"type":"Point","coordinates":[24.020525,37.990537]},"properties":{"line":"323","mode":"bus","color":"#0059a9","colorDark":"#00294f","band":2,"off":[3.4,1.1]}},{"type":"Feature","geometry":{"type":"Point","coordinates":[23.960461,38.161876]},"properties":{"name":"Μαραθώνας 3","band":2,"modes":"bus","arr":["310"],"off":[0,-0.8]}},{"type":"Feature","geometry":{"type":"Point","coordinates":[23.960461,38.161876]},"properties":{"line":"310","mode":"bus","color":"#0059a9","colorDark":"#00294f","band":2,"off":[0,1.1]}},{"type":"Feature","geometry":{"type":"Point","coordinates":[23.982948,38.034007]},"properties":{"name":"Ραφήνα Τέρμα 314","band":2,"modes":"bus","arr":["314"],"off":[0,-0.8]}},{"type":"Feature","geometry":{"type":"Point","coordinates":[23.982948,38.034007]},"properties":{"line":"314","mode":"bus","color":"#0059a9","colorDark":"#00294f","band":2,"off":[0,1.1]}},{"type":"Feature","geometry":{"type":"Point","coordinates":[23.891112,38.044582]},"properties":{"name":"Αφετηρία 324","band":2,"modes":"bus","arr":["324"],"off":[0,-0.8]}},{"type":"Feature","geometry":{"type":"Point","coordinates":[23.891112,38.044582]},"properties":{"line":"324","mode":"bus","color":"#0059a9","colorDark":"#00294f","band":2,"off":[0,1.1]}},{"type":"Feature","geometry":{"type":"Point","coordinates":[23.872771,37.981486]},"properties":{"name":"Αφετηρία 326","band":2,"modes":"bus","arr":["326"],"off":[0,-0.8]}},{"type":"Feature","geometry":{"type":"Point","coordinates":[23.872771,37.981486]},"properties":{"line":"326","mode":"bus","color":"#0059a9","colorDark":"#00294f","band":2,"off":[0,1.1]}},{"type":"Feature","geometry":{"type":"Point","coordinates":[23.813824,38.033936]},"properties":{"name":"Πολύδροσο","band":2,"modes":"bus","arr":["402"],"off":[0,-0.8]}},{"type":"Feature","geometry":{"type":"Point","coordinates":[23.813824,38.033936]},"properties":{"line":"402","mode":"bus","color":"#0059a9","colorDark":"#00294f","band":2,"off":[0,1.1]}},{"type":"Feature","geometry":{"type":"Point","coordinates":[23.843717,38.021118]},"properties":{"name":"Πευκάκια Αγ. Παρασκευής","band":2,"modes":"bus","arr":["406"],"off":[0,-0.8]}},{"type":"Feature","geometry":{"type":"Point","coordinates":[23.843717,38.021118]},"properties":{"line":"406","mode":"bus","color":"#0059a9","colorDark":"#00294f","band":2,"off":[0,1.1]}},{"type":"Feature","geometry":{"type":"Point","coordinates":[23.795646,37.979339]},"properties":{"name":"Παπάγου","band":2,"modes":"bus","arr":["409"],"off":[0,-0.8]}},{"type":"Feature","geometry":{"type":"Point","coordinates":[23.795646,37.979339]},"properties":{"line":"409","mode":"bus","color":"#0059a9","colorDark":"#00294f","band":2,"off":[0,1.1]}},{"type":"Feature","geometry":{"type":"Point","coordinates":[23.792487,38.038504]},"properties":{"name":"Μαρούσι","band":2,"modes":"bus","arr":["410","Α8"],"off":[0,-0.8]}},{"type":"Feature","geometry":{"type":"Point","coordinates":[23.792487,38.038504]},"properties":{"line":"410","mode":"bus","color":"#0059a9","colorDark":"#00294f","band":2,"off":[-1.7,1.1]}},{"type":"Feature","geometry":{"type":"Point","coordinates":[23.792487,38.038504]},"properties":{"line":"Α8","mode":"bus","color":"#0059a9","colorDark":"#00294f","band":2,"off":[1.7,1.1]}},{"type":"Feature","geometry":{"type":"Point","coordinates":[23.785639,37.999805]},"properties":{"name":"Εθν.Άμυνα 418","band":2,"modes":"bus","arr":["416","418"],"off":[0,-0.8]}},{"type":"Feature","geometry":{"type":"Point","coordinates":[23.785639,37.999805]},"properties":{"name":"Εθν. Άμυνα","band":2,"modes":"bus","arr":["416","418"],"off":[0,-1.9]}},{"type":"Feature","geometry":{"type":"Point","coordinates":[23.785639,37.999805]},"properties":{"line":"416","mode":"bus","color":"#0059a9","colorDark":"#00294f","band":2,"off":[-1.7,1.1]}},{"type":"Feature","geometry":{"type":"Point","coordinates":[23.785639,37.999805]},"properties":{"line":"418","mode":"bus","color":"#0059a9","colorDark":"#00294f","band":2,"off":[1.7,1.1]}},{"type":"Feature","geometry":{"type":"Point","coordinates":[23.62287,37.942429]},"properties":{"name":"Πειραιάς Δραπετσώνα Χ96","band":2,"modes":"bus","arr":["420","703","Χ96"],"off":[0,-0.8]}},{"type":"Feature","geometry":{"type":"Point","coordinates":[23.62287,37.942429]},"properties":{"name":"Ακτή Βασιλειάδη","band":2,"modes":"bus","arr":["420","703","Χ96"],"off":[0,-3]}},{"type":"Feature","geometry":{"type":"Point","coordinates":[23.62287,37.942429]},"properties":{"line":"420","mode":"bus","color":"#0059a9","colorDark":"#00294f","band":2,"off":[-3.4,1.1]}},{"type":"Feature","geometry":{"type":"Point","coordinates":[23.62287,37.942429]},"properties":{"line":"703","mode":"bus","color":"#0059a9","colorDark":"#00294f","band":2,"off":[0,1.1]}},{"type":"Feature","geometry":{"type":"Point","coordinates":[23.62287,37.942429]},"properties":{"line":"Χ96","mode":"bus","color":"#0059a9","colorDark":"#00294f","band":2,"off":[3.4,1.1]}},{"type":"Feature","geometry":{"type":"Point","coordinates":[23.717792,38.03579]},"properties":{"name":"Αγ. Ανάργυροι","band":2,"modes":"bus","arr":["420","421"],"off":[0,-0.8]}},{"type":"Feature","geometry":{"type":"Point","coordinates":[23.717792,38.03579]},"properties":{"line":"420","mode":"bus","color":"#0059a9","colorDark":"#00294f","band":2,"off":[-1.7,1.1]}},{"type":"Feature","geometry":{"type":"Point","coordinates":[23.717792,38.03579]},"properties":{"line":"421","mode":"bus","color":"#0059a9","colorDark":"#00294f","band":2,"off":[1.7,1.1]}},{"type":"Feature","geometry":{"type":"Point","coordinates":[23.821831,38.013409]},"properties":{"name":"Αγ. Παρασκευή","band":2,"modes":"bus","arr":["421"],"off":[0,-0.8]}},{"type":"Feature","geometry":{"type":"Point","coordinates":[23.821831,38.013409]},"properties":{"line":"421","mode":"bus","color":"#0059a9","colorDark":"#00294f","band":2,"off":[0,1.1]}},{"type":"Feature","geometry":{"type":"Point","coordinates":[23.784663,38.04237]},"properties":{"name":"Στ. Ειρήνη","band":2,"modes":"bus","arr":["444"],"off":[0,-0.8]}},{"type":"Feature","geometry":{"type":"Point","coordinates":[23.784663,38.04237]},"properties":{"line":"444","mode":"bus","color":"#0059a9","colorDark":"#00294f","band":2,"off":[0,1.1]}},{"type":"Feature","geometry":{"type":"Point","coordinates":[23.79885,38.058139]},"properties":{"name":"Στ. Αμαρουσίου","band":2,"modes":"bus","arr":["446"],"off":[0,-0.8]}},{"type":"Feature","geometry":{"type":"Point","coordinates":[23.79885,38.058139]},"properties":{"line":"446","mode":"bus","color":"#0059a9","colorDark":"#00294f","band":2,"off":[0,1.1]}},{"type":"Feature","geometry":{"type":"Point","coordinates":[23.874559,38.059416]},"properties":{"name":"Π. Πεντέλη - Νοσοκομείο","band":2,"modes":"bus","arr":["446","460"],"off":[0,-0.8]}},{"type":"Feature","geometry":{"type":"Point","coordinates":[23.874559,38.059416]},"properties":{"line":"446","mode":"bus","color":"#0059a9","colorDark":"#00294f","band":2,"off":[-1.7,1.1]}},{"type":"Feature","geometry":{"type":"Point","coordinates":[23.874559,38.059416]},"properties":{"line":"460","mode":"bus","color":"#0059a9","colorDark":"#00294f","band":2,"off":[1.7,1.1]}},{"type":"Feature","geometry":{"type":"Point","coordinates":[23.847166,38.048013]},"properties":{"name":"Άνω Βριλήσσια","band":2,"modes":"bus","arr":["447"],"off":[0,-0.8]}},{"type":"Feature","geometry":{"type":"Point","coordinates":[23.847166,38.048013]},"properties":{"line":"447","mode":"bus","color":"#0059a9","colorDark":"#00294f","band":2,"off":[0,1.1]}},{"type":"Feature","geometry":{"type":"Point","coordinates":[23.858631,38.064153]},"properties":{"name":"Ν. Πεντέλη - Πλ.Αγ.Σίλα","band":2,"modes":"bus","arr":["450","530"],"off":[0,-0.8]}},{"type":"Feature","geometry":{"type":"Point","coordinates":[23.858631,38.064153]},"properties":{"line":"450","mode":"bus","color":"#0059a9","colorDark":"#00294f","band":2,"off":[-1.7,1.1]}},{"type":"Feature","geometry":{"type":"Point","coordinates":[23.858631,38.064153]},"properties":{"line":"530","mode":"bus","color":"#0059a9","colorDark":"#00294f","band":2,"off":[1.7,1.1]}},{"type":"Feature","geometry":{"type":"Point","coordinates":[23.809406,38.072904]},"properties":{"name":"Στ. Κηφισίας","band":2,"modes":"bus,metro","arr":["500","522","523","524","526","530","550","560","M1","Α7","Χ14"],"off":[0,-0.8]}},{"type":"Feature","geometry":{"type":"Point","coordinates":[23.809406,38.072904]},"properties":{"name":"Πλ. Πλατάνου","band":2,"modes":"bus,metro","arr":["500","522","523","524","526","530","550","560","M1","Α7","Χ14"],"off":[0,-1.9]}},{"type":"Feature","geometry":{"type":"Point","coordinates":[23.809406,38.072904]},"properties":{"name":"Κηφισιά","band":2,"modes":"bus,metro","arr":["500","522","523","524","526","530","550","560","M1","Α7","Χ14"],"off":[0,-3]}},{"type":"Feature","geometry":{"type":"Point","coordinates":[23.809406,38.072904]},"properties":{"line":"500","mode":"bus","color":"#0059a9","colorDark":"#00294f","band":2,"off":[-6.8,1.1]}},{"type":"Feature","geometry":{"type":"Point","coordinates":[23.809406,38.072904]},"properties":{"line":"522","mode":"bus","color":"#0059a9","colorDark":"#00294f","band":2,"off":[-3.4,1.1]}},{"type":"Feature","geometry":{"type":"Point","coordinates":[23.809406,38.072904]},"properties":{"line":"523","mode":"bus","color":"#0059a9","colorDark":"#00294f","band":2,"off":[0,1.1]}},{"type":"Feature","geometry":{"type":"Point","coordinates":[23.809406,38.072904]},"properties":{"line":"524","mode":"bus","color":"#0059a9","colorDark":"#00294f","band":2,"off":[3.4,1.1]}},{"type":"Feature","geometry":{"type":"Point","coordinates":[23.809406,38.072904]},"properties":{"line":"526","mode":"bus","color":"#0059a9","colorDark":"#00294f","band":2,"off":[6.8,1.1]}},{"type":"Feature","geometry":{"type":"Point","coordinates":[23.809406,38.072904]},"properties":{"line":"530","mode":"bus","color":"#0059a9","colorDark":"#00294f","band":2,"off":[-6.8,3.1]}},{"type":"Feature","geometry":{"type":"Point","coordinates":[23.809406,38.072904]},"properties":{"line":"550","mode":"bus","color":"#0059a9","colorDark":"#00294f","band":2,"off":[-3.4,3.1]}},{"type":"Feature","geometry":{"type":"Point","coordinates":[23.809406,38.072904]},"properties":{"line":"560","mode":"bus","color":"#0059a9","colorDark":"#00294f","band":2,"off":[0,3.1]}},{"type":"Feature","geometry":{"type":"Point","coordinates":[23.809406,38.072904]},"properties":{"line":"M1","mode":"tram","color":"#009550","colorDark":"#00512b","band":2,"off":[3.4,3.1]}},{"type":"Feature","geometry":{"type":"Point","coordinates":[23.809406,38.072904]},"properties":{"line":"Α7","mode":"bus","color":"#0059a9","colorDark":"#00294f","band":2,"off":[6.8,3.1]}},{"type":"Feature","geometry":{"type":"Point","coordinates":[23.809406,38.072904]},"properties":{"line":"Χ14","mode":"bus","color":"#0059a9","colorDark":"#00294f","band":2,"off":[0,5.1]}},{"type":"Feature","geometry":{"type":"Point","coordinates":[23.789339,38.067925]},"properties":{"name":"Πεύκη","band":2,"modes":"bus","arr":["501","527"],"off":[0,-0.8]}},{"type":"Feature","geometry":{"type":"Point","coordinates":[23.789339,38.067925]},"properties":{"line":"501","mode":"bus","color":"#0059a9","colorDark":"#00294f","band":2,"off":[-1.7,1.1]}},{"type":"Feature","geometry":{"type":"Point","coordinates":[23.789339,38.067925]},"properties":{"line":"527","mode":"bus","color":"#0059a9","colorDark":"#00294f","band":2,"off":[1.7,1.1]}},{"type":"Feature","geometry":{"type":"Point","coordinates":[23.783291,38.121646]},"properties":{"name":"Βαρυμπόμπη","band":2,"modes":"bus","arr":["503","537"],"off":[0,-0.8]}},{"type":"Feature","geometry":{"type":"Point","coordinates":[23.783291,38.121646]},"properties":{"line":"503","mode":"bus","color":"#0059a9","colorDark":"#00294f","band":2,"off":[-1.7,1.1]}},{"type":"Feature","geometry":{"type":"Point","coordinates":[23.783291,38.121646]},"properties":{"line":"537","mode":"bus","color":"#0059a9","colorDark":"#00294f","band":2,"off":[1.7,1.1]}},{"type":"Feature","geometry":{"type":"Point","coordinates":[23.810001,38.067122]},"properties":{"name":"Ζηρινειο","band":2,"modes":"bus","arr":["503","507","509","509Β","510","535","535Α","536"],"off":[0,-0.8]}},{"type":"Feature","geometry":{"type":"Point","coordinates":[23.810001,38.067122]},"properties":{"line":"503","mode":"bus","color":"#0059a9","colorDark":"#00294f","band":2,"off":[-6.8,1.1]}},{"type":"Feature","geometry":{"type":"Point","coordinates":[23.810001,38.067122]},"properties":{"line":"507","mode":"bus","color":"#0059a9","colorDark":"#00294f","band":2,"off":[-3.4,1.1]}},{"type":"Feature","geometry":{"type":"Point","coordinates":[23.810001,38.067122]},"properties":{"line":"509","mode":"bus","color":"#0059a9","colorDark":"#00294f","band":2,"off":[0,1.1]}},{"type":"Feature","geometry":{"type":"Point","coordinates":[23.810001,38.067122]},"properties":{"line":"509Β","mode":"bus","color":"#0059a9","colorDark":"#00294f","band":2,"off":[3.4,1.1]}},{"type":"Feature","geometry":{"type":"Point","coordinates":[23.810001,38.067122]},"properties":{"line":"510","mode":"bus","color":"#0059a9","colorDark":"#00294f","band":2,"off":[6.8,1.1]}},{"type":"Feature","geometry":{"type":"Point","coordinates":[23.810001,38.067122]},"properties":{"line":"535","mode":"bus","color":"#0059a9","colorDark":"#00294f","band":2,"off":[-3.4,3.1]}},{"type":"Feature","geometry":{"type":"Point","coordinates":[23.810001,38.067122]},"properties":{"line":"535Α","mode":"bus","color":"#0059a9","colorDark":"#00294f","band":2,"off":[0,3.1]}},{"type":"Feature","geometry":{"type":"Point","coordinates":[23.810001,38.067122]},"properties":{"line":"536","mode":"bus","color":"#0059a9","colorDark":"#00294f","band":2,"off":[3.4,3.1]}},{"type":"Feature","geometry":{"type":"Point","coordinates":[23.756587,38.130053]},"properties":{"name":"Θρακομακεδόνες","band":2,"modes":"bus","arr":["504"],"off":[0,-0.8]}},{"type":"Feature","geometry":{"type":"Point","coordinates":[23.756587,38.130053]},"properties":{"line":"504","mode":"bus","color":"#0059a9","colorDark":"#00294f","band":2,"off":[0,1.1]}},{"type":"Feature","geometry":{"type":"Point","coordinates":[23.887115,38.144369]},"properties":{"name":"Σταμάτα","band":2,"modes":"bus","arr":["507"],"off":[0,-0.8]}},{"type":"Feature","geometry":{"type":"Point","coordinates":[23.887115,38.144369]},"properties":{"line":"507","mode":"bus","color":"#0059a9","colorDark":"#00294f","band":2,"off":[0,1.1]}},{"type":"Feature","geometry":{"type":"Point","coordinates":[23.824227,38.138944]},"properties":{"name":"Κρυονέρι","band":2,"modes":"bus","arr":["509"],"off":[0,-0.8]}},{"type":"Feature","geometry":{"type":"Point","coordinates":[23.824227,38.138944]},"properties":{"line":"509","mode":"bus","color":"#0059a9","colorDark":"#00294f","band":2,"off":[0,1.1]}},{"type":"Feature","geometry":{"type":"Point","coordinates":[23.924543,38.222055]},"properties":{"name":"Βαρνάβας","band":2,"modes":"bus","arr":["509Β"],"off":[0,-0.8]}},{"type":"Feature","geometry":{"type":"Point","coordinates":[23.924543,38.222055]},"properties":{"line":"509Β","mode":"bus","color":"#0059a9","colorDark":"#00294f","band":2,"off":[0,1.1]}},{"type":"Feature","geometry":{"type":"Point","coordinates":[23.789361,38.321504]},"properties":{"name":"Σκάλα Ωρωπού","band":2,"modes":"bus","arr":["510"],"off":[0,-0.8]}},{"type":"Feature","geometry":{"type":"Point","coordinates":[23.789361,38.321504]},"properties":{"line":"510","mode":"bus","color":"#0059a9","colorDark":"#00294f","band":2,"off":[0,1.1]}},{"type":"Feature","geometry":{"type":"Point","coordinates":[23.904484,38.092335]},"properties":{"name":"Διόνυσος","band":2,"modes":"bus","arr":["536"],"off":[0,-0.8]}},{"type":"Feature","geometry":{"type":"Point","coordinates":[23.904484,38.092335]},"properties":{"line":"536","mode":"bus","color":"#0059a9","colorDark":"#00294f","band":2,"off":[0,1.1]}},{"type":"Feature","geometry":{"type":"Point","coordinates":[23.731807,38.078254]},"properties":{"name":"Αχαρναί","band":2,"modes":"bus","arr":["537","712","728","733","734","735","752","878","879"],"off":[0,-0.8]}},{"type":"Feature","geometry":{"type":"Point","coordinates":[23.731807,38.078254]},"properties":{"line":"537","mode":"bus","color":"#0059a9","colorDark":"#00294f","band":2,"off":[-6.8,1.1]}},{"type":"Feature","geometry":{"type":"Point","coordinates":[23.731807,38.078254]},"properties":{"line":"712","mode":"bus","color":"#0059a9","colorDark":"#00294f","band":2,"off":[-3.4,1.1]}},{"type":"Feature","geometry":{"type":"Point","coordinates":[23.731807,38.078254]},"properties":{"line":"728","mode":"bus","color":"#0059a9","colorDark":"#00294f","band":2,"off":[0,1.1]}},{"type":"Feature","geometry":{"type":"Point","coordinates":[23.731807,38.078254]},"properties":{"line":"733","mode":"bus","color":"#0059a9","colorDark":"#00294f","band":2,"off":[3.4,1.1]}},{"type":"Feature","geometry":{"type":"Point","coordinates":[23.731807,38.078254]},"properties":{"line":"734","mode":"bus","color":"#0059a9","colorDark":"#00294f","band":2,"off":[6.8,1.1]}},{"type":"Feature","geometry":{"type":"Point","coordinates":[23.731807,38.078254]},"properties":{"line":"735","mode":"bus","color":"#0059a9","colorDark":"#00294f","band":2,"off":[-5.1,3.1]}},{"type":"Feature","geometry":{"type":"Point","coordinates":[23.731807,38.078254]},"properties":{"line":"752","mode":"bus","color":"#0059a9","colorDark":"#00294f","band":2,"off":[-1.7,3.1]}},{"type":"Feature","geometry":{"type":"Point","coordinates":[23.731807,38.078254]},"properties":{"line":"878","mode":"bus","color":"#0059a9","colorDark":"#00294f","band":2,"off":[1.7,3.1]}},{"type":"Feature","geometry":{"type":"Point","coordinates":[23.731807,38.078254]},"properties":{"line":"879","mode":"bus","color":"#0059a9","colorDark":"#00294f","band":2,"off":[5.1,3.1]}},{"type":"Feature","geometry":{"type":"Point","coordinates":[23.760272,38.063768]},"properties":{"name":"Μεταμόρφωση","band":2,"modes":"bus","arr":["541"],"off":[0,-0.8]}},{"type":"Feature","geometry":{"type":"Point","coordinates":[23.760272,38.063768]},"properties":{"line":"541","mode":"bus","color":"#0059a9","colorDark":"#00294f","band":2,"off":[0,1.1]}},{"type":"Feature","geometry":{"type":"Point","coordinates":[23.807817,38.074557]},"properties":{"name":"Στ. Κηφισιά (Τατοΐου) 543-543Α","band":2,"modes":"bus","arr":["543","543Α"],"off":[0,-0.8]}},{"type":"Feature","geometry":{"type":"Point","coordinates":[23.807817,38.074557]},"properties":{"line":"543","mode":"bus","color":"#0059a9","colorDark":"#00294f","band":2,"off":[-1.7,1.1]}},{"type":"Feature","geometry":{"type":"Point","coordinates":[23.807817,38.074557]},"properties":{"line":"543Α","mode":"bus","color":"#0059a9","colorDark":"#00294f","band":2,"off":[1.7,1.1]}},{"type":"Feature","geometry":{"type":"Point","coordinates":[23.68614,37.930064]},"properties":{"name":"Π. Φάληρο","band":2,"modes":"bus","arr":["550"],"off":[0,-0.8]}},{"type":"Feature","geometry":{"type":"Point","coordinates":[23.68614,37.930064]},"properties":{"line":"550","mode":"bus","color":"#0059a9","colorDark":"#00294f","band":2,"off":[0,1.1]}},{"type":"Feature","geometry":{"type":"Point","coordinates":[23.809727,38.104248]},"properties":{"name":"Ν. Ερυθραία","band":2,"modes":"bus","arr":["560"],"off":[0,-0.8]}},{"type":"Feature","geometry":{"type":"Point","coordinates":[23.809727,38.104248]},"properties":{"line":"560","mode":"bus","color":"#0059a9","colorDark":"#00294f","band":2,"off":[0,1.1]}},{"type":"Feature","geometry":{"type":"Point","coordinates":[23.760058,38.039132]},"properties":{"name":"Αφετηρία 602","band":2,"modes":"bus","arr":["602"],"off":[0,-0.8]}},{"type":"Feature","geometry":{"type":"Point","coordinates":[23.760058,38.039132]},"properties":{"line":"602","mode":"bus","color":"#0059a9","colorDark":"#00294f","band":2,"off":[0,1.1]}},{"type":"Feature","geometry":{"type":"Point","coordinates":[23.77307,38.081742]},"properties":{"name":"Νοσ. Αγ. Ανάργυροι","band":2,"modes":"bus","arr":["604"],"off":[0,-0.8]}},{"type":"Feature","geometry":{"type":"Point","coordinates":[23.77307,38.081742]},"properties":{"line":"604","mode":"bus","color":"#0059a9","colorDark":"#00294f","band":2,"off":[0,1.1]}},{"type":"Feature","geometry":{"type":"Point","coordinates":[23.761502,38.026541]},"properties":{"name":"Γαλάτσι","band":2,"modes":"bus","arr":["608"],"off":[0,-0.8]}},{"type":"Feature","geometry":{"type":"Point","coordinates":[23.761502,38.026541]},"properties":{"line":"608","mode":"bus","color":"#0059a9","colorDark":"#00294f","band":2,"off":[0,1.1]}},{"type":"Feature","geometry":{"type":"Point","coordinates":[23.781323,37.971074]},"properties":{"name":"Νεκροταφείο Ζωγράφου","band":2,"modes":"bus","arr":["608"],"off":[0,-0.8]}},{"type":"Feature","geometry":{"type":"Point","coordinates":[23.781323,37.971074]},"properties":{"line":"608","mode":"bus","color":"#0059a9","colorDark":"#00294f","band":2,"off":[0,1.1]}},{"type":"Feature","geometry":{"type":"Point","coordinates":[23.775579,38.019707]},"properties":{"name":"Φιλοθέη","band":2,"modes":"bus","arr":["610"],"off":[0,-0.8]}},{"type":"Feature","geometry":{"type":"Point","coordinates":[23.775579,38.019707]},"properties":{"line":"610","mode":"bus","color":"#0059a9","colorDark":"#00294f","band":2,"off":[0,1.1]}},{"type":"Feature","geometry":{"type":"Point","coordinates":[23.752629,38.060101]},"properties":{"name":"Μεταμόρφωση","band":2,"modes":"bus","arr":["619"],"off":[0,-0.8]}},{"type":"Feature","geometry":{"type":"Point","coordinates":[23.752629,38.060101]},"properties":{"line":"619","mode":"bus","color":"#0059a9","colorDark":"#00294f","band":2,"off":[0,1.1]}},{"type":"Feature","geometry":{"type":"Point","coordinates":[23.758811,38.008481]},"properties":{"name":"Άνω Γαλάτσι","band":2,"modes":"bus","arr":["622"],"off":[0,-0.8]}},{"type":"Feature","geometry":{"type":"Point","coordinates":[23.758811,38.008481]},"properties":{"line":"622","mode":"bus","color":"#0059a9","colorDark":"#00294f","band":2,"off":[0,1.1]}},{"type":"Feature","geometry":{"type":"Point","coordinates":[23.774762,37.982419]},"properties":{"name":"Γουδή","band":2,"modes":"bus","arr":["622","815"],"off":[0,-0.8]}},{"type":"Feature","geometry":{"type":"Point","coordinates":[23.774762,37.982419]},"properties":{"line":"622","mode":"bus","color":"#0059a9","colorDark":"#00294f","band":2,"off":[-1.7,1.1]}},{"type":"Feature","geometry":{"type":"Point","coordinates":[23.774762,37.982419]},"properties":{"line":"815","mode":"bus","color":"#0059a9","colorDark":"#00294f","band":2,"off":[1.7,1.1]}},{"type":"Feature","geometry":{"type":"Point","coordinates":[23.765759,38.046526]},"properties":{"name":"Ηράκλειο 640","band":2,"modes":"bus","arr":["640"],"off":[0,-0.8]}},{"type":"Feature","geometry":{"type":"Point","coordinates":[23.765759,38.046526]},"properties":{"line":"640","mode":"bus","color":"#0059a9","colorDark":"#00294f","band":2,"off":[0,1.1]}},{"type":"Feature","geometry":{"type":"Point","coordinates":[23.760996,38.046671]},"properties":{"name":"Τοπική Ηρακλείου","band":2,"modes":"bus","arr":["642"],"off":[0,-0.8]}},{"type":"Feature","geometry":{"type":"Point","coordinates":[23.760996,38.046671]},"properties":{"line":"642","mode":"bus","color":"#0059a9","colorDark":"#00294f","band":2,"off":[0,1.1]}},{"type":"Feature","geometry":{"type":"Point","coordinates":[23.764175,38.006007]},"properties":{"name":"Ψυχικό","band":2,"modes":"bus","arr":["651"],"off":[0,-0.8]}},{"type":"Feature","geometry":{"type":"Point","coordinates":[23.764175,38.006007]},"properties":{"line":"651","mode":"bus","color":"#0059a9","colorDark":"#00294f","band":2,"off":[0,1.1]}},{"type":"Feature","geometry":{"type":"Point","coordinates":[23.758401,37.989099]},"properties":{"name":"Αφετηρία - Πανόρμου","band":2,"modes":"bus","arr":["653"],"off":[0,-0.8]}},{"type":"Feature","geometry":{"type":"Point","coordinates":[23.758401,37.989099]},"properties":{"line":"653","mode":"bus","color":"#0059a9","colorDark":"#00294f","band":2,"off":[0,1.1]}},{"type":"Feature","geometry":{"type":"Point","coordinates":[23.669129,38.03522]},"properties":{"name":"Κηπούπολη","band":2,"modes":"bus","arr":["700","719","Α13"],"off":[0,-0.8]}},{"type":"Feature","geometry":{"type":"Point","coordinates":[23.669129,38.03522]},"properties":{"line":"700","mode":"bus","color":"#0059a9","colorDark":"#00294f","band":2,"off":[-3.4,1.1]}},{"type":"Feature","geometry":{"type":"Point","coordinates":[23.669129,38.03522]},"properties":{"line":"719","mode":"bus","color":"#0059a9","colorDark":"#00294f","band":2,"off":[0,1.1]}},{"type":"Feature","geometry":{"type":"Point","coordinates":[23.669129,38.03522]},"properties":{"line":"Α13","mode":"bus","color":"#0059a9","colorDark":"#00294f","band":2,"off":[3.4,1.1]}},{"type":"Feature","geometry":{"type":"Point","coordinates":[23.692704,38.054269]},"properties":{"name":"Καματερό","band":2,"modes":"bus","arr":["701","704","705","Γ12"],"off":[0,-0.8]}},{"type":"Feature","geometry":{"type":"Point","coordinates":[23.692704,38.054269]},"properties":{"line":"701","mode":"bus","color":"#0059a9","colorDark":"#00294f","band":2,"off":[-5.1,1.1]}},{"type":"Feature","geometry":{"type":"Point","coordinates":[23.692704,38.054269]},"properties":{"line":"704","mode":"bus","color":"#0059a9","colorDark":"#00294f","band":2,"off":[-1.7,1.1]}},{"type":"Feature","geometry":{"type":"Point","coordinates":[23.692704,38.054269]},"properties":{"line":"705","mode":"bus","color":"#0059a9","colorDark":"#00294f","band":2,"off":[1.7,1.1]}},{"type":"Feature","geometry":{"type":"Point","coordinates":[23.692704,38.054269]},"properties":{"line":"Γ12","mode":"bus","color":"#0059a9","colorDark":"#00294f","band":2,"off":[5.1,1.1]}},{"type":"Feature","geometry":{"type":"Point","coordinates":[23.726851,38.021998]},"properties":{"name":"Αγ. Ελευθέριος","band":2,"modes":"bus","arr":["703"],"off":[0,-0.8]}},{"type":"Feature","geometry":{"type":"Point","coordinates":[23.726851,38.021998]},"properties":{"line":"703","mode":"bus","color":"#0059a9","colorDark":"#00294f","band":2,"off":[0,1.1]}},{"type":"Feature","geometry":{"type":"Point","coordinates":[23.698858,38.082085]},"properties":{"name":"Άνω Λιόσια","band":2,"modes":"bus","arr":["709"],"off":[0,-0.8]}},{"type":"Feature","geometry":{"type":"Point","coordinates":[23.698858,38.082085]},"properties":{"line":"709","mode":"bus","color":"#0059a9","colorDark":"#00294f","band":2,"off":[0,1.1]}},{"type":"Feature","geometry":{"type":"Point","coordinates":[23.681212,38.071322]},"properties":{"name":"Ζωφριά","band":2,"modes":"bus","arr":["711"],"off":[0,-0.8]}},{"type":"Feature","geometry":{"type":"Point","coordinates":[23.681212,38.071322]},"properties":{"line":"711","mode":"bus","color":"#0059a9","colorDark":"#00294f","band":2,"off":[0,1.1]}},{"type":"Feature","geometry":{"type":"Point","coordinates":[23.732094,38.050634]},"properties":{"name":"Ανάκασα","band":2,"modes":"bus","arr":["720"],"off":[0,-0.8]}},{"type":"Feature","geometry":{"type":"Point","coordinates":[23.732094,38.050634]},"properties":{"line":"720","mode":"bus","color":"#0059a9","colorDark":"#00294f","band":2,"off":[0,1.1]}},{"type":"Feature","geometry":{"type":"Point","coordinates":[23.737358,38.103624]},"properties":{"name":"Αχαρναί","band":2,"modes":"bus","arr":["721","724","725","726","727","755","755Β","Α10","Β10"],"off":[0,-0.8]}},{"type":"Feature","geometry":{"type":"Point","coordinates":[23.737358,38.103624]},"properties":{"name":"A10-Β10 Μεσονυχι","band":2,"modes":"bus","arr":["721","724","725","726","727","755","755Β","Α10","Β10"],"off":[0,-1.9]}},{"type":"Feature","geometry":{"type":"Point","coordinates":[23.737358,38.103624]},"properties":{"line":"721","mode":"bus","color":"#0059a9","colorDark":"#00294f","band":2,"off":[-6.8,1.1]}},{"type":"Feature","geometry":{"type":"Point","coordinates":[23.737358,38.103624]},"properties":{"line":"724","mode":"bus","color":"#0059a9","colorDark":"#00294f","band":2,"off":[-3.4,1.1]}},{"type":"Feature","geometry":{"type":"Point","coordinates":[23.737358,38.103624]},"properties":{"line":"725","mode":"bus","color":"#0059a9","colorDark":"#00294f","band":2,"off":[0,1.1]}},{"type":"Feature","geometry":{"type":"Point","coordinates":[23.737358,38.103624]},"properties":{"line":"726","mode":"bus","color":"#0059a9","colorDark":"#00294f","band":2,"off":[3.4,1.1]}},{"type":"Feature","geometry":{"type":"Point","coordinates":[23.737358,38.103624]},"properties":{"line":"727","mode":"bus","color":"#0059a9","colorDark":"#00294f","band":2,"off":[6.8,1.1]}},{"type":"Feature","geometry":{"type":"Point","coordinates":[23.737358,38.103624]},"properties":{"line":"755","mode":"bus","color":"#0059a9","colorDark":"#00294f","band":2,"off":[-5.1,3.1]}},{"type":"Feature","geometry":{"type":"Point","coordinates":[23.737358,38.103624]},"properties":{"line":"755Β","mode":"bus","color":"#0059a9","colorDark":"#00294f","band":2,"off":[-1.7,3.1]}},{"type":"Feature","geometry":{"type":"Point","coordinates":[23.737358,38.103624]},"properties":{"line":"Α10","mode":"bus","color":"#0059a9","colorDark":"#00294f","band":2,"off":[1.7,3.1]}},{"type":"Feature","geometry":{"type":"Point","coordinates":[23.737358,38.103624]},"properties":{"line":"Β10","mode":"bus","color":"#0059a9","colorDark":"#00294f","band":2,"off":[5.1,3.1]}},{"type":"Feature","geometry":{"type":"Point","coordinates":[23.672657,38.107881]},"properties":{"name":"Τέρμα Φυλής","band":2,"modes":"bus","arr":["723"],"off":[0,-0.8]}},{"type":"Feature","geometry":{"type":"Point","coordinates":[23.672657,38.107881]},"properties":{"line":"723","mode":"bus","color":"#0059a9","colorDark":"#00294f","band":2,"off":[0,1.1]}},{"type":"Feature","geometry":{"type":"Point","coordinates":[23.700053,38.023984]},"properties":{"name":"Ζωοδόχος Πηγή","band":2,"modes":"bus","arr":["730"],"off":[0,-0.8]}},{"type":"Feature","geometry":{"type":"Point","coordinates":[23.700053,38.023984]},"properties":{"line":"730","mode":"bus","color":"#0059a9","colorDark":"#00294f","band":2,"off":[0,1.1]}},{"type":"Feature","geometry":{"type":"Point","coordinates":[23.676698,38.010068]},"properties":{"name":"Αγ. Αναστασία","band":2,"modes":"bus","arr":["730","821"],"off":[0,-0.8]}},{"type":"Feature","geometry":{"type":"Point","coordinates":[23.676698,38.010068]},"properties":{"line":"730","mode":"bus","color":"#0059a9","colorDark":"#00294f","band":2,"off":[-1.7,1.1]}},{"type":"Feature","geometry":{"type":"Point","coordinates":[23.676698,38.010068]},"properties":{"line":"821","mode":"bus","color":"#0059a9","colorDark":"#00294f","band":2,"off":[1.7,1.1]}},{"type":"Feature","geometry":{"type":"Point","coordinates":[23.688197,38.027522]},"properties":{"name":"Ανθούπολη","band":2,"modes":"bus","arr":["731"],"off":[0,-0.8]}},{"type":"Feature","geometry":{"type":"Point","coordinates":[23.688197,38.027522]},"properties":{"line":"731","mode":"bus","color":"#0059a9","colorDark":"#00294f","band":2,"off":[0,1.1]}},{"type":"Feature","geometry":{"type":"Point","coordinates":[23.648054,38.021729]},"properties":{"name":"Δάσος Β","band":2,"modes":"bus","arr":["731","803","Α15"],"off":[0,-0.8]}},{"type":"Feature","geometry":{"type":"Point","coordinates":[23.648054,38.021729]},"properties":{"name":"Δάσος","band":2,"modes":"bus","arr":["731","803","Α15"],"off":[0,-1.9]}},{"type":"Feature","geometry":{"type":"Point","coordinates":[23.648054,38.021729]},"properties":{"line":"731","mode":"bus","color":"#0059a9","colorDark":"#00294f","band":2,"off":[-3.4,1.1]}},{"type":"Feature","geometry":{"type":"Point","coordinates":[23.648054,38.021729]},"properties":{"line":"803","mode":"bus","color":"#0059a9","colorDark":"#00294f","band":2,"off":[0,1.1]}},{"type":"Feature","geometry":{"type":"Point","coordinates":[23.648054,38.021729]},"properties":{"line":"Α15","mode":"bus","color":"#0059a9","colorDark":"#00294f","band":2,"off":[3.4,1.1]}},{"type":"Feature","geometry":{"type":"Point","coordinates":[23.706679,38.039393]},"properties":{"name":"Νέα Λεωφ.Θηβών 732","band":2,"modes":"bus","arr":["732"],"off":[0,-0.8]}},{"type":"Feature","geometry":{"type":"Point","coordinates":[23.706679,38.039393]},"properties":{"line":"732","mode":"bus","color":"#0059a9","colorDark":"#00294f","band":2,"off":[0,1.1]}},{"type":"Feature","geometry":{"type":"Point","coordinates":[23.77232,38.117225]},"properties":{"name":"Ολυμπ. Χωριό","band":2,"modes":"bus","arr":["740"],"off":[0,-0.8]}},{"type":"Feature","geometry":{"type":"Point","coordinates":[23.77232,38.117225]},"properties":{"line":"740","mode":"bus","color":"#0059a9","colorDark":"#00294f","band":2,"off":[0,1.1]}},{"type":"Feature","geometry":{"type":"Point","coordinates":[23.674197,38.045368]},"properties":{"name":"Πετρούπολη","band":2,"modes":"bus","arr":["747","Α11","Β11"],"off":[0,-0.8]}},{"type":"Feature","geometry":{"type":"Point","coordinates":[23.674197,38.045368]},"properties":{"line":"747","mode":"bus","color":"#0059a9","colorDark":"#00294f","band":2,"off":[-3.4,1.1]}},{"type":"Feature","geometry":{"type":"Point","coordinates":[23.674197,38.045368]},"properties":{"line":"Α11","mode":"bus","color":"#0059a9","colorDark":"#00294f","band":2,"off":[0,1.1]}},{"type":"Feature","geometry":{"type":"Point","coordinates":[23.674197,38.045368]},"properties":{"line":"Β11","mode":"bus","color":"#0059a9","colorDark":"#00294f","band":2,"off":[3.4,1.1]}},{"type":"Feature","geometry":{"type":"Point","coordinates":[23.67482,38.027025]},"properties":{"name":"Χρυσούπολη","band":2,"modes":"bus","arr":["748"],"off":[0,-0.8]}},{"type":"Feature","geometry":{"type":"Point","coordinates":[23.67482,38.027025]},"properties":{"line":"748","mode":"bus","color":"#0059a9","colorDark":"#00294f","band":2,"off":[0,1.1]}},{"type":"Feature","geometry":{"type":"Point","coordinates":[23.680583,38.083193]},"properties":{"name":"Οικισμός Γεννηματά","band":2,"modes":"bus","arr":["749"],"off":[0,-0.8]}},{"type":"Feature","geometry":{"type":"Point","coordinates":[23.680583,38.083193]},"properties":{"line":"749","mode":"bus","color":"#0059a9","colorDark":"#00294f","band":2,"off":[0,1.1]}},{"type":"Feature","geometry":{"type":"Point","coordinates":[23.665009,38.015622]},"properties":{"name":"Αττικό Νοσοκομείο","band":2,"modes":"bus","arr":["750"],"off":[0,-0.8]}},{"type":"Feature","geometry":{"type":"Point","coordinates":[23.665009,38.015622]},"properties":{"line":"750","mode":"bus","color":"#0059a9","colorDark":"#00294f","band":2,"off":[0,1.1]}},{"type":"Feature","geometry":{"type":"Point","coordinates":[23.63508,37.970363]},"properties":{"name":"Νίκαια","band":2,"modes":"bus","arr":["750"],"off":[0,-0.8]}},{"type":"Feature","geometry":{"type":"Point","coordinates":[23.63508,37.970363]},"properties":{"line":"750","mode":"bus","color":"#0059a9","colorDark":"#00294f","band":2,"off":[0,1.1]}},{"type":"Feature","geometry":{"type":"Point","coordinates":[23.692401,38.015955]},"properties":{"name":"Λ. Παναγή Τσαλδάρη","band":2,"modes":"bus","arr":["790"],"off":[0,-0.8]}},{"type":"Feature","geometry":{"type":"Point","coordinates":[23.692401,38.015955]},"properties":{"line":"790","mode":"bus","color":"#0059a9","colorDark":"#00294f","band":2,"off":[0,1.1]}},{"type":"Feature","geometry":{"type":"Point","coordinates":[23.626569,37.986789]},"properties":{"name":"Νεάπολη","band":2,"modes":"bus","arr":["800","824","825","846","852"],"off":[0,-0.8]}},{"type":"Feature","geometry":{"type":"Point","coordinates":[23.626569,37.986789]},"properties":{"line":"800","mode":"bus","color":"#0059a9","colorDark":"#00294f","band":2,"off":[-6.8,1.1]}},{"type":"Feature","geometry":{"type":"Point","coordinates":[23.626569,37.986789]},"properties":{"line":"824","mode":"bus","color":"#0059a9","colorDark":"#00294f","band":2,"off":[-3.4,1.1]}},{"type":"Feature","geometry":{"type":"Point","coordinates":[23.626569,37.986789]},"properties":{"line":"825","mode":"bus","color":"#0059a9","colorDark":"#00294f","band":2,"off":[0,1.1]}},{"type":"Feature","geometry":{"type":"Point","coordinates":[23.626569,37.986789]},"properties":{"line":"846","mode":"bus","color":"#0059a9","colorDark":"#00294f","band":2,"off":[3.4,1.1]}},{"type":"Feature","geometry":{"type":"Point","coordinates":[23.626569,37.986789]},"properties":{"line":"852","mode":"bus","color":"#0059a9","colorDark":"#00294f","band":2,"off":[6.8,1.1]}},{"type":"Feature","geometry":{"type":"Point","coordinates":[23.588794,38.058133]},"properties":{"name":"Ασπρόπυργος","band":2,"modes":"bus","arr":["805"],"off":[0,-0.8]}},{"type":"Feature","geometry":{"type":"Point","coordinates":[23.588794,38.058133]},"properties":{"line":"805","mode":"bus","color":"#0059a9","colorDark":"#00294f","band":2,"off":[0,1.1]}},{"type":"Feature","geometry":{"type":"Point","coordinates":[23.636102,38.044833]},"properties":{"name":"Νεοκτιστα","band":2,"modes":"bus","arr":["805"],"off":[0,-0.8]}},{"type":"Feature","geometry":{"type":"Point","coordinates":[23.636102,38.044833]},"properties":{"line":"805","mode":"bus","color":"#0059a9","colorDark":"#00294f","band":2,"off":[0,1.1]}},{"type":"Feature","geometry":{"type":"Point","coordinates":[23.634323,38.000868]},"properties":{"name":"Σχιστο","band":2,"modes":"bus","arr":["806","807","809","810","814"],"off":[0,-0.8]}},{"type":"Feature","geometry":{"type":"Point","coordinates":[23.634323,38.000868]},"properties":{"line":"806","mode":"bus","color":"#0059a9","colorDark":"#00294f","band":2,"off":[-6.8,1.1]}},{"type":"Feature","geometry":{"type":"Point","coordinates":[23.634323,38.000868]},"properties":{"line":"807","mode":"bus","color":"#0059a9","colorDark":"#00294f","band":2,"off":[-3.4,1.1]}},{"type":"Feature","geometry":{"type":"Point","coordinates":[23.634323,38.000868]},"properties":{"line":"809","mode":"bus","color":"#0059a9","colorDark":"#00294f","band":2,"off":[0,1.1]}},{"type":"Feature","geometry":{"type":"Point","coordinates":[23.634323,38.000868]},"properties":{"line":"810","mode":"bus","color":"#0059a9","colorDark":"#00294f","band":2,"off":[3.4,1.1]}},{"type":"Feature","geometry":{"type":"Point","coordinates":[23.634323,38.000868]},"properties":{"line":"814","mode":"bus","color":"#0059a9","colorDark":"#00294f","band":2,"off":[6.8,1.1]}},{"type":"Feature","geometry":{"type":"Point","coordinates":[23.63501,38.014398]},"properties":{"name":"Χαϊδάρι","band":2,"modes":"bus","arr":["811"],"off":[0,-0.8]}},{"type":"Feature","geometry":{"type":"Point","coordinates":[23.63501,38.014398]},"properties":{"line":"811","mode":"bus","color":"#0059a9","colorDark":"#00294f","band":2,"off":[0,1.1]}},{"type":"Feature","geometry":{"type":"Point","coordinates":[23.756435,37.990378]},"properties":{"name":"Αβέρωφ","band":2,"modes":"bus","arr":["813"],"off":[0,-0.8]}},{"type":"Feature","geometry":{"type":"Point","coordinates":[23.756435,37.990378]},"properties":{"line":"813","mode":"bus","color":"#0059a9","colorDark":"#00294f","band":2,"off":[0,1.1]}},{"type":"Feature","geometry":{"type":"Point","coordinates":[23.684353,37.999844]},"properties":{"name":"Προύσσης","band":2,"modes":"bus","arr":["813"],"off":[0,-0.8]}},{"type":"Feature","geometry":{"type":"Point","coordinates":[23.684353,37.999844]},"properties":{"line":"813","mode":"bus","color":"#0059a9","colorDark":"#00294f","band":2,"off":[0,1.1]}},{"type":"Feature","geometry":{"type":"Point","coordinates":[23.68917,37.972759]},"properties":{"name":"Ταύρος","band":2,"modes":"bus","arr":["815"],"off":[0,-0.8]}},{"type":"Feature","geometry":{"type":"Point","coordinates":[23.68917,37.972759]},"properties":{"line":"815","mode":"bus","color":"#0059a9","colorDark":"#00294f","band":2,"off":[0,1.1]}},{"type":"Feature","geometry":{"type":"Point","coordinates":[23.697485,37.967724]},"properties":{"name":"Ταύρος","band":2,"modes":"bus","arr":["816"],"off":[0,-0.8]}},{"type":"Feature","geometry":{"type":"Point","coordinates":[23.697485,37.967724]},"properties":{"line":"816","mode":"bus","color":"#0059a9","colorDark":"#00294f","band":2,"off":[0,1.1]}},{"type":"Feature","geometry":{"type":"Point","coordinates":[23.539891,38.035898]},"properties":{"name":"Ελευσίνα","band":2,"modes":"bus","arr":["817","845","861","861Β","862","863","864","871","876","878","879","881"],"off":[0,-0.8]}},{"type":"Feature","geometry":{"type":"Point","coordinates":[23.539891,38.035898]},"properties":{"line":"817","mode":"bus","color":"#0059a9","colorDark":"#00294f","band":2,"off":[-6.8,1.1]}},{"type":"Feature","geometry":{"type":"Point","coordinates":[23.539891,38.035898]},"properties":{"line":"845","mode":"bus","color":"#0059a9","colorDark":"#00294f","band":2,"off":[-3.4,1.1]}},{"type":"Feature","geometry":{"type":"Point","coordinates":[23.539891,38.035898]},"properties":{"line":"861","mode":"bus","color":"#0059a9","colorDark":"#00294f","band":2,"off":[0,1.1]}},{"type":"Feature","geometry":{"type":"Point","coordinates":[23.539891,38.035898]},"properties":{"line":"861Β","mode":"bus","color":"#0059a9","colorDark":"#00294f","band":2,"off":[3.4,1.1]}},{"type":"Feature","geometry":{"type":"Point","coordinates":[23.539891,38.035898]},"properties":{"line":"862","mode":"bus","color":"#0059a9","colorDark":"#00294f","band":2,"off":[6.8,1.1]}},{"type":"Feature","geometry":{"type":"Point","coordinates":[23.539891,38.035898]},"properties":{"line":"863","mode":"bus","color":"#0059a9","colorDark":"#00294f","band":2,"off":[-6.8,3.1]}},{"type":"Feature","geometry":{"type":"Point","coordinates":[23.539891,38.035898]},"properties":{"line":"864","mode":"bus","color":"#0059a9","colorDark":"#00294f","band":2,"off":[-3.4,3.1]}},{"type":"Feature","geometry":{"type":"Point","coordinates":[23.539891,38.035898]},"properties":{"line":"871","mode":"bus","color":"#0059a9","colorDark":"#00294f","band":2,"off":[0,3.1]}},{"type":"Feature","geometry":{"type":"Point","coordinates":[23.539891,38.035898]},"properties":{"line":"876","mode":"bus","color":"#0059a9","colorDark":"#00294f","band":2,"off":[3.4,3.1]}},{"type":"Feature","geometry":{"type":"Point","coordinates":[23.539891,38.035898]},"properties":{"line":"878","mode":"bus","color":"#0059a9","colorDark":"#00294f","band":2,"off":[6.8,3.1]}},{"type":"Feature","geometry":{"type":"Point","coordinates":[23.539891,38.035898]},"properties":{"line":"879","mode":"bus","color":"#0059a9","colorDark":"#00294f","band":2,"off":[-1.7,5.1]}},{"type":"Feature","geometry":{"type":"Point","coordinates":[23.539891,38.035898]},"properties":{"line":"881","mode":"bus","color":"#0059a9","colorDark":"#00294f","band":2,"off":[1.7,5.1]}},{"type":"Feature","geometry":{"type":"Point","coordinates":[23.48148,38.084393]},"properties":{"name":"Μάνδρα","band":2,"modes":"bus","arr":["817","863","865"],"off":[0,-0.8]}},{"type":"Feature","geometry":{"type":"Point","coordinates":[23.48148,38.084393]},"properties":{"line":"817","mode":"bus","color":"#0059a9","colorDark":"#00294f","band":2,"off":[-3.4,1.1]}},{"type":"Feature","geometry":{"type":"Point","coordinates":[23.48148,38.084393]},"properties":{"line":"863","mode":"bus","color":"#0059a9","colorDark":"#00294f","band":2,"off":[0,1.1]}},{"type":"Feature","geometry":{"type":"Point","coordinates":[23.48148,38.084393]},"properties":{"line":"865","mode":"bus","color":"#0059a9","colorDark":"#00294f","band":2,"off":[3.4,1.1]}},{"type":"Feature","geometry":{"type":"Point","coordinates":[23.558695,37.96382]},"properties":{"name":"Πέραμα","band":2,"modes":"bus","arr":["818","819","841","842","843"],"off":[0,-0.8]}},{"type":"Feature","geometry":{"type":"Point","coordinates":[23.558695,37.96382]},"properties":{"line":"818","mode":"bus","color":"#0059a9","colorDark":"#00294f","band":2,"off":[-6.8,1.1]}},{"type":"Feature","geometry":{"type":"Point","coordinates":[23.558695,37.96382]},"properties":{"line":"819","mode":"bus","color":"#0059a9","colorDark":"#00294f","band":2,"off":[-3.4,1.1]}},{"type":"Feature","geometry":{"type":"Point","coordinates":[23.558695,37.96382]},"properties":{"line":"841","mode":"bus","color":"#0059a9","colorDark":"#00294f","band":2,"off":[0,1.1]}},{"type":"Feature","geometry":{"type":"Point","coordinates":[23.558695,37.96382]},"properties":{"line":"842","mode":"bus","color":"#0059a9","colorDark":"#00294f","band":2,"off":[3.4,1.1]}},{"type":"Feature","geometry":{"type":"Point","coordinates":[23.558695,37.96382]},"properties":{"line":"843","mode":"bus","color":"#0059a9","colorDark":"#00294f","band":2,"off":[6.8,1.1]}},{"type":"Feature","geometry":{"type":"Point","coordinates":[23.601221,37.98113]},"properties":{"name":"Νεκρ. Σχιστού","band":2,"modes":"bus","arr":["819","860"],"off":[0,-0.8]}},{"type":"Feature","geometry":{"type":"Point","coordinates":[23.601221,37.98113]},"properties":{"line":"819","mode":"bus","color":"#0059a9","colorDark":"#00294f","band":2,"off":[-1.7,1.1]}},{"type":"Feature","geometry":{"type":"Point","coordinates":[23.601221,37.98113]},"properties":{"line":"860","mode":"bus","color":"#0059a9","colorDark":"#00294f","band":2,"off":[1.7,1.1]}},{"type":"Feature","geometry":{"type":"Point","coordinates":[23.622756,37.956361]},"properties":{"name":"Ευγένεια","band":2,"modes":"bus","arr":["820","832","833"],"off":[0,-0.8]}},{"type":"Feature","geometry":{"type":"Point","coordinates":[23.622756,37.956361]},"properties":{"name":"Αφετηρία - Ευγένεια","band":2,"modes":"bus","arr":["820","832","833"],"off":[0,-1.9]}},{"type":"Feature","geometry":{"type":"Point","coordinates":[23.622756,37.956361]},"properties":{"line":"820","mode":"bus","color":"#0059a9","colorDark":"#00294f","band":2,"off":[-3.4,1.1]}},{"type":"Feature","geometry":{"type":"Point","coordinates":[23.622756,37.956361]},"properties":{"line":"832","mode":"bus","color":"#0059a9","colorDark":"#00294f","band":2,"off":[0,1.1]}},{"type":"Feature","geometry":{"type":"Point","coordinates":[23.622756,37.956361]},"properties":{"line":"833","mode":"bus","color":"#0059a9","colorDark":"#00294f","band":2,"off":[3.4,1.1]}},{"type":"Feature","geometry":{"type":"Point","coordinates":[23.671672,37.978922]},"properties":{"name":"Παν/πολη Αρχαίου Ελαιώνα","band":2,"modes":"bus","arr":["829"],"off":[0,-0.8]}},{"type":"Feature","geometry":{"type":"Point","coordinates":[23.671672,37.978922]},"properties":{"line":"829","mode":"bus","color":"#0059a9","colorDark":"#00294f","band":2,"off":[0,1.1]}},{"type":"Feature","geometry":{"type":"Point","coordinates":[23.665878,37.992696]},"properties":{"name":"Αγ. Βαρβάρα - Αφετηρία 830","band":2,"modes":"bus","arr":["830","891","892"],"off":[0,-0.8]}},{"type":"Feature","geometry":{"type":"Point","coordinates":[23.665878,37.992696]},"properties":{"name":"Αγ. Βαρβάρα","band":2,"modes":"bus","arr":["830","891","892"],"off":[0,-3]}},{"type":"Feature","geometry":{"type":"Point","coordinates":[23.665878,37.992696]},"properties":{"line":"830","mode":"bus","color":"#0059a9","colorDark":"#00294f","band":2,"off":[-3.4,1.1]}},{"type":"Feature","geometry":{"type":"Point","coordinates":[23.665878,37.992696]},"properties":{"line":"891","mode":"bus","color":"#0059a9","colorDark":"#00294f","band":2,"off":[0,1.1]}},{"type":"Feature","geometry":{"type":"Point","coordinates":[23.665878,37.992696]},"properties":{"line":"892","mode":"bus","color":"#0059a9","colorDark":"#00294f","band":2,"off":[3.4,1.1]}},{"type":"Feature","geometry":{"type":"Point","coordinates":[23.669339,38.002453]},"properties":{"name":"Αιγάλεω","band":2,"modes":"bus","arr":["831"],"off":[0,-0.8]}},{"type":"Feature","geometry":{"type":"Point","coordinates":[23.669339,38.002453]},"properties":{"line":"831","mode":"bus","color":"#0059a9","colorDark":"#00294f","band":2,"off":[0,1.1]}},{"type":"Feature","geometry":{"type":"Point","coordinates":[23.652859,37.993184]},"properties":{"name":"Άνω Αγ. Βαρβάρα","band":2,"modes":"bus","arr":["837"],"off":[0,-0.8]}},{"type":"Feature","geometry":{"type":"Point","coordinates":[23.652859,37.993184]},"properties":{"line":"837","mode":"bus","color":"#0059a9","colorDark":"#00294f","band":2,"off":[0,1.1]}},{"type":"Feature","geometry":{"type":"Point","coordinates":[23.561944,38.08942]},"properties":{"name":"Ψαρι","band":2,"modes":"bus","arr":["855"],"off":[0,-0.8]}},{"type":"Feature","geometry":{"type":"Point","coordinates":[23.561944,38.08942]},"properties":{"line":"855","mode":"bus","color":"#0059a9","colorDark":"#00294f","band":2,"off":[0,1.1]}},{"type":"Feature","geometry":{"type":"Point","coordinates":[23.618882,38.092829]},"properties":{"name":"Λόφος Κυρίλλου","band":2,"modes":"bus","arr":["855"],"off":[0,-0.8]}},{"type":"Feature","geometry":{"type":"Point","coordinates":[23.618882,38.092829]},"properties":{"line":"855","mode":"bus","color":"#0059a9","colorDark":"#00294f","band":2,"off":[0,1.1]}},{"type":"Feature","geometry":{"type":"Point","coordinates":[23.743585,37.943985]},"properties":{"name":"Δάφνη","band":2,"modes":"bus","arr":["856"],"off":[0,-0.8]}},{"type":"Feature","geometry":{"type":"Point","coordinates":[23.743585,37.943985]},"properties":{"line":"856","mode":"bus","color":"#0059a9","colorDark":"#00294f","band":2,"off":[0,1.1]}},{"type":"Feature","geometry":{"type":"Point","coordinates":[23.662194,37.986448]},"properties":{"name":"Αιγάλεω","band":2,"modes":"bus","arr":["856"],"off":[0,-0.8]}},{"type":"Feature","geometry":{"type":"Point","coordinates":[23.662194,37.986448]},"properties":{"line":"856","mode":"bus","color":"#0059a9","colorDark":"#00294f","band":2,"off":[0,1.1]}},{"type":"Feature","geometry":{"type":"Point","coordinates":[23.679212,37.945735]},"properties":{"name":"Μοσχάτο Χρ.Σμύρνης","band":2,"modes":"bus","arr":["860"],"off":[0,-0.8]}},{"type":"Feature","geometry":{"type":"Point","coordinates":[23.679212,37.945735]},"properties":{"line":"860","mode":"bus","color":"#0059a9","colorDark":"#00294f","band":2,"off":[0,1.1]}},{"type":"Feature","geometry":{"type":"Point","coordinates":[23.417124,38.120129]},"properties":{"name":"Μάνδρα","band":2,"modes":"bus","arr":["861"],"off":[0,-0.8]}},{"type":"Feature","geometry":{"type":"Point","coordinates":[23.417124,38.120129]},"properties":{"line":"861","mode":"bus","color":"#0059a9","colorDark":"#00294f","band":2,"off":[0,1.1]}},{"type":"Feature","geometry":{"type":"Point","coordinates":[23.32055,38.219816]},"properties":{"name":"Τέρμα - Ερυθρές","band":2,"modes":"bus","arr":["861Β"],"off":[0,-0.8]}},{"type":"Feature","geometry":{"type":"Point","coordinates":[23.32055,38.219816]},"properties":{"line":"861Β","mode":"bus","color":"#0059a9","colorDark":"#00294f","band":2,"off":[0,1.1]}},{"type":"Feature","geometry":{"type":"Point","coordinates":[23.525583,38.058109]},"properties":{"name":"Άνω Ελευσίνα","band":2,"modes":"bus","arr":["862"],"off":[0,-0.8]}},{"type":"Feature","geometry":{"type":"Point","coordinates":[23.525583,38.058109]},"properties":{"line":"862","mode":"bus","color":"#0059a9","colorDark":"#00294f","band":2,"off":[0,1.1]}},{"type":"Feature","geometry":{"type":"Point","coordinates":[23.598711,38.061193]},"properties":{"name":"Ασπρόπυργος","band":2,"modes":"bus","arr":["866"],"off":[0,-0.8]}},{"type":"Feature","geometry":{"type":"Point","coordinates":[23.598711,38.061193]},"properties":{"line":"866","mode":"bus","color":"#0059a9","colorDark":"#00294f","band":2,"off":[0,1.1]}},{"type":"Feature","geometry":{"type":"Point","coordinates":[23.668,37.997205]},"properties":{"name":"Στ. Αγ.Μαρίνα","band":2,"modes":"bus","arr":["868","890"],"off":[0,-0.8]}},{"type":"Feature","geometry":{"type":"Point","coordinates":[23.668,37.997205]},"properties":{"line":"868","mode":"bus","color":"#0059a9","colorDark":"#00294f","band":2,"off":[-1.7,1.1]}},{"type":"Feature","geometry":{"type":"Point","coordinates":[23.668,37.997205]},"properties":{"line":"890","mode":"bus","color":"#0059a9","colorDark":"#00294f","band":2,"off":[1.7,1.1]}},{"type":"Feature","geometry":{"type":"Point","coordinates":[23.534401,38.073756]},"properties":{"name":"Αμαξοστάσιο Θριασίου","band":2,"modes":"bus","arr":["868"],"off":[0,-0.8]}},{"type":"Feature","geometry":{"type":"Point","coordinates":[23.534401,38.073756]},"properties":{"line":"868","mode":"bus","color":"#0059a9","colorDark":"#00294f","band":2,"off":[0,1.1]}},{"type":"Feature","geometry":{"type":"Point","coordinates":[23.5917,38.096354]},"properties":{"name":"Ρουπακι","band":2,"modes":"bus","arr":["881"],"off":[0,-0.8]}},{"type":"Feature","geometry":{"type":"Point","coordinates":[23.5917,38.096354]},"properties":{"line":"881","mode":"bus","color":"#0059a9","colorDark":"#00294f","band":2,"off":[0,1.1]}},{"type":"Feature","geometry":{"type":"Point","coordinates":[23.597971,38.004483]},"properties":{"name":"Ναυπηγεία Σκαραμαγκά","band":2,"modes":"bus","arr":["890"],"off":[0,-0.8]}},{"type":"Feature","geometry":{"type":"Point","coordinates":[23.597971,38.004483]},"properties":{"line":"890","mode":"bus","color":"#0059a9","colorDark":"#00294f","band":2,"off":[0,1.1]}},{"type":"Feature","geometry":{"type":"Point","coordinates":[23.725144,38.0452]},"properties":{"name":"Τέρμα 892 Ίλιον","band":2,"modes":"bus","arr":["892"],"off":[0,-0.8]}},{"type":"Feature","geometry":{"type":"Point","coordinates":[23.725144,38.0452]},"properties":{"line":"892","mode":"bus","color":"#0059a9","colorDark":"#00294f","band":2,"off":[0,1.1]}},{"type":"Feature","geometry":{"type":"Point","coordinates":[23.666324,37.969445]},"properties":{"name":"Αμαξοστάσιο Τέρμα 909","band":2,"modes":"bus","arr":["909"],"off":[0,-0.8]}},{"type":"Feature","geometry":{"type":"Point","coordinates":[23.666324,37.969445]},"properties":{"line":"909","mode":"bus","color":"#0059a9","colorDark":"#00294f","band":2,"off":[0,1.1]}},{"type":"Feature","geometry":{"type":"Point","coordinates":[23.642829,37.930118]},"properties":{"name":"Αγ. Βασίλειος","band":2,"modes":"bus","arr":["909"],"off":[0,-0.8]}},{"type":"Feature","geometry":{"type":"Point","coordinates":[23.642829,37.930118]},"properties":{"line":"909","mode":"bus","color":"#0059a9","colorDark":"#00294f","band":2,"off":[0,1.1]}},{"type":"Feature","geometry":{"type":"Point","coordinates":[23.726197,37.964055]},"properties":{"name":"Στ. Συγγρού Φιξ","band":2,"modes":"bus","arr":["910","Β2"],"off":[0,-0.8]}},{"type":"Feature","geometry":{"type":"Point","coordinates":[23.726197,37.964055]},"properties":{"line":"910","mode":"bus","color":"#0059a9","colorDark":"#00294f","band":2,"off":[-1.7,1.1]}},{"type":"Feature","geometry":{"type":"Point","coordinates":[23.726197,37.964055]},"properties":{"line":"Β2","mode":"bus","color":"#0059a9","colorDark":"#00294f","band":2,"off":[1.7,1.1]}},{"type":"Feature","geometry":{"type":"Point","coordinates":[23.667263,37.941456]},"properties":{"name":"Κεπα","band":2,"modes":"bus","arr":["912"],"off":[0,-0.8]}},{"type":"Feature","geometry":{"type":"Point","coordinates":[23.667263,37.941456]},"properties":{"line":"912","mode":"bus","color":"#0059a9","colorDark":"#00294f","band":2,"off":[0,1.1]}},{"type":"Feature","geometry":{"type":"Point","coordinates":[23.644837,37.959811]},"properties":{"name":"Λόφος Βώκου - Παναγία Οδηγήτρια","band":2,"modes":"bus","arr":["915"],"off":[0,-0.8]}},{"type":"Feature","geometry":{"type":"Point","coordinates":[23.644837,37.959811]},"properties":{"line":"915","mode":"bus","color":"#0059a9","colorDark":"#00294f","band":2,"off":[0,1.1]}},{"type":"Feature","geometry":{"type":"Point","coordinates":[23.721395,37.992442]},"properties":{"name":"Στ. Λαρίσης","band":2,"modes":"bus","arr":["Α10","Α15","Β10","Β15","Β5"],"off":[0,-0.8]}},{"type":"Feature","geometry":{"type":"Point","coordinates":[23.721395,37.992442]},"properties":{"line":"Α10","mode":"bus","color":"#0059a9","colorDark":"#00294f","band":2,"off":[-6.8,1.1]}},{"type":"Feature","geometry":{"type":"Point","coordinates":[23.721395,37.992442]},"properties":{"line":"Α15","mode":"bus","color":"#0059a9","colorDark":"#00294f","band":2,"off":[-3.4,1.1]}},{"type":"Feature","geometry":{"type":"Point","coordinates":[23.721395,37.992442]},"properties":{"line":"Β10","mode":"bus","color":"#0059a9","colorDark":"#00294f","band":2,"off":[0,1.1]}},{"type":"Feature","geometry":{"type":"Point","coordinates":[23.721395,37.992442]},"properties":{"line":"Β15","mode":"bus","color":"#0059a9","colorDark":"#00294f","band":2,"off":[3.4,1.1]}},{"type":"Feature","geometry":{"type":"Point","coordinates":[23.721395,37.992442]},"properties":{"line":"Β5","mode":"bus","color":"#0059a9","colorDark":"#00294f","band":2,"off":[6.8,1.1]}},{"type":"Feature","geometry":{"type":"Point","coordinates":[23.724138,37.983633]},"properties":{"name":"Ομόνοια Ζήνωνος","band":2,"modes":"bus","arr":["Α13"],"off":[0,-0.8]}},{"type":"Feature","geometry":{"type":"Point","coordinates":[23.724138,37.983633]},"properties":{"line":"Α13","mode":"bus","color":"#0059a9","colorDark":"#00294f","band":2,"off":[0,1.1]}},{"type":"Feature","geometry":{"type":"Point","coordinates":[23.870173,38.011422]},"properties":{"name":"Ανθούσα","band":2,"modes":"bus","arr":["Α5"],"off":[0,-0.8]}},{"type":"Feature","geometry":{"type":"Point","coordinates":[23.870173,38.011422]},"properties":{"line":"Α5","mode":"bus","color":"#0059a9","colorDark":"#00294f","band":2,"off":[0,1.1]}},{"type":"Feature","geometry":{"type":"Point","coordinates":[23.729279,37.987692]},"properties":{"name":"Στουρνάρη","band":2,"modes":"bus","arr":["Α7"],"off":[0,-0.8]}},{"type":"Feature","geometry":{"type":"Point","coordinates":[23.729279,37.987692]},"properties":{"line":"Α7","mode":"bus","color":"#0059a9","colorDark":"#00294f","band":2,"off":[0,1.1]}},{"type":"Feature","geometry":{"type":"Point","coordinates":[23.689534,38.103133]},"properties":{"name":"Α. Λιόσια (Πανόραμα)","band":2,"modes":"bus","arr":["Β12"],"off":[0,-0.8]}},{"type":"Feature","geometry":{"type":"Point","coordinates":[23.689534,38.103133]},"properties":{"line":"Β12","mode":"bus","color":"#0059a9","colorDark":"#00294f","band":2,"off":[0,1.1]}},{"type":"Feature","geometry":{"type":"Point","coordinates":[23.669987,38.014287]},"properties":{"name":"Παλατάκι","band":2,"modes":"bus","arr":["Β15"],"off":[0,-0.8]}},{"type":"Feature","geometry":{"type":"Point","coordinates":[23.669987,38.014287]},"properties":{"line":"Β15","mode":"bus","color":"#0059a9","colorDark":"#00294f","band":2,"off":[0,1.1]}},{"type":"Feature","geometry":{"type":"Point","coordinates":[23.82054,38.01168]},"properties":{"name":"Αγ. Παρασκευή","band":2,"modes":"bus","arr":["Β5"],"off":[0,-0.8]}},{"type":"Feature","geometry":{"type":"Point","coordinates":[23.82054,38.01168]},"properties":{"line":"Β5","mode":"bus","color":"#0059a9","colorDark":"#00294f","band":2,"off":[0,1.1]}},{"type":"Feature","geometry":{"type":"Point","coordinates":[23.793285,38.093954]},"properties":{"name":"Ν. Κηφισιά","band":2,"modes":"bus","arr":["Β9"],"off":[0,-0.8]}},{"type":"Feature","geometry":{"type":"Point","coordinates":[23.793285,38.093954]},"properties":{"line":"Β9","mode":"bus","color":"#0059a9","colorDark":"#00294f","band":2,"off":[0,1.1]}},{"type":"Feature","geometry":{"type":"Point","coordinates":[23.788565,38.045585]},"properties":{"name":"Υπουργείο Παιδείας","band":2,"modes":"bus","arr":["Ε14"],"off":[0,-0.8]}},{"type":"Feature","geometry":{"type":"Point","coordinates":[23.788565,38.045585]},"properties":{"line":"Ε14","mode":"bus","color":"#0059a9","colorDark":"#00294f","band":2,"off":[0,1.1]}},{"type":"Feature","geometry":{"type":"Point","coordinates":[23.745997,37.975411]},"properties":{"name":"Ευαγγελισμός","band":2,"modes":"bus","arr":["Χ21"],"off":[0,-0.8]}},{"type":"Feature","geometry":{"type":"Point","coordinates":[23.745997,37.975411]},"properties":{"line":"Χ21","mode":"bus","color":"#0059a9","colorDark":"#00294f","band":2,"off":[0,1.1]}},{"type":"Feature","geometry":{"type":"Point","coordinates":[23.784911,37.998683]},"properties":{"name":"Εθν.Άμυνα","band":2,"modes":"bus","arr":["Χ21"],"off":[0,-0.8]}},{"type":"Feature","geometry":{"type":"Point","coordinates":[23.784911,37.998683]},"properties":{"line":"Χ21","mode":"bus","color":"#0059a9","colorDark":"#00294f","band":2,"off":[0,1.1]}},{"type":"Feature","geometry":{"type":"Point","coordinates":[23.945631,37.936858]},"properties":{"name":"Κτίριο Αναχωρησεων","band":2,"modes":"metro,bus","arr":["M3","Χ93","Χ95","Χ96","Χ97"],"off":[0,-0.8]}},{"type":"Feature","geometry":{"type":"Point","coordinates":[23.945631,37.936858]},"properties":{"name":"Ελ. Βενιζέλος","band":2,"modes":"metro,bus","arr":["M3","Χ93","Χ95","Χ96","Χ97"],"off":[0,-1.9]}},{"type":"Feature","geometry":{"type":"Point","coordinates":[23.945631,37.936858]},"properties":{"line":"M3","mode":"tram","color":"#1e9cd7","colorDark":"#0d567a","band":2,"off":[-6.8,1.1]}},{"type":"Feature","geometry":{"type":"Point","coordinates":[23.945631,37.936858]},"properties":{"line":"Χ93","mode":"bus","color":"#0059a9","colorDark":"#00294f","band":2,"off":[-3.4,1.1]}},{"type":"Feature","geometry":{"type":"Point","coordinates":[23.945631,37.936858]},"properties":{"line":"Χ95","mode":"bus","color":"#0059a9","colorDark":"#00294f","band":2,"off":[0,1.1]}},{"type":"Feature","geometry":{"type":"Point","coordinates":[23.945631,37.936858]},"properties":{"line":"Χ96","mode":"bus","color":"#0059a9","colorDark":"#00294f","band":2,"off":[3.4,1.1]}},{"type":"Feature","geometry":{"type":"Point","coordinates":[23.945631,37.936858]},"properties":{"line":"Χ97","mode":"bus","color":"#0059a9","colorDark":"#00294f","band":2,"off":[6.8,1.1]}},{"type":"Feature","geometry":{"type":"Point","coordinates":[23.642287,37.948077]},"properties":{"name":"Πειραιάς","band":2,"modes":"metro","arr":["M1"],"off":[0,-0.8]}},{"type":"Feature","geometry":{"type":"Point","coordinates":[23.642287,37.948077]},"properties":{"line":"M1","mode":"tram","color":"#009550","colorDark":"#00512b","band":2,"off":[0,1.1]}},{"type":"Feature","geometry":{"type":"Point","coordinates":[23.690607,38.017394]},"properties":{"name":"Ανθούπολη","band":2,"modes":"metro","arr":["M2"],"off":[0,-0.8]}},{"type":"Feature","geometry":{"type":"Point","coordinates":[23.690607,38.017394]},"properties":{"line":"M2","mode":"tram","color":"#e30613","colorDark":"#7c060e","band":2,"off":[0,1.1]}},{"type":"Feature","geometry":{"type":"Point","coordinates":[23.74721,37.892437]},"properties":{"name":"Ελληνικό","band":2,"modes":"metro","arr":["M2"],"off":[0,-0.8]}},{"type":"Feature","geometry":{"type":"Point","coordinates":[23.74721,37.892437]},"properties":{"line":"M2","mode":"tram","color":"#e30613","colorDark":"#7c060e","band":2,"off":[0,1.1]}},{"type":"Feature","geometry":{"type":"Point","coordinates":[23.647562,37.942893]},"properties":{"name":"Δημοτικό Θέατρο","band":2,"modes":"metro","arr":["M3"],"off":[0,-0.8]}},{"type":"Feature","geometry":{"type":"Point","coordinates":[23.647562,37.942893]},"properties":{"line":"M3","mode":"tram","color":"#1e9cd7","colorDark":"#0d567a","band":2,"off":[0,1.1]}},{"type":"Feature","geometry":{"type":"Point","coordinates":[23.705444,37.915868]},"properties":{"name":"Πικροδάφνη","band":2,"modes":"tram","arr":["T6"],"off":[0,-0.8]}},{"type":"Feature","geometry":{"type":"Point","coordinates":[23.705444,37.915868]},"properties":{"line":"T6","mode":"tram","color":"#d6212b","colorDark":"#7c1116","band":2,"off":[0,1.1]}},{"type":"Feature","geometry":{"type":"Point","coordinates":[23.752686,37.849327]},"properties":{"name":"Βούλα","band":2,"modes":"tram","arr":["T7"],"off":[0,-0.8]}},{"type":"Feature","geometry":{"type":"Point","coordinates":[23.752686,37.849327]},"properties":{"line":"T7","mode":"tram","color":"#d6212b","colorDark":"#7c1116","band":2,"off":[0,1.1]}},{"type":"Feature","geometry":{"type":"Point","coordinates":[23.685847,37.945845]},"properties":{"name":"Ελ. Βενιζέλου","band":3,"modes":"bus","arr":["1"],"off":[0,-0.8]}},{"type":"Feature","geometry":{"type":"Point","coordinates":[23.685847,37.945845]},"properties":{"line":"1","mode":"bus","color":"#149a3f","colorDark":"#0a5121","band":3,"off":[0,1.1]}},{"type":"Feature","geometry":{"type":"Point","coordinates":[23.722866,37.996714]},"properties":{"name":"Πλ. Αττικής","band":3,"modes":"bus","arr":["1","711","Β12"],"off":[0,-0.8]}},{"type":"Feature","geometry":{"type":"Point","coordinates":[23.722866,37.996714]},"properties":{"name":"Αφετηρία 711-Β12","band":3,"modes":"bus","arr":["1","711","Β12"],"off":[0,-1.9]}},{"type":"Feature","geometry":{"type":"Point","coordinates":[23.722866,37.996714]},"properties":{"line":"1","mode":"bus","color":"#149a3f","colorDark":"#0a5121","band":3,"off":[-3.4,1.1]}},{"type":"Feature","geometry":{"type":"Point","coordinates":[23.722866,37.996714]},"properties":{"line":"711","mode":"bus","color":"#0059a9","colorDark":"#00294f","band":3,"off":[0,1.1]}},{"type":"Feature","geometry":{"type":"Point","coordinates":[23.722866,37.996714]},"properties":{"line":"Β12","mode":"bus","color":"#0059a9","colorDark":"#00294f","band":3,"off":[3.4,1.1]}},{"type":"Feature","geometry":{"type":"Point","coordinates":[23.749531,38.00623]},"properties":{"name":"Άνω Κυψέλη","band":3,"modes":"bus","arr":["2","4","035"],"off":[0,-0.8]}},{"type":"Feature","geometry":{"type":"Point","coordinates":[23.749531,38.00623]},"properties":{"line":"2","mode":"bus","color":"#149a3f","colorDark":"#0a5121","band":3,"off":[-3.4,1.1]}},{"type":"Feature","geometry":{"type":"Point","coordinates":[23.749531,38.00623]},"properties":{"line":"4","mode":"bus","color":"#149a3f","colorDark":"#0a5121","band":3,"off":[0,1.1]}},{"type":"Feature","geometry":{"type":"Point","coordinates":[23.749531,38.00623]},"properties":{"line":"035","mode":"bus","color":"#0059a9","colorDark":"#00294f","band":3,"off":[3.4,1.1]}},{"type":"Feature","geometry":{"type":"Point","coordinates":[23.755483,37.971523]},"properties":{"name":"Καισαριανή","band":3,"modes":"bus","arr":["2"],"off":[0,-0.8]}},{"type":"Feature","geometry":{"type":"Point","coordinates":[23.755483,37.971523]},"properties":{"line":"2","mode":"bus","color":"#149a3f","colorDark":"#0a5121","band":3,"off":[0,1.1]}},{"type":"Feature","geometry":{"type":"Point","coordinates":[23.775274,38.000725]},"properties":{"name":"Νέο Ψυχικό","band":3,"modes":"bus","arr":["3"],"off":[0,-0.8]}},{"type":"Feature","geometry":{"type":"Point","coordinates":[23.775274,38.000725]},"properties":{"line":"3","mode":"bus","color":"#149a3f","colorDark":"#0a5121","band":3,"off":[0,1.1]}},{"type":"Feature","geometry":{"type":"Point","coordinates":[23.740173,38.035985]},"properties":{"name":"Νέα Φιλαδέλφεια","band":3,"modes":"bus","arr":["3"],"off":[0,-0.8]}},{"type":"Feature","geometry":{"type":"Point","coordinates":[23.740173,38.035985]},"properties":{"line":"3","mode":"bus","color":"#149a3f","colorDark":"#0a5121","band":3,"off":[0,1.1]}},{"type":"Feature","geometry":{"type":"Point","coordinates":[23.734693,37.956775]},"properties":{"name":"Στ. Μετρό Αγ. Ιωάννης","band":3,"modes":"bus","arr":["4"],"off":[0,-0.8]}},{"type":"Feature","geometry":{"type":"Point","coordinates":[23.734693,37.956775]},"properties":{"line":"4","mode":"bus","color":"#149a3f","colorDark":"#0a5121","band":3,"off":[0,1.1]}},{"type":"Feature","geometry":{"type":"Point","coordinates":[23.754123,38.022681]},"properties":{"name":"Λαμπρινή","band":3,"modes":"bus","arr":["5","14"],"off":[0,-0.8]}},{"type":"Feature","geometry":{"type":"Point","coordinates":[23.754123,38.022681]},"properties":{"line":"5","mode":"bus","color":"#149a3f","colorDark":"#0a5121","band":3,"off":[-1.7,1.1]}},{"type":"Feature","geometry":{"type":"Point","coordinates":[23.754123,38.022681]},"properties":{"line":"14","mode":"bus","color":"#149a3f","colorDark":"#0a5121","band":3,"off":[1.7,1.1]}},{"type":"Feature","geometry":{"type":"Point","coordinates":[23.685175,37.943172]},"properties":{"name":"Τζιτζιφιές","band":3,"modes":"bus","arr":["5","10"],"off":[0,-0.8]}},{"type":"Feature","geometry":{"type":"Point","coordinates":[23.685175,37.943172]},"properties":{"line":"5","mode":"bus","color":"#149a3f","colorDark":"#0a5121","band":3,"off":[-1.7,1.1]}},{"type":"Feature","geometry":{"type":"Point","coordinates":[23.685175,37.943172]},"properties":{"line":"10","mode":"bus","color":"#149a3f","colorDark":"#0a5121","band":3,"off":[1.7,1.1]}},{"type":"Feature","geometry":{"type":"Point","coordinates":[23.742251,38.054373]},"properties":{"name":"Ν. Φιλαδέλφεια","band":3,"modes":"bus","arr":["6"],"off":[0,-0.8]}},{"type":"Feature","geometry":{"type":"Point","coordinates":[23.742251,38.054373]},"properties":{"line":"6","mode":"bus","color":"#149a3f","colorDark":"#0a5121","band":3,"off":[0,1.1]}},{"type":"Feature","geometry":{"type":"Point","coordinates":[23.728391,37.985663]},"properties":{"name":"Πλ. Λαυρίου","band":3,"modes":"bus","arr":["6"],"off":[0,-0.8]}},{"type":"Feature","geometry":{"type":"Point","coordinates":[23.728391,37.985663]},"properties":{"line":"6","mode":"bus","color":"#149a3f","colorDark":"#0a5121","band":3,"off":[0,1.1]}},{"type":"Feature","geometry":{"type":"Point","coordinates":[23.797475,38.022082]},"properties":{"name":"Πλ. Χαλανδρίου","band":3,"modes":"bus","arr":["10"],"off":[0,-0.8]}},{"type":"Feature","geometry":{"type":"Point","coordinates":[23.797475,38.022082]},"properties":{"line":"10","mode":"bus","color":"#149a3f","colorDark":"#0a5121","band":3,"off":[0,1.1]}},{"type":"Feature","geometry":{"type":"Point","coordinates":[23.735825,38.02162]},"properties":{"name":"Άνω Πατήσια","band":3,"modes":"bus","arr":["11"],"off":[0,-0.8]}},{"type":"Feature","geometry":{"type":"Point","coordinates":[23.735825,38.02162]},"properties":{"line":"11","mode":"bus","color":"#149a3f","colorDark":"#0a5121","band":3,"off":[0,1.1]}},{"type":"Feature","geometry":{"type":"Point","coordinates":[23.759705,37.954105]},"properties":{"name":"Ν. Ελβετία","band":3,"modes":"bus","arr":["11","214"],"off":[0,-0.8]}},{"type":"Feature","geometry":{"type":"Point","coordinates":[23.759705,37.954105]},"properties":{"name":"Ζ. Πηγή","band":3,"modes":"bus","arr":["11","214"],"off":[0,-1.9]}},{"type":"Feature","geometry":{"type":"Point","coordinates":[23.759705,37.954105]},"properties":{"line":"11","mode":"bus","color":"#149a3f","colorDark":"#0a5121","band":3,"off":[-1.7,1.1]}},{"type":"Feature","geometry":{"type":"Point","coordinates":[23.759705,37.954105]},"properties":{"line":"214","mode":"bus","color":"#0059a9","colorDark":"#00294f","band":3,"off":[1.7,1.1]}},{"type":"Feature","geometry":{"type":"Point","coordinates":[23.684279,38.029694]},"properties":{"name":"Αγ. Ιερόθεος","band":3,"modes":"bus","arr":["12"],"off":[0,-0.8]}},{"type":"Feature","geometry":{"type":"Point","coordinates":[23.684279,38.029694]},"properties":{"line":"12","mode":"bus","color":"#149a3f","colorDark":"#0a5121","band":3,"off":[0,1.1]}},{"type":"Feature","geometry":{"type":"Point","coordinates":[23.734758,37.97284]},"properties":{"name":"Ζάππειο","band":3,"modes":"bus","arr":["12","Ε14","Χ14"],"off":[0,-0.8]}},{"type":"Feature","geometry":{"type":"Point","coordinates":[23.734758,37.97284]},"properties":{"line":"12","mode":"bus","color":"#149a3f","colorDark":"#0a5121","band":3,"off":[-3.4,1.1]}},{"type":"Feature","geometry":{"type":"Point","coordinates":[23.734758,37.97284]},"properties":{"line":"Ε14","mode":"bus","color":"#0059a9","colorDark":"#00294f","band":3,"off":[0,1.1]}},{"type":"Feature","geometry":{"type":"Point","coordinates":[23.734758,37.97284]},"properties":{"line":"Χ14","mode":"bus","color":"#0059a9","colorDark":"#00294f","band":3,"off":[3.4,1.1]}},{"type":"Feature","geometry":{"type":"Point","coordinates":[23.768324,37.996647]},"properties":{"name":"Γηροκομείο","band":3,"modes":"bus","arr":["14"],"off":[0,-0.8]}},{"type":"Feature","geometry":{"type":"Point","coordinates":[23.768324,37.996647]},"properties":{"line":"14","mode":"bus","color":"#149a3f","colorDark":"#0a5121","band":3,"off":[0,1.1]}},{"type":"Feature","geometry":{"type":"Point","coordinates":[23.709121,37.968166]},"properties":{"name":"Πετράλωνα","band":3,"modes":"bus","arr":["15"],"off":[0,-0.8]}},{"type":"Feature","geometry":{"type":"Point","coordinates":[23.709121,37.968166]},"properties":{"line":"15","mode":"bus","color":"#149a3f","colorDark":"#0a5121","band":3,"off":[0,1.1]}},{"type":"Feature","geometry":{"type":"Point","coordinates":[23.754726,37.998364]},"properties":{"name":"Ελ. Βενιζέλου","band":3,"modes":"bus","arr":["15"],"off":[0,-0.8]}},{"type":"Feature","geometry":{"type":"Point","coordinates":[23.754726,37.998364]},"properties":{"line":"15","mode":"bus","color":"#149a3f","colorDark":"#0a5121","band":3,"off":[0,1.1]}},{"type":"Feature","geometry":{"type":"Point","coordinates":[23.674761,37.961812]},"properties":{"name":"Αγ. Ιωάννης Ρέντης","band":3,"modes":"bus","arr":["16"],"off":[0,-0.8]}},{"type":"Feature","geometry":{"type":"Point","coordinates":[23.674761,37.961812]},"properties":{"line":"16","mode":"bus","color":"#149a3f","colorDark":"#0a5121","band":3,"off":[0,1.1]}},{"type":"Feature","geometry":{"type":"Point","coordinates":[23.643941,37.943582]},"properties":{"name":"Πειραιάς Αγ. Σπυρίδων","band":3,"modes":"bus","arr":["17"],"off":[0,-0.8]}},{"type":"Feature","geometry":{"type":"Point","coordinates":[23.643941,37.943582]},"properties":{"line":"17","mode":"bus","color":"#149a3f","colorDark":"#0a5121","band":3,"off":[0,1.1]}},{"type":"Feature","geometry":{"type":"Point","coordinates":[23.73272,37.989661]},"properties":{"name":"Μουσείο","band":3,"modes":"bus","arr":["18","19","046","19Β"],"off":[0,-0.8]}},{"type":"Feature","geometry":{"type":"Point","coordinates":[23.73272,37.989661]},"properties":{"line":"18","mode":"bus","color":"#149a3f","colorDark":"#0a5121","band":3,"off":[-5.1,1.1]}},{"type":"Feature","geometry":{"type":"Point","coordinates":[23.73272,37.989661]},"properties":{"line":"19","mode":"bus","color":"#149a3f","colorDark":"#0a5121","band":3,"off":[-1.7,1.1]}},{"type":"Feature","geometry":{"type":"Point","coordinates":[23.73272,37.989661]},"properties":{"line":"046","mode":"bus","color":"#0059a9","colorDark":"#00294f","band":3,"off":[1.7,1.1]}},{"type":"Feature","geometry":{"type":"Point","coordinates":[23.73272,37.989661]},"properties":{"line":"19Β","mode":"bus","color":"#149a3f","colorDark":"#0a5121","band":3,"off":[5.1,1.1]}},{"type":"Feature","geometry":{"type":"Point","coordinates":[23.798592,38.022937]},"properties":{"name":"Χαλάνδρι","band":3,"modes":"bus","arr":["18","447"],"off":[0,-0.8]}},{"type":"Feature","geometry":{"type":"Point","coordinates":[23.798592,38.022937]},"properties":{"line":"18","mode":"bus","color":"#149a3f","colorDark":"#0a5121","band":3,"off":[-1.7,1.1]}},{"type":"Feature","geometry":{"type":"Point","coordinates":[23.798592,38.022937]},"properties":{"line":"447","mode":"bus","color":"#0059a9","colorDark":"#00294f","band":3,"off":[1.7,1.1]}},{"type":"Feature","geometry":{"type":"Point","coordinates":[23.821089,38.021717]},"properties":{"name":"Στ. Χαλάνδρι","band":3,"modes":"bus","arr":["19","405","450","451","460","461"],"off":[0,-0.8]}},{"type":"Feature","geometry":{"type":"Point","coordinates":[23.821089,38.021717]},"properties":{"line":"19","mode":"bus","color":"#149a3f","colorDark":"#0a5121","band":3,"off":[-6.8,1.1]}},{"type":"Feature","geometry":{"type":"Point","coordinates":[23.821089,38.021717]},"properties":{"line":"405","mode":"bus","color":"#0059a9","colorDark":"#00294f","band":3,"off":[-3.4,1.1]}},{"type":"Feature","geometry":{"type":"Point","coordinates":[23.821089,38.021717]},"properties":{"line":"450","mode":"bus","color":"#0059a9","colorDark":"#00294f","band":3,"off":[0,1.1]}},{"type":"Feature","geometry":{"type":"Point","coordinates":[23.821089,38.021717]},"properties":{"line":"451","mode":"bus","color":"#0059a9","colorDark":"#00294f","band":3,"off":[3.4,1.1]}},{"type":"Feature","geometry":{"type":"Point","coordinates":[23.821089,38.021717]},"properties":{"line":"460","mode":"bus","color":"#0059a9","colorDark":"#00294f","band":3,"off":[6.8,1.1]}},{"type":"Feature","geometry":{"type":"Point","coordinates":[23.821089,38.021717]},"properties":{"line":"461","mode":"bus","color":"#0059a9","colorDark":"#00294f","band":3,"off":[0,3.1]}},{"type":"Feature","geometry":{"type":"Point","coordinates":[23.622761,37.944206]},"properties":{"name":"Τέρμα","band":3,"modes":"bus","arr":["20"],"off":[0,-0.8]}},{"type":"Feature","geometry":{"type":"Point","coordinates":[23.622761,37.944206]},"properties":{"line":"20","mode":"bus","color":"#149a3f","colorDark":"#0a5121","band":3,"off":[0,1.1]}},{"type":"Feature","geometry":{"type":"Point","coordinates":[23.661499,37.944406]},"properties":{"name":"Ν. Φάληρο","band":3,"modes":"bus","arr":["20"],"off":[0,-0.8]}},{"type":"Feature","geometry":{"type":"Point","coordinates":[23.661499,37.944406]},"properties":{"line":"20","mode":"bus","color":"#149a3f","colorDark":"#0a5121","band":3,"off":[0,1.1]}},{"type":"Feature","geometry":{"type":"Point","coordinates":[23.731463,37.985465]},"properties":{"name":"Πλ. Κάνιγγος","band":3,"modes":"bus","arr":["021"],"off":[0,-0.8]}},{"type":"Feature","geometry":{"type":"Point","coordinates":[23.731463,37.985465]},"properties":{"line":"021","mode":"bus","color":"#0059a9","colorDark":"#00294f","band":3,"off":[0,1.1]}},{"type":"Feature","geometry":{"type":"Point","coordinates":[23.6477,37.966078]},"properties":{"name":"Νίκαια","band":3,"modes":"bus","arr":["21"],"off":[0,-0.8]}},{"type":"Feature","geometry":{"type":"Point","coordinates":[23.6477,37.966078]},"properties":{"line":"21","mode":"bus","color":"#149a3f","colorDark":"#0a5121","band":3,"off":[0,1.1]}},{"type":"Feature","geometry":{"type":"Point","coordinates":[23.735118,37.980161]},"properties":{"name":"Αφετηρία - Σίνα","band":3,"modes":"bus","arr":["022","060","Α5"],"off":[0,-0.8]}},{"type":"Feature","geometry":{"type":"Point","coordinates":[23.735118,37.980161]},"properties":{"name":"Ακαδημία","band":3,"modes":"bus","arr":["022","060","Α5"],"off":[0,-1.9]}},{"type":"Feature","geometry":{"type":"Point","coordinates":[23.735118,37.980161]},"properties":{"line":"022","mode":"bus","color":"#0059a9","colorDark":"#00294f","band":3,"off":[-3.4,1.1]}},{"type":"Feature","geometry":{"type":"Point","coordinates":[23.735118,37.980161]},"properties":{"line":"060","mode":"bus","color":"#0059a9","colorDark":"#00294f","band":3,"off":[0,1.1]}},{"type":"Feature","geometry":{"type":"Point","coordinates":[23.735118,37.980161]},"properties":{"line":"Α5","mode":"bus","color":"#0059a9","colorDark":"#00294f","band":3,"off":[3.4,1.1]}},{"type":"Feature","geometry":{"type":"Point","coordinates":[23.734503,38.047633]},"properties":{"name":"Αγ. Ανάργυροι","band":3,"modes":"bus","arr":["024"],"off":[0,-0.8]}},{"type":"Feature","geometry":{"type":"Point","coordinates":[23.734503,38.047633]},"properties":{"line":"024","mode":"bus","color":"#0059a9","colorDark":"#00294f","band":3,"off":[0,1.1]}},{"type":"Feature","geometry":{"type":"Point","coordinates":[23.68016,38.039952]},"properties":{"name":"Πετρούπολη","band":3,"modes":"bus","arr":["24"],"off":[0,-0.8]}},{"type":"Feature","geometry":{"type":"Point","coordinates":[23.68016,38.039952]},"properties":{"line":"24","mode":"bus","color":"#149a3f","colorDark":"#0a5121","band":3,"off":[0,1.1]}},{"type":"Feature","geometry":{"type":"Point","coordinates":[23.709133,37.989307]},"properties":{"name":"Προφήτη Δανιήλ","band":3,"modes":"bus","arr":["025"],"off":[0,-0.8]}},{"type":"Feature","geometry":{"type":"Point","coordinates":[23.709133,37.989307]},"properties":{"line":"025","mode":"bus","color":"#0059a9","colorDark":"#00294f","band":3,"off":[0,1.1]}},{"type":"Feature","geometry":{"type":"Point","coordinates":[23.747638,37.988183]},"properties":{"name":"Ιπποκράτους","band":3,"modes":"bus","arr":["025","026"],"off":[0,-0.8]}},{"type":"Feature","geometry":{"type":"Point","coordinates":[23.747638,37.988183]},"properties":{"line":"025","mode":"bus","color":"#0059a9","colorDark":"#00294f","band":3,"off":[-1.7,1.1]}},{"type":"Feature","geometry":{"type":"Point","coordinates":[23.747638,37.988183]},"properties":{"line":"026","mode":"bus","color":"#0059a9","colorDark":"#00294f","band":3,"off":[1.7,1.1]}},{"type":"Feature","geometry":{"type":"Point","coordinates":[23.700742,38.006203]},"properties":{"name":"Αφετηρία Αγ. Αντώνιος","band":3,"modes":"bus","arr":["25"],"off":[0,-0.8]}},{"type":"Feature","geometry":{"type":"Point","coordinates":[23.700742,38.006203]},"properties":{"line":"25","mode":"bus","color":"#149a3f","colorDark":"#0a5121","band":3,"off":[0,1.1]}},{"type":"Feature","geometry":{"type":"Point","coordinates":[23.703752,37.981472]},"properties":{"name":"Βοτανικός","band":3,"modes":"bus","arr":["026"],"off":[0,-0.8]}},{"type":"Feature","geometry":{"type":"Point","coordinates":[23.703752,37.981472]},"properties":{"line":"026","mode":"bus","color":"#0059a9","colorDark":"#00294f","band":3,"off":[0,1.1]}},{"type":"Feature","geometry":{"type":"Point","coordinates":[23.696347,37.964084]},"properties":{"name":"Πετράλωνα","band":3,"modes":"bus","arr":["035"],"off":[0,-0.8]}},{"type":"Feature","geometry":{"type":"Point","coordinates":[23.696347,37.964084]},"properties":{"line":"035","mode":"bus","color":"#0059a9","colorDark":"#00294f","band":3,"off":[0,1.1]}},{"type":"Feature","geometry":{"type":"Point","coordinates":[23.777123,37.993604]},"properties":{"name":"Σταθμός Κατεχάκη","band":3,"modes":"bus","arr":["036","402"],"off":[0,-0.8]}},{"type":"Feature","geometry":{"type":"Point","coordinates":[23.777123,37.993604]},"properties":{"line":"036","mode":"bus","color":"#0059a9","colorDark":"#00294f","band":3,"off":[-1.7,1.1]}},{"type":"Feature","geometry":{"type":"Point","coordinates":[23.777123,37.993604]},"properties":{"line":"402","mode":"bus","color":"#0059a9","colorDark":"#00294f","band":3,"off":[1.7,1.1]}},{"type":"Feature","geometry":{"type":"Point","coordinates":[23.734004,37.974513]},"properties":{"name":"Σύνταγμα","band":3,"modes":"bus","arr":["040","Χ95"],"off":[0,-0.8]}},{"type":"Feature","geometry":{"type":"Point","coordinates":[23.734004,37.974513]},"properties":{"line":"040","mode":"bus","color":"#0059a9","colorDark":"#00294f","band":3,"off":[-1.7,1.1]}},{"type":"Feature","geometry":{"type":"Point","coordinates":[23.734004,37.974513]},"properties":{"line":"Χ95","mode":"bus","color":"#0059a9","colorDark":"#00294f","band":3,"off":[1.7,1.1]}},{"type":"Feature","geometry":{"type":"Point","coordinates":[23.631889,37.938487]},"properties":{"name":"Πειραιάς","band":3,"modes":"bus","arr":["040","049","130","217","229","826","828","831","843","859","Α1","Β1"],"off":[0,-0.8]}},{"type":"Feature","geometry":{"type":"Point","coordinates":[23.631889,37.938487]},"properties":{"line":"040","mode":"bus","color":"#0059a9","colorDark":"#00294f","band":3,"off":[-6.8,1.1]}},{"type":"Feature","geometry":{"type":"Point","coordinates":[23.631889,37.938487]},"properties":{"line":"049","mode":"bus","color":"#0059a9","colorDark":"#00294f","band":3,"off":[-3.4,1.1]}},{"type":"Feature","geometry":{"type":"Point","coordinates":[23.631889,37.938487]},"properties":{"line":"130","mode":"bus","color":"#0059a9","colorDark":"#00294f","band":3,"off":[0,1.1]}},{"type":"Feature","geometry":{"type":"Point","coordinates":[23.631889,37.938487]},"properties":{"line":"217","mode":"bus","color":"#0059a9","colorDark":"#00294f","band":3,"off":[3.4,1.1]}},{"type":"Feature","geometry":{"type":"Point","coordinates":[23.631889,37.938487]},"properties":{"line":"229","mode":"bus","color":"#0059a9","colorDark":"#00294f","band":3,"off":[6.8,1.1]}},{"type":"Feature","geometry":{"type":"Point","coordinates":[23.631889,37.938487]},"properties":{"line":"826","mode":"bus","color":"#0059a9","colorDark":"#00294f","band":3,"off":[-6.8,3.1]}},{"type":"Feature","geometry":{"type":"Point","coordinates":[23.631889,37.938487]},"properties":{"line":"828","mode":"bus","color":"#0059a9","colorDark":"#00294f","band":3,"off":[-3.4,3.1]}},{"type":"Feature","geometry":{"type":"Point","coordinates":[23.631889,37.938487]},"properties":{"line":"831","mode":"bus","color":"#0059a9","colorDark":"#00294f","band":3,"off":[0,3.1]}},{"type":"Feature","geometry":{"type":"Point","coordinates":[23.631889,37.938487]},"properties":{"line":"843","mode":"bus","color":"#0059a9","colorDark":"#00294f","band":3,"off":[3.4,3.1]}},{"type":"Feature","geometry":{"type":"Point","coordinates":[23.631889,37.938487]},"properties":{"line":"859","mode":"bus","color":"#0059a9","colorDark":"#00294f","band":3,"off":[6.8,3.1]}},{"type":"Feature","geometry":{"type":"Point","coordinates":[23.631889,37.938487]},"properties":{"line":"Α1","mode":"bus","color":"#0059a9","colorDark":"#00294f","band":3,"off":[-1.7,5.1]}},{"type":"Feature","geometry":{"type":"Point","coordinates":[23.631889,37.938487]},"properties":{"line":"Β1","mode":"bus","color":"#0059a9","colorDark":"#00294f","band":3,"off":[1.7,5.1]}},{"type":"Feature","geometry":{"type":"Point","coordinates":[23.778898,37.996568]},"properties":{"name":"Ελληνορώσων","band":3,"modes":"bus","arr":["046","242"],"off":[0,-0.8]}},{"type":"Feature","geometry":{"type":"Point","coordinates":[23.778898,37.996568]},"properties":{"line":"046","mode":"bus","color":"#0059a9","colorDark":"#00294f","band":3,"off":[-1.7,1.1]}},{"type":"Feature","geometry":{"type":"Point","coordinates":[23.778898,37.996568]},"properties":{"line":"242","mode":"bus","color":"#0059a9","colorDark":"#00294f","band":3,"off":[1.7,1.1]}},{"type":"Feature","geometry":{"type":"Point","coordinates":[23.727794,37.983241]},"properties":{"name":"Ομόνοια","band":3,"modes":"bus","arr":["049","838","914"],"off":[0,-0.8]}},{"type":"Feature","geometry":{"type":"Point","coordinates":[23.727794,37.983241]},"properties":{"line":"049","mode":"bus","color":"#0059a9","colorDark":"#00294f","band":3,"off":[-3.4,1.1]}},{"type":"Feature","geometry":{"type":"Point","coordinates":[23.727794,37.983241]},"properties":{"line":"838","mode":"bus","color":"#0059a9","colorDark":"#00294f","band":3,"off":[0,1.1]}},{"type":"Feature","geometry":{"type":"Point","coordinates":[23.727794,37.983241]},"properties":{"line":"914","mode":"bus","color":"#0059a9","colorDark":"#00294f","band":3,"off":[3.4,1.1]}},{"type":"Feature","geometry":{"type":"Point","coordinates":[23.69927,37.997623]},"properties":{"name":"Στ. Υπεραστικών Λεωφορείων Κηφισού","band":3,"modes":"bus","arr":["051","Χ93"],"off":[0,-0.8]}},{"type":"Feature","geometry":{"type":"Point","coordinates":[23.69927,37.997623]},"properties":{"line":"051","mode":"bus","color":"#0059a9","colorDark":"#00294f","band":3,"off":[-1.7,1.1]}},{"type":"Feature","geometry":{"type":"Point","coordinates":[23.69927,37.997623]},"properties":{"line":"Χ93","mode":"bus","color":"#0059a9","colorDark":"#00294f","band":3,"off":[1.7,1.1]}},{"type":"Feature","geometry":{"type":"Point","coordinates":[23.694814,37.988432]},"properties":{"name":"Στ. Ελαιώνα","band":3,"modes":"bus","arr":["052"],"off":[0,-0.8]}},{"type":"Feature","geometry":{"type":"Point","coordinates":[23.694814,37.988432]},"properties":{"line":"052","mode":"bus","color":"#0059a9","colorDark":"#00294f","band":3,"off":[0,1.1]}},{"type":"Feature","geometry":{"type":"Point","coordinates":[23.769149,38.033931]},"properties":{"name":"Περισσός 054","band":3,"modes":"bus","arr":["054","605"],"off":[0,-0.8]}},{"type":"Feature","geometry":{"type":"Point","coordinates":[23.769149,38.033931]},"properties":{"name":"Περισσός","band":3,"modes":"bus","arr":["054","605"],"off":[0,-1.9]}},{"type":"Feature","geometry":{"type":"Point","coordinates":[23.769149,38.033931]},"properties":{"line":"054","mode":"bus","color":"#0059a9","colorDark":"#00294f","band":3,"off":[-1.7,1.1]}},{"type":"Feature","geometry":{"type":"Point","coordinates":[23.769149,38.033931]},"properties":{"line":"605","mode":"bus","color":"#0059a9","colorDark":"#00294f","band":3,"off":[1.7,1.1]}},{"type":"Feature","geometry":{"type":"Point","coordinates":[23.712555,38.002907]},"properties":{"name":"Λόφος Σκουζέ","band":3,"modes":"bus","arr":["057"],"off":[0,-0.8]}},{"type":"Feature","geometry":{"type":"Point","coordinates":[23.712555,38.002907]},"properties":{"line":"057","mode":"bus","color":"#0059a9","colorDark":"#00294f","band":3,"off":[0,1.1]}},{"type":"Feature","geometry":{"type":"Point","coordinates":[23.755379,37.889359]},"properties":{"name":"Ελληνικό","band":3,"modes":"bus","arr":["101"],"off":[0,-0.8]}},{"type":"Feature","geometry":{"type":"Point","coordinates":[23.755379,37.889359]},"properties":{"line":"101","mode":"bus","color":"#0059a9","colorDark":"#00294f","band":3,"off":[0,1.1]}},{"type":"Feature","geometry":{"type":"Point","coordinates":[23.701337,37.916427]},"properties":{"name":"Άλιμος","band":3,"modes":"bus","arr":["101"],"off":[0,-0.8]}},{"type":"Feature","geometry":{"type":"Point","coordinates":[23.701337,37.916427]},"properties":{"line":"101","mode":"bus","color":"#0059a9","colorDark":"#00294f","band":3,"off":[0,1.1]}},{"type":"Feature","geometry":{"type":"Point","coordinates":[23.724478,37.925804]},"properties":{"name":"Αγ. Βαρβάρα","band":3,"modes":"bus","arr":["106","126"],"off":[0,-0.8]}},{"type":"Feature","geometry":{"type":"Point","coordinates":[23.724478,37.925804]},"properties":{"line":"106","mode":"bus","color":"#0059a9","colorDark":"#00294f","band":3,"off":[-1.7,1.1]}},{"type":"Feature","geometry":{"type":"Point","coordinates":[23.724478,37.925804]},"properties":{"line":"126","mode":"bus","color":"#0059a9","colorDark":"#00294f","band":3,"off":[1.7,1.1]}},{"type":"Feature","geometry":{"type":"Point","coordinates":[23.740883,37.941708]},"properties":{"name":"Στ. Αγ. Δημήτριος","band":3,"modes":"bus","arr":["109","164","201"],"off":[0,-0.8]}},{"type":"Feature","geometry":{"type":"Point","coordinates":[23.740883,37.941708]},"properties":{"line":"109","mode":"bus","color":"#0059a9","colorDark":"#00294f","band":3,"off":[-3.4,1.1]}},{"type":"Feature","geometry":{"type":"Point","coordinates":[23.740883,37.941708]},"properties":{"line":"164","mode":"bus","color":"#0059a9","colorDark":"#00294f","band":3,"off":[0,1.1]}},{"type":"Feature","geometry":{"type":"Point","coordinates":[23.740883,37.941708]},"properties":{"line":"201","mode":"bus","color":"#0059a9","colorDark":"#00294f","band":3,"off":[3.4,1.1]}},{"type":"Feature","geometry":{"type":"Point","coordinates":[23.72876,37.925766]},"properties":{"name":"Αγ. Δημήτριος","band":3,"modes":"bus","arr":["112"],"off":[0,-0.8]}},{"type":"Feature","geometry":{"type":"Point","coordinates":[23.72876,37.925766]},"properties":{"line":"112","mode":"bus","color":"#0059a9","colorDark":"#00294f","band":3,"off":[0,1.1]}},{"type":"Feature","geometry":{"type":"Point","coordinates":[23.740395,37.872888]},"properties":{"name":"Γλυφάδα","band":3,"modes":"bus","arr":["115","116","117","120","124","128","205","Α3"],"off":[0,-0.8]}},{"type":"Feature","geometry":{"type":"Point","coordinates":[23.740395,37.872888]},"properties":{"line":"115","mode":"bus","color":"#0059a9","colorDark":"#00294f","band":3,"off":[-6.8,1.1]}},{"type":"Feature","geometry":{"type":"Point","coordinates":[23.740395,37.872888]},"properties":{"line":"116","mode":"bus","color":"#0059a9","colorDark":"#00294f","band":3,"off":[-3.4,1.1]}},{"type":"Feature","geometry":{"type":"Point","coordinates":[23.740395,37.872888]},"properties":{"line":"117","mode":"bus","color":"#0059a9","colorDark":"#00294f","band":3,"off":[0,1.1]}},{"type":"Feature","geometry":{"type":"Point","coordinates":[23.740395,37.872888]},"properties":{"line":"120","mode":"bus","color":"#0059a9","colorDark":"#00294f","band":3,"off":[3.4,1.1]}},{"type":"Feature","geometry":{"type":"Point","coordinates":[23.740395,37.872888]},"properties":{"line":"124","mode":"bus","color":"#0059a9","colorDark":"#00294f","band":3,"off":[6.8,1.1]}},{"type":"Feature","geometry":{"type":"Point","coordinates":[23.740395,37.872888]},"properties":{"line":"128","mode":"bus","color":"#0059a9","colorDark":"#00294f","band":3,"off":[-3.4,3.1]}},{"type":"Feature","geometry":{"type":"Point","coordinates":[23.740395,37.872888]},"properties":{"line":"205","mode":"bus","color":"#0059a9","colorDark":"#00294f","band":3,"off":[0,3.1]}},{"type":"Feature","geometry":{"type":"Point","coordinates":[23.740395,37.872888]},"properties":{"line":"Α3","mode":"bus","color":"#0059a9","colorDark":"#00294f","band":3,"off":[3.4,3.1]}},{"type":"Feature","geometry":{"type":"Point","coordinates":[23.83763,37.848505]},"properties":{"name":"Κιτσι","band":3,"modes":"bus","arr":["115","116"],"off":[0,-0.8]}},{"type":"Feature","geometry":{"type":"Point","coordinates":[23.83763,37.848505]},"properties":{"line":"115","mode":"bus","color":"#0059a9","colorDark":"#00294f","band":3,"off":[-1.7,1.1]}},{"type":"Feature","geometry":{"type":"Point","coordinates":[23.83763,37.848505]},"properties":{"line":"116","mode":"bus","color":"#0059a9","colorDark":"#00294f","band":3,"off":[1.7,1.1]}},{"type":"Feature","geometry":{"type":"Point","coordinates":[23.820233,37.833784]},"properties":{"name":"Βάρη","band":3,"modes":"bus","arr":["117"],"off":[0,-0.8]}},{"type":"Feature","geometry":{"type":"Point","coordinates":[23.820233,37.833784]},"properties":{"line":"117","mode":"bus","color":"#0059a9","colorDark":"#00294f","band":3,"off":[0,1.1]}},{"type":"Feature","geometry":{"type":"Point","coordinates":[23.897074,37.913347]},"properties":{"name":"Προαστιακός 2","band":3,"modes":"bus","arr":["120","307","308","309","309Β","311","330"],"off":[0,-0.8]}},{"type":"Feature","geometry":{"type":"Point","coordinates":[23.897074,37.913347]},"properties":{"line":"120","mode":"bus","color":"#0059a9","colorDark":"#00294f","band":3,"off":[-6.8,1.1]}},{"type":"Feature","geometry":{"type":"Point","coordinates":[23.897074,37.913347]},"properties":{"line":"307","mode":"bus","color":"#0059a9","colorDark":"#00294f","band":3,"off":[-3.4,1.1]}},{"type":"Feature","geometry":{"type":"Point","coordinates":[23.897074,37.913347]},"properties":{"line":"308","mode":"bus","color":"#0059a9","colorDark":"#00294f","band":3,"off":[0,1.1]}},{"type":"Feature","geometry":{"type":"Point","coordinates":[23.897074,37.913347]},"properties":{"line":"309","mode":"bus","color":"#0059a9","colorDark":"#00294f","band":3,"off":[3.4,1.1]}},{"type":"Feature","geometry":{"type":"Point","coordinates":[23.897074,37.913347]},"properties":{"line":"309Β","mode":"bus","color":"#0059a9","colorDark":"#00294f","band":3,"off":[6.8,1.1]}},{"type":"Feature","geometry":{"type":"Point","coordinates":[23.897074,37.913347]},"properties":{"line":"311","mode":"bus","color":"#0059a9","colorDark":"#00294f","band":3,"off":[-1.7,3.1]}},{"type":"Feature","geometry":{"type":"Point","coordinates":[23.897074,37.913347]},"properties":{"line":"330","mode":"bus","color":"#0059a9","colorDark":"#00294f","band":3,"off":[1.7,3.1]}},{"type":"Feature","geometry":{"type":"Point","coordinates":[23.745007,37.908304]},"properties":{"name":"Αφετηρία 122","band":3,"modes":"bus","arr":["122"],"off":[0,-0.8]}},{"type":"Feature","geometry":{"type":"Point","coordinates":[23.745007,37.908304]},"properties":{"line":"122","mode":"bus","color":"#0059a9","colorDark":"#00294f","band":3,"off":[0,1.1]}},{"type":"Feature","geometry":{"type":"Point","coordinates":[23.913991,37.748651]},"properties":{"name":"Σαρωνίδα 122- 123","band":3,"modes":"bus","arr":["122","123"],"off":[0,-0.8]}},{"type":"Feature","geometry":{"type":"Point","coordinates":[23.913991,37.748651]},"properties":{"line":"122","mode":"bus","color":"#0059a9","colorDark":"#00294f","band":3,"off":[-1.7,1.1]}},{"type":"Feature","geometry":{"type":"Point","coordinates":[23.913991,37.748651]},"properties":{"line":"123","mode":"bus","color":"#0059a9","colorDark":"#00294f","band":3,"off":[1.7,1.1]}},{"type":"Feature","geometry":{"type":"Point","coordinates":[23.813726,37.822063]},"properties":{"name":"Βάρκιζα","band":3,"modes":"bus","arr":["122Θ","171"],"off":[0,-0.8]}},{"type":"Feature","geometry":{"type":"Point","coordinates":[23.813726,37.822063]},"properties":{"line":"122Θ","mode":"bus","color":"#0059a9","colorDark":"#00294f","band":3,"off":[-1.7,1.1]}},{"type":"Feature","geometry":{"type":"Point","coordinates":[23.813726,37.822063]},"properties":{"line":"171","mode":"bus","color":"#0059a9","colorDark":"#00294f","band":3,"off":[1.7,1.1]}},{"type":"Feature","geometry":{"type":"Point","coordinates":[23.719116,37.932378]},"properties":{"name":"Αμ/σιο Αγ. Δημητρίου","band":3,"modes":"bus","arr":["131"],"off":[0,-0.8]}},{"type":"Feature","geometry":{"type":"Point","coordinates":[23.719116,37.932378]},"properties":{"line":"131","mode":"bus","color":"#0059a9","colorDark":"#00294f","band":3,"off":[0,1.1]}},{"type":"Feature","geometry":{"type":"Point","coordinates":[23.715008,37.933519]},"properties":{"name":"Άνω Νέα Σμύρνη","band":3,"modes":"bus","arr":["136","137"],"off":[0,-0.8]}},{"type":"Feature","geometry":{"type":"Point","coordinates":[23.715008,37.933519]},"properties":{"line":"136","mode":"bus","color":"#0059a9","colorDark":"#00294f","band":3,"off":[-1.7,1.1]}},{"type":"Feature","geometry":{"type":"Point","coordinates":[23.715008,37.933519]},"properties":{"line":"137","mode":"bus","color":"#0059a9","colorDark":"#00294f","band":3,"off":[1.7,1.1]}},{"type":"Feature","geometry":{"type":"Point","coordinates":[23.746591,37.863412]},"properties":{"name":"Πλ. Γλυφάδας","band":3,"modes":"bus","arr":["140","790"],"off":[0,-0.8]}},{"type":"Feature","geometry":{"type":"Point","coordinates":[23.746591,37.863412]},"properties":{"name":"Γλυφάδα","band":3,"modes":"bus","arr":["140","790"],"off":[0,-1.9]}},{"type":"Feature","geometry":{"type":"Point","coordinates":[23.746591,37.863412]},"properties":{"line":"140","mode":"bus","color":"#0059a9","colorDark":"#00294f","band":3,"off":[-1.7,1.1]}},{"type":"Feature","geometry":{"type":"Point","coordinates":[23.746591,37.863412]},"properties":{"line":"790","mode":"bus","color":"#0059a9","colorDark":"#00294f","band":3,"off":[1.7,1.1]}},{"type":"Feature","geometry":{"type":"Point","coordinates":[23.74512,37.996475]},"properties":{"name":"Πολύγωνο","band":3,"modes":"bus","arr":["140"],"off":[0,-0.8]}},{"type":"Feature","geometry":{"type":"Point","coordinates":[23.74512,37.996475]},"properties":{"line":"140","mode":"bus","color":"#0059a9","colorDark":"#00294f","band":3,"off":[0,1.1]}},{"type":"Feature","geometry":{"type":"Point","coordinates":[23.736941,37.948997]},"properties":{"name":"Στ. Δάφνη","band":3,"modes":"bus","arr":["141","212","217","218","219","229","816"],"off":[0,-0.8]}},{"type":"Feature","geometry":{"type":"Point","coordinates":[23.736941,37.948997]},"properties":{"name":"Αγ. Δημήτριος (Στ. Δάφνη)","band":3,"modes":"bus","arr":["141","212","217","218","219","229","816"],"off":[0,-1.9]}},{"type":"Feature","geometry":{"type":"Point","coordinates":[23.736941,37.948997]},"properties":{"line":"141","mode":"bus","color":"#0059a9","colorDark":"#00294f","band":3,"off":[-6.8,1.1]}},{"type":"Feature","geometry":{"type":"Point","coordinates":[23.736941,37.948997]},"properties":{"line":"212","mode":"bus","color":"#0059a9","colorDark":"#00294f","band":3,"off":[-3.4,1.1]}},{"type":"Feature","geometry":{"type":"Point","coordinates":[23.736941,37.948997]},"properties":{"line":"217","mode":"bus","color":"#0059a9","colorDark":"#00294f","band":3,"off":[0,1.1]}},{"type":"Feature","geometry":{"type":"Point","coordinates":[23.736941,37.948997]},"properties":{"line":"218","mode":"bus","color":"#0059a9","colorDark":"#00294f","band":3,"off":[3.4,1.1]}},{"type":"Feature","geometry":{"type":"Point","coordinates":[23.736941,37.948997]},"properties":{"line":"219","mode":"bus","color":"#0059a9","colorDark":"#00294f","band":3,"off":[6.8,1.1]}},{"type":"Feature","geometry":{"type":"Point","coordinates":[23.736941,37.948997]},"properties":{"line":"229","mode":"bus","color":"#0059a9","colorDark":"#00294f","band":3,"off":[-1.7,3.1]}},{"type":"Feature","geometry":{"type":"Point","coordinates":[23.736941,37.948997]},"properties":{"line":"816","mode":"bus","color":"#0059a9","colorDark":"#00294f","band":3,"off":[1.7,3.1]}},{"type":"Feature","geometry":{"type":"Point","coordinates":[23.746158,37.902901]},"properties":{"name":"Στ. Αργυρούπολη","band":3,"modes":"bus","arr":["142"],"off":[0,-0.8]}},{"type":"Feature","geometry":{"type":"Point","coordinates":[23.746158,37.902901]},"properties":{"line":"142","mode":"bus","color":"#0059a9","colorDark":"#00294f","band":3,"off":[0,1.1]}},{"type":"Feature","geometry":{"type":"Point","coordinates":[23.778347,37.854163]},"properties":{"name":"Άνω Βούλα","band":3,"modes":"bus","arr":["154"],"off":[0,-0.8]}},{"type":"Feature","geometry":{"type":"Point","coordinates":[23.778347,37.854163]},"properties":{"line":"154","mode":"bus","color":"#0059a9","colorDark":"#00294f","band":3,"off":[0,1.1]}},{"type":"Feature","geometry":{"type":"Point","coordinates":[23.76955,37.835729]},"properties":{"name":"Βούλα","band":3,"modes":"bus","arr":["162","Α1","Α2"],"off":[0,-0.8]}},{"type":"Feature","geometry":{"type":"Point","coordinates":[23.76955,37.835729]},"properties":{"line":"162","mode":"bus","color":"#0059a9","colorDark":"#00294f","band":3,"off":[-3.4,1.1]}},{"type":"Feature","geometry":{"type":"Point","coordinates":[23.76955,37.835729]},"properties":{"line":"Α1","mode":"bus","color":"#0059a9","colorDark":"#00294f","band":3,"off":[0,1.1]}},{"type":"Feature","geometry":{"type":"Point","coordinates":[23.76955,37.835729]},"properties":{"line":"Α2","mode":"bus","color":"#0059a9","colorDark":"#00294f","band":3,"off":[3.4,1.1]}},{"type":"Feature","geometry":{"type":"Point","coordinates":[23.777455,37.89027]},"properties":{"name":"Άνω Γλυφάδα","band":3,"modes":"bus","arr":["164","Β1"],"off":[0,-0.8]}},{"type":"Feature","geometry":{"type":"Point","coordinates":[23.777455,37.89027]},"properties":{"line":"164","mode":"bus","color":"#0059a9","colorDark":"#00294f","band":3,"off":[-1.7,1.1]}},{"type":"Feature","geometry":{"type":"Point","coordinates":[23.777455,37.89027]},"properties":{"line":"Β1","mode":"bus","color":"#0059a9","colorDark":"#00294f","band":3,"off":[1.7,1.1]}},{"type":"Feature","geometry":{"type":"Point","coordinates":[23.769011,37.943098]},"properties":{"name":"Καρέας","band":3,"modes":"bus","arr":["203"],"off":[0,-0.8]}},{"type":"Feature","geometry":{"type":"Point","coordinates":[23.769011,37.943098]},"properties":{"line":"203","mode":"bus","color":"#0059a9","colorDark":"#00294f","band":3,"off":[0,1.1]}},{"type":"Feature","geometry":{"type":"Point","coordinates":[23.779061,37.954588]},"properties":{"name":"Στρ. Σακέτα","band":3,"modes":"bus","arr":["204"],"off":[0,-0.8]}},{"type":"Feature","geometry":{"type":"Point","coordinates":[23.779061,37.954588]},"properties":{"line":"204","mode":"bus","color":"#0059a9","colorDark":"#00294f","band":3,"off":[0,1.1]}},{"type":"Feature","geometry":{"type":"Point","coordinates":[23.776775,37.951297]},"properties":{"name":"Εκεμς","band":3,"modes":"bus","arr":["204Β"],"off":[0,-0.8]}},{"type":"Feature","geometry":{"type":"Point","coordinates":[23.776775,37.951297]},"properties":{"line":"204Β","mode":"bus","color":"#0059a9","colorDark":"#00294f","band":3,"off":[0,1.1]}},{"type":"Feature","geometry":{"type":"Point","coordinates":[23.764491,37.935062]},"properties":{"name":"Αγ. Μαρίνα","band":3,"modes":"bus","arr":["206","212"],"off":[0,-0.8]}},{"type":"Feature","geometry":{"type":"Point","coordinates":[23.764491,37.935062]},"properties":{"line":"206","mode":"bus","color":"#0059a9","colorDark":"#00294f","band":3,"off":[-1.7,1.1]}},{"type":"Feature","geometry":{"type":"Point","coordinates":[23.764491,37.935062]},"properties":{"line":"212","mode":"bus","color":"#0059a9","colorDark":"#00294f","band":3,"off":[1.7,1.1]}},{"type":"Feature","geometry":{"type":"Point","coordinates":[23.752499,37.950257]},"properties":{"name":"Μεταμόρφωση","band":3,"modes":"bus","arr":["209","211"],"off":[0,-0.8]}},{"type":"Feature","geometry":{"type":"Point","coordinates":[23.752499,37.950257]},"properties":{"line":"209","mode":"bus","color":"#0059a9","colorDark":"#00294f","band":3,"off":[-1.7,1.1]}},{"type":"Feature","geometry":{"type":"Point","coordinates":[23.752499,37.950257]},"properties":{"line":"211","mode":"bus","color":"#0059a9","colorDark":"#00294f","band":3,"off":[1.7,1.1]}},{"type":"Feature","geometry":{"type":"Point","coordinates":[23.641285,37.946039]},"properties":{"name":"Πειραιάς Πλ. Καραϊσκάκη","band":3,"modes":"bus","arr":["218","300","400","500","803","827","845","871","871Τ","904","906","Ε90"],"off":[0,-0.8]}},{"type":"Feature","geometry":{"type":"Point","coordinates":[23.641285,37.946039]},"properties":{"line":"218","mode":"bus","color":"#0059a9","colorDark":"#00294f","band":3,"off":[-6.8,1.1]}},{"type":"Feature","geometry":{"type":"Point","coordinates":[23.641285,37.946039]},"properties":{"line":"300","mode":"bus","color":"#0059a9","colorDark":"#00294f","band":3,"off":[-3.4,1.1]}},{"type":"Feature","geometry":{"type":"Point","coordinates":[23.641285,37.946039]},"properties":{"line":"400","mode":"bus","color":"#0059a9","colorDark":"#00294f","band":3,"off":[0,1.1]}},{"type":"Feature","geometry":{"type":"Point","coordinates":[23.641285,37.946039]},"properties":{"line":"500","mode":"bus","color":"#0059a9","colorDark":"#00294f","band":3,"off":[3.4,1.1]}},{"type":"Feature","geometry":{"type":"Point","coordinates":[23.641285,37.946039]},"properties":{"line":"803","mode":"bus","color":"#0059a9","colorDark":"#00294f","band":3,"off":[6.8,1.1]}},{"type":"Feature","geometry":{"type":"Point","coordinates":[23.641285,37.946039]},"properties":{"line":"827","mode":"bus","color":"#0059a9","colorDark":"#00294f","band":3,"off":[-6.8,3.1]}},{"type":"Feature","geometry":{"type":"Point","coordinates":[23.641285,37.946039]},"properties":{"line":"845","mode":"bus","color":"#0059a9","colorDark":"#00294f","band":3,"off":[-3.4,3.1]}},{"type":"Feature","geometry":{"type":"Point","coordinates":[23.641285,37.946039]},"properties":{"line":"871","mode":"bus","color":"#0059a9","colorDark":"#00294f","band":3,"off":[0,3.1]}},{"type":"Feature","geometry":{"type":"Point","coordinates":[23.641285,37.946039]},"properties":{"line":"871Τ","mode":"bus","color":"#0059a9","colorDark":"#00294f","band":3,"off":[3.4,3.1]}},{"type":"Feature","geometry":{"type":"Point","coordinates":[23.641285,37.946039]},"properties":{"line":"904","mode":"bus","color":"#0059a9","colorDark":"#00294f","band":3,"off":[6.8,3.1]}},{"type":"Feature","geometry":{"type":"Point","coordinates":[23.641285,37.946039]},"properties":{"line":"906","mode":"bus","color":"#0059a9","colorDark":"#00294f","band":3,"off":[-1.7,5.1]}},{"type":"Feature","geometry":{"type":"Point","coordinates":[23.641285,37.946039]},"properties":{"line":"Ε90","mode":"bus","color":"#0059a9","colorDark":"#00294f","band":3,"off":[1.7,5.1]}},{"type":"Feature","geometry":{"type":"Point","coordinates":[23.69682,37.95968]},"properties":{"name":"Στ. Καλλιθέα","band":3,"modes":"bus","arr":["219","911","911Α"],"off":[0,-0.8]}},{"type":"Feature","geometry":{"type":"Point","coordinates":[23.69682,37.95968]},"properties":{"line":"219","mode":"bus","color":"#0059a9","colorDark":"#00294f","band":3,"off":[-3.4,1.1]}},{"type":"Feature","geometry":{"type":"Point","coordinates":[23.69682,37.95968]},"properties":{"line":"911","mode":"bus","color":"#0059a9","colorDark":"#00294f","band":3,"off":[0,1.1]}},{"type":"Feature","geometry":{"type":"Point","coordinates":[23.69682,37.95968]},"properties":{"line":"911Α","mode":"bus","color":"#0059a9","colorDark":"#00294f","band":3,"off":[3.4,1.1]}},{"type":"Feature","geometry":{"type":"Point","coordinates":[23.776937,37.969998]},"properties":{"name":"Ζωγράφου","band":3,"modes":"bus","arr":["220","221","235"],"off":[0,-0.8]}},{"type":"Feature","geometry":{"type":"Point","coordinates":[23.776937,37.969998]},"properties":{"line":"220","mode":"bus","color":"#0059a9","colorDark":"#00294f","band":3,"off":[-3.4,1.1]}},{"type":"Feature","geometry":{"type":"Point","coordinates":[23.776937,37.969998]},"properties":{"line":"221","mode":"bus","color":"#0059a9","colorDark":"#00294f","band":3,"off":[0,1.1]}},{"type":"Feature","geometry":{"type":"Point","coordinates":[23.776937,37.969998]},"properties":{"line":"235","mode":"bus","color":"#0059a9","colorDark":"#00294f","band":3,"off":[3.4,1.1]}},{"type":"Feature","geometry":{"type":"Point","coordinates":[23.776419,37.964794]},"properties":{"name":"Καισαριανή","band":3,"modes":"bus","arr":["224"],"off":[0,-0.8]}},{"type":"Feature","geometry":{"type":"Point","coordinates":[23.776419,37.964794]},"properties":{"line":"224","mode":"bus","color":"#0059a9","colorDark":"#00294f","band":3,"off":[0,1.1]}},{"type":"Feature","geometry":{"type":"Point","coordinates":[23.757807,37.9981]},"properties":{"name":"Τέρμα Ελ. Βενιζέλου","band":3,"modes":"bus","arr":["224"],"off":[0,-0.8]}},{"type":"Feature","geometry":{"type":"Point","coordinates":[23.757807,37.9981]},"properties":{"line":"224","mode":"bus","color":"#0059a9","colorDark":"#00294f","band":3,"off":[0,1.1]}},{"type":"Feature","geometry":{"type":"Point","coordinates":[23.709331,37.963619]},"properties":{"name":"Άνω Πετράλωνα","band":3,"modes":"bus","arr":["227"],"off":[0,-0.8]}},{"type":"Feature","geometry":{"type":"Point","coordinates":[23.709331,37.963619]},"properties":{"line":"227","mode":"bus","color":"#0059a9","colorDark":"#00294f","band":3,"off":[0,1.1]}},{"type":"Feature","geometry":{"type":"Point","coordinates":[23.749152,37.960154]},"properties":{"name":"Αγ. Αρτέμιος","band":3,"modes":"bus","arr":["227"],"off":[0,-0.8]}},{"type":"Feature","geometry":{"type":"Point","coordinates":[23.749152,37.960154]},"properties":{"line":"227","mode":"bus","color":"#0059a9","colorDark":"#00294f","band":3,"off":[0,1.1]}},{"type":"Feature","geometry":{"type":"Point","coordinates":[23.78142,37.972665]},"properties":{"name":"Ζωγράφου","band":3,"modes":"bus","arr":["230"],"off":[0,-0.8]}},{"type":"Feature","geometry":{"type":"Point","coordinates":[23.78142,37.972665]},"properties":{"line":"230","mode":"bus","color":"#0059a9","colorDark":"#00294f","band":3,"off":[0,1.1]}},{"type":"Feature","geometry":{"type":"Point","coordinates":[23.722446,37.969956]},"properties":{"name":"Ακρόπολη","band":3,"modes":"bus","arr":["230"],"off":[0,-0.8]}},{"type":"Feature","geometry":{"type":"Point","coordinates":[23.722446,37.969956]},"properties":{"line":"230","mode":"bus","color":"#0059a9","colorDark":"#00294f","band":3,"off":[0,1.1]}},{"type":"Feature","geometry":{"type":"Point","coordinates":[23.760664,37.92348]},"properties":{"name":"Άνω Ηλιούπολη","band":3,"modes":"bus","arr":["237"],"off":[0,-0.8]}},{"type":"Feature","geometry":{"type":"Point","coordinates":[23.760664,37.92348]},"properties":{"line":"237","mode":"bus","color":"#0059a9","colorDark":"#00294f","band":3,"off":[0,1.1]}},{"type":"Feature","geometry":{"type":"Point","coordinates":[23.760109,37.971734]},"properties":{"name":"Πανεπιστημιούπολη","band":3,"modes":"bus","arr":["250"],"off":[0,-0.8]}},{"type":"Feature","geometry":{"type":"Point","coordinates":[23.760109,37.971734]},"properties":{"line":"250","mode":"bus","color":"#0059a9","colorDark":"#00294f","band":3,"off":[0,1.1]}},{"type":"Feature","geometry":{"type":"Point","coordinates":[23.834265,38.023745]},"properties":{"name":"Στ. Δουκ. Πλακεντίας","band":3,"modes":"bus","arr":["301","301Β","302","306","307","314","319","400","407","411"],"off":[0,-0.8]}},{"type":"Feature","geometry":{"type":"Point","coordinates":[23.834265,38.023745]},"properties":{"line":"301","mode":"bus","color":"#0059a9","colorDark":"#00294f","band":3,"off":[-6.8,1.1]}},{"type":"Feature","geometry":{"type":"Point","coordinates":[23.834265,38.023745]},"properties":{"line":"301Β","mode":"bus","color":"#0059a9","colorDark":"#00294f","band":3,"off":[-3.4,1.1]}},{"type":"Feature","geometry":{"type":"Point","coordinates":[23.834265,38.023745]},"properties":{"line":"302","mode":"bus","color":"#0059a9","colorDark":"#00294f","band":3,"off":[0,1.1]}},{"type":"Feature","geometry":{"type":"Point","coordinates":[23.834265,38.023745]},"properties":{"line":"306","mode":"bus","color":"#0059a9","colorDark":"#00294f","band":3,"off":[3.4,1.1]}},{"type":"Feature","geometry":{"type":"Point","coordinates":[23.834265,38.023745]},"properties":{"line":"307","mode":"bus","color":"#0059a9","colorDark":"#00294f","band":3,"off":[6.8,1.1]}},{"type":"Feature","geometry":{"type":"Point","coordinates":[23.834265,38.023745]},"properties":{"line":"314","mode":"bus","color":"#0059a9","colorDark":"#00294f","band":3,"off":[-6.8,3.1]}},{"type":"Feature","geometry":{"type":"Point","coordinates":[23.834265,38.023745]},"properties":{"line":"319","mode":"bus","color":"#0059a9","colorDark":"#00294f","band":3,"off":[-3.4,3.1]}},{"type":"Feature","geometry":{"type":"Point","coordinates":[23.834265,38.023745]},"properties":{"line":"400","mode":"bus","color":"#0059a9","colorDark":"#00294f","band":3,"off":[0,3.1]}},{"type":"Feature","geometry":{"type":"Point","coordinates":[23.834265,38.023745]},"properties":{"line":"407","mode":"bus","color":"#0059a9","colorDark":"#00294f","band":3,"off":[3.4,3.1]}},{"type":"Feature","geometry":{"type":"Point","coordinates":[23.834265,38.023745]},"properties":{"line":"411","mode":"bus","color":"#0059a9","colorDark":"#00294f","band":3,"off":[6.8,3.1]}},{"type":"Feature","geometry":{"type":"Point","coordinates":[24.001613,37.928863]},"properties":{"name":"Άρτεμις","band":3,"modes":"bus","arr":["304"],"off":[0,-0.8]}},{"type":"Feature","geometry":{"type":"Point","coordinates":[24.001613,37.928863]},"properties":{"line":"304","mode":"bus","color":"#0059a9","colorDark":"#00294f","band":3,"off":[0,1.1]}},{"type":"Feature","geometry":{"type":"Point","coordinates":[23.806244,38.00984]},"properties":{"name":"Στ. Νομισματοκοπείο","band":3,"modes":"bus","arr":["304","305","308","316"],"off":[0,-0.8]}},{"type":"Feature","geometry":{"type":"Point","coordinates":[23.806244,38.00984]},"properties":{"line":"304","mode":"bus","color":"#0059a9","colorDark":"#00294f","band":3,"off":[-5.1,1.1]}},{"type":"Feature","geometry":{"type":"Point","coordinates":[23.806244,38.00984]},"properties":{"line":"305","mode":"bus","color":"#0059a9","colorDark":"#00294f","band":3,"off":[-1.7,1.1]}},{"type":"Feature","geometry":{"type":"Point","coordinates":[23.806244,38.00984]},"properties":{"line":"308","mode":"bus","color":"#0059a9","colorDark":"#00294f","band":3,"off":[1.7,1.1]}},{"type":"Feature","geometry":{"type":"Point","coordinates":[23.806244,38.00984]},"properties":{"line":"316","mode":"bus","color":"#0059a9","colorDark":"#00294f","band":3,"off":[5.1,1.1]}},{"type":"Feature","geometry":{"type":"Point","coordinates":[24.020525,37.990537]},"properties":{"name":"Άρτεμις (Αγ. Νικόλαος)","band":3,"modes":"bus","arr":["305","316","323"],"off":[0,-0.8]}},{"type":"Feature","geometry":{"type":"Point","coordinates":[24.020525,37.990537]},"properties":{"line":"305","mode":"bus","color":"#0059a9","colorDark":"#00294f","band":3,"off":[-3.4,1.1]}},{"type":"Feature","geometry":{"type":"Point","coordinates":[24.020525,37.990537]},"properties":{"line":"316","mode":"bus","color":"#0059a9","colorDark":"#00294f","band":3,"off":[0,1.1]}},{"type":"Feature","geometry":{"type":"Point","coordinates":[24.020525,37.990537]},"properties":{"line":"323","mode":"bus","color":"#0059a9","colorDark":"#00294f","band":3,"off":[3.4,1.1]}},{"type":"Feature","geometry":{"type":"Point","coordinates":[23.960461,38.161876]},"properties":{"name":"Μαραθώνας 3","band":3,"modes":"bus","arr":["310"],"off":[0,-0.8]}},{"type":"Feature","geometry":{"type":"Point","coordinates":[23.960461,38.161876]},"properties":{"line":"310","mode":"bus","color":"#0059a9","colorDark":"#00294f","band":3,"off":[0,1.1]}},{"type":"Feature","geometry":{"type":"Point","coordinates":[23.982948,38.034007]},"properties":{"name":"Ραφήνα Τέρμα 314","band":3,"modes":"bus","arr":["314"],"off":[0,-0.8]}},{"type":"Feature","geometry":{"type":"Point","coordinates":[23.982948,38.034007]},"properties":{"line":"314","mode":"bus","color":"#0059a9","colorDark":"#00294f","band":3,"off":[0,1.1]}},{"type":"Feature","geometry":{"type":"Point","coordinates":[23.891112,38.044582]},"properties":{"name":"Αφετηρία 324","band":3,"modes":"bus","arr":["324"],"off":[0,-0.8]}},{"type":"Feature","geometry":{"type":"Point","coordinates":[23.891112,38.044582]},"properties":{"line":"324","mode":"bus","color":"#0059a9","colorDark":"#00294f","band":3,"off":[0,1.1]}},{"type":"Feature","geometry":{"type":"Point","coordinates":[23.872771,37.981486]},"properties":{"name":"Αφετηρία 326","band":3,"modes":"bus","arr":["326"],"off":[0,-0.8]}},{"type":"Feature","geometry":{"type":"Point","coordinates":[23.872771,37.981486]},"properties":{"line":"326","mode":"bus","color":"#0059a9","colorDark":"#00294f","band":3,"off":[0,1.1]}},{"type":"Feature","geometry":{"type":"Point","coordinates":[23.813824,38.033936]},"properties":{"name":"Πολύδροσο","band":3,"modes":"bus","arr":["402"],"off":[0,-0.8]}},{"type":"Feature","geometry":{"type":"Point","coordinates":[23.813824,38.033936]},"properties":{"line":"402","mode":"bus","color":"#0059a9","colorDark":"#00294f","band":3,"off":[0,1.1]}},{"type":"Feature","geometry":{"type":"Point","coordinates":[23.843717,38.021118]},"properties":{"name":"Πευκάκια Αγ. Παρασκευής","band":3,"modes":"bus","arr":["406"],"off":[0,-0.8]}},{"type":"Feature","geometry":{"type":"Point","coordinates":[23.843717,38.021118]},"properties":{"line":"406","mode":"bus","color":"#0059a9","colorDark":"#00294f","band":3,"off":[0,1.1]}},{"type":"Feature","geometry":{"type":"Point","coordinates":[23.795646,37.979339]},"properties":{"name":"Παπάγου","band":3,"modes":"bus","arr":["409"],"off":[0,-0.8]}},{"type":"Feature","geometry":{"type":"Point","coordinates":[23.795646,37.979339]},"properties":{"line":"409","mode":"bus","color":"#0059a9","colorDark":"#00294f","band":3,"off":[0,1.1]}},{"type":"Feature","geometry":{"type":"Point","coordinates":[23.792487,38.038504]},"properties":{"name":"Μαρούσι","band":3,"modes":"bus","arr":["410","Α8"],"off":[0,-0.8]}},{"type":"Feature","geometry":{"type":"Point","coordinates":[23.792487,38.038504]},"properties":{"line":"410","mode":"bus","color":"#0059a9","colorDark":"#00294f","band":3,"off":[-1.7,1.1]}},{"type":"Feature","geometry":{"type":"Point","coordinates":[23.792487,38.038504]},"properties":{"line":"Α8","mode":"bus","color":"#0059a9","colorDark":"#00294f","band":3,"off":[1.7,1.1]}},{"type":"Feature","geometry":{"type":"Point","coordinates":[23.785639,37.999805]},"properties":{"name":"Εθν.Άμυνα 418","band":3,"modes":"bus","arr":["416","418"],"off":[0,-0.8]}},{"type":"Feature","geometry":{"type":"Point","coordinates":[23.785639,37.999805]},"properties":{"name":"Εθν. Άμυνα","band":3,"modes":"bus","arr":["416","418"],"off":[0,-1.9]}},{"type":"Feature","geometry":{"type":"Point","coordinates":[23.785639,37.999805]},"properties":{"line":"416","mode":"bus","color":"#0059a9","colorDark":"#00294f","band":3,"off":[-1.7,1.1]}},{"type":"Feature","geometry":{"type":"Point","coordinates":[23.785639,37.999805]},"properties":{"line":"418","mode":"bus","color":"#0059a9","colorDark":"#00294f","band":3,"off":[1.7,1.1]}},{"type":"Feature","geometry":{"type":"Point","coordinates":[23.623776,37.942246]},"properties":{"name":"Πειραιάς Δραπετσώνα Χ96","band":3,"modes":"bus","arr":["420","Χ96"],"off":[0,-0.8]}},{"type":"Feature","geometry":{"type":"Point","coordinates":[23.623776,37.942246]},"properties":{"line":"420","mode":"bus","color":"#0059a9","colorDark":"#00294f","band":3,"off":[-1.7,1.1]}},{"type":"Feature","geometry":{"type":"Point","coordinates":[23.623776,37.942246]},"properties":{"line":"Χ96","mode":"bus","color":"#0059a9","colorDark":"#00294f","band":3,"off":[1.7,1.1]}},{"type":"Feature","geometry":{"type":"Point","coordinates":[23.717792,38.03579]},"properties":{"name":"Αγ. Ανάργυροι","band":3,"modes":"bus","arr":["420","421"],"off":[0,-0.8]}},{"type":"Feature","geometry":{"type":"Point","coordinates":[23.717792,38.03579]},"properties":{"line":"420","mode":"bus","color":"#0059a9","colorDark":"#00294f","band":3,"off":[-1.7,1.1]}},{"type":"Feature","geometry":{"type":"Point","coordinates":[23.717792,38.03579]},"properties":{"line":"421","mode":"bus","color":"#0059a9","colorDark":"#00294f","band":3,"off":[1.7,1.1]}},{"type":"Feature","geometry":{"type":"Point","coordinates":[23.821831,38.013409]},"properties":{"name":"Αγ. Παρασκευή","band":3,"modes":"bus","arr":["421"],"off":[0,-0.8]}},{"type":"Feature","geometry":{"type":"Point","coordinates":[23.821831,38.013409]},"properties":{"line":"421","mode":"bus","color":"#0059a9","colorDark":"#00294f","band":3,"off":[0,1.1]}},{"type":"Feature","geometry":{"type":"Point","coordinates":[23.784663,38.04237]},"properties":{"name":"Στ. Ειρήνη","band":3,"modes":"bus","arr":["444"],"off":[0,-0.8]}},{"type":"Feature","geometry":{"type":"Point","coordinates":[23.784663,38.04237]},"properties":{"line":"444","mode":"bus","color":"#0059a9","colorDark":"#00294f","band":3,"off":[0,1.1]}},{"type":"Feature","geometry":{"type":"Point","coordinates":[23.79885,38.058139]},"properties":{"name":"Στ. Αμαρουσίου","band":3,"modes":"bus","arr":["446"],"off":[0,-0.8]}},{"type":"Feature","geometry":{"type":"Point","coordinates":[23.79885,38.058139]},"properties":{"line":"446","mode":"bus","color":"#0059a9","colorDark":"#00294f","band":3,"off":[0,1.1]}},{"type":"Feature","geometry":{"type":"Point","coordinates":[23.874559,38.059416]},"properties":{"name":"Π. Πεντέλη - Νοσοκομείο","band":3,"modes":"bus","arr":["446","460"],"off":[0,-0.8]}},{"type":"Feature","geometry":{"type":"Point","coordinates":[23.874559,38.059416]},"properties":{"line":"446","mode":"bus","color":"#0059a9","colorDark":"#00294f","band":3,"off":[-1.7,1.1]}},{"type":"Feature","geometry":{"type":"Point","coordinates":[23.874559,38.059416]},"properties":{"line":"460","mode":"bus","color":"#0059a9","colorDark":"#00294f","band":3,"off":[1.7,1.1]}},{"type":"Feature","geometry":{"type":"Point","coordinates":[23.847166,38.048013]},"properties":{"name":"Άνω Βριλήσσια","band":3,"modes":"bus","arr":["447"],"off":[0,-0.8]}},{"type":"Feature","geometry":{"type":"Point","coordinates":[23.847166,38.048013]},"properties":{"line":"447","mode":"bus","color":"#0059a9","colorDark":"#00294f","band":3,"off":[0,1.1]}},{"type":"Feature","geometry":{"type":"Point","coordinates":[23.858631,38.064153]},"properties":{"name":"Ν. Πεντέλη - Πλ.Αγ.Σίλα","band":3,"modes":"bus","arr":["450","530"],"off":[0,-0.8]}},{"type":"Feature","geometry":{"type":"Point","coordinates":[23.858631,38.064153]},"properties":{"line":"450","mode":"bus","color":"#0059a9","colorDark":"#00294f","band":3,"off":[-1.7,1.1]}},{"type":"Feature","geometry":{"type":"Point","coordinates":[23.858631,38.064153]},"properties":{"line":"530","mode":"bus","color":"#0059a9","colorDark":"#00294f","band":3,"off":[1.7,1.1]}},{"type":"Feature","geometry":{"type":"Point","coordinates":[23.811591,38.072593]},"properties":{"name":"Πλ. Πλατάνου","band":3,"modes":"bus","arr":["500","550","Α7","Χ14"],"off":[0,-0.8]}},{"type":"Feature","geometry":{"type":"Point","coordinates":[23.811591,38.072593]},"properties":{"line":"500","mode":"bus","color":"#0059a9","colorDark":"#00294f","band":3,"off":[-5.1,1.1]}},{"type":"Feature","geometry":{"type":"Point","coordinates":[23.811591,38.072593]},"properties":{"line":"550","mode":"bus","color":"#0059a9","colorDark":"#00294f","band":3,"off":[-1.7,1.1]}},{"type":"Feature","geometry":{"type":"Point","coordinates":[23.811591,38.072593]},"properties":{"line":"Α7","mode":"bus","color":"#0059a9","colorDark":"#00294f","band":3,"off":[1.7,1.1]}},{"type":"Feature","geometry":{"type":"Point","coordinates":[23.811591,38.072593]},"properties":{"line":"Χ14","mode":"bus","color":"#0059a9","colorDark":"#00294f","band":3,"off":[5.1,1.1]}},{"type":"Feature","geometry":{"type":"Point","coordinates":[23.789339,38.067925]},"properties":{"name":"Πεύκη","band":3,"modes":"bus","arr":["501","527"],"off":[0,-0.8]}},{"type":"Feature","geometry":{"type":"Point","coordinates":[23.789339,38.067925]},"properties":{"line":"501","mode":"bus","color":"#0059a9","colorDark":"#00294f","band":3,"off":[-1.7,1.1]}},{"type":"Feature","geometry":{"type":"Point","coordinates":[23.789339,38.067925]},"properties":{"line":"527","mode":"bus","color":"#0059a9","colorDark":"#00294f","band":3,"off":[1.7,1.1]}},{"type":"Feature","geometry":{"type":"Point","coordinates":[23.783291,38.121646]},"properties":{"name":"Βαρυμπόμπη","band":3,"modes":"bus","arr":["503","537"],"off":[0,-0.8]}},{"type":"Feature","geometry":{"type":"Point","coordinates":[23.783291,38.121646]},"properties":{"line":"503","mode":"bus","color":"#0059a9","colorDark":"#00294f","band":3,"off":[-1.7,1.1]}},{"type":"Feature","geometry":{"type":"Point","coordinates":[23.783291,38.121646]},"properties":{"line":"537","mode":"bus","color":"#0059a9","colorDark":"#00294f","band":3,"off":[1.7,1.1]}},{"type":"Feature","geometry":{"type":"Point","coordinates":[23.810001,38.067122]},"properties":{"name":"Ζηρινειο","band":3,"modes":"bus","arr":["503","507","509","509Β","510","535","535Α","536"],"off":[0,-0.8]}},{"type":"Feature","geometry":{"type":"Point","coordinates":[23.810001,38.067122]},"properties":{"line":"503","mode":"bus","color":"#0059a9","colorDark":"#00294f","band":3,"off":[-6.8,1.1]}},{"type":"Feature","geometry":{"type":"Point","coordinates":[23.810001,38.067122]},"properties":{"line":"507","mode":"bus","color":"#0059a9","colorDark":"#00294f","band":3,"off":[-3.4,1.1]}},{"type":"Feature","geometry":{"type":"Point","coordinates":[23.810001,38.067122]},"properties":{"line":"509","mode":"bus","color":"#0059a9","colorDark":"#00294f","band":3,"off":[0,1.1]}},{"type":"Feature","geometry":{"type":"Point","coordinates":[23.810001,38.067122]},"properties":{"line":"509Β","mode":"bus","color":"#0059a9","colorDark":"#00294f","band":3,"off":[3.4,1.1]}},{"type":"Feature","geometry":{"type":"Point","coordinates":[23.810001,38.067122]},"properties":{"line":"510","mode":"bus","color":"#0059a9","colorDark":"#00294f","band":3,"off":[6.8,1.1]}},{"type":"Feature","geometry":{"type":"Point","coordinates":[23.810001,38.067122]},"properties":{"line":"535","mode":"bus","color":"#0059a9","colorDark":"#00294f","band":3,"off":[-3.4,3.1]}},{"type":"Feature","geometry":{"type":"Point","coordinates":[23.810001,38.067122]},"properties":{"line":"535Α","mode":"bus","color":"#0059a9","colorDark":"#00294f","band":3,"off":[0,3.1]}},{"type":"Feature","geometry":{"type":"Point","coordinates":[23.810001,38.067122]},"properties":{"line":"536","mode":"bus","color":"#0059a9","colorDark":"#00294f","band":3,"off":[3.4,3.1]}},{"type":"Feature","geometry":{"type":"Point","coordinates":[23.756587,38.130053]},"properties":{"name":"Θρακομακεδόνες","band":3,"modes":"bus","arr":["504"],"off":[0,-0.8]}},{"type":"Feature","geometry":{"type":"Point","coordinates":[23.756587,38.130053]},"properties":{"line":"504","mode":"bus","color":"#0059a9","colorDark":"#00294f","band":3,"off":[0,1.1]}},{"type":"Feature","geometry":{"type":"Point","coordinates":[23.887115,38.144369]},"properties":{"name":"Σταμάτα","band":3,"modes":"bus","arr":["507"],"off":[0,-0.8]}},{"type":"Feature","geometry":{"type":"Point","coordinates":[23.887115,38.144369]},"properties":{"line":"507","mode":"bus","color":"#0059a9","colorDark":"#00294f","band":3,"off":[0,1.1]}},{"type":"Feature","geometry":{"type":"Point","coordinates":[23.824227,38.138944]},"properties":{"name":"Κρυονέρι","band":3,"modes":"bus","arr":["509"],"off":[0,-0.8]}},{"type":"Feature","geometry":{"type":"Point","coordinates":[23.824227,38.138944]},"properties":{"line":"509","mode":"bus","color":"#0059a9","colorDark":"#00294f","band":3,"off":[0,1.1]}},{"type":"Feature","geometry":{"type":"Point","coordinates":[23.924543,38.222055]},"properties":{"name":"Βαρνάβας","band":3,"modes":"bus","arr":["509Β"],"off":[0,-0.8]}},{"type":"Feature","geometry":{"type":"Point","coordinates":[23.924543,38.222055]},"properties":{"line":"509Β","mode":"bus","color":"#0059a9","colorDark":"#00294f","band":3,"off":[0,1.1]}},{"type":"Feature","geometry":{"type":"Point","coordinates":[23.789361,38.321504]},"properties":{"name":"Σκάλα Ωρωπού","band":3,"modes":"bus","arr":["510"],"off":[0,-0.8]}},{"type":"Feature","geometry":{"type":"Point","coordinates":[23.789361,38.321504]},"properties":{"line":"510","mode":"bus","color":"#0059a9","colorDark":"#00294f","band":3,"off":[0,1.1]}},{"type":"Feature","geometry":{"type":"Point","coordinates":[23.808432,38.07315]},"properties":{"name":"Στ. Κηφισίας","band":3,"modes":"bus","arr":["522","523","524","526","530","560"],"off":[0,-0.8]}},{"type":"Feature","geometry":{"type":"Point","coordinates":[23.808432,38.07315]},"properties":{"line":"522","mode":"bus","color":"#0059a9","colorDark":"#00294f","band":3,"off":[-6.8,1.1]}},{"type":"Feature","geometry":{"type":"Point","coordinates":[23.808432,38.07315]},"properties":{"line":"523","mode":"bus","color":"#0059a9","colorDark":"#00294f","band":3,"off":[-3.4,1.1]}},{"type":"Feature","geometry":{"type":"Point","coordinates":[23.808432,38.07315]},"properties":{"line":"524","mode":"bus","color":"#0059a9","colorDark":"#00294f","band":3,"off":[0,1.1]}},{"type":"Feature","geometry":{"type":"Point","coordinates":[23.808432,38.07315]},"properties":{"line":"526","mode":"bus","color":"#0059a9","colorDark":"#00294f","band":3,"off":[3.4,1.1]}},{"type":"Feature","geometry":{"type":"Point","coordinates":[23.808432,38.07315]},"properties":{"line":"530","mode":"bus","color":"#0059a9","colorDark":"#00294f","band":3,"off":[6.8,1.1]}},{"type":"Feature","geometry":{"type":"Point","coordinates":[23.808432,38.07315]},"properties":{"line":"560","mode":"bus","color":"#0059a9","colorDark":"#00294f","band":3,"off":[0,3.1]}},{"type":"Feature","geometry":{"type":"Point","coordinates":[23.904484,38.092335]},"properties":{"name":"Διόνυσος","band":3,"modes":"bus","arr":["536"],"off":[0,-0.8]}},{"type":"Feature","geometry":{"type":"Point","coordinates":[23.904484,38.092335]},"properties":{"line":"536","mode":"bus","color":"#0059a9","colorDark":"#00294f","band":3,"off":[0,1.1]}},{"type":"Feature","geometry":{"type":"Point","coordinates":[23.731807,38.078254]},"properties":{"name":"Αχαρναί","band":3,"modes":"bus","arr":["537","712","728","733","734","735","752","878","879"],"off":[0,-0.8]}},{"type":"Feature","geometry":{"type":"Point","coordinates":[23.731807,38.078254]},"properties":{"line":"537","mode":"bus","color":"#0059a9","colorDark":"#00294f","band":3,"off":[-6.8,1.1]}},{"type":"Feature","geometry":{"type":"Point","coordinates":[23.731807,38.078254]},"properties":{"line":"712","mode":"bus","color":"#0059a9","colorDark":"#00294f","band":3,"off":[-3.4,1.1]}},{"type":"Feature","geometry":{"type":"Point","coordinates":[23.731807,38.078254]},"properties":{"line":"728","mode":"bus","color":"#0059a9","colorDark":"#00294f","band":3,"off":[0,1.1]}},{"type":"Feature","geometry":{"type":"Point","coordinates":[23.731807,38.078254]},"properties":{"line":"733","mode":"bus","color":"#0059a9","colorDark":"#00294f","band":3,"off":[3.4,1.1]}},{"type":"Feature","geometry":{"type":"Point","coordinates":[23.731807,38.078254]},"properties":{"line":"734","mode":"bus","color":"#0059a9","colorDark":"#00294f","band":3,"off":[6.8,1.1]}},{"type":"Feature","geometry":{"type":"Point","coordinates":[23.731807,38.078254]},"properties":{"line":"735","mode":"bus","color":"#0059a9","colorDark":"#00294f","band":3,"off":[-5.1,3.1]}},{"type":"Feature","geometry":{"type":"Point","coordinates":[23.731807,38.078254]},"properties":{"line":"752","mode":"bus","color":"#0059a9","colorDark":"#00294f","band":3,"off":[-1.7,3.1]}},{"type":"Feature","geometry":{"type":"Point","coordinates":[23.731807,38.078254]},"properties":{"line":"878","mode":"bus","color":"#0059a9","colorDark":"#00294f","band":3,"off":[1.7,3.1]}},{"type":"Feature","geometry":{"type":"Point","coordinates":[23.731807,38.078254]},"properties":{"line":"879","mode":"bus","color":"#0059a9","colorDark":"#00294f","band":3,"off":[5.1,3.1]}},{"type":"Feature","geometry":{"type":"Point","coordinates":[23.760272,38.063768]},"properties":{"name":"Μεταμόρφωση","band":3,"modes":"bus","arr":["541"],"off":[0,-0.8]}},{"type":"Feature","geometry":{"type":"Point","coordinates":[23.760272,38.063768]},"properties":{"line":"541","mode":"bus","color":"#0059a9","colorDark":"#00294f","band":3,"off":[0,1.1]}},{"type":"Feature","geometry":{"type":"Point","coordinates":[23.807817,38.074321]},"properties":{"name":"Στ. Κηφισιά (Τατοΐου) 543-543Α","band":3,"modes":"bus","arr":["543","543Α"],"off":[0,-0.8]}},{"type":"Feature","geometry":{"type":"Point","coordinates":[23.807817,38.074321]},"properties":{"line":"543","mode":"bus","color":"#0059a9","colorDark":"#00294f","band":3,"off":[-1.7,1.1]}},{"type":"Feature","geometry":{"type":"Point","coordinates":[23.807817,38.074321]},"properties":{"line":"543Α","mode":"bus","color":"#0059a9","colorDark":"#00294f","band":3,"off":[1.7,1.1]}},{"type":"Feature","geometry":{"type":"Point","coordinates":[23.68614,37.930064]},"properties":{"name":"Π. Φάληρο","band":3,"modes":"bus","arr":["550"],"off":[0,-0.8]}},{"type":"Feature","geometry":{"type":"Point","coordinates":[23.68614,37.930064]},"properties":{"line":"550","mode":"bus","color":"#0059a9","colorDark":"#00294f","band":3,"off":[0,1.1]}},{"type":"Feature","geometry":{"type":"Point","coordinates":[23.809727,38.104248]},"properties":{"name":"Ν. Ερυθραία","band":3,"modes":"bus","arr":["560"],"off":[0,-0.8]}},{"type":"Feature","geometry":{"type":"Point","coordinates":[23.809727,38.104248]},"properties":{"line":"560","mode":"bus","color":"#0059a9","colorDark":"#00294f","band":3,"off":[0,1.1]}},{"type":"Feature","geometry":{"type":"Point","coordinates":[23.760058,38.039132]},"properties":{"name":"Αφετηρία 602","band":3,"modes":"bus","arr":["602"],"off":[0,-0.8]}},{"type":"Feature","geometry":{"type":"Point","coordinates":[23.760058,38.039132]},"properties":{"line":"602","mode":"bus","color":"#0059a9","colorDark":"#00294f","band":3,"off":[0,1.1]}},{"type":"Feature","geometry":{"type":"Point","coordinates":[23.77307,38.081742]},"properties":{"name":"Νοσ. Αγ. Ανάργυροι","band":3,"modes":"bus","arr":["604"],"off":[0,-0.8]}},{"type":"Feature","geometry":{"type":"Point","coordinates":[23.77307,38.081742]},"properties":{"line":"604","mode":"bus","color":"#0059a9","colorDark":"#00294f","band":3,"off":[0,1.1]}},{"type":"Feature","geometry":{"type":"Point","coordinates":[23.761502,38.026541]},"properties":{"name":"Γαλάτσι","band":3,"modes":"bus","arr":["608"],"off":[0,-0.8]}},{"type":"Feature","geometry":{"type":"Point","coordinates":[23.761502,38.026541]},"properties":{"line":"608","mode":"bus","color":"#0059a9","colorDark":"#00294f","band":3,"off":[0,1.1]}},{"type":"Feature","geometry":{"type":"Point","coordinates":[23.781323,37.971074]},"properties":{"name":"Νεκροταφείο Ζωγράφου","band":3,"modes":"bus","arr":["608"],"off":[0,-0.8]}},{"type":"Feature","geometry":{"type":"Point","coordinates":[23.781323,37.971074]},"properties":{"line":"608","mode":"bus","color":"#0059a9","colorDark":"#00294f","band":3,"off":[0,1.1]}},{"type":"Feature","geometry":{"type":"Point","coordinates":[23.775579,38.019707]},"properties":{"name":"Φιλοθέη","band":3,"modes":"bus","arr":["610"],"off":[0,-0.8]}},{"type":"Feature","geometry":{"type":"Point","coordinates":[23.775579,38.019707]},"properties":{"line":"610","mode":"bus","color":"#0059a9","colorDark":"#00294f","band":3,"off":[0,1.1]}},{"type":"Feature","geometry":{"type":"Point","coordinates":[23.752629,38.060101]},"properties":{"name":"Μεταμόρφωση","band":3,"modes":"bus","arr":["619"],"off":[0,-0.8]}},{"type":"Feature","geometry":{"type":"Point","coordinates":[23.752629,38.060101]},"properties":{"line":"619","mode":"bus","color":"#0059a9","colorDark":"#00294f","band":3,"off":[0,1.1]}},{"type":"Feature","geometry":{"type":"Point","coordinates":[23.758811,38.008481]},"properties":{"name":"Άνω Γαλάτσι","band":3,"modes":"bus","arr":["622"],"off":[0,-0.8]}},{"type":"Feature","geometry":{"type":"Point","coordinates":[23.758811,38.008481]},"properties":{"line":"622","mode":"bus","color":"#0059a9","colorDark":"#00294f","band":3,"off":[0,1.1]}},{"type":"Feature","geometry":{"type":"Point","coordinates":[23.774762,37.982419]},"properties":{"name":"Γουδή","band":3,"modes":"bus","arr":["622","815"],"off":[0,-0.8]}},{"type":"Feature","geometry":{"type":"Point","coordinates":[23.774762,37.982419]},"properties":{"line":"622","mode":"bus","color":"#0059a9","colorDark":"#00294f","band":3,"off":[-1.7,1.1]}},{"type":"Feature","geometry":{"type":"Point","coordinates":[23.774762,37.982419]},"properties":{"line":"815","mode":"bus","color":"#0059a9","colorDark":"#00294f","band":3,"off":[1.7,1.1]}},{"type":"Feature","geometry":{"type":"Point","coordinates":[23.765759,38.046526]},"properties":{"name":"Ηράκλειο 640","band":3,"modes":"bus","arr":["640"],"off":[0,-0.8]}},{"type":"Feature","geometry":{"type":"Point","coordinates":[23.765759,38.046526]},"properties":{"line":"640","mode":"bus","color":"#0059a9","colorDark":"#00294f","band":3,"off":[0,1.1]}},{"type":"Feature","geometry":{"type":"Point","coordinates":[23.760996,38.046671]},"properties":{"name":"Τοπική Ηρακλείου","band":3,"modes":"bus","arr":["642"],"off":[0,-0.8]}},{"type":"Feature","geometry":{"type":"Point","coordinates":[23.760996,38.046671]},"properties":{"line":"642","mode":"bus","color":"#0059a9","colorDark":"#00294f","band":3,"off":[0,1.1]}},{"type":"Feature","geometry":{"type":"Point","coordinates":[23.764175,38.006007]},"properties":{"name":"Ψυχικό","band":3,"modes":"bus","arr":["651"],"off":[0,-0.8]}},{"type":"Feature","geometry":{"type":"Point","coordinates":[23.764175,38.006007]},"properties":{"line":"651","mode":"bus","color":"#0059a9","colorDark":"#00294f","band":3,"off":[0,1.1]}},{"type":"Feature","geometry":{"type":"Point","coordinates":[23.758401,37.989099]},"properties":{"name":"Αφετηρία - Πανόρμου","band":3,"modes":"bus","arr":["653"],"off":[0,-0.8]}},{"type":"Feature","geometry":{"type":"Point","coordinates":[23.758401,37.989099]},"properties":{"line":"653","mode":"bus","color":"#0059a9","colorDark":"#00294f","band":3,"off":[0,1.1]}},{"type":"Feature","geometry":{"type":"Point","coordinates":[23.669129,38.03522]},"properties":{"name":"Κηπούπολη","band":3,"modes":"bus","arr":["700","719","Α13"],"off":[0,-0.8]}},{"type":"Feature","geometry":{"type":"Point","coordinates":[23.669129,38.03522]},"properties":{"line":"700","mode":"bus","color":"#0059a9","colorDark":"#00294f","band":3,"off":[-3.4,1.1]}},{"type":"Feature","geometry":{"type":"Point","coordinates":[23.669129,38.03522]},"properties":{"line":"719","mode":"bus","color":"#0059a9","colorDark":"#00294f","band":3,"off":[0,1.1]}},{"type":"Feature","geometry":{"type":"Point","coordinates":[23.669129,38.03522]},"properties":{"line":"Α13","mode":"bus","color":"#0059a9","colorDark":"#00294f","band":3,"off":[3.4,1.1]}},{"type":"Feature","geometry":{"type":"Point","coordinates":[23.692704,38.054269]},"properties":{"name":"Καματερό","band":3,"modes":"bus","arr":["701","704","705","Γ12"],"off":[0,-0.8]}},{"type":"Feature","geometry":{"type":"Point","coordinates":[23.692704,38.054269]},"properties":{"line":"701","mode":"bus","color":"#0059a9","colorDark":"#00294f","band":3,"off":[-5.1,1.1]}},{"type":"Feature","geometry":{"type":"Point","coordinates":[23.692704,38.054269]},"properties":{"line":"704","mode":"bus","color":"#0059a9","colorDark":"#00294f","band":3,"off":[-1.7,1.1]}},{"type":"Feature","geometry":{"type":"Point","coordinates":[23.692704,38.054269]},"properties":{"line":"705","mode":"bus","color":"#0059a9","colorDark":"#00294f","band":3,"off":[1.7,1.1]}},{"type":"Feature","geometry":{"type":"Point","coordinates":[23.692704,38.054269]},"properties":{"line":"Γ12","mode":"bus","color":"#0059a9","colorDark":"#00294f","band":3,"off":[5.1,1.1]}},{"type":"Feature","geometry":{"type":"Point","coordinates":[23.621963,37.942611]},"properties":{"name":"Ακτή Βασιλειάδη","band":3,"modes":"bus","arr":["703"],"off":[0,-0.8]}},{"type":"Feature","geometry":{"type":"Point","coordinates":[23.621963,37.942611]},"properties":{"line":"703","mode":"bus","color":"#0059a9","colorDark":"#00294f","band":3,"off":[0,1.1]}},{"type":"Feature","geometry":{"type":"Point","coordinates":[23.726851,38.021998]},"properties":{"name":"Αγ. Ελευθέριος","band":3,"modes":"bus","arr":["703"],"off":[0,-0.8]}},{"type":"Feature","geometry":{"type":"Point","coordinates":[23.726851,38.021998]},"properties":{"line":"703","mode":"bus","color":"#0059a9","colorDark":"#00294f","band":3,"off":[0,1.1]}},{"type":"Feature","geometry":{"type":"Point","coordinates":[23.701569,38.007002]},"properties":{"name":"Στ. Αγ. Αντώνιος","band":3,"modes":"bus","arr":["706","822","823"],"off":[0,-0.8]}},{"type":"Feature","geometry":{"type":"Point","coordinates":[23.701569,38.007002]},"properties":{"line":"706","mode":"bus","color":"#0059a9","colorDark":"#00294f","band":3,"off":[-3.4,1.1]}},{"type":"Feature","geometry":{"type":"Point","coordinates":[23.701569,38.007002]},"properties":{"line":"822","mode":"bus","color":"#0059a9","colorDark":"#00294f","band":3,"off":[0,1.1]}},{"type":"Feature","geometry":{"type":"Point","coordinates":[23.701569,38.007002]},"properties":{"line":"823","mode":"bus","color":"#0059a9","colorDark":"#00294f","band":3,"off":[3.4,1.1]}},{"type":"Feature","geometry":{"type":"Point","coordinates":[23.698858,38.082085]},"properties":{"name":"Άνω Λιόσια","band":3,"modes":"bus","arr":["709"],"off":[0,-0.8]}},{"type":"Feature","geometry":{"type":"Point","coordinates":[23.698858,38.082085]},"properties":{"line":"709","mode":"bus","color":"#0059a9","colorDark":"#00294f","band":3,"off":[0,1.1]}},{"type":"Feature","geometry":{"type":"Point","coordinates":[23.681212,38.071322]},"properties":{"name":"Ζωφριά","band":3,"modes":"bus","arr":["711"],"off":[0,-0.8]}},{"type":"Feature","geometry":{"type":"Point","coordinates":[23.681212,38.071322]},"properties":{"line":"711","mode":"bus","color":"#0059a9","colorDark":"#00294f","band":3,"off":[0,1.1]}},{"type":"Feature","geometry":{"type":"Point","coordinates":[23.732094,38.050634]},"properties":{"name":"Ανάκασα","band":3,"modes":"bus","arr":["720"],"off":[0,-0.8]}},{"type":"Feature","geometry":{"type":"Point","coordinates":[23.732094,38.050634]},"properties":{"line":"720","mode":"bus","color":"#0059a9","colorDark":"#00294f","band":3,"off":[0,1.1]}},{"type":"Feature","geometry":{"type":"Point","coordinates":[23.737016,38.103181]},"properties":{"name":"Αχαρναί","band":3,"modes":"bus","arr":["721","724","725","726","727","755","755Β"],"off":[0,-0.8]}},{"type":"Feature","geometry":{"type":"Point","coordinates":[23.737016,38.103181]},"properties":{"line":"721","mode":"bus","color":"#0059a9","colorDark":"#00294f","band":3,"off":[-6.8,1.1]}},{"type":"Feature","geometry":{"type":"Point","coordinates":[23.737016,38.103181]},"properties":{"line":"724","mode":"bus","color":"#0059a9","colorDark":"#00294f","band":3,"off":[-3.4,1.1]}},{"type":"Feature","geometry":{"type":"Point","coordinates":[23.737016,38.103181]},"properties":{"line":"725","mode":"bus","color":"#0059a9","colorDark":"#00294f","band":3,"off":[0,1.1]}},{"type":"Feature","geometry":{"type":"Point","coordinates":[23.737016,38.103181]},"properties":{"line":"726","mode":"bus","color":"#0059a9","colorDark":"#00294f","band":3,"off":[3.4,1.1]}},{"type":"Feature","geometry":{"type":"Point","coordinates":[23.737016,38.103181]},"properties":{"line":"727","mode":"bus","color":"#0059a9","colorDark":"#00294f","band":3,"off":[6.8,1.1]}},{"type":"Feature","geometry":{"type":"Point","coordinates":[23.737016,38.103181]},"properties":{"line":"755","mode":"bus","color":"#0059a9","colorDark":"#00294f","band":3,"off":[-1.7,3.1]}},{"type":"Feature","geometry":{"type":"Point","coordinates":[23.737016,38.103181]},"properties":{"line":"755Β","mode":"bus","color":"#0059a9","colorDark":"#00294f","band":3,"off":[1.7,3.1]}},{"type":"Feature","geometry":{"type":"Point","coordinates":[23.672657,38.107881]},"properties":{"name":"Τέρμα Φυλής","band":3,"modes":"bus","arr":["723"],"off":[0,-0.8]}},{"type":"Feature","geometry":{"type":"Point","coordinates":[23.672657,38.107881]},"properties":{"line":"723","mode":"bus","color":"#0059a9","colorDark":"#00294f","band":3,"off":[0,1.1]}},{"type":"Feature","geometry":{"type":"Point","coordinates":[23.700053,38.023984]},"properties":{"name":"Ζωοδόχος Πηγή","band":3,"modes":"bus","arr":["730"],"off":[0,-0.8]}},{"type":"Feature","geometry":{"type":"Point","coordinates":[23.700053,38.023984]},"properties":{"line":"730","mode":"bus","color":"#0059a9","colorDark":"#00294f","band":3,"off":[0,1.1]}},{"type":"Feature","geometry":{"type":"Point","coordinates":[23.676698,38.010068]},"properties":{"name":"Αγ. Αναστασία","band":3,"modes":"bus","arr":["730","821"],"off":[0,-0.8]}},{"type":"Feature","geometry":{"type":"Point","coordinates":[23.676698,38.010068]},"properties":{"line":"730","mode":"bus","color":"#0059a9","colorDark":"#00294f","band":3,"off":[-1.7,1.1]}},{"type":"Feature","geometry":{"type":"Point","coordinates":[23.676698,38.010068]},"properties":{"line":"821","mode":"bus","color":"#0059a9","colorDark":"#00294f","band":3,"off":[1.7,1.1]}},{"type":"Feature","geometry":{"type":"Point","coordinates":[23.688197,38.027522]},"properties":{"name":"Ανθούπολη","band":3,"modes":"bus","arr":["731"],"off":[0,-0.8]}},{"type":"Feature","geometry":{"type":"Point","coordinates":[23.688197,38.027522]},"properties":{"line":"731","mode":"bus","color":"#0059a9","colorDark":"#00294f","band":3,"off":[0,1.1]}},{"type":"Feature","geometry":{"type":"Point","coordinates":[23.648054,38.021729]},"properties":{"name":"Δάσος Β","band":3,"modes":"bus","arr":["731","803","Α15"],"off":[0,-0.8]}},{"type":"Feature","geometry":{"type":"Point","coordinates":[23.648054,38.021729]},"properties":{"name":"Δάσος","band":3,"modes":"bus","arr":["731","803","Α15"],"off":[0,-1.9]}},{"type":"Feature","geometry":{"type":"Point","coordinates":[23.648054,38.021729]},"properties":{"line":"731","mode":"bus","color":"#0059a9","colorDark":"#00294f","band":3,"off":[-3.4,1.1]}},{"type":"Feature","geometry":{"type":"Point","coordinates":[23.648054,38.021729]},"properties":{"line":"803","mode":"bus","color":"#0059a9","colorDark":"#00294f","band":3,"off":[0,1.1]}},{"type":"Feature","geometry":{"type":"Point","coordinates":[23.648054,38.021729]},"properties":{"line":"Α15","mode":"bus","color":"#0059a9","colorDark":"#00294f","band":3,"off":[3.4,1.1]}},{"type":"Feature","geometry":{"type":"Point","coordinates":[23.706679,38.039393]},"properties":{"name":"Νέα Λεωφ.Θηβών 732","band":3,"modes":"bus","arr":["732"],"off":[0,-0.8]}},{"type":"Feature","geometry":{"type":"Point","coordinates":[23.706679,38.039393]},"properties":{"line":"732","mode":"bus","color":"#0059a9","colorDark":"#00294f","band":3,"off":[0,1.1]}},{"type":"Feature","geometry":{"type":"Point","coordinates":[23.77232,38.117225]},"properties":{"name":"Ολυμπ. Χωριό","band":3,"modes":"bus","arr":["740"],"off":[0,-0.8]}},{"type":"Feature","geometry":{"type":"Point","coordinates":[23.77232,38.117225]},"properties":{"line":"740","mode":"bus","color":"#0059a9","colorDark":"#00294f","band":3,"off":[0,1.1]}},{"type":"Feature","geometry":{"type":"Point","coordinates":[23.674197,38.045368]},"properties":{"name":"Πετρούπολη","band":3,"modes":"bus","arr":["747","Α11","Β11"],"off":[0,-0.8]}},{"type":"Feature","geometry":{"type":"Point","coordinates":[23.674197,38.045368]},"properties":{"line":"747","mode":"bus","color":"#0059a9","colorDark":"#00294f","band":3,"off":[-3.4,1.1]}},{"type":"Feature","geometry":{"type":"Point","coordinates":[23.674197,38.045368]},"properties":{"line":"Α11","mode":"bus","color":"#0059a9","colorDark":"#00294f","band":3,"off":[0,1.1]}},{"type":"Feature","geometry":{"type":"Point","coordinates":[23.674197,38.045368]},"properties":{"line":"Β11","mode":"bus","color":"#0059a9","colorDark":"#00294f","band":3,"off":[3.4,1.1]}},{"type":"Feature","geometry":{"type":"Point","coordinates":[23.67482,38.027025]},"properties":{"name":"Χρυσούπολη","band":3,"modes":"bus","arr":["748"],"off":[0,-0.8]}},{"type":"Feature","geometry":{"type":"Point","coordinates":[23.67482,38.027025]},"properties":{"line":"748","mode":"bus","color":"#0059a9","colorDark":"#00294f","band":3,"off":[0,1.1]}},{"type":"Feature","geometry":{"type":"Point","coordinates":[23.680583,38.083193]},"properties":{"name":"Οικισμός Γεννηματά","band":3,"modes":"bus","arr":["749"],"off":[0,-0.8]}},{"type":"Feature","geometry":{"type":"Point","coordinates":[23.680583,38.083193]},"properties":{"line":"749","mode":"bus","color":"#0059a9","colorDark":"#00294f","band":3,"off":[0,1.1]}},{"type":"Feature","geometry":{"type":"Point","coordinates":[23.665009,38.015622]},"properties":{"name":"Αττικό Νοσοκομείο","band":3,"modes":"bus","arr":["750"],"off":[0,-0.8]}},{"type":"Feature","geometry":{"type":"Point","coordinates":[23.665009,38.015622]},"properties":{"line":"750","mode":"bus","color":"#0059a9","colorDark":"#00294f","band":3,"off":[0,1.1]}},{"type":"Feature","geometry":{"type":"Point","coordinates":[23.63508,37.970363]},"properties":{"name":"Νίκαια","band":3,"modes":"bus","arr":["750"],"off":[0,-0.8]}},{"type":"Feature","geometry":{"type":"Point","coordinates":[23.63508,37.970363]},"properties":{"line":"750","mode":"bus","color":"#0059a9","colorDark":"#00294f","band":3,"off":[0,1.1]}},{"type":"Feature","geometry":{"type":"Point","coordinates":[23.692401,38.015955]},"properties":{"name":"Λ. Παναγή Τσαλδάρη","band":3,"modes":"bus","arr":["790"],"off":[0,-0.8]}},{"type":"Feature","geometry":{"type":"Point","coordinates":[23.692401,38.015955]},"properties":{"line":"790","mode":"bus","color":"#0059a9","colorDark":"#00294f","band":3,"off":[0,1.1]}},{"type":"Feature","geometry":{"type":"Point","coordinates":[23.626569,37.986789]},"properties":{"name":"Νεάπολη","band":3,"modes":"bus","arr":["800","824","825","846","852"],"off":[0,-0.8]}},{"type":"Feature","geometry":{"type":"Point","coordinates":[23.626569,37.986789]},"properties":{"line":"800","mode":"bus","color":"#0059a9","colorDark":"#00294f","band":3,"off":[-6.8,1.1]}},{"type":"Feature","geometry":{"type":"Point","coordinates":[23.626569,37.986789]},"properties":{"line":"824","mode":"bus","color":"#0059a9","colorDark":"#00294f","band":3,"off":[-3.4,1.1]}},{"type":"Feature","geometry":{"type":"Point","coordinates":[23.626569,37.986789]},"properties":{"line":"825","mode":"bus","color":"#0059a9","colorDark":"#00294f","band":3,"off":[0,1.1]}},{"type":"Feature","geometry":{"type":"Point","coordinates":[23.626569,37.986789]},"properties":{"line":"846","mode":"bus","color":"#0059a9","colorDark":"#00294f","band":3,"off":[3.4,1.1]}},{"type":"Feature","geometry":{"type":"Point","coordinates":[23.626569,37.986789]},"properties":{"line":"852","mode":"bus","color":"#0059a9","colorDark":"#00294f","band":3,"off":[6.8,1.1]}},{"type":"Feature","geometry":{"type":"Point","coordinates":[23.588794,38.058133]},"properties":{"name":"Ασπρόπυργος","band":3,"modes":"bus","arr":["805"],"off":[0,-0.8]}},{"type":"Feature","geometry":{"type":"Point","coordinates":[23.588794,38.058133]},"properties":{"line":"805","mode":"bus","color":"#0059a9","colorDark":"#00294f","band":3,"off":[0,1.1]}},{"type":"Feature","geometry":{"type":"Point","coordinates":[23.636102,38.044833]},"properties":{"name":"Νεοκτιστα","band":3,"modes":"bus","arr":["805"],"off":[0,-0.8]}},{"type":"Feature","geometry":{"type":"Point","coordinates":[23.636102,38.044833]},"properties":{"line":"805","mode":"bus","color":"#0059a9","colorDark":"#00294f","band":3,"off":[0,1.1]}},{"type":"Feature","geometry":{"type":"Point","coordinates":[23.634323,38.000868]},"properties":{"name":"Σχιστο","band":3,"modes":"bus","arr":["806","807","809","810","814"],"off":[0,-0.8]}},{"type":"Feature","geometry":{"type":"Point","coordinates":[23.634323,38.000868]},"properties":{"line":"806","mode":"bus","color":"#0059a9","colorDark":"#00294f","band":3,"off":[-6.8,1.1]}},{"type":"Feature","geometry":{"type":"Point","coordinates":[23.634323,38.000868]},"properties":{"line":"807","mode":"bus","color":"#0059a9","colorDark":"#00294f","band":3,"off":[-3.4,1.1]}},{"type":"Feature","geometry":{"type":"Point","coordinates":[23.634323,38.000868]},"properties":{"line":"809","mode":"bus","color":"#0059a9","colorDark":"#00294f","band":3,"off":[0,1.1]}},{"type":"Feature","geometry":{"type":"Point","coordinates":[23.634323,38.000868]},"properties":{"line":"810","mode":"bus","color":"#0059a9","colorDark":"#00294f","band":3,"off":[3.4,1.1]}},{"type":"Feature","geometry":{"type":"Point","coordinates":[23.634323,38.000868]},"properties":{"line":"814","mode":"bus","color":"#0059a9","colorDark":"#00294f","band":3,"off":[6.8,1.1]}},{"type":"Feature","geometry":{"type":"Point","coordinates":[23.63501,38.014398]},"properties":{"name":"Χαϊδάρι","band":3,"modes":"bus","arr":["811"],"off":[0,-0.8]}},{"type":"Feature","geometry":{"type":"Point","coordinates":[23.63501,38.014398]},"properties":{"line":"811","mode":"bus","color":"#0059a9","colorDark":"#00294f","band":3,"off":[0,1.1]}},{"type":"Feature","geometry":{"type":"Point","coordinates":[23.756435,37.990378]},"properties":{"name":"Αβέρωφ","band":3,"modes":"bus","arr":["813"],"off":[0,-0.8]}},{"type":"Feature","geometry":{"type":"Point","coordinates":[23.756435,37.990378]},"properties":{"line":"813","mode":"bus","color":"#0059a9","colorDark":"#00294f","band":3,"off":[0,1.1]}},{"type":"Feature","geometry":{"type":"Point","coordinates":[23.684353,37.999844]},"properties":{"name":"Προύσσης","band":3,"modes":"bus","arr":["813"],"off":[0,-0.8]}},{"type":"Feature","geometry":{"type":"Point","coordinates":[23.684353,37.999844]},"properties":{"line":"813","mode":"bus","color":"#0059a9","colorDark":"#00294f","band":3,"off":[0,1.1]}},{"type":"Feature","geometry":{"type":"Point","coordinates":[23.68917,37.972759]},"properties":{"name":"Ταύρος","band":3,"modes":"bus","arr":["815"],"off":[0,-0.8]}},{"type":"Feature","geometry":{"type":"Point","coordinates":[23.68917,37.972759]},"properties":{"line":"815","mode":"bus","color":"#0059a9","colorDark":"#00294f","band":3,"off":[0,1.1]}},{"type":"Feature","geometry":{"type":"Point","coordinates":[23.697485,37.967724]},"properties":{"name":"Ταύρος","band":3,"modes":"bus","arr":["816"],"off":[0,-0.8]}},{"type":"Feature","geometry":{"type":"Point","coordinates":[23.697485,37.967724]},"properties":{"line":"816","mode":"bus","color":"#0059a9","colorDark":"#00294f","band":3,"off":[0,1.1]}},{"type":"Feature","geometry":{"type":"Point","coordinates":[23.539891,38.035898]},"properties":{"name":"Ελευσίνα","band":3,"modes":"bus","arr":["817","845","861","861Β","862","863","864","871","876","878","879","881"],"off":[0,-0.8]}},{"type":"Feature","geometry":{"type":"Point","coordinates":[23.539891,38.035898]},"properties":{"line":"817","mode":"bus","color":"#0059a9","colorDark":"#00294f","band":3,"off":[-6.8,1.1]}},{"type":"Feature","geometry":{"type":"Point","coordinates":[23.539891,38.035898]},"properties":{"line":"845","mode":"bus","color":"#0059a9","colorDark":"#00294f","band":3,"off":[-3.4,1.1]}},{"type":"Feature","geometry":{"type":"Point","coordinates":[23.539891,38.035898]},"properties":{"line":"861","mode":"bus","color":"#0059a9","colorDark":"#00294f","band":3,"off":[0,1.1]}},{"type":"Feature","geometry":{"type":"Point","coordinates":[23.539891,38.035898]},"properties":{"line":"861Β","mode":"bus","color":"#0059a9","colorDark":"#00294f","band":3,"off":[3.4,1.1]}},{"type":"Feature","geometry":{"type":"Point","coordinates":[23.539891,38.035898]},"properties":{"line":"862","mode":"bus","color":"#0059a9","colorDark":"#00294f","band":3,"off":[6.8,1.1]}},{"type":"Feature","geometry":{"type":"Point","coordinates":[23.539891,38.035898]},"properties":{"line":"863","mode":"bus","color":"#0059a9","colorDark":"#00294f","band":3,"off":[-6.8,3.1]}},{"type":"Feature","geometry":{"type":"Point","coordinates":[23.539891,38.035898]},"properties":{"line":"864","mode":"bus","color":"#0059a9","colorDark":"#00294f","band":3,"off":[-3.4,3.1]}},{"type":"Feature","geometry":{"type":"Point","coordinates":[23.539891,38.035898]},"properties":{"line":"871","mode":"bus","color":"#0059a9","colorDark":"#00294f","band":3,"off":[0,3.1]}},{"type":"Feature","geometry":{"type":"Point","coordinates":[23.539891,38.035898]},"properties":{"line":"876","mode":"bus","color":"#0059a9","colorDark":"#00294f","band":3,"off":[3.4,3.1]}},{"type":"Feature","geometry":{"type":"Point","coordinates":[23.539891,38.035898]},"properties":{"line":"878","mode":"bus","color":"#0059a9","colorDark":"#00294f","band":3,"off":[6.8,3.1]}},{"type":"Feature","geometry":{"type":"Point","coordinates":[23.539891,38.035898]},"properties":{"line":"879","mode":"bus","color":"#0059a9","colorDark":"#00294f","band":3,"off":[-1.7,5.1]}},{"type":"Feature","geometry":{"type":"Point","coordinates":[23.539891,38.035898]},"properties":{"line":"881","mode":"bus","color":"#0059a9","colorDark":"#00294f","band":3,"off":[1.7,5.1]}},{"type":"Feature","geometry":{"type":"Point","coordinates":[23.48148,38.084393]},"properties":{"name":"Μάνδρα","band":3,"modes":"bus","arr":["817","863","865"],"off":[0,-0.8]}},{"type":"Feature","geometry":{"type":"Point","coordinates":[23.48148,38.084393]},"properties":{"line":"817","mode":"bus","color":"#0059a9","colorDark":"#00294f","band":3,"off":[-3.4,1.1]}},{"type":"Feature","geometry":{"type":"Point","coordinates":[23.48148,38.084393]},"properties":{"line":"863","mode":"bus","color":"#0059a9","colorDark":"#00294f","band":3,"off":[0,1.1]}},{"type":"Feature","geometry":{"type":"Point","coordinates":[23.48148,38.084393]},"properties":{"line":"865","mode":"bus","color":"#0059a9","colorDark":"#00294f","band":3,"off":[3.4,1.1]}},{"type":"Feature","geometry":{"type":"Point","coordinates":[23.558695,37.96382]},"properties":{"name":"Πέραμα","band":3,"modes":"bus","arr":["818","819","841","842","843"],"off":[0,-0.8]}},{"type":"Feature","geometry":{"type":"Point","coordinates":[23.558695,37.96382]},"properties":{"line":"818","mode":"bus","color":"#0059a9","colorDark":"#00294f","band":3,"off":[-6.8,1.1]}},{"type":"Feature","geometry":{"type":"Point","coordinates":[23.558695,37.96382]},"properties":{"line":"819","mode":"bus","color":"#0059a9","colorDark":"#00294f","band":3,"off":[-3.4,1.1]}},{"type":"Feature","geometry":{"type":"Point","coordinates":[23.558695,37.96382]},"properties":{"line":"841","mode":"bus","color":"#0059a9","colorDark":"#00294f","band":3,"off":[0,1.1]}},{"type":"Feature","geometry":{"type":"Point","coordinates":[23.558695,37.96382]},"properties":{"line":"842","mode":"bus","color":"#0059a9","colorDark":"#00294f","band":3,"off":[3.4,1.1]}},{"type":"Feature","geometry":{"type":"Point","coordinates":[23.558695,37.96382]},"properties":{"line":"843","mode":"bus","color":"#0059a9","colorDark":"#00294f","band":3,"off":[6.8,1.1]}},{"type":"Feature","geometry":{"type":"Point","coordinates":[23.601221,37.98113]},"properties":{"name":"Νεκρ. Σχιστού","band":3,"modes":"bus","arr":["819","860"],"off":[0,-0.8]}},{"type":"Feature","geometry":{"type":"Point","coordinates":[23.601221,37.98113]},"properties":{"line":"819","mode":"bus","color":"#0059a9","colorDark":"#00294f","band":3,"off":[-1.7,1.1]}},{"type":"Feature","geometry":{"type":"Point","coordinates":[23.601221,37.98113]},"properties":{"line":"860","mode":"bus","color":"#0059a9","colorDark":"#00294f","band":3,"off":[1.7,1.1]}},{"type":"Feature","geometry":{"type":"Point","coordinates":[23.622756,37.956361]},"properties":{"name":"Ευγένεια","band":3,"modes":"bus","arr":["820","832","833"],"off":[0,-0.8]}},{"type":"Feature","geometry":{"type":"Point","coordinates":[23.622756,37.956361]},"properties":{"name":"Αφετηρία - Ευγένεια","band":3,"modes":"bus","arr":["820","832","833"],"off":[0,-1.9]}},{"type":"Feature","geometry":{"type":"Point","coordinates":[23.622756,37.956361]},"properties":{"line":"820","mode":"bus","color":"#0059a9","colorDark":"#00294f","band":3,"off":[-3.4,1.1]}},{"type":"Feature","geometry":{"type":"Point","coordinates":[23.622756,37.956361]},"properties":{"line":"832","mode":"bus","color":"#0059a9","colorDark":"#00294f","band":3,"off":[0,1.1]}},{"type":"Feature","geometry":{"type":"Point","coordinates":[23.622756,37.956361]},"properties":{"line":"833","mode":"bus","color":"#0059a9","colorDark":"#00294f","band":3,"off":[3.4,1.1]}},{"type":"Feature","geometry":{"type":"Point","coordinates":[23.671672,37.978922]},"properties":{"name":"Παν/πολη Αρχαίου Ελαιώνα","band":3,"modes":"bus","arr":["829"],"off":[0,-0.8]}},{"type":"Feature","geometry":{"type":"Point","coordinates":[23.671672,37.978922]},"properties":{"line":"829","mode":"bus","color":"#0059a9","colorDark":"#00294f","band":3,"off":[0,1.1]}},{"type":"Feature","geometry":{"type":"Point","coordinates":[23.665878,37.992696]},"properties":{"name":"Αγ. Βαρβάρα - Αφετηρία 830","band":3,"modes":"bus","arr":["830","891","892"],"off":[0,-0.8]}},{"type":"Feature","geometry":{"type":"Point","coordinates":[23.665878,37.992696]},"properties":{"name":"Αγ. Βαρβάρα","band":3,"modes":"bus","arr":["830","891","892"],"off":[0,-3]}},{"type":"Feature","geometry":{"type":"Point","coordinates":[23.665878,37.992696]},"properties":{"line":"830","mode":"bus","color":"#0059a9","colorDark":"#00294f","band":3,"off":[-3.4,1.1]}},{"type":"Feature","geometry":{"type":"Point","coordinates":[23.665878,37.992696]},"properties":{"line":"891","mode":"bus","color":"#0059a9","colorDark":"#00294f","band":3,"off":[0,1.1]}},{"type":"Feature","geometry":{"type":"Point","coordinates":[23.665878,37.992696]},"properties":{"line":"892","mode":"bus","color":"#0059a9","colorDark":"#00294f","band":3,"off":[3.4,1.1]}},{"type":"Feature","geometry":{"type":"Point","coordinates":[23.669339,38.002453]},"properties":{"name":"Αιγάλεω","band":3,"modes":"bus","arr":["831"],"off":[0,-0.8]}},{"type":"Feature","geometry":{"type":"Point","coordinates":[23.669339,38.002453]},"properties":{"line":"831","mode":"bus","color":"#0059a9","colorDark":"#00294f","band":3,"off":[0,1.1]}},{"type":"Feature","geometry":{"type":"Point","coordinates":[23.652859,37.993184]},"properties":{"name":"Άνω Αγ. Βαρβάρα","band":3,"modes":"bus","arr":["837"],"off":[0,-0.8]}},{"type":"Feature","geometry":{"type":"Point","coordinates":[23.652859,37.993184]},"properties":{"line":"837","mode":"bus","color":"#0059a9","colorDark":"#00294f","band":3,"off":[0,1.1]}},{"type":"Feature","geometry":{"type":"Point","coordinates":[23.561944,38.08942]},"properties":{"name":"Ψαρι","band":3,"modes":"bus","arr":["855"],"off":[0,-0.8]}},{"type":"Feature","geometry":{"type":"Point","coordinates":[23.561944,38.08942]},"properties":{"line":"855","mode":"bus","color":"#0059a9","colorDark":"#00294f","band":3,"off":[0,1.1]}},{"type":"Feature","geometry":{"type":"Point","coordinates":[23.618882,38.092829]},"properties":{"name":"Λόφος Κυρίλλου","band":3,"modes":"bus","arr":["855"],"off":[0,-0.8]}},{"type":"Feature","geometry":{"type":"Point","coordinates":[23.618882,38.092829]},"properties":{"line":"855","mode":"bus","color":"#0059a9","colorDark":"#00294f","band":3,"off":[0,1.1]}},{"type":"Feature","geometry":{"type":"Point","coordinates":[23.743585,37.943985]},"properties":{"name":"Δάφνη","band":3,"modes":"bus","arr":["856"],"off":[0,-0.8]}},{"type":"Feature","geometry":{"type":"Point","coordinates":[23.743585,37.943985]},"properties":{"line":"856","mode":"bus","color":"#0059a9","colorDark":"#00294f","band":3,"off":[0,1.1]}},{"type":"Feature","geometry":{"type":"Point","coordinates":[23.662194,37.986448]},"properties":{"name":"Αιγάλεω","band":3,"modes":"bus","arr":["856"],"off":[0,-0.8]}},{"type":"Feature","geometry":{"type":"Point","coordinates":[23.662194,37.986448]},"properties":{"line":"856","mode":"bus","color":"#0059a9","colorDark":"#00294f","band":3,"off":[0,1.1]}},{"type":"Feature","geometry":{"type":"Point","coordinates":[23.679212,37.945735]},"properties":{"name":"Μοσχάτο Χρ.Σμύρνης","band":3,"modes":"bus","arr":["860"],"off":[0,-0.8]}},{"type":"Feature","geometry":{"type":"Point","coordinates":[23.679212,37.945735]},"properties":{"line":"860","mode":"bus","color":"#0059a9","colorDark":"#00294f","band":3,"off":[0,1.1]}},{"type":"Feature","geometry":{"type":"Point","coordinates":[23.417124,38.120129]},"properties":{"name":"Μάνδρα","band":3,"modes":"bus","arr":["861"],"off":[0,-0.8]}},{"type":"Feature","geometry":{"type":"Point","coordinates":[23.417124,38.120129]},"properties":{"line":"861","mode":"bus","color":"#0059a9","colorDark":"#00294f","band":3,"off":[0,1.1]}},{"type":"Feature","geometry":{"type":"Point","coordinates":[23.32055,38.219816]},"properties":{"name":"Τέρμα - Ερυθρές","band":3,"modes":"bus","arr":["861Β"],"off":[0,-0.8]}},{"type":"Feature","geometry":{"type":"Point","coordinates":[23.32055,38.219816]},"properties":{"line":"861Β","mode":"bus","color":"#0059a9","colorDark":"#00294f","band":3,"off":[0,1.1]}},{"type":"Feature","geometry":{"type":"Point","coordinates":[23.525583,38.058109]},"properties":{"name":"Άνω Ελευσίνα","band":3,"modes":"bus","arr":["862"],"off":[0,-0.8]}},{"type":"Feature","geometry":{"type":"Point","coordinates":[23.525583,38.058109]},"properties":{"line":"862","mode":"bus","color":"#0059a9","colorDark":"#00294f","band":3,"off":[0,1.1]}},{"type":"Feature","geometry":{"type":"Point","coordinates":[23.704284,37.980208]},"properties":{"name":"Αμαξοστάσιο Βοτανικού","band":3,"modes":"bus","arr":["865"],"off":[0,-0.8]}},{"type":"Feature","geometry":{"type":"Point","coordinates":[23.704284,37.980208]},"properties":{"line":"865","mode":"bus","color":"#0059a9","colorDark":"#00294f","band":3,"off":[0,1.1]}},{"type":"Feature","geometry":{"type":"Point","coordinates":[23.598711,38.061193]},"properties":{"name":"Ασπρόπυργος","band":3,"modes":"bus","arr":["866"],"off":[0,-0.8]}},{"type":"Feature","geometry":{"type":"Point","coordinates":[23.598711,38.061193]},"properties":{"line":"866","mode":"bus","color":"#0059a9","colorDark":"#00294f","band":3,"off":[0,1.1]}},{"type":"Feature","geometry":{"type":"Point","coordinates":[23.668,37.997205]},"properties":{"name":"Στ. Αγ.Μαρίνα","band":3,"modes":"bus","arr":["868","890"],"off":[0,-0.8]}},{"type":"Feature","geometry":{"type":"Point","coordinates":[23.668,37.997205]},"properties":{"line":"868","mode":"bus","color":"#0059a9","colorDark":"#00294f","band":3,"off":[-1.7,1.1]}},{"type":"Feature","geometry":{"type":"Point","coordinates":[23.668,37.997205]},"properties":{"line":"890","mode":"bus","color":"#0059a9","colorDark":"#00294f","band":3,"off":[1.7,1.1]}},{"type":"Feature","geometry":{"type":"Point","coordinates":[23.534401,38.073756]},"properties":{"name":"Αμαξοστάσιο Θριασίου","band":3,"modes":"bus","arr":["868"],"off":[0,-0.8]}},{"type":"Feature","geometry":{"type":"Point","coordinates":[23.534401,38.073756]},"properties":{"line":"868","mode":"bus","color":"#0059a9","colorDark":"#00294f","band":3,"off":[0,1.1]}},{"type":"Feature","geometry":{"type":"Point","coordinates":[23.5917,38.096354]},"properties":{"name":"Ρουπακι","band":3,"modes":"bus","arr":["881"],"off":[0,-0.8]}},{"type":"Feature","geometry":{"type":"Point","coordinates":[23.5917,38.096354]},"properties":{"line":"881","mode":"bus","color":"#0059a9","colorDark":"#00294f","band":3,"off":[0,1.1]}},{"type":"Feature","geometry":{"type":"Point","coordinates":[23.597971,38.004483]},"properties":{"name":"Ναυπηγεία Σκαραμαγκά","band":3,"modes":"bus","arr":["890"],"off":[0,-0.8]}},{"type":"Feature","geometry":{"type":"Point","coordinates":[23.597971,38.004483]},"properties":{"line":"890","mode":"bus","color":"#0059a9","colorDark":"#00294f","band":3,"off":[0,1.1]}},{"type":"Feature","geometry":{"type":"Point","coordinates":[23.725144,38.0452]},"properties":{"name":"Τέρμα 892 Ίλιον","band":3,"modes":"bus","arr":["892"],"off":[0,-0.8]}},{"type":"Feature","geometry":{"type":"Point","coordinates":[23.725144,38.0452]},"properties":{"line":"892","mode":"bus","color":"#0059a9","colorDark":"#00294f","band":3,"off":[0,1.1]}},{"type":"Feature","geometry":{"type":"Point","coordinates":[23.666324,37.969445]},"properties":{"name":"Αμαξοστάσιο Τέρμα 909","band":3,"modes":"bus","arr":["909"],"off":[0,-0.8]}},{"type":"Feature","geometry":{"type":"Point","coordinates":[23.666324,37.969445]},"properties":{"line":"909","mode":"bus","color":"#0059a9","colorDark":"#00294f","band":3,"off":[0,1.1]}},{"type":"Feature","geometry":{"type":"Point","coordinates":[23.642829,37.930118]},"properties":{"name":"Αγ. Βασίλειος","band":3,"modes":"bus","arr":["909"],"off":[0,-0.8]}},{"type":"Feature","geometry":{"type":"Point","coordinates":[23.642829,37.930118]},"properties":{"line":"909","mode":"bus","color":"#0059a9","colorDark":"#00294f","band":3,"off":[0,1.1]}},{"type":"Feature","geometry":{"type":"Point","coordinates":[23.726197,37.964055]},"properties":{"name":"Στ. Συγγρού Φιξ","band":3,"modes":"bus","arr":["910","Β2"],"off":[0,-0.8]}},{"type":"Feature","geometry":{"type":"Point","coordinates":[23.726197,37.964055]},"properties":{"line":"910","mode":"bus","color":"#0059a9","colorDark":"#00294f","band":3,"off":[-1.7,1.1]}},{"type":"Feature","geometry":{"type":"Point","coordinates":[23.726197,37.964055]},"properties":{"line":"Β2","mode":"bus","color":"#0059a9","colorDark":"#00294f","band":3,"off":[1.7,1.1]}},{"type":"Feature","geometry":{"type":"Point","coordinates":[23.667263,37.941456]},"properties":{"name":"Κεπα","band":3,"modes":"bus","arr":["912"],"off":[0,-0.8]}},{"type":"Feature","geometry":{"type":"Point","coordinates":[23.667263,37.941456]},"properties":{"line":"912","mode":"bus","color":"#0059a9","colorDark":"#00294f","band":3,"off":[0,1.1]}},{"type":"Feature","geometry":{"type":"Point","coordinates":[23.644837,37.959811]},"properties":{"name":"Λόφος Βώκου - Παναγία Οδηγήτρια","band":3,"modes":"bus","arr":["915"],"off":[0,-0.8]}},{"type":"Feature","geometry":{"type":"Point","coordinates":[23.644837,37.959811]},"properties":{"line":"915","mode":"bus","color":"#0059a9","colorDark":"#00294f","band":3,"off":[0,1.1]}},{"type":"Feature","geometry":{"type":"Point","coordinates":[23.7377,38.104067]},"properties":{"name":"A10-Β10 Μεσονυχι","band":3,"modes":"bus","arr":["Α10","Β10"],"off":[0,-0.8]}},{"type":"Feature","geometry":{"type":"Point","coordinates":[23.7377,38.104067]},"properties":{"line":"Α10","mode":"bus","color":"#0059a9","colorDark":"#00294f","band":3,"off":[-1.7,1.1]}},{"type":"Feature","geometry":{"type":"Point","coordinates":[23.7377,38.104067]},"properties":{"line":"Β10","mode":"bus","color":"#0059a9","colorDark":"#00294f","band":3,"off":[1.7,1.1]}},{"type":"Feature","geometry":{"type":"Point","coordinates":[23.721395,37.992442]},"properties":{"name":"Στ. Λαρίσης","band":3,"modes":"bus","arr":["Α10","Α15","Β10","Β15","Β5"],"off":[0,-0.8]}},{"type":"Feature","geometry":{"type":"Point","coordinates":[23.721395,37.992442]},"properties":{"line":"Α10","mode":"bus","color":"#0059a9","colorDark":"#00294f","band":3,"off":[-6.8,1.1]}},{"type":"Feature","geometry":{"type":"Point","coordinates":[23.721395,37.992442]},"properties":{"line":"Α15","mode":"bus","color":"#0059a9","colorDark":"#00294f","band":3,"off":[-3.4,1.1]}},{"type":"Feature","geometry":{"type":"Point","coordinates":[23.721395,37.992442]},"properties":{"line":"Β10","mode":"bus","color":"#0059a9","colorDark":"#00294f","band":3,"off":[0,1.1]}},{"type":"Feature","geometry":{"type":"Point","coordinates":[23.721395,37.992442]},"properties":{"line":"Β15","mode":"bus","color":"#0059a9","colorDark":"#00294f","band":3,"off":[3.4,1.1]}},{"type":"Feature","geometry":{"type":"Point","coordinates":[23.721395,37.992442]},"properties":{"line":"Β5","mode":"bus","color":"#0059a9","colorDark":"#00294f","band":3,"off":[6.8,1.1]}},{"type":"Feature","geometry":{"type":"Point","coordinates":[23.728133,37.986212]},"properties":{"name":"Χαλκοκονδύλη","band":3,"modes":"bus","arr":["Α11","Β11","Β9"],"off":[0,-0.8]}},{"type":"Feature","geometry":{"type":"Point","coordinates":[23.728133,37.986212]},"properties":{"line":"Α11","mode":"bus","color":"#0059a9","colorDark":"#00294f","band":3,"off":[-3.4,1.1]}},{"type":"Feature","geometry":{"type":"Point","coordinates":[23.728133,37.986212]},"properties":{"line":"Β11","mode":"bus","color":"#0059a9","colorDark":"#00294f","band":3,"off":[0,1.1]}},{"type":"Feature","geometry":{"type":"Point","coordinates":[23.728133,37.986212]},"properties":{"line":"Β9","mode":"bus","color":"#0059a9","colorDark":"#00294f","band":3,"off":[3.4,1.1]}},{"type":"Feature","geometry":{"type":"Point","coordinates":[23.724138,37.983633]},"properties":{"name":"Ομόνοια Ζήνωνος","band":3,"modes":"bus","arr":["Α13"],"off":[0,-0.8]}},{"type":"Feature","geometry":{"type":"Point","coordinates":[23.724138,37.983633]},"properties":{"line":"Α13","mode":"bus","color":"#0059a9","colorDark":"#00294f","band":3,"off":[0,1.1]}},{"type":"Feature","geometry":{"type":"Point","coordinates":[23.733561,37.981067]},"properties":{"name":"Αφετηρία - Ρήγα Φεραίου","band":3,"modes":"bus","arr":["Α2","Α3"],"off":[0,-0.8]}},{"type":"Feature","geometry":{"type":"Point","coordinates":[23.733561,37.981067]},"properties":{"line":"Α2","mode":"bus","color":"#0059a9","colorDark":"#00294f","band":3,"off":[-1.7,1.1]}},{"type":"Feature","geometry":{"type":"Point","coordinates":[23.733561,37.981067]},"properties":{"line":"Α3","mode":"bus","color":"#0059a9","colorDark":"#00294f","band":3,"off":[1.7,1.1]}},{"type":"Feature","geometry":{"type":"Point","coordinates":[23.870173,38.011422]},"properties":{"name":"Ανθούσα","band":3,"modes":"bus","arr":["Α5"],"off":[0,-0.8]}},{"type":"Feature","geometry":{"type":"Point","coordinates":[23.870173,38.011422]},"properties":{"line":"Α5","mode":"bus","color":"#0059a9","colorDark":"#00294f","band":3,"off":[0,1.1]}},{"type":"Feature","geometry":{"type":"Point","coordinates":[23.729279,37.987692]},"properties":{"name":"Στουρνάρη","band":3,"modes":"bus","arr":["Α7"],"off":[0,-0.8]}},{"type":"Feature","geometry":{"type":"Point","coordinates":[23.729279,37.987692]},"properties":{"line":"Α7","mode":"bus","color":"#0059a9","colorDark":"#00294f","band":3,"off":[0,1.1]}},{"type":"Feature","geometry":{"type":"Point","coordinates":[23.730062,37.989129]},"properties":{"name":"Πολυτεχνείο","band":3,"modes":"bus","arr":["Α8"],"off":[0,-0.8]}},{"type":"Feature","geometry":{"type":"Point","coordinates":[23.730062,37.989129]},"properties":{"line":"Α8","mode":"bus","color":"#0059a9","colorDark":"#00294f","band":3,"off":[0,1.1]}},{"type":"Feature","geometry":{"type":"Point","coordinates":[23.689534,38.103133]},"properties":{"name":"Α. Λιόσια (Πανόραμα)","band":3,"modes":"bus","arr":["Β12"],"off":[0,-0.8]}},{"type":"Feature","geometry":{"type":"Point","coordinates":[23.689534,38.103133]},"properties":{"line":"Β12","mode":"bus","color":"#0059a9","colorDark":"#00294f","band":3,"off":[0,1.1]}},{"type":"Feature","geometry":{"type":"Point","coordinates":[23.669987,38.014287]},"properties":{"name":"Παλατάκι","band":3,"modes":"bus","arr":["Β15"],"off":[0,-0.8]}},{"type":"Feature","geometry":{"type":"Point","coordinates":[23.669987,38.014287]},"properties":{"line":"Β15","mode":"bus","color":"#0059a9","colorDark":"#00294f","band":3,"off":[0,1.1]}},{"type":"Feature","geometry":{"type":"Point","coordinates":[23.82054,38.01168]},"properties":{"name":"Αγ. Παρασκευή","band":3,"modes":"bus","arr":["Β5"],"off":[0,-0.8]}},{"type":"Feature","geometry":{"type":"Point","coordinates":[23.82054,38.01168]},"properties":{"line":"Β5","mode":"bus","color":"#0059a9","colorDark":"#00294f","band":3,"off":[0,1.1]}},{"type":"Feature","geometry":{"type":"Point","coordinates":[23.793285,38.093954]},"properties":{"name":"Ν. Κηφισιά","band":3,"modes":"bus","arr":["Β9"],"off":[0,-0.8]}},{"type":"Feature","geometry":{"type":"Point","coordinates":[23.793285,38.093954]},"properties":{"line":"Β9","mode":"bus","color":"#0059a9","colorDark":"#00294f","band":3,"off":[0,1.1]}},{"type":"Feature","geometry":{"type":"Point","coordinates":[23.788565,38.045585]},"properties":{"name":"Υπουργείο Παιδείας","band":3,"modes":"bus","arr":["Ε14"],"off":[0,-0.8]}},{"type":"Feature","geometry":{"type":"Point","coordinates":[23.788565,38.045585]},"properties":{"line":"Ε14","mode":"bus","color":"#0059a9","colorDark":"#00294f","band":3,"off":[0,1.1]}},{"type":"Feature","geometry":{"type":"Point","coordinates":[23.77476,37.969277]},"properties":{"name":"Πανεπιστημιούπολη","band":3,"modes":"bus","arr":["Ε90"],"off":[0,-0.8]}},{"type":"Feature","geometry":{"type":"Point","coordinates":[23.77476,37.969277]},"properties":{"line":"Ε90","mode":"bus","color":"#0059a9","colorDark":"#00294f","band":3,"off":[0,1.1]}},{"type":"Feature","geometry":{"type":"Point","coordinates":[23.745997,37.975411]},"properties":{"name":"Ευαγγελισμός","band":3,"modes":"bus","arr":["Χ21"],"off":[0,-0.8]}},{"type":"Feature","geometry":{"type":"Point","coordinates":[23.745997,37.975411]},"properties":{"line":"Χ21","mode":"bus","color":"#0059a9","colorDark":"#00294f","band":3,"off":[0,1.1]}},{"type":"Feature","geometry":{"type":"Point","coordinates":[23.784911,37.998683]},"properties":{"name":"Εθν.Άμυνα","band":3,"modes":"bus","arr":["Χ21"],"off":[0,-0.8]}},{"type":"Feature","geometry":{"type":"Point","coordinates":[23.784911,37.998683]},"properties":{"line":"Χ21","mode":"bus","color":"#0059a9","colorDark":"#00294f","band":3,"off":[0,1.1]}},{"type":"Feature","geometry":{"type":"Point","coordinates":[23.946641,37.936769]},"properties":{"name":"Κτίριο Αναχωρησεων","band":3,"modes":"bus","arr":["Χ93","Χ95","Χ96","Χ97"],"off":[0,-0.8]}},{"type":"Feature","geometry":{"type":"Point","coordinates":[23.946641,37.936769]},"properties":{"line":"Χ93","mode":"bus","color":"#0059a9","colorDark":"#00294f","band":3,"off":[-5.1,1.1]}},{"type":"Feature","geometry":{"type":"Point","coordinates":[23.946641,37.936769]},"properties":{"line":"Χ95","mode":"bus","color":"#0059a9","colorDark":"#00294f","band":3,"off":[-1.7,1.1]}},{"type":"Feature","geometry":{"type":"Point","coordinates":[23.946641,37.936769]},"properties":{"line":"Χ96","mode":"bus","color":"#0059a9","colorDark":"#00294f","band":3,"off":[1.7,1.1]}},{"type":"Feature","geometry":{"type":"Point","coordinates":[23.946641,37.936769]},"properties":{"line":"Χ97","mode":"bus","color":"#0059a9","colorDark":"#00294f","band":3,"off":[5.1,1.1]}},{"type":"Feature","geometry":{"type":"Point","coordinates":[23.642287,37.948077]},"properties":{"name":"Πειραιάς","band":3,"modes":"metro","arr":["M1"],"off":[0,-0.8]}},{"type":"Feature","geometry":{"type":"Point","coordinates":[23.642287,37.948077]},"properties":{"line":"M1","mode":"tram","color":"#009550","colorDark":"#00512b","band":3,"off":[0,1.1]}},{"type":"Feature","geometry":{"type":"Point","coordinates":[23.808195,38.073676]},"properties":{"name":"Κηφισιά","band":3,"modes":"metro","arr":["M1"],"off":[0,-0.8]}},{"type":"Feature","geometry":{"type":"Point","coordinates":[23.808195,38.073676]},"properties":{"line":"M1","mode":"tram","color":"#009550","colorDark":"#00512b","band":3,"off":[0,1.1]}},{"type":"Feature","geometry":{"type":"Point","coordinates":[23.690607,38.017394]},"properties":{"name":"Ανθούπολη","band":3,"modes":"metro","arr":["M2"],"off":[0,-0.8]}},{"type":"Feature","geometry":{"type":"Point","coordinates":[23.690607,38.017394]},"properties":{"line":"M2","mode":"tram","color":"#e30613","colorDark":"#7c060e","band":3,"off":[0,1.1]}},{"type":"Feature","geometry":{"type":"Point","coordinates":[23.74721,37.892437]},"properties":{"name":"Ελληνικό","band":3,"modes":"metro","arr":["M2"],"off":[0,-0.8]}},{"type":"Feature","geometry":{"type":"Point","coordinates":[23.74721,37.892437]},"properties":{"line":"M2","mode":"tram","color":"#e30613","colorDark":"#7c060e","band":3,"off":[0,1.1]}},{"type":"Feature","geometry":{"type":"Point","coordinates":[23.647562,37.942893]},"properties":{"name":"Δημοτικό Θέατρο","band":3,"modes":"metro","arr":["M3"],"off":[0,-0.8]}},{"type":"Feature","geometry":{"type":"Point","coordinates":[23.647562,37.942893]},"properties":{"line":"M3","mode":"tram","color":"#1e9cd7","colorDark":"#0d567a","band":3,"off":[0,1.1]}},{"type":"Feature","geometry":{"type":"Point","coordinates":[23.94462,37.936947]},"properties":{"name":"Ελ. Βενιζέλος","band":3,"modes":"metro","arr":["M3"],"off":[0,-0.8]}},{"type":"Feature","geometry":{"type":"Point","coordinates":[23.94462,37.936947]},"properties":{"line":"M3","mode":"tram","color":"#1e9cd7","colorDark":"#0d567a","band":3,"off":[0,1.1]}},{"type":"Feature","geometry":{"type":"Point","coordinates":[23.705444,37.915868]},"properties":{"name":"Πικροδάφνη","band":3,"modes":"tram","arr":["T6"],"off":[0,-0.8]}},{"type":"Feature","geometry":{"type":"Point","coordinates":[23.705444,37.915868]},"properties":{"line":"T6","mode":"tram","color":"#d6212b","colorDark":"#7c1116","band":3,"off":[0,1.1]}},{"type":"Feature","geometry":{"type":"Point","coordinates":[23.735338,37.974435]},"properties":{"name":"Σύνταγμα (Κέντρο)","band":3,"modes":"tram","arr":["T6"],"off":[0,-0.8]}},{"type":"Feature","geometry":{"type":"Point","coordinates":[23.735338,37.974435]},"properties":{"line":"T6","mode":"tram","color":"#d6212b","colorDark":"#7c1116","band":3,"off":[0,1.1]}},{"type":"Feature","geometry":{"type":"Point","coordinates":[23.752686,37.849327]},"properties":{"name":"Βούλα","band":3,"modes":"tram","arr":["T7"],"off":[0,-0.8]}},{"type":"Feature","geometry":{"type":"Point","coordinates":[23.752686,37.849327]},"properties":{"line":"T7","mode":"tram","color":"#d6212b","colorDark":"#7c1116","band":3,"off":[0,1.1]}},{"type":"Feature","geometry":{"type":"Point","coordinates":[23.642968,37.944942]},"properties":{"name":"Ακτή Ποσειδώνος","band":3,"modes":"tram","arr":["T7"],"off":[0,-0.8]}},{"type":"Feature","geometry":{"type":"Point","coordinates":[23.642968,37.944942]},"properties":{"line":"T7","mode":"tram","color":"#d6212b","colorDark":"#7c1116","band":3,"off":[0,1.1]}},{"type":"Feature","geometry":{"type":"Point","coordinates":[23.685847,37.945845]},"properties":{"name":"Ελ. Βενιζέλου","band":4,"modes":"bus","arr":["1"],"off":[0,-0.8]}},{"type":"Feature","geometry":{"type":"Point","coordinates":[23.685847,37.945845]},"properties":{"line":"1","mode":"bus","color":"#149a3f","colorDark":"#0a5121","band":4,"off":[0,1.1]}},{"type":"Feature","geometry":{"type":"Point","coordinates":[23.722866,37.996714]},"properties":{"name":"Πλ. Αττικής","band":4,"modes":"bus","arr":["1","711","Β12"],"off":[0,-0.8]}},{"type":"Feature","geometry":{"type":"Point","coordinates":[23.722866,37.996714]},"properties":{"name":"Αφετηρία 711-Β12","band":4,"modes":"bus","arr":["1","711","Β12"],"off":[0,-1.9]}},{"type":"Feature","geometry":{"type":"Point","coordinates":[23.722866,37.996714]},"properties":{"line":"1","mode":"bus","color":"#149a3f","colorDark":"#0a5121","band":4,"off":[-3.4,1.1]}},{"type":"Feature","geometry":{"type":"Point","coordinates":[23.722866,37.996714]},"properties":{"line":"711","mode":"bus","color":"#0059a9","colorDark":"#00294f","band":4,"off":[0,1.1]}},{"type":"Feature","geometry":{"type":"Point","coordinates":[23.722866,37.996714]},"properties":{"line":"Β12","mode":"bus","color":"#0059a9","colorDark":"#00294f","band":4,"off":[3.4,1.1]}},{"type":"Feature","geometry":{"type":"Point","coordinates":[23.749531,38.00623]},"properties":{"name":"Άνω Κυψέλη","band":4,"modes":"bus","arr":["2","4","035"],"off":[0,-0.8]}},{"type":"Feature","geometry":{"type":"Point","coordinates":[23.749531,38.00623]},"properties":{"line":"2","mode":"bus","color":"#149a3f","colorDark":"#0a5121","band":4,"off":[-3.4,1.1]}},{"type":"Feature","geometry":{"type":"Point","coordinates":[23.749531,38.00623]},"properties":{"line":"4","mode":"bus","color":"#149a3f","colorDark":"#0a5121","band":4,"off":[0,1.1]}},{"type":"Feature","geometry":{"type":"Point","coordinates":[23.749531,38.00623]},"properties":{"line":"035","mode":"bus","color":"#0059a9","colorDark":"#00294f","band":4,"off":[3.4,1.1]}},{"type":"Feature","geometry":{"type":"Point","coordinates":[23.755483,37.971523]},"properties":{"name":"Καισαριανή","band":4,"modes":"bus","arr":["2"],"off":[0,-0.8]}},{"type":"Feature","geometry":{"type":"Point","coordinates":[23.755483,37.971523]},"properties":{"line":"2","mode":"bus","color":"#149a3f","colorDark":"#0a5121","band":4,"off":[0,1.1]}},{"type":"Feature","geometry":{"type":"Point","coordinates":[23.775274,38.000725]},"properties":{"name":"Νέο Ψυχικό","band":4,"modes":"bus","arr":["3"],"off":[0,-0.8]}},{"type":"Feature","geometry":{"type":"Point","coordinates":[23.775274,38.000725]},"properties":{"line":"3","mode":"bus","color":"#149a3f","colorDark":"#0a5121","band":4,"off":[0,1.1]}},{"type":"Feature","geometry":{"type":"Point","coordinates":[23.740173,38.035985]},"properties":{"name":"Νέα Φιλαδέλφεια","band":4,"modes":"bus","arr":["3"],"off":[0,-0.8]}},{"type":"Feature","geometry":{"type":"Point","coordinates":[23.740173,38.035985]},"properties":{"line":"3","mode":"bus","color":"#149a3f","colorDark":"#0a5121","band":4,"off":[0,1.1]}},{"type":"Feature","geometry":{"type":"Point","coordinates":[23.734693,37.956775]},"properties":{"name":"Στ. Μετρό Αγ. Ιωάννης","band":4,"modes":"bus","arr":["4"],"off":[0,-0.8]}},{"type":"Feature","geometry":{"type":"Point","coordinates":[23.734693,37.956775]},"properties":{"line":"4","mode":"bus","color":"#149a3f","colorDark":"#0a5121","band":4,"off":[0,1.1]}},{"type":"Feature","geometry":{"type":"Point","coordinates":[23.754123,38.022681]},"properties":{"name":"Λαμπρινή","band":4,"modes":"bus","arr":["5","14"],"off":[0,-0.8]}},{"type":"Feature","geometry":{"type":"Point","coordinates":[23.754123,38.022681]},"properties":{"line":"5","mode":"bus","color":"#149a3f","colorDark":"#0a5121","band":4,"off":[-1.7,1.1]}},{"type":"Feature","geometry":{"type":"Point","coordinates":[23.754123,38.022681]},"properties":{"line":"14","mode":"bus","color":"#149a3f","colorDark":"#0a5121","band":4,"off":[1.7,1.1]}},{"type":"Feature","geometry":{"type":"Point","coordinates":[23.685175,37.943172]},"properties":{"name":"Τζιτζιφιές","band":4,"modes":"bus","arr":["5","10"],"off":[0,-0.8]}},{"type":"Feature","geometry":{"type":"Point","coordinates":[23.685175,37.943172]},"properties":{"line":"5","mode":"bus","color":"#149a3f","colorDark":"#0a5121","band":4,"off":[-1.7,1.1]}},{"type":"Feature","geometry":{"type":"Point","coordinates":[23.685175,37.943172]},"properties":{"line":"10","mode":"bus","color":"#149a3f","colorDark":"#0a5121","band":4,"off":[1.7,1.1]}},{"type":"Feature","geometry":{"type":"Point","coordinates":[23.742251,38.054373]},"properties":{"name":"Ν. Φιλαδέλφεια","band":4,"modes":"bus","arr":["6"],"off":[0,-0.8]}},{"type":"Feature","geometry":{"type":"Point","coordinates":[23.742251,38.054373]},"properties":{"line":"6","mode":"bus","color":"#149a3f","colorDark":"#0a5121","band":4,"off":[0,1.1]}},{"type":"Feature","geometry":{"type":"Point","coordinates":[23.728391,37.985663]},"properties":{"name":"Πλ. Λαυρίου","band":4,"modes":"bus","arr":["6"],"off":[0,-0.8]}},{"type":"Feature","geometry":{"type":"Point","coordinates":[23.728391,37.985663]},"properties":{"line":"6","mode":"bus","color":"#149a3f","colorDark":"#0a5121","band":4,"off":[0,1.1]}},{"type":"Feature","geometry":{"type":"Point","coordinates":[23.797475,38.022082]},"properties":{"name":"Πλ. Χαλανδρίου","band":4,"modes":"bus","arr":["10"],"off":[0,-0.8]}},{"type":"Feature","geometry":{"type":"Point","coordinates":[23.797475,38.022082]},"properties":{"line":"10","mode":"bus","color":"#149a3f","colorDark":"#0a5121","band":4,"off":[0,1.1]}},{"type":"Feature","geometry":{"type":"Point","coordinates":[23.735825,38.02162]},"properties":{"name":"Άνω Πατήσια","band":4,"modes":"bus","arr":["11"],"off":[0,-0.8]}},{"type":"Feature","geometry":{"type":"Point","coordinates":[23.735825,38.02162]},"properties":{"line":"11","mode":"bus","color":"#149a3f","colorDark":"#0a5121","band":4,"off":[0,1.1]}},{"type":"Feature","geometry":{"type":"Point","coordinates":[23.759918,37.954139]},"properties":{"name":"Ν. Ελβετία","band":4,"modes":"bus","arr":["11"],"off":[0,-0.8]}},{"type":"Feature","geometry":{"type":"Point","coordinates":[23.759918,37.954139]},"properties":{"line":"11","mode":"bus","color":"#149a3f","colorDark":"#0a5121","band":4,"off":[0,1.1]}},{"type":"Feature","geometry":{"type":"Point","coordinates":[23.684279,38.029694]},"properties":{"name":"Αγ. Ιερόθεος","band":4,"modes":"bus","arr":["12"],"off":[0,-0.8]}},{"type":"Feature","geometry":{"type":"Point","coordinates":[23.684279,38.029694]},"properties":{"line":"12","mode":"bus","color":"#149a3f","colorDark":"#0a5121","band":4,"off":[0,1.1]}},{"type":"Feature","geometry":{"type":"Point","coordinates":[23.734758,37.97284]},"properties":{"name":"Ζάππειο","band":4,"modes":"bus","arr":["12","Ε14","Χ14"],"off":[0,-0.8]}},{"type":"Feature","geometry":{"type":"Point","coordinates":[23.734758,37.97284]},"properties":{"line":"12","mode":"bus","color":"#149a3f","colorDark":"#0a5121","band":4,"off":[-3.4,1.1]}},{"type":"Feature","geometry":{"type":"Point","coordinates":[23.734758,37.97284]},"properties":{"line":"Ε14","mode":"bus","color":"#0059a9","colorDark":"#00294f","band":4,"off":[0,1.1]}},{"type":"Feature","geometry":{"type":"Point","coordinates":[23.734758,37.97284]},"properties":{"line":"Χ14","mode":"bus","color":"#0059a9","colorDark":"#00294f","band":4,"off":[3.4,1.1]}},{"type":"Feature","geometry":{"type":"Point","coordinates":[23.768324,37.996647]},"properties":{"name":"Γηροκομείο","band":4,"modes":"bus","arr":["14"],"off":[0,-0.8]}},{"type":"Feature","geometry":{"type":"Point","coordinates":[23.768324,37.996647]},"properties":{"line":"14","mode":"bus","color":"#149a3f","colorDark":"#0a5121","band":4,"off":[0,1.1]}},{"type":"Feature","geometry":{"type":"Point","coordinates":[23.709121,37.968166]},"properties":{"name":"Πετράλωνα","band":4,"modes":"bus","arr":["15"],"off":[0,-0.8]}},{"type":"Feature","geometry":{"type":"Point","coordinates":[23.709121,37.968166]},"properties":{"line":"15","mode":"bus","color":"#149a3f","colorDark":"#0a5121","band":4,"off":[0,1.1]}},{"type":"Feature","geometry":{"type":"Point","coordinates":[23.754726,37.998364]},"properties":{"name":"Ελ. Βενιζέλου","band":4,"modes":"bus","arr":["15"],"off":[0,-0.8]}},{"type":"Feature","geometry":{"type":"Point","coordinates":[23.754726,37.998364]},"properties":{"line":"15","mode":"bus","color":"#149a3f","colorDark":"#0a5121","band":4,"off":[0,1.1]}},{"type":"Feature","geometry":{"type":"Point","coordinates":[23.674761,37.961812]},"properties":{"name":"Αγ. Ιωάννης Ρέντης","band":4,"modes":"bus","arr":["16"],"off":[0,-0.8]}},{"type":"Feature","geometry":{"type":"Point","coordinates":[23.674761,37.961812]},"properties":{"line":"16","mode":"bus","color":"#149a3f","colorDark":"#0a5121","band":4,"off":[0,1.1]}},{"type":"Feature","geometry":{"type":"Point","coordinates":[23.643941,37.943582]},"properties":{"name":"Πειραιάς Αγ. Σπυρίδων","band":4,"modes":"bus","arr":["17"],"off":[0,-0.8]}},{"type":"Feature","geometry":{"type":"Point","coordinates":[23.643941,37.943582]},"properties":{"line":"17","mode":"bus","color":"#149a3f","colorDark":"#0a5121","band":4,"off":[0,1.1]}},{"type":"Feature","geometry":{"type":"Point","coordinates":[23.73272,37.989661]},"properties":{"name":"Μουσείο","band":4,"modes":"bus","arr":["18","19","046","19Β"],"off":[0,-0.8]}},{"type":"Feature","geometry":{"type":"Point","coordinates":[23.73272,37.989661]},"properties":{"line":"18","mode":"bus","color":"#149a3f","colorDark":"#0a5121","band":4,"off":[-5.1,1.1]}},{"type":"Feature","geometry":{"type":"Point","coordinates":[23.73272,37.989661]},"properties":{"line":"19","mode":"bus","color":"#149a3f","colorDark":"#0a5121","band":4,"off":[-1.7,1.1]}},{"type":"Feature","geometry":{"type":"Point","coordinates":[23.73272,37.989661]},"properties":{"line":"046","mode":"bus","color":"#0059a9","colorDark":"#00294f","band":4,"off":[1.7,1.1]}},{"type":"Feature","geometry":{"type":"Point","coordinates":[23.73272,37.989661]},"properties":{"line":"19Β","mode":"bus","color":"#149a3f","colorDark":"#0a5121","band":4,"off":[5.1,1.1]}},{"type":"Feature","geometry":{"type":"Point","coordinates":[23.798592,38.022937]},"properties":{"name":"Χαλάνδρι","band":4,"modes":"bus","arr":["18","447"],"off":[0,-0.8]}},{"type":"Feature","geometry":{"type":"Point","coordinates":[23.798592,38.022937]},"properties":{"line":"18","mode":"bus","color":"#149a3f","colorDark":"#0a5121","band":4,"off":[-1.7,1.1]}},{"type":"Feature","geometry":{"type":"Point","coordinates":[23.798592,38.022937]},"properties":{"line":"447","mode":"bus","color":"#0059a9","colorDark":"#00294f","band":4,"off":[1.7,1.1]}},{"type":"Feature","geometry":{"type":"Point","coordinates":[23.821089,38.021717]},"properties":{"name":"Στ. Χαλάνδρι","band":4,"modes":"bus","arr":["19","405","450","451","460","461"],"off":[0,-0.8]}},{"type":"Feature","geometry":{"type":"Point","coordinates":[23.821089,38.021717]},"properties":{"line":"19","mode":"bus","color":"#149a3f","colorDark":"#0a5121","band":4,"off":[-6.8,1.1]}},{"type":"Feature","geometry":{"type":"Point","coordinates":[23.821089,38.021717]},"properties":{"line":"405","mode":"bus","color":"#0059a9","colorDark":"#00294f","band":4,"off":[-3.4,1.1]}},{"type":"Feature","geometry":{"type":"Point","coordinates":[23.821089,38.021717]},"properties":{"line":"450","mode":"bus","color":"#0059a9","colorDark":"#00294f","band":4,"off":[0,1.1]}},{"type":"Feature","geometry":{"type":"Point","coordinates":[23.821089,38.021717]},"properties":{"line":"451","mode":"bus","color":"#0059a9","colorDark":"#00294f","band":4,"off":[3.4,1.1]}},{"type":"Feature","geometry":{"type":"Point","coordinates":[23.821089,38.021717]},"properties":{"line":"460","mode":"bus","color":"#0059a9","colorDark":"#00294f","band":4,"off":[6.8,1.1]}},{"type":"Feature","geometry":{"type":"Point","coordinates":[23.821089,38.021717]},"properties":{"line":"461","mode":"bus","color":"#0059a9","colorDark":"#00294f","band":4,"off":[0,3.1]}},{"type":"Feature","geometry":{"type":"Point","coordinates":[23.622761,37.944206]},"properties":{"name":"Τέρμα","band":4,"modes":"bus","arr":["20"],"off":[0,-0.8]}},{"type":"Feature","geometry":{"type":"Point","coordinates":[23.622761,37.944206]},"properties":{"line":"20","mode":"bus","color":"#149a3f","colorDark":"#0a5121","band":4,"off":[0,1.1]}},{"type":"Feature","geometry":{"type":"Point","coordinates":[23.661499,37.944406]},"properties":{"name":"Ν. Φάληρο","band":4,"modes":"bus","arr":["20"],"off":[0,-0.8]}},{"type":"Feature","geometry":{"type":"Point","coordinates":[23.661499,37.944406]},"properties":{"line":"20","mode":"bus","color":"#149a3f","colorDark":"#0a5121","band":4,"off":[0,1.1]}},{"type":"Feature","geometry":{"type":"Point","coordinates":[23.731463,37.985465]},"properties":{"name":"Πλ. Κάνιγγος","band":4,"modes":"bus","arr":["021"],"off":[0,-0.8]}},{"type":"Feature","geometry":{"type":"Point","coordinates":[23.731463,37.985465]},"properties":{"line":"021","mode":"bus","color":"#0059a9","colorDark":"#00294f","band":4,"off":[0,1.1]}},{"type":"Feature","geometry":{"type":"Point","coordinates":[23.6477,37.966078]},"properties":{"name":"Νίκαια","band":4,"modes":"bus","arr":["21"],"off":[0,-0.8]}},{"type":"Feature","geometry":{"type":"Point","coordinates":[23.6477,37.966078]},"properties":{"line":"21","mode":"bus","color":"#149a3f","colorDark":"#0a5121","band":4,"off":[0,1.1]}},{"type":"Feature","geometry":{"type":"Point","coordinates":[23.73492,37.979976]},"properties":{"name":"Αφετηρία - Σίνα","band":4,"modes":"bus","arr":["022"],"off":[0,-0.8]}},{"type":"Feature","geometry":{"type":"Point","coordinates":[23.73492,37.979976]},"properties":{"line":"022","mode":"bus","color":"#0059a9","colorDark":"#00294f","band":4,"off":[0,1.1]}},{"type":"Feature","geometry":{"type":"Point","coordinates":[23.734503,38.047633]},"properties":{"name":"Αγ. Ανάργυροι","band":4,"modes":"bus","arr":["024"],"off":[0,-0.8]}},{"type":"Feature","geometry":{"type":"Point","coordinates":[23.734503,38.047633]},"properties":{"line":"024","mode":"bus","color":"#0059a9","colorDark":"#00294f","band":4,"off":[0,1.1]}},{"type":"Feature","geometry":{"type":"Point","coordinates":[23.68016,38.039952]},"properties":{"name":"Πετρούπολη","band":4,"modes":"bus","arr":["24"],"off":[0,-0.8]}},{"type":"Feature","geometry":{"type":"Point","coordinates":[23.68016,38.039952]},"properties":{"line":"24","mode":"bus","color":"#149a3f","colorDark":"#0a5121","band":4,"off":[0,1.1]}},{"type":"Feature","geometry":{"type":"Point","coordinates":[23.709133,37.989307]},"properties":{"name":"Προφήτη Δανιήλ","band":4,"modes":"bus","arr":["025"],"off":[0,-0.8]}},{"type":"Feature","geometry":{"type":"Point","coordinates":[23.709133,37.989307]},"properties":{"line":"025","mode":"bus","color":"#0059a9","colorDark":"#00294f","band":4,"off":[0,1.1]}},{"type":"Feature","geometry":{"type":"Point","coordinates":[23.747638,37.988183]},"properties":{"name":"Ιπποκράτους","band":4,"modes":"bus","arr":["025","026"],"off":[0,-0.8]}},{"type":"Feature","geometry":{"type":"Point","coordinates":[23.747638,37.988183]},"properties":{"line":"025","mode":"bus","color":"#0059a9","colorDark":"#00294f","band":4,"off":[-1.7,1.1]}},{"type":"Feature","geometry":{"type":"Point","coordinates":[23.747638,37.988183]},"properties":{"line":"026","mode":"bus","color":"#0059a9","colorDark":"#00294f","band":4,"off":[1.7,1.1]}},{"type":"Feature","geometry":{"type":"Point","coordinates":[23.700742,38.006203]},"properties":{"name":"Αφετηρία Αγ. Αντώνιος","band":4,"modes":"bus","arr":["25"],"off":[0,-0.8]}},{"type":"Feature","geometry":{"type":"Point","coordinates":[23.700742,38.006203]},"properties":{"line":"25","mode":"bus","color":"#149a3f","colorDark":"#0a5121","band":4,"off":[0,1.1]}},{"type":"Feature","geometry":{"type":"Point","coordinates":[23.703752,37.981472]},"properties":{"name":"Βοτανικός","band":4,"modes":"bus","arr":["026"],"off":[0,-0.8]}},{"type":"Feature","geometry":{"type":"Point","coordinates":[23.703752,37.981472]},"properties":{"line":"026","mode":"bus","color":"#0059a9","colorDark":"#00294f","band":4,"off":[0,1.1]}},{"type":"Feature","geometry":{"type":"Point","coordinates":[23.696347,37.964084]},"properties":{"name":"Πετράλωνα","band":4,"modes":"bus","arr":["035"],"off":[0,-0.8]}},{"type":"Feature","geometry":{"type":"Point","coordinates":[23.696347,37.964084]},"properties":{"line":"035","mode":"bus","color":"#0059a9","colorDark":"#00294f","band":4,"off":[0,1.1]}},{"type":"Feature","geometry":{"type":"Point","coordinates":[23.777123,37.993604]},"properties":{"name":"Σταθμός Κατεχάκη","band":4,"modes":"bus","arr":["036","402"],"off":[0,-0.8]}},{"type":"Feature","geometry":{"type":"Point","coordinates":[23.777123,37.993604]},"properties":{"line":"036","mode":"bus","color":"#0059a9","colorDark":"#00294f","band":4,"off":[-1.7,1.1]}},{"type":"Feature","geometry":{"type":"Point","coordinates":[23.777123,37.993604]},"properties":{"line":"402","mode":"bus","color":"#0059a9","colorDark":"#00294f","band":4,"off":[1.7,1.1]}},{"type":"Feature","geometry":{"type":"Point","coordinates":[23.734004,37.974513]},"properties":{"name":"Σύνταγμα","band":4,"modes":"bus","arr":["040","Χ95"],"off":[0,-0.8]}},{"type":"Feature","geometry":{"type":"Point","coordinates":[23.734004,37.974513]},"properties":{"line":"040","mode":"bus","color":"#0059a9","colorDark":"#00294f","band":4,"off":[-1.7,1.1]}},{"type":"Feature","geometry":{"type":"Point","coordinates":[23.734004,37.974513]},"properties":{"line":"Χ95","mode":"bus","color":"#0059a9","colorDark":"#00294f","band":4,"off":[1.7,1.1]}},{"type":"Feature","geometry":{"type":"Point","coordinates":[23.631889,37.938487]},"properties":{"name":"Πειραιάς","band":4,"modes":"bus","arr":["040","049","130","217","229","826","828","831","843","859","Α1","Β1"],"off":[0,-0.8]}},{"type":"Feature","geometry":{"type":"Point","coordinates":[23.631889,37.938487]},"properties":{"line":"040","mode":"bus","color":"#0059a9","colorDark":"#00294f","band":4,"off":[-6.8,1.1]}},{"type":"Feature","geometry":{"type":"Point","coordinates":[23.631889,37.938487]},"properties":{"line":"049","mode":"bus","color":"#0059a9","colorDark":"#00294f","band":4,"off":[-3.4,1.1]}},{"type":"Feature","geometry":{"type":"Point","coordinates":[23.631889,37.938487]},"properties":{"line":"130","mode":"bus","color":"#0059a9","colorDark":"#00294f","band":4,"off":[0,1.1]}},{"type":"Feature","geometry":{"type":"Point","coordinates":[23.631889,37.938487]},"properties":{"line":"217","mode":"bus","color":"#0059a9","colorDark":"#00294f","band":4,"off":[3.4,1.1]}},{"type":"Feature","geometry":{"type":"Point","coordinates":[23.631889,37.938487]},"properties":{"line":"229","mode":"bus","color":"#0059a9","colorDark":"#00294f","band":4,"off":[6.8,1.1]}},{"type":"Feature","geometry":{"type":"Point","coordinates":[23.631889,37.938487]},"properties":{"line":"826","mode":"bus","color":"#0059a9","colorDark":"#00294f","band":4,"off":[-6.8,3.1]}},{"type":"Feature","geometry":{"type":"Point","coordinates":[23.631889,37.938487]},"properties":{"line":"828","mode":"bus","color":"#0059a9","colorDark":"#00294f","band":4,"off":[-3.4,3.1]}},{"type":"Feature","geometry":{"type":"Point","coordinates":[23.631889,37.938487]},"properties":{"line":"831","mode":"bus","color":"#0059a9","colorDark":"#00294f","band":4,"off":[0,3.1]}},{"type":"Feature","geometry":{"type":"Point","coordinates":[23.631889,37.938487]},"properties":{"line":"843","mode":"bus","color":"#0059a9","colorDark":"#00294f","band":4,"off":[3.4,3.1]}},{"type":"Feature","geometry":{"type":"Point","coordinates":[23.631889,37.938487]},"properties":{"line":"859","mode":"bus","color":"#0059a9","colorDark":"#00294f","band":4,"off":[6.8,3.1]}},{"type":"Feature","geometry":{"type":"Point","coordinates":[23.631889,37.938487]},"properties":{"line":"Α1","mode":"bus","color":"#0059a9","colorDark":"#00294f","band":4,"off":[-1.7,5.1]}},{"type":"Feature","geometry":{"type":"Point","coordinates":[23.631889,37.938487]},"properties":{"line":"Β1","mode":"bus","color":"#0059a9","colorDark":"#00294f","band":4,"off":[1.7,5.1]}},{"type":"Feature","geometry":{"type":"Point","coordinates":[23.778898,37.996568]},"properties":{"name":"Ελληνορώσων","band":4,"modes":"bus","arr":["046","242"],"off":[0,-0.8]}},{"type":"Feature","geometry":{"type":"Point","coordinates":[23.778898,37.996568]},"properties":{"line":"046","mode":"bus","color":"#0059a9","colorDark":"#00294f","band":4,"off":[-1.7,1.1]}},{"type":"Feature","geometry":{"type":"Point","coordinates":[23.778898,37.996568]},"properties":{"line":"242","mode":"bus","color":"#0059a9","colorDark":"#00294f","band":4,"off":[1.7,1.1]}},{"type":"Feature","geometry":{"type":"Point","coordinates":[23.727794,37.983241]},"properties":{"name":"Ομόνοια","band":4,"modes":"bus","arr":["049","838","914"],"off":[0,-0.8]}},{"type":"Feature","geometry":{"type":"Point","coordinates":[23.727794,37.983241]},"properties":{"line":"049","mode":"bus","color":"#0059a9","colorDark":"#00294f","band":4,"off":[-3.4,1.1]}},{"type":"Feature","geometry":{"type":"Point","coordinates":[23.727794,37.983241]},"properties":{"line":"838","mode":"bus","color":"#0059a9","colorDark":"#00294f","band":4,"off":[0,1.1]}},{"type":"Feature","geometry":{"type":"Point","coordinates":[23.727794,37.983241]},"properties":{"line":"914","mode":"bus","color":"#0059a9","colorDark":"#00294f","band":4,"off":[3.4,1.1]}},{"type":"Feature","geometry":{"type":"Point","coordinates":[23.69927,37.997623]},"properties":{"name":"Στ. Υπεραστικών Λεωφορείων Κηφισού","band":4,"modes":"bus","arr":["051","Χ93"],"off":[0,-0.8]}},{"type":"Feature","geometry":{"type":"Point","coordinates":[23.69927,37.997623]},"properties":{"line":"051","mode":"bus","color":"#0059a9","colorDark":"#00294f","band":4,"off":[-1.7,1.1]}},{"type":"Feature","geometry":{"type":"Point","coordinates":[23.69927,37.997623]},"properties":{"line":"Χ93","mode":"bus","color":"#0059a9","colorDark":"#00294f","band":4,"off":[1.7,1.1]}},{"type":"Feature","geometry":{"type":"Point","coordinates":[23.694814,37.988432]},"properties":{"name":"Στ. Ελαιώνα","band":4,"modes":"bus","arr":["052"],"off":[0,-0.8]}},{"type":"Feature","geometry":{"type":"Point","coordinates":[23.694814,37.988432]},"properties":{"line":"052","mode":"bus","color":"#0059a9","colorDark":"#00294f","band":4,"off":[0,1.1]}},{"type":"Feature","geometry":{"type":"Point","coordinates":[23.768952,38.033929]},"properties":{"name":"Περισσός 054","band":4,"modes":"bus","arr":["054"],"off":[0,-0.8]}},{"type":"Feature","geometry":{"type":"Point","coordinates":[23.768952,38.033929]},"properties":{"line":"054","mode":"bus","color":"#0059a9","colorDark":"#00294f","band":4,"off":[0,1.1]}},{"type":"Feature","geometry":{"type":"Point","coordinates":[23.712555,38.002907]},"properties":{"name":"Λόφος Σκουζέ","band":4,"modes":"bus","arr":["057"],"off":[0,-0.8]}},{"type":"Feature","geometry":{"type":"Point","coordinates":[23.712555,38.002907]},"properties":{"line":"057","mode":"bus","color":"#0059a9","colorDark":"#00294f","band":4,"off":[0,1.1]}},{"type":"Feature","geometry":{"type":"Point","coordinates":[23.735315,37.980346]},"properties":{"name":"Ακαδημία","band":4,"modes":"bus","arr":["060","Α5"],"off":[0,-0.8]}},{"type":"Feature","geometry":{"type":"Point","coordinates":[23.735315,37.980346]},"properties":{"line":"060","mode":"bus","color":"#0059a9","colorDark":"#00294f","band":4,"off":[-1.7,1.1]}},{"type":"Feature","geometry":{"type":"Point","coordinates":[23.735315,37.980346]},"properties":{"line":"Α5","mode":"bus","color":"#0059a9","colorDark":"#00294f","band":4,"off":[1.7,1.1]}},{"type":"Feature","geometry":{"type":"Point","coordinates":[23.755379,37.889359]},"properties":{"name":"Ελληνικό","band":4,"modes":"bus","arr":["101"],"off":[0,-0.8]}},{"type":"Feature","geometry":{"type":"Point","coordinates":[23.755379,37.889359]},"properties":{"line":"101","mode":"bus","color":"#0059a9","colorDark":"#00294f","band":4,"off":[0,1.1]}},{"type":"Feature","geometry":{"type":"Point","coordinates":[23.701337,37.916427]},"properties":{"name":"Άλιμος","band":4,"modes":"bus","arr":["101"],"off":[0,-0.8]}},{"type":"Feature","geometry":{"type":"Point","coordinates":[23.701337,37.916427]},"properties":{"line":"101","mode":"bus","color":"#0059a9","colorDark":"#00294f","band":4,"off":[0,1.1]}},{"type":"Feature","geometry":{"type":"Point","coordinates":[23.724478,37.925804]},"properties":{"name":"Αγ. Βαρβάρα","band":4,"modes":"bus","arr":["106","126"],"off":[0,-0.8]}},{"type":"Feature","geometry":{"type":"Point","coordinates":[23.724478,37.925804]},"properties":{"line":"106","mode":"bus","color":"#0059a9","colorDark":"#00294f","band":4,"off":[-1.7,1.1]}},{"type":"Feature","geometry":{"type":"Point","coordinates":[23.724478,37.925804]},"properties":{"line":"126","mode":"bus","color":"#0059a9","colorDark":"#00294f","band":4,"off":[1.7,1.1]}},{"type":"Feature","geometry":{"type":"Point","coordinates":[23.740883,37.941708]},"properties":{"name":"Στ. Αγ. Δημήτριος","band":4,"modes":"bus","arr":["109","164","201"],"off":[0,-0.8]}},{"type":"Feature","geometry":{"type":"Point","coordinates":[23.740883,37.941708]},"properties":{"line":"109","mode":"bus","color":"#0059a9","colorDark":"#00294f","band":4,"off":[-3.4,1.1]}},{"type":"Feature","geometry":{"type":"Point","coordinates":[23.740883,37.941708]},"properties":{"line":"164","mode":"bus","color":"#0059a9","colorDark":"#00294f","band":4,"off":[0,1.1]}},{"type":"Feature","geometry":{"type":"Point","coordinates":[23.740883,37.941708]},"properties":{"line":"201","mode":"bus","color":"#0059a9","colorDark":"#00294f","band":4,"off":[3.4,1.1]}},{"type":"Feature","geometry":{"type":"Point","coordinates":[23.72876,37.925766]},"properties":{"name":"Αγ. Δημήτριος","band":4,"modes":"bus","arr":["112"],"off":[0,-0.8]}},{"type":"Feature","geometry":{"type":"Point","coordinates":[23.72876,37.925766]},"properties":{"line":"112","mode":"bus","color":"#0059a9","colorDark":"#00294f","band":4,"off":[0,1.1]}},{"type":"Feature","geometry":{"type":"Point","coordinates":[23.740395,37.872888]},"properties":{"name":"Γλυφάδα","band":4,"modes":"bus","arr":["115","116","117","120","124","128","205","Α3"],"off":[0,-0.8]}},{"type":"Feature","geometry":{"type":"Point","coordinates":[23.740395,37.872888]},"properties":{"line":"115","mode":"bus","color":"#0059a9","colorDark":"#00294f","band":4,"off":[-6.8,1.1]}},{"type":"Feature","geometry":{"type":"Point","coordinates":[23.740395,37.872888]},"properties":{"line":"116","mode":"bus","color":"#0059a9","colorDark":"#00294f","band":4,"off":[-3.4,1.1]}},{"type":"Feature","geometry":{"type":"Point","coordinates":[23.740395,37.872888]},"properties":{"line":"117","mode":"bus","color":"#0059a9","colorDark":"#00294f","band":4,"off":[0,1.1]}},{"type":"Feature","geometry":{"type":"Point","coordinates":[23.740395,37.872888]},"properties":{"line":"120","mode":"bus","color":"#0059a9","colorDark":"#00294f","band":4,"off":[3.4,1.1]}},{"type":"Feature","geometry":{"type":"Point","coordinates":[23.740395,37.872888]},"properties":{"line":"124","mode":"bus","color":"#0059a9","colorDark":"#00294f","band":4,"off":[6.8,1.1]}},{"type":"Feature","geometry":{"type":"Point","coordinates":[23.740395,37.872888]},"properties":{"line":"128","mode":"bus","color":"#0059a9","colorDark":"#00294f","band":4,"off":[-3.4,3.1]}},{"type":"Feature","geometry":{"type":"Point","coordinates":[23.740395,37.872888]},"properties":{"line":"205","mode":"bus","color":"#0059a9","colorDark":"#00294f","band":4,"off":[0,3.1]}},{"type":"Feature","geometry":{"type":"Point","coordinates":[23.740395,37.872888]},"properties":{"line":"Α3","mode":"bus","color":"#0059a9","colorDark":"#00294f","band":4,"off":[3.4,3.1]}},{"type":"Feature","geometry":{"type":"Point","coordinates":[23.83763,37.848505]},"properties":{"name":"Κιτσι","band":4,"modes":"bus","arr":["115","116"],"off":[0,-0.8]}},{"type":"Feature","geometry":{"type":"Point","coordinates":[23.83763,37.848505]},"properties":{"line":"115","mode":"bus","color":"#0059a9","colorDark":"#00294f","band":4,"off":[-1.7,1.1]}},{"type":"Feature","geometry":{"type":"Point","coordinates":[23.83763,37.848505]},"properties":{"line":"116","mode":"bus","color":"#0059a9","colorDark":"#00294f","band":4,"off":[1.7,1.1]}},{"type":"Feature","geometry":{"type":"Point","coordinates":[23.820233,37.833784]},"properties":{"name":"Βάρη","band":4,"modes":"bus","arr":["117"],"off":[0,-0.8]}},{"type":"Feature","geometry":{"type":"Point","coordinates":[23.820233,37.833784]},"properties":{"line":"117","mode":"bus","color":"#0059a9","colorDark":"#00294f","band":4,"off":[0,1.1]}},{"type":"Feature","geometry":{"type":"Point","coordinates":[23.897074,37.913347]},"properties":{"name":"Προαστιακός 2","band":4,"modes":"bus","arr":["120","307","308","309","309Β","311","330"],"off":[0,-0.8]}},{"type":"Feature","geometry":{"type":"Point","coordinates":[23.897074,37.913347]},"properties":{"line":"120","mode":"bus","color":"#0059a9","colorDark":"#00294f","band":4,"off":[-6.8,1.1]}},{"type":"Feature","geometry":{"type":"Point","coordinates":[23.897074,37.913347]},"properties":{"line":"307","mode":"bus","color":"#0059a9","colorDark":"#00294f","band":4,"off":[-3.4,1.1]}},{"type":"Feature","geometry":{"type":"Point","coordinates":[23.897074,37.913347]},"properties":{"line":"308","mode":"bus","color":"#0059a9","colorDark":"#00294f","band":4,"off":[0,1.1]}},{"type":"Feature","geometry":{"type":"Point","coordinates":[23.897074,37.913347]},"properties":{"line":"309","mode":"bus","color":"#0059a9","colorDark":"#00294f","band":4,"off":[3.4,1.1]}},{"type":"Feature","geometry":{"type":"Point","coordinates":[23.897074,37.913347]},"properties":{"line":"309Β","mode":"bus","color":"#0059a9","colorDark":"#00294f","band":4,"off":[6.8,1.1]}},{"type":"Feature","geometry":{"type":"Point","coordinates":[23.897074,37.913347]},"properties":{"line":"311","mode":"bus","color":"#0059a9","colorDark":"#00294f","band":4,"off":[-1.7,3.1]}},{"type":"Feature","geometry":{"type":"Point","coordinates":[23.897074,37.913347]},"properties":{"line":"330","mode":"bus","color":"#0059a9","colorDark":"#00294f","band":4,"off":[1.7,3.1]}},{"type":"Feature","geometry":{"type":"Point","coordinates":[23.745007,37.908304]},"properties":{"name":"Αφετηρία 122","band":4,"modes":"bus","arr":["122"],"off":[0,-0.8]}},{"type":"Feature","geometry":{"type":"Point","coordinates":[23.745007,37.908304]},"properties":{"line":"122","mode":"bus","color":"#0059a9","colorDark":"#00294f","band":4,"off":[0,1.1]}},{"type":"Feature","geometry":{"type":"Point","coordinates":[23.913991,37.748651]},"properties":{"name":"Σαρωνίδα 122- 123","band":4,"modes":"bus","arr":["122","123"],"off":[0,-0.8]}},{"type":"Feature","geometry":{"type":"Point","coordinates":[23.913991,37.748651]},"properties":{"line":"122","mode":"bus","color":"#0059a9","colorDark":"#00294f","band":4,"off":[-1.7,1.1]}},{"type":"Feature","geometry":{"type":"Point","coordinates":[23.913991,37.748651]},"properties":{"line":"123","mode":"bus","color":"#0059a9","colorDark":"#00294f","band":4,"off":[1.7,1.1]}},{"type":"Feature","geometry":{"type":"Point","coordinates":[23.813726,37.822063]},"properties":{"name":"Βάρκιζα","band":4,"modes":"bus","arr":["122Θ","171"],"off":[0,-0.8]}},{"type":"Feature","geometry":{"type":"Point","coordinates":[23.813726,37.822063]},"properties":{"line":"122Θ","mode":"bus","color":"#0059a9","colorDark":"#00294f","band":4,"off":[-1.7,1.1]}},{"type":"Feature","geometry":{"type":"Point","coordinates":[23.813726,37.822063]},"properties":{"line":"171","mode":"bus","color":"#0059a9","colorDark":"#00294f","band":4,"off":[1.7,1.1]}},{"type":"Feature","geometry":{"type":"Point","coordinates":[23.719116,37.932378]},"properties":{"name":"Αμ/σιο Αγ. Δημητρίου","band":4,"modes":"bus","arr":["131"],"off":[0,-0.8]}},{"type":"Feature","geometry":{"type":"Point","coordinates":[23.719116,37.932378]},"properties":{"line":"131","mode":"bus","color":"#0059a9","colorDark":"#00294f","band":4,"off":[0,1.1]}},{"type":"Feature","geometry":{"type":"Point","coordinates":[23.715008,37.933519]},"properties":{"name":"Άνω Νέα Σμύρνη","band":4,"modes":"bus","arr":["136","137"],"off":[0,-0.8]}},{"type":"Feature","geometry":{"type":"Point","coordinates":[23.715008,37.933519]},"properties":{"line":"136","mode":"bus","color":"#0059a9","colorDark":"#00294f","band":4,"off":[-1.7,1.1]}},{"type":"Feature","geometry":{"type":"Point","coordinates":[23.715008,37.933519]},"properties":{"line":"137","mode":"bus","color":"#0059a9","colorDark":"#00294f","band":4,"off":[1.7,1.1]}},{"type":"Feature","geometry":{"type":"Point","coordinates":[23.746597,37.863186]},"properties":{"name":"Γλυφάδα","band":4,"modes":"bus","arr":["140"],"off":[0,-0.8]}},{"type":"Feature","geometry":{"type":"Point","coordinates":[23.746597,37.863186]},"properties":{"line":"140","mode":"bus","color":"#0059a9","colorDark":"#00294f","band":4,"off":[0,1.1]}},{"type":"Feature","geometry":{"type":"Point","coordinates":[23.74512,37.996475]},"properties":{"name":"Πολύγωνο","band":4,"modes":"bus","arr":["140"],"off":[0,-0.8]}},{"type":"Feature","geometry":{"type":"Point","coordinates":[23.74512,37.996475]},"properties":{"line":"140","mode":"bus","color":"#0059a9","colorDark":"#00294f","band":4,"off":[0,1.1]}},{"type":"Feature","geometry":{"type":"Point","coordinates":[23.736941,37.948997]},"properties":{"name":"Στ. Δάφνη","band":4,"modes":"bus","arr":["141","212","217","218","219","229","816"],"off":[0,-0.8]}},{"type":"Feature","geometry":{"type":"Point","coordinates":[23.736941,37.948997]},"properties":{"name":"Αγ. Δημήτριος (Στ. Δάφνη)","band":4,"modes":"bus","arr":["141","212","217","218","219","229","816"],"off":[0,-1.9]}},{"type":"Feature","geometry":{"type":"Point","coordinates":[23.736941,37.948997]},"properties":{"line":"141","mode":"bus","color":"#0059a9","colorDark":"#00294f","band":4,"off":[-6.8,1.1]}},{"type":"Feature","geometry":{"type":"Point","coordinates":[23.736941,37.948997]},"properties":{"line":"212","mode":"bus","color":"#0059a9","colorDark":"#00294f","band":4,"off":[-3.4,1.1]}},{"type":"Feature","geometry":{"type":"Point","coordinates":[23.736941,37.948997]},"properties":{"line":"217","mode":"bus","color":"#0059a9","colorDark":"#00294f","band":4,"off":[0,1.1]}},{"type":"Feature","geometry":{"type":"Point","coordinates":[23.736941,37.948997]},"properties":{"line":"218","mode":"bus","color":"#0059a9","colorDark":"#00294f","band":4,"off":[3.4,1.1]}},{"type":"Feature","geometry":{"type":"Point","coordinates":[23.736941,37.948997]},"properties":{"line":"219","mode":"bus","color":"#0059a9","colorDark":"#00294f","band":4,"off":[6.8,1.1]}},{"type":"Feature","geometry":{"type":"Point","coordinates":[23.736941,37.948997]},"properties":{"line":"229","mode":"bus","color":"#0059a9","colorDark":"#00294f","band":4,"off":[-1.7,3.1]}},{"type":"Feature","geometry":{"type":"Point","coordinates":[23.736941,37.948997]},"properties":{"line":"816","mode":"bus","color":"#0059a9","colorDark":"#00294f","band":4,"off":[1.7,3.1]}},{"type":"Feature","geometry":{"type":"Point","coordinates":[23.746158,37.902901]},"properties":{"name":"Στ. Αργυρούπολη","band":4,"modes":"bus","arr":["142"],"off":[0,-0.8]}},{"type":"Feature","geometry":{"type":"Point","coordinates":[23.746158,37.902901]},"properties":{"line":"142","mode":"bus","color":"#0059a9","colorDark":"#00294f","band":4,"off":[0,1.1]}},{"type":"Feature","geometry":{"type":"Point","coordinates":[23.778347,37.854163]},"properties":{"name":"Άνω Βούλα","band":4,"modes":"bus","arr":["154"],"off":[0,-0.8]}},{"type":"Feature","geometry":{"type":"Point","coordinates":[23.778347,37.854163]},"properties":{"line":"154","mode":"bus","color":"#0059a9","colorDark":"#00294f","band":4,"off":[0,1.1]}},{"type":"Feature","geometry":{"type":"Point","coordinates":[23.76955,37.835729]},"properties":{"name":"Βούλα","band":4,"modes":"bus","arr":["162","Α1","Α2"],"off":[0,-0.8]}},{"type":"Feature","geometry":{"type":"Point","coordinates":[23.76955,37.835729]},"properties":{"line":"162","mode":"bus","color":"#0059a9","colorDark":"#00294f","band":4,"off":[-3.4,1.1]}},{"type":"Feature","geometry":{"type":"Point","coordinates":[23.76955,37.835729]},"properties":{"line":"Α1","mode":"bus","color":"#0059a9","colorDark":"#00294f","band":4,"off":[0,1.1]}},{"type":"Feature","geometry":{"type":"Point","coordinates":[23.76955,37.835729]},"properties":{"line":"Α2","mode":"bus","color":"#0059a9","colorDark":"#00294f","band":4,"off":[3.4,1.1]}},{"type":"Feature","geometry":{"type":"Point","coordinates":[23.777455,37.89027]},"properties":{"name":"Άνω Γλυφάδα","band":4,"modes":"bus","arr":["164","Β1"],"off":[0,-0.8]}},{"type":"Feature","geometry":{"type":"Point","coordinates":[23.777455,37.89027]},"properties":{"line":"164","mode":"bus","color":"#0059a9","colorDark":"#00294f","band":4,"off":[-1.7,1.1]}},{"type":"Feature","geometry":{"type":"Point","coordinates":[23.777455,37.89027]},"properties":{"line":"Β1","mode":"bus","color":"#0059a9","colorDark":"#00294f","band":4,"off":[1.7,1.1]}},{"type":"Feature","geometry":{"type":"Point","coordinates":[23.769011,37.943098]},"properties":{"name":"Καρέας","band":4,"modes":"bus","arr":["203"],"off":[0,-0.8]}},{"type":"Feature","geometry":{"type":"Point","coordinates":[23.769011,37.943098]},"properties":{"line":"203","mode":"bus","color":"#0059a9","colorDark":"#00294f","band":4,"off":[0,1.1]}},{"type":"Feature","geometry":{"type":"Point","coordinates":[23.779061,37.954588]},"properties":{"name":"Στρ. Σακέτα","band":4,"modes":"bus","arr":["204"],"off":[0,-0.8]}},{"type":"Feature","geometry":{"type":"Point","coordinates":[23.779061,37.954588]},"properties":{"line":"204","mode":"bus","color":"#0059a9","colorDark":"#00294f","band":4,"off":[0,1.1]}},{"type":"Feature","geometry":{"type":"Point","coordinates":[23.776775,37.951297]},"properties":{"name":"Εκεμς","band":4,"modes":"bus","arr":["204Β"],"off":[0,-0.8]}},{"type":"Feature","geometry":{"type":"Point","coordinates":[23.776775,37.951297]},"properties":{"line":"204Β","mode":"bus","color":"#0059a9","colorDark":"#00294f","band":4,"off":[0,1.1]}},{"type":"Feature","geometry":{"type":"Point","coordinates":[23.764491,37.935062]},"properties":{"name":"Αγ. Μαρίνα","band":4,"modes":"bus","arr":["206","212"],"off":[0,-0.8]}},{"type":"Feature","geometry":{"type":"Point","coordinates":[23.764491,37.935062]},"properties":{"line":"206","mode":"bus","color":"#0059a9","colorDark":"#00294f","band":4,"off":[-1.7,1.1]}},{"type":"Feature","geometry":{"type":"Point","coordinates":[23.764491,37.935062]},"properties":{"line":"212","mode":"bus","color":"#0059a9","colorDark":"#00294f","band":4,"off":[1.7,1.1]}},{"type":"Feature","geometry":{"type":"Point","coordinates":[23.752499,37.950257]},"properties":{"name":"Μεταμόρφωση","band":4,"modes":"bus","arr":["209","211"],"off":[0,-0.8]}},{"type":"Feature","geometry":{"type":"Point","coordinates":[23.752499,37.950257]},"properties":{"line":"209","mode":"bus","color":"#0059a9","colorDark":"#00294f","band":4,"off":[-1.7,1.1]}},{"type":"Feature","geometry":{"type":"Point","coordinates":[23.752499,37.950257]},"properties":{"line":"211","mode":"bus","color":"#0059a9","colorDark":"#00294f","band":4,"off":[1.7,1.1]}},{"type":"Feature","geometry":{"type":"Point","coordinates":[23.759492,37.954071]},"properties":{"name":"Ζ. Πηγή","band":4,"modes":"bus","arr":["214"],"off":[0,-0.8]}},{"type":"Feature","geometry":{"type":"Point","coordinates":[23.759492,37.954071]},"properties":{"line":"214","mode":"bus","color":"#0059a9","colorDark":"#00294f","band":4,"off":[0,1.1]}},{"type":"Feature","geometry":{"type":"Point","coordinates":[23.641285,37.946039]},"properties":{"name":"Πειραιάς Πλ. Καραϊσκάκη","band":4,"modes":"bus","arr":["218","300","400","500","803","827","845","871","871Τ","904","906","Ε90"],"off":[0,-0.8]}},{"type":"Feature","geometry":{"type":"Point","coordinates":[23.641285,37.946039]},"properties":{"line":"218","mode":"bus","color":"#0059a9","colorDark":"#00294f","band":4,"off":[-6.8,1.1]}},{"type":"Feature","geometry":{"type":"Point","coordinates":[23.641285,37.946039]},"properties":{"line":"300","mode":"bus","color":"#0059a9","colorDark":"#00294f","band":4,"off":[-3.4,1.1]}},{"type":"Feature","geometry":{"type":"Point","coordinates":[23.641285,37.946039]},"properties":{"line":"400","mode":"bus","color":"#0059a9","colorDark":"#00294f","band":4,"off":[0,1.1]}},{"type":"Feature","geometry":{"type":"Point","coordinates":[23.641285,37.946039]},"properties":{"line":"500","mode":"bus","color":"#0059a9","colorDark":"#00294f","band":4,"off":[3.4,1.1]}},{"type":"Feature","geometry":{"type":"Point","coordinates":[23.641285,37.946039]},"properties":{"line":"803","mode":"bus","color":"#0059a9","colorDark":"#00294f","band":4,"off":[6.8,1.1]}},{"type":"Feature","geometry":{"type":"Point","coordinates":[23.641285,37.946039]},"properties":{"line":"827","mode":"bus","color":"#0059a9","colorDark":"#00294f","band":4,"off":[-6.8,3.1]}},{"type":"Feature","geometry":{"type":"Point","coordinates":[23.641285,37.946039]},"properties":{"line":"845","mode":"bus","color":"#0059a9","colorDark":"#00294f","band":4,"off":[-3.4,3.1]}},{"type":"Feature","geometry":{"type":"Point","coordinates":[23.641285,37.946039]},"properties":{"line":"871","mode":"bus","color":"#0059a9","colorDark":"#00294f","band":4,"off":[0,3.1]}},{"type":"Feature","geometry":{"type":"Point","coordinates":[23.641285,37.946039]},"properties":{"line":"871Τ","mode":"bus","color":"#0059a9","colorDark":"#00294f","band":4,"off":[3.4,3.1]}},{"type":"Feature","geometry":{"type":"Point","coordinates":[23.641285,37.946039]},"properties":{"line":"904","mode":"bus","color":"#0059a9","colorDark":"#00294f","band":4,"off":[6.8,3.1]}},{"type":"Feature","geometry":{"type":"Point","coordinates":[23.641285,37.946039]},"properties":{"line":"906","mode":"bus","color":"#0059a9","colorDark":"#00294f","band":4,"off":[-1.7,5.1]}},{"type":"Feature","geometry":{"type":"Point","coordinates":[23.641285,37.946039]},"properties":{"line":"Ε90","mode":"bus","color":"#0059a9","colorDark":"#00294f","band":4,"off":[1.7,5.1]}},{"type":"Feature","geometry":{"type":"Point","coordinates":[23.69682,37.95968]},"properties":{"name":"Στ. Καλλιθέα","band":4,"modes":"bus","arr":["219","911","911Α"],"off":[0,-0.8]}},{"type":"Feature","geometry":{"type":"Point","coordinates":[23.69682,37.95968]},"properties":{"line":"219","mode":"bus","color":"#0059a9","colorDark":"#00294f","band":4,"off":[-3.4,1.1]}},{"type":"Feature","geometry":{"type":"Point","coordinates":[23.69682,37.95968]},"properties":{"line":"911","mode":"bus","color":"#0059a9","colorDark":"#00294f","band":4,"off":[0,1.1]}},{"type":"Feature","geometry":{"type":"Point","coordinates":[23.69682,37.95968]},"properties":{"line":"911Α","mode":"bus","color":"#0059a9","colorDark":"#00294f","band":4,"off":[3.4,1.1]}},{"type":"Feature","geometry":{"type":"Point","coordinates":[23.776937,37.969998]},"properties":{"name":"Ζωγράφου","band":4,"modes":"bus","arr":["220","221","235"],"off":[0,-0.8]}},{"type":"Feature","geometry":{"type":"Point","coordinates":[23.776937,37.969998]},"properties":{"line":"220","mode":"bus","color":"#0059a9","colorDark":"#00294f","band":4,"off":[-3.4,1.1]}},{"type":"Feature","geometry":{"type":"Point","coordinates":[23.776937,37.969998]},"properties":{"line":"221","mode":"bus","color":"#0059a9","colorDark":"#00294f","band":4,"off":[0,1.1]}},{"type":"Feature","geometry":{"type":"Point","coordinates":[23.776937,37.969998]},"properties":{"line":"235","mode":"bus","color":"#0059a9","colorDark":"#00294f","band":4,"off":[3.4,1.1]}},{"type":"Feature","geometry":{"type":"Point","coordinates":[23.776419,37.964794]},"properties":{"name":"Καισαριανή","band":4,"modes":"bus","arr":["224"],"off":[0,-0.8]}},{"type":"Feature","geometry":{"type":"Point","coordinates":[23.776419,37.964794]},"properties":{"line":"224","mode":"bus","color":"#0059a9","colorDark":"#00294f","band":4,"off":[0,1.1]}},{"type":"Feature","geometry":{"type":"Point","coordinates":[23.757807,37.9981]},"properties":{"name":"Τέρμα Ελ. Βενιζέλου","band":4,"modes":"bus","arr":["224"],"off":[0,-0.8]}},{"type":"Feature","geometry":{"type":"Point","coordinates":[23.757807,37.9981]},"properties":{"line":"224","mode":"bus","color":"#0059a9","colorDark":"#00294f","band":4,"off":[0,1.1]}},{"type":"Feature","geometry":{"type":"Point","coordinates":[23.709331,37.963619]},"properties":{"name":"Άνω Πετράλωνα","band":4,"modes":"bus","arr":["227"],"off":[0,-0.8]}},{"type":"Feature","geometry":{"type":"Point","coordinates":[23.709331,37.963619]},"properties":{"line":"227","mode":"bus","color":"#0059a9","colorDark":"#00294f","band":4,"off":[0,1.1]}},{"type":"Feature","geometry":{"type":"Point","coordinates":[23.749152,37.960154]},"properties":{"name":"Αγ. Αρτέμιος","band":4,"modes":"bus","arr":["227"],"off":[0,-0.8]}},{"type":"Feature","geometry":{"type":"Point","coordinates":[23.749152,37.960154]},"properties":{"line":"227","mode":"bus","color":"#0059a9","colorDark":"#00294f","band":4,"off":[0,1.1]}},{"type":"Feature","geometry":{"type":"Point","coordinates":[23.78142,37.972665]},"properties":{"name":"Ζωγράφου","band":4,"modes":"bus","arr":["230"],"off":[0,-0.8]}},{"type":"Feature","geometry":{"type":"Point","coordinates":[23.78142,37.972665]},"properties":{"line":"230","mode":"bus","color":"#0059a9","colorDark":"#00294f","band":4,"off":[0,1.1]}},{"type":"Feature","geometry":{"type":"Point","coordinates":[23.722446,37.969956]},"properties":{"name":"Ακρόπολη","band":4,"modes":"bus","arr":["230"],"off":[0,-0.8]}},{"type":"Feature","geometry":{"type":"Point","coordinates":[23.722446,37.969956]},"properties":{"line":"230","mode":"bus","color":"#0059a9","colorDark":"#00294f","band":4,"off":[0,1.1]}},{"type":"Feature","geometry":{"type":"Point","coordinates":[23.760664,37.92348]},"properties":{"name":"Άνω Ηλιούπολη","band":4,"modes":"bus","arr":["237"],"off":[0,-0.8]}},{"type":"Feature","geometry":{"type":"Point","coordinates":[23.760664,37.92348]},"properties":{"line":"237","mode":"bus","color":"#0059a9","colorDark":"#00294f","band":4,"off":[0,1.1]}},{"type":"Feature","geometry":{"type":"Point","coordinates":[23.760109,37.971734]},"properties":{"name":"Πανεπιστημιούπολη","band":4,"modes":"bus","arr":["250"],"off":[0,-0.8]}},{"type":"Feature","geometry":{"type":"Point","coordinates":[23.760109,37.971734]},"properties":{"line":"250","mode":"bus","color":"#0059a9","colorDark":"#00294f","band":4,"off":[0,1.1]}},{"type":"Feature","geometry":{"type":"Point","coordinates":[23.834265,38.023745]},"properties":{"name":"Στ. Δουκ. Πλακεντίας","band":4,"modes":"bus","arr":["301","301Β","302","306","307","314","319","400","407","411"],"off":[0,-0.8]}},{"type":"Feature","geometry":{"type":"Point","coordinates":[23.834265,38.023745]},"properties":{"line":"301","mode":"bus","color":"#0059a9","colorDark":"#00294f","band":4,"off":[-6.8,1.1]}},{"type":"Feature","geometry":{"type":"Point","coordinates":[23.834265,38.023745]},"properties":{"line":"301Β","mode":"bus","color":"#0059a9","colorDark":"#00294f","band":4,"off":[-3.4,1.1]}},{"type":"Feature","geometry":{"type":"Point","coordinates":[23.834265,38.023745]},"properties":{"line":"302","mode":"bus","color":"#0059a9","colorDark":"#00294f","band":4,"off":[0,1.1]}},{"type":"Feature","geometry":{"type":"Point","coordinates":[23.834265,38.023745]},"properties":{"line":"306","mode":"bus","color":"#0059a9","colorDark":"#00294f","band":4,"off":[3.4,1.1]}},{"type":"Feature","geometry":{"type":"Point","coordinates":[23.834265,38.023745]},"properties":{"line":"307","mode":"bus","color":"#0059a9","colorDark":"#00294f","band":4,"off":[6.8,1.1]}},{"type":"Feature","geometry":{"type":"Point","coordinates":[23.834265,38.023745]},"properties":{"line":"314","mode":"bus","color":"#0059a9","colorDark":"#00294f","band":4,"off":[-6.8,3.1]}},{"type":"Feature","geometry":{"type":"Point","coordinates":[23.834265,38.023745]},"properties":{"line":"319","mode":"bus","color":"#0059a9","colorDark":"#00294f","band":4,"off":[-3.4,3.1]}},{"type":"Feature","geometry":{"type":"Point","coordinates":[23.834265,38.023745]},"properties":{"line":"400","mode":"bus","color":"#0059a9","colorDark":"#00294f","band":4,"off":[0,3.1]}},{"type":"Feature","geometry":{"type":"Point","coordinates":[23.834265,38.023745]},"properties":{"line":"407","mode":"bus","color":"#0059a9","colorDark":"#00294f","band":4,"off":[3.4,3.1]}},{"type":"Feature","geometry":{"type":"Point","coordinates":[23.834265,38.023745]},"properties":{"line":"411","mode":"bus","color":"#0059a9","colorDark":"#00294f","band":4,"off":[6.8,3.1]}},{"type":"Feature","geometry":{"type":"Point","coordinates":[24.001613,37.928863]},"properties":{"name":"Άρτεμις","band":4,"modes":"bus","arr":["304"],"off":[0,-0.8]}},{"type":"Feature","geometry":{"type":"Point","coordinates":[24.001613,37.928863]},"properties":{"line":"304","mode":"bus","color":"#0059a9","colorDark":"#00294f","band":4,"off":[0,1.1]}},{"type":"Feature","geometry":{"type":"Point","coordinates":[23.806244,38.00984]},"properties":{"name":"Στ. Νομισματοκοπείο","band":4,"modes":"bus","arr":["304","305","308","316"],"off":[0,-0.8]}},{"type":"Feature","geometry":{"type":"Point","coordinates":[23.806244,38.00984]},"properties":{"line":"304","mode":"bus","color":"#0059a9","colorDark":"#00294f","band":4,"off":[-5.1,1.1]}},{"type":"Feature","geometry":{"type":"Point","coordinates":[23.806244,38.00984]},"properties":{"line":"305","mode":"bus","color":"#0059a9","colorDark":"#00294f","band":4,"off":[-1.7,1.1]}},{"type":"Feature","geometry":{"type":"Point","coordinates":[23.806244,38.00984]},"properties":{"line":"308","mode":"bus","color":"#0059a9","colorDark":"#00294f","band":4,"off":[1.7,1.1]}},{"type":"Feature","geometry":{"type":"Point","coordinates":[23.806244,38.00984]},"properties":{"line":"316","mode":"bus","color":"#0059a9","colorDark":"#00294f","band":4,"off":[5.1,1.1]}},{"type":"Feature","geometry":{"type":"Point","coordinates":[24.020525,37.990537]},"properties":{"name":"Άρτεμις (Αγ. Νικόλαος)","band":4,"modes":"bus","arr":["305","316","323"],"off":[0,-0.8]}},{"type":"Feature","geometry":{"type":"Point","coordinates":[24.020525,37.990537]},"properties":{"line":"305","mode":"bus","color":"#0059a9","colorDark":"#00294f","band":4,"off":[-3.4,1.1]}},{"type":"Feature","geometry":{"type":"Point","coordinates":[24.020525,37.990537]},"properties":{"line":"316","mode":"bus","color":"#0059a9","colorDark":"#00294f","band":4,"off":[0,1.1]}},{"type":"Feature","geometry":{"type":"Point","coordinates":[24.020525,37.990537]},"properties":{"line":"323","mode":"bus","color":"#0059a9","colorDark":"#00294f","band":4,"off":[3.4,1.1]}},{"type":"Feature","geometry":{"type":"Point","coordinates":[23.960461,38.161876]},"properties":{"name":"Μαραθώνας 3","band":4,"modes":"bus","arr":["310"],"off":[0,-0.8]}},{"type":"Feature","geometry":{"type":"Point","coordinates":[23.960461,38.161876]},"properties":{"line":"310","mode":"bus","color":"#0059a9","colorDark":"#00294f","band":4,"off":[0,1.1]}},{"type":"Feature","geometry":{"type":"Point","coordinates":[23.982948,38.034007]},"properties":{"name":"Ραφήνα Τέρμα 314","band":4,"modes":"bus","arr":["314"],"off":[0,-0.8]}},{"type":"Feature","geometry":{"type":"Point","coordinates":[23.982948,38.034007]},"properties":{"line":"314","mode":"bus","color":"#0059a9","colorDark":"#00294f","band":4,"off":[0,1.1]}},{"type":"Feature","geometry":{"type":"Point","coordinates":[23.891112,38.044582]},"properties":{"name":"Αφετηρία 324","band":4,"modes":"bus","arr":["324"],"off":[0,-0.8]}},{"type":"Feature","geometry":{"type":"Point","coordinates":[23.891112,38.044582]},"properties":{"line":"324","mode":"bus","color":"#0059a9","colorDark":"#00294f","band":4,"off":[0,1.1]}},{"type":"Feature","geometry":{"type":"Point","coordinates":[23.872771,37.981486]},"properties":{"name":"Αφετηρία 326","band":4,"modes":"bus","arr":["326"],"off":[0,-0.8]}},{"type":"Feature","geometry":{"type":"Point","coordinates":[23.872771,37.981486]},"properties":{"line":"326","mode":"bus","color":"#0059a9","colorDark":"#00294f","band":4,"off":[0,1.1]}},{"type":"Feature","geometry":{"type":"Point","coordinates":[23.813824,38.033936]},"properties":{"name":"Πολύδροσο","band":4,"modes":"bus","arr":["402"],"off":[0,-0.8]}},{"type":"Feature","geometry":{"type":"Point","coordinates":[23.813824,38.033936]},"properties":{"line":"402","mode":"bus","color":"#0059a9","colorDark":"#00294f","band":4,"off":[0,1.1]}},{"type":"Feature","geometry":{"type":"Point","coordinates":[23.843717,38.021118]},"properties":{"name":"Πευκάκια Αγ. Παρασκευής","band":4,"modes":"bus","arr":["406"],"off":[0,-0.8]}},{"type":"Feature","geometry":{"type":"Point","coordinates":[23.843717,38.021118]},"properties":{"line":"406","mode":"bus","color":"#0059a9","colorDark":"#00294f","band":4,"off":[0,1.1]}},{"type":"Feature","geometry":{"type":"Point","coordinates":[23.795646,37.979339]},"properties":{"name":"Παπάγου","band":4,"modes":"bus","arr":["409"],"off":[0,-0.8]}},{"type":"Feature","geometry":{"type":"Point","coordinates":[23.795646,37.979339]},"properties":{"line":"409","mode":"bus","color":"#0059a9","colorDark":"#00294f","band":4,"off":[0,1.1]}},{"type":"Feature","geometry":{"type":"Point","coordinates":[23.792487,38.038504]},"properties":{"name":"Μαρούσι","band":4,"modes":"bus","arr":["410","Α8"],"off":[0,-0.8]}},{"type":"Feature","geometry":{"type":"Point","coordinates":[23.792487,38.038504]},"properties":{"line":"410","mode":"bus","color":"#0059a9","colorDark":"#00294f","band":4,"off":[-1.7,1.1]}},{"type":"Feature","geometry":{"type":"Point","coordinates":[23.792487,38.038504]},"properties":{"line":"Α8","mode":"bus","color":"#0059a9","colorDark":"#00294f","band":4,"off":[1.7,1.1]}},{"type":"Feature","geometry":{"type":"Point","coordinates":[23.785421,37.999662]},"properties":{"name":"Εθν. Άμυνα","band":4,"modes":"bus","arr":["416"],"off":[0,-0.8]}},{"type":"Feature","geometry":{"type":"Point","coordinates":[23.785421,37.999662]},"properties":{"line":"416","mode":"bus","color":"#0059a9","colorDark":"#00294f","band":4,"off":[0,1.1]}},{"type":"Feature","geometry":{"type":"Point","coordinates":[23.785857,37.999948]},"properties":{"name":"Εθν.Άμυνα 418","band":4,"modes":"bus","arr":["418"],"off":[0,-0.8]}},{"type":"Feature","geometry":{"type":"Point","coordinates":[23.785857,37.999948]},"properties":{"line":"418","mode":"bus","color":"#0059a9","colorDark":"#00294f","band":4,"off":[0,1.1]}},{"type":"Feature","geometry":{"type":"Point","coordinates":[23.623776,37.942246]},"properties":{"name":"Πειραιάς Δραπετσώνα Χ96","band":4,"modes":"bus","arr":["420","Χ96"],"off":[0,-0.8]}},{"type":"Feature","geometry":{"type":"Point","coordinates":[23.623776,37.942246]},"properties":{"line":"420","mode":"bus","color":"#0059a9","colorDark":"#00294f","band":4,"off":[-1.7,1.1]}},{"type":"Feature","geometry":{"type":"Point","coordinates":[23.623776,37.942246]},"properties":{"line":"Χ96","mode":"bus","color":"#0059a9","colorDark":"#00294f","band":4,"off":[1.7,1.1]}},{"type":"Feature","geometry":{"type":"Point","coordinates":[23.717792,38.03579]},"properties":{"name":"Αγ. Ανάργυροι","band":4,"modes":"bus","arr":["420","421"],"off":[0,-0.8]}},{"type":"Feature","geometry":{"type":"Point","coordinates":[23.717792,38.03579]},"properties":{"line":"420","mode":"bus","color":"#0059a9","colorDark":"#00294f","band":4,"off":[-1.7,1.1]}},{"type":"Feature","geometry":{"type":"Point","coordinates":[23.717792,38.03579]},"properties":{"line":"421","mode":"bus","color":"#0059a9","colorDark":"#00294f","band":4,"off":[1.7,1.1]}},{"type":"Feature","geometry":{"type":"Point","coordinates":[23.821831,38.013409]},"properties":{"name":"Αγ. Παρασκευή","band":4,"modes":"bus","arr":["421"],"off":[0,-0.8]}},{"type":"Feature","geometry":{"type":"Point","coordinates":[23.821831,38.013409]},"properties":{"line":"421","mode":"bus","color":"#0059a9","colorDark":"#00294f","band":4,"off":[0,1.1]}},{"type":"Feature","geometry":{"type":"Point","coordinates":[23.784663,38.04237]},"properties":{"name":"Στ. Ειρήνη","band":4,"modes":"bus","arr":["444"],"off":[0,-0.8]}},{"type":"Feature","geometry":{"type":"Point","coordinates":[23.784663,38.04237]},"properties":{"line":"444","mode":"bus","color":"#0059a9","colorDark":"#00294f","band":4,"off":[0,1.1]}},{"type":"Feature","geometry":{"type":"Point","coordinates":[23.79885,38.058139]},"properties":{"name":"Στ. Αμαρουσίου","band":4,"modes":"bus","arr":["446"],"off":[0,-0.8]}},{"type":"Feature","geometry":{"type":"Point","coordinates":[23.79885,38.058139]},"properties":{"line":"446","mode":"bus","color":"#0059a9","colorDark":"#00294f","band":4,"off":[0,1.1]}},{"type":"Feature","geometry":{"type":"Point","coordinates":[23.874559,38.059416]},"properties":{"name":"Π. Πεντέλη - Νοσοκομείο","band":4,"modes":"bus","arr":["446","460"],"off":[0,-0.8]}},{"type":"Feature","geometry":{"type":"Point","coordinates":[23.874559,38.059416]},"properties":{"line":"446","mode":"bus","color":"#0059a9","colorDark":"#00294f","band":4,"off":[-1.7,1.1]}},{"type":"Feature","geometry":{"type":"Point","coordinates":[23.874559,38.059416]},"properties":{"line":"460","mode":"bus","color":"#0059a9","colorDark":"#00294f","band":4,"off":[1.7,1.1]}},{"type":"Feature","geometry":{"type":"Point","coordinates":[23.847166,38.048013]},"properties":{"name":"Άνω Βριλήσσια","band":4,"modes":"bus","arr":["447"],"off":[0,-0.8]}},{"type":"Feature","geometry":{"type":"Point","coordinates":[23.847166,38.048013]},"properties":{"line":"447","mode":"bus","color":"#0059a9","colorDark":"#00294f","band":4,"off":[0,1.1]}},{"type":"Feature","geometry":{"type":"Point","coordinates":[23.858631,38.064153]},"properties":{"name":"Ν. Πεντέλη - Πλ.Αγ.Σίλα","band":4,"modes":"bus","arr":["450","530"],"off":[0,-0.8]}},{"type":"Feature","geometry":{"type":"Point","coordinates":[23.858631,38.064153]},"properties":{"line":"450","mode":"bus","color":"#0059a9","colorDark":"#00294f","band":4,"off":[-1.7,1.1]}},{"type":"Feature","geometry":{"type":"Point","coordinates":[23.858631,38.064153]},"properties":{"line":"530","mode":"bus","color":"#0059a9","colorDark":"#00294f","band":4,"off":[1.7,1.1]}},{"type":"Feature","geometry":{"type":"Point","coordinates":[23.811591,38.072593]},"properties":{"name":"Πλ. Πλατάνου","band":4,"modes":"bus","arr":["500","550","Α7","Χ14"],"off":[0,-0.8]}},{"type":"Feature","geometry":{"type":"Point","coordinates":[23.811591,38.072593]},"properties":{"line":"500","mode":"bus","color":"#0059a9","colorDark":"#00294f","band":4,"off":[-5.1,1.1]}},{"type":"Feature","geometry":{"type":"Point","coordinates":[23.811591,38.072593]},"properties":{"line":"550","mode":"bus","color":"#0059a9","colorDark":"#00294f","band":4,"off":[-1.7,1.1]}},{"type":"Feature","geometry":{"type":"Point","coordinates":[23.811591,38.072593]},"properties":{"line":"Α7","mode":"bus","color":"#0059a9","colorDark":"#00294f","band":4,"off":[1.7,1.1]}},{"type":"Feature","geometry":{"type":"Point","coordinates":[23.811591,38.072593]},"properties":{"line":"Χ14","mode":"bus","color":"#0059a9","colorDark":"#00294f","band":4,"off":[5.1,1.1]}},{"type":"Feature","geometry":{"type":"Point","coordinates":[23.789339,38.067925]},"properties":{"name":"Πεύκη","band":4,"modes":"bus","arr":["501","527"],"off":[0,-0.8]}},{"type":"Feature","geometry":{"type":"Point","coordinates":[23.789339,38.067925]},"properties":{"line":"501","mode":"bus","color":"#0059a9","colorDark":"#00294f","band":4,"off":[-1.7,1.1]}},{"type":"Feature","geometry":{"type":"Point","coordinates":[23.789339,38.067925]},"properties":{"line":"527","mode":"bus","color":"#0059a9","colorDark":"#00294f","band":4,"off":[1.7,1.1]}},{"type":"Feature","geometry":{"type":"Point","coordinates":[23.783291,38.121646]},"properties":{"name":"Βαρυμπόμπη","band":4,"modes":"bus","arr":["503","537"],"off":[0,-0.8]}},{"type":"Feature","geometry":{"type":"Point","coordinates":[23.783291,38.121646]},"properties":{"line":"503","mode":"bus","color":"#0059a9","colorDark":"#00294f","band":4,"off":[-1.7,1.1]}},{"type":"Feature","geometry":{"type":"Point","coordinates":[23.783291,38.121646]},"properties":{"line":"537","mode":"bus","color":"#0059a9","colorDark":"#00294f","band":4,"off":[1.7,1.1]}},{"type":"Feature","geometry":{"type":"Point","coordinates":[23.810001,38.067122]},"properties":{"name":"Ζηρινειο","band":4,"modes":"bus","arr":["503","507","509","509Β","510","535","535Α","536"],"off":[0,-0.8]}},{"type":"Feature","geometry":{"type":"Point","coordinates":[23.810001,38.067122]},"properties":{"line":"503","mode":"bus","color":"#0059a9","colorDark":"#00294f","band":4,"off":[-6.8,1.1]}},{"type":"Feature","geometry":{"type":"Point","coordinates":[23.810001,38.067122]},"properties":{"line":"507","mode":"bus","color":"#0059a9","colorDark":"#00294f","band":4,"off":[-3.4,1.1]}},{"type":"Feature","geometry":{"type":"Point","coordinates":[23.810001,38.067122]},"properties":{"line":"509","mode":"bus","color":"#0059a9","colorDark":"#00294f","band":4,"off":[0,1.1]}},{"type":"Feature","geometry":{"type":"Point","coordinates":[23.810001,38.067122]},"properties":{"line":"509Β","mode":"bus","color":"#0059a9","colorDark":"#00294f","band":4,"off":[3.4,1.1]}},{"type":"Feature","geometry":{"type":"Point","coordinates":[23.810001,38.067122]},"properties":{"line":"510","mode":"bus","color":"#0059a9","colorDark":"#00294f","band":4,"off":[6.8,1.1]}},{"type":"Feature","geometry":{"type":"Point","coordinates":[23.810001,38.067122]},"properties":{"line":"535","mode":"bus","color":"#0059a9","colorDark":"#00294f","band":4,"off":[-3.4,3.1]}},{"type":"Feature","geometry":{"type":"Point","coordinates":[23.810001,38.067122]},"properties":{"line":"535Α","mode":"bus","color":"#0059a9","colorDark":"#00294f","band":4,"off":[0,3.1]}},{"type":"Feature","geometry":{"type":"Point","coordinates":[23.810001,38.067122]},"properties":{"line":"536","mode":"bus","color":"#0059a9","colorDark":"#00294f","band":4,"off":[3.4,3.1]}},{"type":"Feature","geometry":{"type":"Point","coordinates":[23.756587,38.130053]},"properties":{"name":"Θρακομακεδόνες","band":4,"modes":"bus","arr":["504"],"off":[0,-0.8]}},{"type":"Feature","geometry":{"type":"Point","coordinates":[23.756587,38.130053]},"properties":{"line":"504","mode":"bus","color":"#0059a9","colorDark":"#00294f","band":4,"off":[0,1.1]}},{"type":"Feature","geometry":{"type":"Point","coordinates":[23.887115,38.144369]},"properties":{"name":"Σταμάτα","band":4,"modes":"bus","arr":["507"],"off":[0,-0.8]}},{"type":"Feature","geometry":{"type":"Point","coordinates":[23.887115,38.144369]},"properties":{"line":"507","mode":"bus","color":"#0059a9","colorDark":"#00294f","band":4,"off":[0,1.1]}},{"type":"Feature","geometry":{"type":"Point","coordinates":[23.824227,38.138944]},"properties":{"name":"Κρυονέρι","band":4,"modes":"bus","arr":["509"],"off":[0,-0.8]}},{"type":"Feature","geometry":{"type":"Point","coordinates":[23.824227,38.138944]},"properties":{"line":"509","mode":"bus","color":"#0059a9","colorDark":"#00294f","band":4,"off":[0,1.1]}},{"type":"Feature","geometry":{"type":"Point","coordinates":[23.924543,38.222055]},"properties":{"name":"Βαρνάβας","band":4,"modes":"bus","arr":["509Β"],"off":[0,-0.8]}},{"type":"Feature","geometry":{"type":"Point","coordinates":[23.924543,38.222055]},"properties":{"line":"509Β","mode":"bus","color":"#0059a9","colorDark":"#00294f","band":4,"off":[0,1.1]}},{"type":"Feature","geometry":{"type":"Point","coordinates":[23.789361,38.321504]},"properties":{"name":"Σκάλα Ωρωπού","band":4,"modes":"bus","arr":["510"],"off":[0,-0.8]}},{"type":"Feature","geometry":{"type":"Point","coordinates":[23.789361,38.321504]},"properties":{"line":"510","mode":"bus","color":"#0059a9","colorDark":"#00294f","band":4,"off":[0,1.1]}},{"type":"Feature","geometry":{"type":"Point","coordinates":[23.808432,38.07315]},"properties":{"name":"Στ. Κηφισίας","band":4,"modes":"bus","arr":["522","523","524","526","530","560"],"off":[0,-0.8]}},{"type":"Feature","geometry":{"type":"Point","coordinates":[23.808432,38.07315]},"properties":{"line":"522","mode":"bus","color":"#0059a9","colorDark":"#00294f","band":4,"off":[-6.8,1.1]}},{"type":"Feature","geometry":{"type":"Point","coordinates":[23.808432,38.07315]},"properties":{"line":"523","mode":"bus","color":"#0059a9","colorDark":"#00294f","band":4,"off":[-3.4,1.1]}},{"type":"Feature","geometry":{"type":"Point","coordinates":[23.808432,38.07315]},"properties":{"line":"524","mode":"bus","color":"#0059a9","colorDark":"#00294f","band":4,"off":[0,1.1]}},{"type":"Feature","geometry":{"type":"Point","coordinates":[23.808432,38.07315]},"properties":{"line":"526","mode":"bus","color":"#0059a9","colorDark":"#00294f","band":4,"off":[3.4,1.1]}},{"type":"Feature","geometry":{"type":"Point","coordinates":[23.808432,38.07315]},"properties":{"line":"530","mode":"bus","color":"#0059a9","colorDark":"#00294f","band":4,"off":[6.8,1.1]}},{"type":"Feature","geometry":{"type":"Point","coordinates":[23.808432,38.07315]},"properties":{"line":"560","mode":"bus","color":"#0059a9","colorDark":"#00294f","band":4,"off":[0,3.1]}},{"type":"Feature","geometry":{"type":"Point","coordinates":[23.904484,38.092335]},"properties":{"name":"Διόνυσος","band":4,"modes":"bus","arr":["536"],"off":[0,-0.8]}},{"type":"Feature","geometry":{"type":"Point","coordinates":[23.904484,38.092335]},"properties":{"line":"536","mode":"bus","color":"#0059a9","colorDark":"#00294f","band":4,"off":[0,1.1]}},{"type":"Feature","geometry":{"type":"Point","coordinates":[23.731807,38.078254]},"properties":{"name":"Αχαρναί","band":4,"modes":"bus","arr":["537","712","728","733","734","735","752","878","879"],"off":[0,-0.8]}},{"type":"Feature","geometry":{"type":"Point","coordinates":[23.731807,38.078254]},"properties":{"line":"537","mode":"bus","color":"#0059a9","colorDark":"#00294f","band":4,"off":[-6.8,1.1]}},{"type":"Feature","geometry":{"type":"Point","coordinates":[23.731807,38.078254]},"properties":{"line":"712","mode":"bus","color":"#0059a9","colorDark":"#00294f","band":4,"off":[-3.4,1.1]}},{"type":"Feature","geometry":{"type":"Point","coordinates":[23.731807,38.078254]},"properties":{"line":"728","mode":"bus","color":"#0059a9","colorDark":"#00294f","band":4,"off":[0,1.1]}},{"type":"Feature","geometry":{"type":"Point","coordinates":[23.731807,38.078254]},"properties":{"line":"733","mode":"bus","color":"#0059a9","colorDark":"#00294f","band":4,"off":[3.4,1.1]}},{"type":"Feature","geometry":{"type":"Point","coordinates":[23.731807,38.078254]},"properties":{"line":"734","mode":"bus","color":"#0059a9","colorDark":"#00294f","band":4,"off":[6.8,1.1]}},{"type":"Feature","geometry":{"type":"Point","coordinates":[23.731807,38.078254]},"properties":{"line":"735","mode":"bus","color":"#0059a9","colorDark":"#00294f","band":4,"off":[-5.1,3.1]}},{"type":"Feature","geometry":{"type":"Point","coordinates":[23.731807,38.078254]},"properties":{"line":"752","mode":"bus","color":"#0059a9","colorDark":"#00294f","band":4,"off":[-1.7,3.1]}},{"type":"Feature","geometry":{"type":"Point","coordinates":[23.731807,38.078254]},"properties":{"line":"878","mode":"bus","color":"#0059a9","colorDark":"#00294f","band":4,"off":[1.7,3.1]}},{"type":"Feature","geometry":{"type":"Point","coordinates":[23.731807,38.078254]},"properties":{"line":"879","mode":"bus","color":"#0059a9","colorDark":"#00294f","band":4,"off":[5.1,3.1]}},{"type":"Feature","geometry":{"type":"Point","coordinates":[23.760272,38.063768]},"properties":{"name":"Μεταμόρφωση","band":4,"modes":"bus","arr":["541"],"off":[0,-0.8]}},{"type":"Feature","geometry":{"type":"Point","coordinates":[23.760272,38.063768]},"properties":{"line":"541","mode":"bus","color":"#0059a9","colorDark":"#00294f","band":4,"off":[0,1.1]}},{"type":"Feature","geometry":{"type":"Point","coordinates":[23.807817,38.074321]},"properties":{"name":"Στ. Κηφισιά (Τατοΐου) 543-543Α","band":4,"modes":"bus","arr":["543","543Α"],"off":[0,-0.8]}},{"type":"Feature","geometry":{"type":"Point","coordinates":[23.807817,38.074321]},"properties":{"line":"543","mode":"bus","color":"#0059a9","colorDark":"#00294f","band":4,"off":[-1.7,1.1]}},{"type":"Feature","geometry":{"type":"Point","coordinates":[23.807817,38.074321]},"properties":{"line":"543Α","mode":"bus","color":"#0059a9","colorDark":"#00294f","band":4,"off":[1.7,1.1]}},{"type":"Feature","geometry":{"type":"Point","coordinates":[23.68614,37.930064]},"properties":{"name":"Π. Φάληρο","band":4,"modes":"bus","arr":["550"],"off":[0,-0.8]}},{"type":"Feature","geometry":{"type":"Point","coordinates":[23.68614,37.930064]},"properties":{"line":"550","mode":"bus","color":"#0059a9","colorDark":"#00294f","band":4,"off":[0,1.1]}},{"type":"Feature","geometry":{"type":"Point","coordinates":[23.809727,38.104248]},"properties":{"name":"Ν. Ερυθραία","band":4,"modes":"bus","arr":["560"],"off":[0,-0.8]}},{"type":"Feature","geometry":{"type":"Point","coordinates":[23.809727,38.104248]},"properties":{"line":"560","mode":"bus","color":"#0059a9","colorDark":"#00294f","band":4,"off":[0,1.1]}},{"type":"Feature","geometry":{"type":"Point","coordinates":[23.760058,38.039132]},"properties":{"name":"Αφετηρία 602","band":4,"modes":"bus","arr":["602"],"off":[0,-0.8]}},{"type":"Feature","geometry":{"type":"Point","coordinates":[23.760058,38.039132]},"properties":{"line":"602","mode":"bus","color":"#0059a9","colorDark":"#00294f","band":4,"off":[0,1.1]}},{"type":"Feature","geometry":{"type":"Point","coordinates":[23.77307,38.081742]},"properties":{"name":"Νοσ. Αγ. Ανάργυροι","band":4,"modes":"bus","arr":["604"],"off":[0,-0.8]}},{"type":"Feature","geometry":{"type":"Point","coordinates":[23.77307,38.081742]},"properties":{"line":"604","mode":"bus","color":"#0059a9","colorDark":"#00294f","band":4,"off":[0,1.1]}},{"type":"Feature","geometry":{"type":"Point","coordinates":[23.769347,38.033933]},"properties":{"name":"Περισσός","band":4,"modes":"bus","arr":["605"],"off":[0,-0.8]}},{"type":"Feature","geometry":{"type":"Point","coordinates":[23.769347,38.033933]},"properties":{"line":"605","mode":"bus","color":"#0059a9","colorDark":"#00294f","band":4,"off":[0,1.1]}},{"type":"Feature","geometry":{"type":"Point","coordinates":[23.761502,38.026541]},"properties":{"name":"Γαλάτσι","band":4,"modes":"bus","arr":["608"],"off":[0,-0.8]}},{"type":"Feature","geometry":{"type":"Point","coordinates":[23.761502,38.026541]},"properties":{"line":"608","mode":"bus","color":"#0059a9","colorDark":"#00294f","band":4,"off":[0,1.1]}},{"type":"Feature","geometry":{"type":"Point","coordinates":[23.781323,37.971074]},"properties":{"name":"Νεκροταφείο Ζωγράφου","band":4,"modes":"bus","arr":["608"],"off":[0,-0.8]}},{"type":"Feature","geometry":{"type":"Point","coordinates":[23.781323,37.971074]},"properties":{"line":"608","mode":"bus","color":"#0059a9","colorDark":"#00294f","band":4,"off":[0,1.1]}},{"type":"Feature","geometry":{"type":"Point","coordinates":[23.775579,38.019707]},"properties":{"name":"Φιλοθέη","band":4,"modes":"bus","arr":["610"],"off":[0,-0.8]}},{"type":"Feature","geometry":{"type":"Point","coordinates":[23.775579,38.019707]},"properties":{"line":"610","mode":"bus","color":"#0059a9","colorDark":"#00294f","band":4,"off":[0,1.1]}},{"type":"Feature","geometry":{"type":"Point","coordinates":[23.752629,38.060101]},"properties":{"name":"Μεταμόρφωση","band":4,"modes":"bus","arr":["619"],"off":[0,-0.8]}},{"type":"Feature","geometry":{"type":"Point","coordinates":[23.752629,38.060101]},"properties":{"line":"619","mode":"bus","color":"#0059a9","colorDark":"#00294f","band":4,"off":[0,1.1]}},{"type":"Feature","geometry":{"type":"Point","coordinates":[23.758811,38.008481]},"properties":{"name":"Άνω Γαλάτσι","band":4,"modes":"bus","arr":["622"],"off":[0,-0.8]}},{"type":"Feature","geometry":{"type":"Point","coordinates":[23.758811,38.008481]},"properties":{"line":"622","mode":"bus","color":"#0059a9","colorDark":"#00294f","band":4,"off":[0,1.1]}},{"type":"Feature","geometry":{"type":"Point","coordinates":[23.774762,37.982419]},"properties":{"name":"Γουδή","band":4,"modes":"bus","arr":["622","815"],"off":[0,-0.8]}},{"type":"Feature","geometry":{"type":"Point","coordinates":[23.774762,37.982419]},"properties":{"line":"622","mode":"bus","color":"#0059a9","colorDark":"#00294f","band":4,"off":[-1.7,1.1]}},{"type":"Feature","geometry":{"type":"Point","coordinates":[23.774762,37.982419]},"properties":{"line":"815","mode":"bus","color":"#0059a9","colorDark":"#00294f","band":4,"off":[1.7,1.1]}},{"type":"Feature","geometry":{"type":"Point","coordinates":[23.765759,38.046526]},"properties":{"name":"Ηράκλειο 640","band":4,"modes":"bus","arr":["640"],"off":[0,-0.8]}},{"type":"Feature","geometry":{"type":"Point","coordinates":[23.765759,38.046526]},"properties":{"line":"640","mode":"bus","color":"#0059a9","colorDark":"#00294f","band":4,"off":[0,1.1]}},{"type":"Feature","geometry":{"type":"Point","coordinates":[23.760996,38.046671]},"properties":{"name":"Τοπική Ηρακλείου","band":4,"modes":"bus","arr":["642"],"off":[0,-0.8]}},{"type":"Feature","geometry":{"type":"Point","coordinates":[23.760996,38.046671]},"properties":{"line":"642","mode":"bus","color":"#0059a9","colorDark":"#00294f","band":4,"off":[0,1.1]}},{"type":"Feature","geometry":{"type":"Point","coordinates":[23.764175,38.006007]},"properties":{"name":"Ψυχικό","band":4,"modes":"bus","arr":["651"],"off":[0,-0.8]}},{"type":"Feature","geometry":{"type":"Point","coordinates":[23.764175,38.006007]},"properties":{"line":"651","mode":"bus","color":"#0059a9","colorDark":"#00294f","band":4,"off":[0,1.1]}},{"type":"Feature","geometry":{"type":"Point","coordinates":[23.758401,37.989099]},"properties":{"name":"Αφετηρία - Πανόρμου","band":4,"modes":"bus","arr":["653"],"off":[0,-0.8]}},{"type":"Feature","geometry":{"type":"Point","coordinates":[23.758401,37.989099]},"properties":{"line":"653","mode":"bus","color":"#0059a9","colorDark":"#00294f","band":4,"off":[0,1.1]}},{"type":"Feature","geometry":{"type":"Point","coordinates":[23.669129,38.03522]},"properties":{"name":"Κηπούπολη","band":4,"modes":"bus","arr":["700","719","Α13"],"off":[0,-0.8]}},{"type":"Feature","geometry":{"type":"Point","coordinates":[23.669129,38.03522]},"properties":{"line":"700","mode":"bus","color":"#0059a9","colorDark":"#00294f","band":4,"off":[-3.4,1.1]}},{"type":"Feature","geometry":{"type":"Point","coordinates":[23.669129,38.03522]},"properties":{"line":"719","mode":"bus","color":"#0059a9","colorDark":"#00294f","band":4,"off":[0,1.1]}},{"type":"Feature","geometry":{"type":"Point","coordinates":[23.669129,38.03522]},"properties":{"line":"Α13","mode":"bus","color":"#0059a9","colorDark":"#00294f","band":4,"off":[3.4,1.1]}},{"type":"Feature","geometry":{"type":"Point","coordinates":[23.692704,38.054269]},"properties":{"name":"Καματερό","band":4,"modes":"bus","arr":["701","704","705","Γ12"],"off":[0,-0.8]}},{"type":"Feature","geometry":{"type":"Point","coordinates":[23.692704,38.054269]},"properties":{"line":"701","mode":"bus","color":"#0059a9","colorDark":"#00294f","band":4,"off":[-5.1,1.1]}},{"type":"Feature","geometry":{"type":"Point","coordinates":[23.692704,38.054269]},"properties":{"line":"704","mode":"bus","color":"#0059a9","colorDark":"#00294f","band":4,"off":[-1.7,1.1]}},{"type":"Feature","geometry":{"type":"Point","coordinates":[23.692704,38.054269]},"properties":{"line":"705","mode":"bus","color":"#0059a9","colorDark":"#00294f","band":4,"off":[1.7,1.1]}},{"type":"Feature","geometry":{"type":"Point","coordinates":[23.692704,38.054269]},"properties":{"line":"Γ12","mode":"bus","color":"#0059a9","colorDark":"#00294f","band":4,"off":[5.1,1.1]}},{"type":"Feature","geometry":{"type":"Point","coordinates":[23.621963,37.942611]},"properties":{"name":"Ακτή Βασιλειάδη","band":4,"modes":"bus","arr":["703"],"off":[0,-0.8]}},{"type":"Feature","geometry":{"type":"Point","coordinates":[23.621963,37.942611]},"properties":{"line":"703","mode":"bus","color":"#0059a9","colorDark":"#00294f","band":4,"off":[0,1.1]}},{"type":"Feature","geometry":{"type":"Point","coordinates":[23.726851,38.021998]},"properties":{"name":"Αγ. Ελευθέριος","band":4,"modes":"bus","arr":["703"],"off":[0,-0.8]}},{"type":"Feature","geometry":{"type":"Point","coordinates":[23.726851,38.021998]},"properties":{"line":"703","mode":"bus","color":"#0059a9","colorDark":"#00294f","band":4,"off":[0,1.1]}},{"type":"Feature","geometry":{"type":"Point","coordinates":[23.701569,38.007002]},"properties":{"name":"Στ. Αγ. Αντώνιος","band":4,"modes":"bus","arr":["706","822","823"],"off":[0,-0.8]}},{"type":"Feature","geometry":{"type":"Point","coordinates":[23.701569,38.007002]},"properties":{"line":"706","mode":"bus","color":"#0059a9","colorDark":"#00294f","band":4,"off":[-3.4,1.1]}},{"type":"Feature","geometry":{"type":"Point","coordinates":[23.701569,38.007002]},"properties":{"line":"822","mode":"bus","color":"#0059a9","colorDark":"#00294f","band":4,"off":[0,1.1]}},{"type":"Feature","geometry":{"type":"Point","coordinates":[23.701569,38.007002]},"properties":{"line":"823","mode":"bus","color":"#0059a9","colorDark":"#00294f","band":4,"off":[3.4,1.1]}},{"type":"Feature","geometry":{"type":"Point","coordinates":[23.698858,38.082085]},"properties":{"name":"Άνω Λιόσια","band":4,"modes":"bus","arr":["709"],"off":[0,-0.8]}},{"type":"Feature","geometry":{"type":"Point","coordinates":[23.698858,38.082085]},"properties":{"line":"709","mode":"bus","color":"#0059a9","colorDark":"#00294f","band":4,"off":[0,1.1]}},{"type":"Feature","geometry":{"type":"Point","coordinates":[23.681212,38.071322]},"properties":{"name":"Ζωφριά","band":4,"modes":"bus","arr":["711"],"off":[0,-0.8]}},{"type":"Feature","geometry":{"type":"Point","coordinates":[23.681212,38.071322]},"properties":{"line":"711","mode":"bus","color":"#0059a9","colorDark":"#00294f","band":4,"off":[0,1.1]}},{"type":"Feature","geometry":{"type":"Point","coordinates":[23.732094,38.050634]},"properties":{"name":"Ανάκασα","band":4,"modes":"bus","arr":["720"],"off":[0,-0.8]}},{"type":"Feature","geometry":{"type":"Point","coordinates":[23.732094,38.050634]},"properties":{"line":"720","mode":"bus","color":"#0059a9","colorDark":"#00294f","band":4,"off":[0,1.1]}},{"type":"Feature","geometry":{"type":"Point","coordinates":[23.737016,38.103181]},"properties":{"name":"Αχαρναί","band":4,"modes":"bus","arr":["721","724","725","726","727","755","755Β"],"off":[0,-0.8]}},{"type":"Feature","geometry":{"type":"Point","coordinates":[23.737016,38.103181]},"properties":{"line":"721","mode":"bus","color":"#0059a9","colorDark":"#00294f","band":4,"off":[-6.8,1.1]}},{"type":"Feature","geometry":{"type":"Point","coordinates":[23.737016,38.103181]},"properties":{"line":"724","mode":"bus","color":"#0059a9","colorDark":"#00294f","band":4,"off":[-3.4,1.1]}},{"type":"Feature","geometry":{"type":"Point","coordinates":[23.737016,38.103181]},"properties":{"line":"725","mode":"bus","color":"#0059a9","colorDark":"#00294f","band":4,"off":[0,1.1]}},{"type":"Feature","geometry":{"type":"Point","coordinates":[23.737016,38.103181]},"properties":{"line":"726","mode":"bus","color":"#0059a9","colorDark":"#00294f","band":4,"off":[3.4,1.1]}},{"type":"Feature","geometry":{"type":"Point","coordinates":[23.737016,38.103181]},"properties":{"line":"727","mode":"bus","color":"#0059a9","colorDark":"#00294f","band":4,"off":[6.8,1.1]}},{"type":"Feature","geometry":{"type":"Point","coordinates":[23.737016,38.103181]},"properties":{"line":"755","mode":"bus","color":"#0059a9","colorDark":"#00294f","band":4,"off":[-1.7,3.1]}},{"type":"Feature","geometry":{"type":"Point","coordinates":[23.737016,38.103181]},"properties":{"line":"755Β","mode":"bus","color":"#0059a9","colorDark":"#00294f","band":4,"off":[1.7,3.1]}},{"type":"Feature","geometry":{"type":"Point","coordinates":[23.672657,38.107881]},"properties":{"name":"Τέρμα Φυλής","band":4,"modes":"bus","arr":["723"],"off":[0,-0.8]}},{"type":"Feature","geometry":{"type":"Point","coordinates":[23.672657,38.107881]},"properties":{"line":"723","mode":"bus","color":"#0059a9","colorDark":"#00294f","band":4,"off":[0,1.1]}},{"type":"Feature","geometry":{"type":"Point","coordinates":[23.700053,38.023984]},"properties":{"name":"Ζωοδόχος Πηγή","band":4,"modes":"bus","arr":["730"],"off":[0,-0.8]}},{"type":"Feature","geometry":{"type":"Point","coordinates":[23.700053,38.023984]},"properties":{"line":"730","mode":"bus","color":"#0059a9","colorDark":"#00294f","band":4,"off":[0,1.1]}},{"type":"Feature","geometry":{"type":"Point","coordinates":[23.676698,38.010068]},"properties":{"name":"Αγ. Αναστασία","band":4,"modes":"bus","arr":["730","821"],"off":[0,-0.8]}},{"type":"Feature","geometry":{"type":"Point","coordinates":[23.676698,38.010068]},"properties":{"line":"730","mode":"bus","color":"#0059a9","colorDark":"#00294f","band":4,"off":[-1.7,1.1]}},{"type":"Feature","geometry":{"type":"Point","coordinates":[23.676698,38.010068]},"properties":{"line":"821","mode":"bus","color":"#0059a9","colorDark":"#00294f","band":4,"off":[1.7,1.1]}},{"type":"Feature","geometry":{"type":"Point","coordinates":[23.688197,38.027522]},"properties":{"name":"Ανθούπολη","band":4,"modes":"bus","arr":["731"],"off":[0,-0.8]}},{"type":"Feature","geometry":{"type":"Point","coordinates":[23.688197,38.027522]},"properties":{"line":"731","mode":"bus","color":"#0059a9","colorDark":"#00294f","band":4,"off":[0,1.1]}},{"type":"Feature","geometry":{"type":"Point","coordinates":[23.648054,38.021729]},"properties":{"name":"Δάσος Β","band":4,"modes":"bus","arr":["731","803","Α15"],"off":[0,-0.8]}},{"type":"Feature","geometry":{"type":"Point","coordinates":[23.648054,38.021729]},"properties":{"name":"Δάσος","band":4,"modes":"bus","arr":["731","803","Α15"],"off":[0,-1.9]}},{"type":"Feature","geometry":{"type":"Point","coordinates":[23.648054,38.021729]},"properties":{"line":"731","mode":"bus","color":"#0059a9","colorDark":"#00294f","band":4,"off":[-3.4,1.1]}},{"type":"Feature","geometry":{"type":"Point","coordinates":[23.648054,38.021729]},"properties":{"line":"803","mode":"bus","color":"#0059a9","colorDark":"#00294f","band":4,"off":[0,1.1]}},{"type":"Feature","geometry":{"type":"Point","coordinates":[23.648054,38.021729]},"properties":{"line":"Α15","mode":"bus","color":"#0059a9","colorDark":"#00294f","band":4,"off":[3.4,1.1]}},{"type":"Feature","geometry":{"type":"Point","coordinates":[23.706679,38.039393]},"properties":{"name":"Νέα Λεωφ.Θηβών 732","band":4,"modes":"bus","arr":["732"],"off":[0,-0.8]}},{"type":"Feature","geometry":{"type":"Point","coordinates":[23.706679,38.039393]},"properties":{"line":"732","mode":"bus","color":"#0059a9","colorDark":"#00294f","band":4,"off":[0,1.1]}},{"type":"Feature","geometry":{"type":"Point","coordinates":[23.77232,38.117225]},"properties":{"name":"Ολυμπ. Χωριό","band":4,"modes":"bus","arr":["740"],"off":[0,-0.8]}},{"type":"Feature","geometry":{"type":"Point","coordinates":[23.77232,38.117225]},"properties":{"line":"740","mode":"bus","color":"#0059a9","colorDark":"#00294f","band":4,"off":[0,1.1]}},{"type":"Feature","geometry":{"type":"Point","coordinates":[23.674197,38.045368]},"properties":{"name":"Πετρούπολη","band":4,"modes":"bus","arr":["747","Α11","Β11"],"off":[0,-0.8]}},{"type":"Feature","geometry":{"type":"Point","coordinates":[23.674197,38.045368]},"properties":{"line":"747","mode":"bus","color":"#0059a9","colorDark":"#00294f","band":4,"off":[-3.4,1.1]}},{"type":"Feature","geometry":{"type":"Point","coordinates":[23.674197,38.045368]},"properties":{"line":"Α11","mode":"bus","color":"#0059a9","colorDark":"#00294f","band":4,"off":[0,1.1]}},{"type":"Feature","geometry":{"type":"Point","coordinates":[23.674197,38.045368]},"properties":{"line":"Β11","mode":"bus","color":"#0059a9","colorDark":"#00294f","band":4,"off":[3.4,1.1]}},{"type":"Feature","geometry":{"type":"Point","coordinates":[23.67482,38.027025]},"properties":{"name":"Χρυσούπολη","band":4,"modes":"bus","arr":["748"],"off":[0,-0.8]}},{"type":"Feature","geometry":{"type":"Point","coordinates":[23.67482,38.027025]},"properties":{"line":"748","mode":"bus","color":"#0059a9","colorDark":"#00294f","band":4,"off":[0,1.1]}},{"type":"Feature","geometry":{"type":"Point","coordinates":[23.680583,38.083193]},"properties":{"name":"Οικισμός Γεννηματά","band":4,"modes":"bus","arr":["749"],"off":[0,-0.8]}},{"type":"Feature","geometry":{"type":"Point","coordinates":[23.680583,38.083193]},"properties":{"line":"749","mode":"bus","color":"#0059a9","colorDark":"#00294f","band":4,"off":[0,1.1]}},{"type":"Feature","geometry":{"type":"Point","coordinates":[23.665009,38.015622]},"properties":{"name":"Αττικό Νοσοκομείο","band":4,"modes":"bus","arr":["750"],"off":[0,-0.8]}},{"type":"Feature","geometry":{"type":"Point","coordinates":[23.665009,38.015622]},"properties":{"line":"750","mode":"bus","color":"#0059a9","colorDark":"#00294f","band":4,"off":[0,1.1]}},{"type":"Feature","geometry":{"type":"Point","coordinates":[23.63508,37.970363]},"properties":{"name":"Νίκαια","band":4,"modes":"bus","arr":["750"],"off":[0,-0.8]}},{"type":"Feature","geometry":{"type":"Point","coordinates":[23.63508,37.970363]},"properties":{"line":"750","mode":"bus","color":"#0059a9","colorDark":"#00294f","band":4,"off":[0,1.1]}},{"type":"Feature","geometry":{"type":"Point","coordinates":[23.746584,37.863639]},"properties":{"name":"Πλ. Γλυφάδας","band":4,"modes":"bus","arr":["790"],"off":[0,-0.8]}},{"type":"Feature","geometry":{"type":"Point","coordinates":[23.746584,37.863639]},"properties":{"line":"790","mode":"bus","color":"#0059a9","colorDark":"#00294f","band":4,"off":[0,1.1]}},{"type":"Feature","geometry":{"type":"Point","coordinates":[23.692401,38.015955]},"properties":{"name":"Λ. Παναγή Τσαλδάρη","band":4,"modes":"bus","arr":["790"],"off":[0,-0.8]}},{"type":"Feature","geometry":{"type":"Point","coordinates":[23.692401,38.015955]},"properties":{"line":"790","mode":"bus","color":"#0059a9","colorDark":"#00294f","band":4,"off":[0,1.1]}},{"type":"Feature","geometry":{"type":"Point","coordinates":[23.626569,37.986789]},"properties":{"name":"Νεάπολη","band":4,"modes":"bus","arr":["800","824","825","846","852"],"off":[0,-0.8]}},{"type":"Feature","geometry":{"type":"Point","coordinates":[23.626569,37.986789]},"properties":{"line":"800","mode":"bus","color":"#0059a9","colorDark":"#00294f","band":4,"off":[-6.8,1.1]}},{"type":"Feature","geometry":{"type":"Point","coordinates":[23.626569,37.986789]},"properties":{"line":"824","mode":"bus","color":"#0059a9","colorDark":"#00294f","band":4,"off":[-3.4,1.1]}},{"type":"Feature","geometry":{"type":"Point","coordinates":[23.626569,37.986789]},"properties":{"line":"825","mode":"bus","color":"#0059a9","colorDark":"#00294f","band":4,"off":[0,1.1]}},{"type":"Feature","geometry":{"type":"Point","coordinates":[23.626569,37.986789]},"properties":{"line":"846","mode":"bus","color":"#0059a9","colorDark":"#00294f","band":4,"off":[3.4,1.1]}},{"type":"Feature","geometry":{"type":"Point","coordinates":[23.626569,37.986789]},"properties":{"line":"852","mode":"bus","color":"#0059a9","colorDark":"#00294f","band":4,"off":[6.8,1.1]}},{"type":"Feature","geometry":{"type":"Point","coordinates":[23.588794,38.058133]},"properties":{"name":"Ασπρόπυργος","band":4,"modes":"bus","arr":["805"],"off":[0,-0.8]}},{"type":"Feature","geometry":{"type":"Point","coordinates":[23.588794,38.058133]},"properties":{"line":"805","mode":"bus","color":"#0059a9","colorDark":"#00294f","band":4,"off":[0,1.1]}},{"type":"Feature","geometry":{"type":"Point","coordinates":[23.636102,38.044833]},"properties":{"name":"Νεοκτιστα","band":4,"modes":"bus","arr":["805"],"off":[0,-0.8]}},{"type":"Feature","geometry":{"type":"Point","coordinates":[23.636102,38.044833]},"properties":{"line":"805","mode":"bus","color":"#0059a9","colorDark":"#00294f","band":4,"off":[0,1.1]}},{"type":"Feature","geometry":{"type":"Point","coordinates":[23.634323,38.000868]},"properties":{"name":"Σχιστο","band":4,"modes":"bus","arr":["806","807","809","810","814"],"off":[0,-0.8]}},{"type":"Feature","geometry":{"type":"Point","coordinates":[23.634323,38.000868]},"properties":{"line":"806","mode":"bus","color":"#0059a9","colorDark":"#00294f","band":4,"off":[-6.8,1.1]}},{"type":"Feature","geometry":{"type":"Point","coordinates":[23.634323,38.000868]},"properties":{"line":"807","mode":"bus","color":"#0059a9","colorDark":"#00294f","band":4,"off":[-3.4,1.1]}},{"type":"Feature","geometry":{"type":"Point","coordinates":[23.634323,38.000868]},"properties":{"line":"809","mode":"bus","color":"#0059a9","colorDark":"#00294f","band":4,"off":[0,1.1]}},{"type":"Feature","geometry":{"type":"Point","coordinates":[23.634323,38.000868]},"properties":{"line":"810","mode":"bus","color":"#0059a9","colorDark":"#00294f","band":4,"off":[3.4,1.1]}},{"type":"Feature","geometry":{"type":"Point","coordinates":[23.634323,38.000868]},"properties":{"line":"814","mode":"bus","color":"#0059a9","colorDark":"#00294f","band":4,"off":[6.8,1.1]}},{"type":"Feature","geometry":{"type":"Point","coordinates":[23.63501,38.014398]},"properties":{"name":"Χαϊδάρι","band":4,"modes":"bus","arr":["811"],"off":[0,-0.8]}},{"type":"Feature","geometry":{"type":"Point","coordinates":[23.63501,38.014398]},"properties":{"line":"811","mode":"bus","color":"#0059a9","colorDark":"#00294f","band":4,"off":[0,1.1]}},{"type":"Feature","geometry":{"type":"Point","coordinates":[23.756435,37.990378]},"properties":{"name":"Αβέρωφ","band":4,"modes":"bus","arr":["813"],"off":[0,-0.8]}},{"type":"Feature","geometry":{"type":"Point","coordinates":[23.756435,37.990378]},"properties":{"line":"813","mode":"bus","color":"#0059a9","colorDark":"#00294f","band":4,"off":[0,1.1]}},{"type":"Feature","geometry":{"type":"Point","coordinates":[23.684353,37.999844]},"properties":{"name":"Προύσσης","band":4,"modes":"bus","arr":["813"],"off":[0,-0.8]}},{"type":"Feature","geometry":{"type":"Point","coordinates":[23.684353,37.999844]},"properties":{"line":"813","mode":"bus","color":"#0059a9","colorDark":"#00294f","band":4,"off":[0,1.1]}},{"type":"Feature","geometry":{"type":"Point","coordinates":[23.68917,37.972759]},"properties":{"name":"Ταύρος","band":4,"modes":"bus","arr":["815"],"off":[0,-0.8]}},{"type":"Feature","geometry":{"type":"Point","coordinates":[23.68917,37.972759]},"properties":{"line":"815","mode":"bus","color":"#0059a9","colorDark":"#00294f","band":4,"off":[0,1.1]}},{"type":"Feature","geometry":{"type":"Point","coordinates":[23.697485,37.967724]},"properties":{"name":"Ταύρος","band":4,"modes":"bus","arr":["816"],"off":[0,-0.8]}},{"type":"Feature","geometry":{"type":"Point","coordinates":[23.697485,37.967724]},"properties":{"line":"816","mode":"bus","color":"#0059a9","colorDark":"#00294f","band":4,"off":[0,1.1]}},{"type":"Feature","geometry":{"type":"Point","coordinates":[23.539891,38.035898]},"properties":{"name":"Ελευσίνα","band":4,"modes":"bus","arr":["817","845","861","861Β","862","863","864","871","876","878","879","881"],"off":[0,-0.8]}},{"type":"Feature","geometry":{"type":"Point","coordinates":[23.539891,38.035898]},"properties":{"line":"817","mode":"bus","color":"#0059a9","colorDark":"#00294f","band":4,"off":[-6.8,1.1]}},{"type":"Feature","geometry":{"type":"Point","coordinates":[23.539891,38.035898]},"properties":{"line":"845","mode":"bus","color":"#0059a9","colorDark":"#00294f","band":4,"off":[-3.4,1.1]}},{"type":"Feature","geometry":{"type":"Point","coordinates":[23.539891,38.035898]},"properties":{"line":"861","mode":"bus","color":"#0059a9","colorDark":"#00294f","band":4,"off":[0,1.1]}},{"type":"Feature","geometry":{"type":"Point","coordinates":[23.539891,38.035898]},"properties":{"line":"861Β","mode":"bus","color":"#0059a9","colorDark":"#00294f","band":4,"off":[3.4,1.1]}},{"type":"Feature","geometry":{"type":"Point","coordinates":[23.539891,38.035898]},"properties":{"line":"862","mode":"bus","color":"#0059a9","colorDark":"#00294f","band":4,"off":[6.8,1.1]}},{"type":"Feature","geometry":{"type":"Point","coordinates":[23.539891,38.035898]},"properties":{"line":"863","mode":"bus","color":"#0059a9","colorDark":"#00294f","band":4,"off":[-6.8,3.1]}},{"type":"Feature","geometry":{"type":"Point","coordinates":[23.539891,38.035898]},"properties":{"line":"864","mode":"bus","color":"#0059a9","colorDark":"#00294f","band":4,"off":[-3.4,3.1]}},{"type":"Feature","geometry":{"type":"Point","coordinates":[23.539891,38.035898]},"properties":{"line":"871","mode":"bus","color":"#0059a9","colorDark":"#00294f","band":4,"off":[0,3.1]}},{"type":"Feature","geometry":{"type":"Point","coordinates":[23.539891,38.035898]},"properties":{"line":"876","mode":"bus","color":"#0059a9","colorDark":"#00294f","band":4,"off":[3.4,3.1]}},{"type":"Feature","geometry":{"type":"Point","coordinates":[23.539891,38.035898]},"properties":{"line":"878","mode":"bus","color":"#0059a9","colorDark":"#00294f","band":4,"off":[6.8,3.1]}},{"type":"Feature","geometry":{"type":"Point","coordinates":[23.539891,38.035898]},"properties":{"line":"879","mode":"bus","color":"#0059a9","colorDark":"#00294f","band":4,"off":[-1.7,5.1]}},{"type":"Feature","geometry":{"type":"Point","coordinates":[23.539891,38.035898]},"properties":{"line":"881","mode":"bus","color":"#0059a9","colorDark":"#00294f","band":4,"off":[1.7,5.1]}},{"type":"Feature","geometry":{"type":"Point","coordinates":[23.48148,38.084393]},"properties":{"name":"Μάνδρα","band":4,"modes":"bus","arr":["817","863","865"],"off":[0,-0.8]}},{"type":"Feature","geometry":{"type":"Point","coordinates":[23.48148,38.084393]},"properties":{"line":"817","mode":"bus","color":"#0059a9","colorDark":"#00294f","band":4,"off":[-3.4,1.1]}},{"type":"Feature","geometry":{"type":"Point","coordinates":[23.48148,38.084393]},"properties":{"line":"863","mode":"bus","color":"#0059a9","colorDark":"#00294f","band":4,"off":[0,1.1]}},{"type":"Feature","geometry":{"type":"Point","coordinates":[23.48148,38.084393]},"properties":{"line":"865","mode":"bus","color":"#0059a9","colorDark":"#00294f","band":4,"off":[3.4,1.1]}},{"type":"Feature","geometry":{"type":"Point","coordinates":[23.558695,37.96382]},"properties":{"name":"Πέραμα","band":4,"modes":"bus","arr":["818","819","841","842","843"],"off":[0,-0.8]}},{"type":"Feature","geometry":{"type":"Point","coordinates":[23.558695,37.96382]},"properties":{"line":"818","mode":"bus","color":"#0059a9","colorDark":"#00294f","band":4,"off":[-6.8,1.1]}},{"type":"Feature","geometry":{"type":"Point","coordinates":[23.558695,37.96382]},"properties":{"line":"819","mode":"bus","color":"#0059a9","colorDark":"#00294f","band":4,"off":[-3.4,1.1]}},{"type":"Feature","geometry":{"type":"Point","coordinates":[23.558695,37.96382]},"properties":{"line":"841","mode":"bus","color":"#0059a9","colorDark":"#00294f","band":4,"off":[0,1.1]}},{"type":"Feature","geometry":{"type":"Point","coordinates":[23.558695,37.96382]},"properties":{"line":"842","mode":"bus","color":"#0059a9","colorDark":"#00294f","band":4,"off":[3.4,1.1]}},{"type":"Feature","geometry":{"type":"Point","coordinates":[23.558695,37.96382]},"properties":{"line":"843","mode":"bus","color":"#0059a9","colorDark":"#00294f","band":4,"off":[6.8,1.1]}},{"type":"Feature","geometry":{"type":"Point","coordinates":[23.601221,37.98113]},"properties":{"name":"Νεκρ. Σχιστού","band":4,"modes":"bus","arr":["819","860"],"off":[0,-0.8]}},{"type":"Feature","geometry":{"type":"Point","coordinates":[23.601221,37.98113]},"properties":{"line":"819","mode":"bus","color":"#0059a9","colorDark":"#00294f","band":4,"off":[-1.7,1.1]}},{"type":"Feature","geometry":{"type":"Point","coordinates":[23.601221,37.98113]},"properties":{"line":"860","mode":"bus","color":"#0059a9","colorDark":"#00294f","band":4,"off":[1.7,1.1]}},{"type":"Feature","geometry":{"type":"Point","coordinates":[23.622756,37.956361]},"properties":{"name":"Ευγένεια","band":4,"modes":"bus","arr":["820","832","833"],"off":[0,-0.8]}},{"type":"Feature","geometry":{"type":"Point","coordinates":[23.622756,37.956361]},"properties":{"name":"Αφετηρία - Ευγένεια","band":4,"modes":"bus","arr":["820","832","833"],"off":[0,-1.9]}},{"type":"Feature","geometry":{"type":"Point","coordinates":[23.622756,37.956361]},"properties":{"line":"820","mode":"bus","color":"#0059a9","colorDark":"#00294f","band":4,"off":[-3.4,1.1]}},{"type":"Feature","geometry":{"type":"Point","coordinates":[23.622756,37.956361]},"properties":{"line":"832","mode":"bus","color":"#0059a9","colorDark":"#00294f","band":4,"off":[0,1.1]}},{"type":"Feature","geometry":{"type":"Point","coordinates":[23.622756,37.956361]},"properties":{"line":"833","mode":"bus","color":"#0059a9","colorDark":"#00294f","band":4,"off":[3.4,1.1]}},{"type":"Feature","geometry":{"type":"Point","coordinates":[23.671672,37.978922]},"properties":{"name":"Παν/πολη Αρχαίου Ελαιώνα","band":4,"modes":"bus","arr":["829"],"off":[0,-0.8]}},{"type":"Feature","geometry":{"type":"Point","coordinates":[23.671672,37.978922]},"properties":{"line":"829","mode":"bus","color":"#0059a9","colorDark":"#00294f","band":4,"off":[0,1.1]}},{"type":"Feature","geometry":{"type":"Point","coordinates":[23.665878,37.992696]},"properties":{"name":"Αγ. Βαρβάρα - Αφετηρία 830","band":4,"modes":"bus","arr":["830","891","892"],"off":[0,-0.8]}},{"type":"Feature","geometry":{"type":"Point","coordinates":[23.665878,37.992696]},"properties":{"name":"Αγ. Βαρβάρα","band":4,"modes":"bus","arr":["830","891","892"],"off":[0,-3]}},{"type":"Feature","geometry":{"type":"Point","coordinates":[23.665878,37.992696]},"properties":{"line":"830","mode":"bus","color":"#0059a9","colorDark":"#00294f","band":4,"off":[-3.4,1.1]}},{"type":"Feature","geometry":{"type":"Point","coordinates":[23.665878,37.992696]},"properties":{"line":"891","mode":"bus","color":"#0059a9","colorDark":"#00294f","band":4,"off":[0,1.1]}},{"type":"Feature","geometry":{"type":"Point","coordinates":[23.665878,37.992696]},"properties":{"line":"892","mode":"bus","color":"#0059a9","colorDark":"#00294f","band":4,"off":[3.4,1.1]}},{"type":"Feature","geometry":{"type":"Point","coordinates":[23.669339,38.002453]},"properties":{"name":"Αιγάλεω","band":4,"modes":"bus","arr":["831"],"off":[0,-0.8]}},{"type":"Feature","geometry":{"type":"Point","coordinates":[23.669339,38.002453]},"properties":{"line":"831","mode":"bus","color":"#0059a9","colorDark":"#00294f","band":4,"off":[0,1.1]}},{"type":"Feature","geometry":{"type":"Point","coordinates":[23.652859,37.993184]},"properties":{"name":"Άνω Αγ. Βαρβάρα","band":4,"modes":"bus","arr":["837"],"off":[0,-0.8]}},{"type":"Feature","geometry":{"type":"Point","coordinates":[23.652859,37.993184]},"properties":{"line":"837","mode":"bus","color":"#0059a9","colorDark":"#00294f","band":4,"off":[0,1.1]}},{"type":"Feature","geometry":{"type":"Point","coordinates":[23.561944,38.08942]},"properties":{"name":"Ψαρι","band":4,"modes":"bus","arr":["855"],"off":[0,-0.8]}},{"type":"Feature","geometry":{"type":"Point","coordinates":[23.561944,38.08942]},"properties":{"line":"855","mode":"bus","color":"#0059a9","colorDark":"#00294f","band":4,"off":[0,1.1]}},{"type":"Feature","geometry":{"type":"Point","coordinates":[23.618882,38.092829]},"properties":{"name":"Λόφος Κυρίλλου","band":4,"modes":"bus","arr":["855"],"off":[0,-0.8]}},{"type":"Feature","geometry":{"type":"Point","coordinates":[23.618882,38.092829]},"properties":{"line":"855","mode":"bus","color":"#0059a9","colorDark":"#00294f","band":4,"off":[0,1.1]}},{"type":"Feature","geometry":{"type":"Point","coordinates":[23.743585,37.943985]},"properties":{"name":"Δάφνη","band":4,"modes":"bus","arr":["856"],"off":[0,-0.8]}},{"type":"Feature","geometry":{"type":"Point","coordinates":[23.743585,37.943985]},"properties":{"line":"856","mode":"bus","color":"#0059a9","colorDark":"#00294f","band":4,"off":[0,1.1]}},{"type":"Feature","geometry":{"type":"Point","coordinates":[23.662194,37.986448]},"properties":{"name":"Αιγάλεω","band":4,"modes":"bus","arr":["856"],"off":[0,-0.8]}},{"type":"Feature","geometry":{"type":"Point","coordinates":[23.662194,37.986448]},"properties":{"line":"856","mode":"bus","color":"#0059a9","colorDark":"#00294f","band":4,"off":[0,1.1]}},{"type":"Feature","geometry":{"type":"Point","coordinates":[23.679212,37.945735]},"properties":{"name":"Μοσχάτο Χρ.Σμύρνης","band":4,"modes":"bus","arr":["860"],"off":[0,-0.8]}},{"type":"Feature","geometry":{"type":"Point","coordinates":[23.679212,37.945735]},"properties":{"line":"860","mode":"bus","color":"#0059a9","colorDark":"#00294f","band":4,"off":[0,1.1]}},{"type":"Feature","geometry":{"type":"Point","coordinates":[23.417124,38.120129]},"properties":{"name":"Μάνδρα","band":4,"modes":"bus","arr":["861"],"off":[0,-0.8]}},{"type":"Feature","geometry":{"type":"Point","coordinates":[23.417124,38.120129]},"properties":{"line":"861","mode":"bus","color":"#0059a9","colorDark":"#00294f","band":4,"off":[0,1.1]}},{"type":"Feature","geometry":{"type":"Point","coordinates":[23.32055,38.219816]},"properties":{"name":"Τέρμα - Ερυθρές","band":4,"modes":"bus","arr":["861Β"],"off":[0,-0.8]}},{"type":"Feature","geometry":{"type":"Point","coordinates":[23.32055,38.219816]},"properties":{"line":"861Β","mode":"bus","color":"#0059a9","colorDark":"#00294f","band":4,"off":[0,1.1]}},{"type":"Feature","geometry":{"type":"Point","coordinates":[23.525583,38.058109]},"properties":{"name":"Άνω Ελευσίνα","band":4,"modes":"bus","arr":["862"],"off":[0,-0.8]}},{"type":"Feature","geometry":{"type":"Point","coordinates":[23.525583,38.058109]},"properties":{"line":"862","mode":"bus","color":"#0059a9","colorDark":"#00294f","band":4,"off":[0,1.1]}},{"type":"Feature","geometry":{"type":"Point","coordinates":[23.704284,37.980208]},"properties":{"name":"Αμαξοστάσιο Βοτανικού","band":4,"modes":"bus","arr":["865"],"off":[0,-0.8]}},{"type":"Feature","geometry":{"type":"Point","coordinates":[23.704284,37.980208]},"properties":{"line":"865","mode":"bus","color":"#0059a9","colorDark":"#00294f","band":4,"off":[0,1.1]}},{"type":"Feature","geometry":{"type":"Point","coordinates":[23.598711,38.061193]},"properties":{"name":"Ασπρόπυργος","band":4,"modes":"bus","arr":["866"],"off":[0,-0.8]}},{"type":"Feature","geometry":{"type":"Point","coordinates":[23.598711,38.061193]},"properties":{"line":"866","mode":"bus","color":"#0059a9","colorDark":"#00294f","band":4,"off":[0,1.1]}},{"type":"Feature","geometry":{"type":"Point","coordinates":[23.668,37.997205]},"properties":{"name":"Στ. Αγ.Μαρίνα","band":4,"modes":"bus","arr":["868","890"],"off":[0,-0.8]}},{"type":"Feature","geometry":{"type":"Point","coordinates":[23.668,37.997205]},"properties":{"line":"868","mode":"bus","color":"#0059a9","colorDark":"#00294f","band":4,"off":[-1.7,1.1]}},{"type":"Feature","geometry":{"type":"Point","coordinates":[23.668,37.997205]},"properties":{"line":"890","mode":"bus","color":"#0059a9","colorDark":"#00294f","band":4,"off":[1.7,1.1]}},{"type":"Feature","geometry":{"type":"Point","coordinates":[23.534401,38.073756]},"properties":{"name":"Αμαξοστάσιο Θριασίου","band":4,"modes":"bus","arr":["868"],"off":[0,-0.8]}},{"type":"Feature","geometry":{"type":"Point","coordinates":[23.534401,38.073756]},"properties":{"line":"868","mode":"bus","color":"#0059a9","colorDark":"#00294f","band":4,"off":[0,1.1]}},{"type":"Feature","geometry":{"type":"Point","coordinates":[23.5917,38.096354]},"properties":{"name":"Ρουπακι","band":4,"modes":"bus","arr":["881"],"off":[0,-0.8]}},{"type":"Feature","geometry":{"type":"Point","coordinates":[23.5917,38.096354]},"properties":{"line":"881","mode":"bus","color":"#0059a9","colorDark":"#00294f","band":4,"off":[0,1.1]}},{"type":"Feature","geometry":{"type":"Point","coordinates":[23.597971,38.004483]},"properties":{"name":"Ναυπηγεία Σκαραμαγκά","band":4,"modes":"bus","arr":["890"],"off":[0,-0.8]}},{"type":"Feature","geometry":{"type":"Point","coordinates":[23.597971,38.004483]},"properties":{"line":"890","mode":"bus","color":"#0059a9","colorDark":"#00294f","band":4,"off":[0,1.1]}},{"type":"Feature","geometry":{"type":"Point","coordinates":[23.725144,38.0452]},"properties":{"name":"Τέρμα 892 Ίλιον","band":4,"modes":"bus","arr":["892"],"off":[0,-0.8]}},{"type":"Feature","geometry":{"type":"Point","coordinates":[23.725144,38.0452]},"properties":{"line":"892","mode":"bus","color":"#0059a9","colorDark":"#00294f","band":4,"off":[0,1.1]}},{"type":"Feature","geometry":{"type":"Point","coordinates":[23.666324,37.969445]},"properties":{"name":"Αμαξοστάσιο Τέρμα 909","band":4,"modes":"bus","arr":["909"],"off":[0,-0.8]}},{"type":"Feature","geometry":{"type":"Point","coordinates":[23.666324,37.969445]},"properties":{"line":"909","mode":"bus","color":"#0059a9","colorDark":"#00294f","band":4,"off":[0,1.1]}},{"type":"Feature","geometry":{"type":"Point","coordinates":[23.642829,37.930118]},"properties":{"name":"Αγ. Βασίλειος","band":4,"modes":"bus","arr":["909"],"off":[0,-0.8]}},{"type":"Feature","geometry":{"type":"Point","coordinates":[23.642829,37.930118]},"properties":{"line":"909","mode":"bus","color":"#0059a9","colorDark":"#00294f","band":4,"off":[0,1.1]}},{"type":"Feature","geometry":{"type":"Point","coordinates":[23.726197,37.964055]},"properties":{"name":"Στ. Συγγρού Φιξ","band":4,"modes":"bus","arr":["910","Β2"],"off":[0,-0.8]}},{"type":"Feature","geometry":{"type":"Point","coordinates":[23.726197,37.964055]},"properties":{"line":"910","mode":"bus","color":"#0059a9","colorDark":"#00294f","band":4,"off":[-1.7,1.1]}},{"type":"Feature","geometry":{"type":"Point","coordinates":[23.726197,37.964055]},"properties":{"line":"Β2","mode":"bus","color":"#0059a9","colorDark":"#00294f","band":4,"off":[1.7,1.1]}},{"type":"Feature","geometry":{"type":"Point","coordinates":[23.667263,37.941456]},"properties":{"name":"Κεπα","band":4,"modes":"bus","arr":["912"],"off":[0,-0.8]}},{"type":"Feature","geometry":{"type":"Point","coordinates":[23.667263,37.941456]},"properties":{"line":"912","mode":"bus","color":"#0059a9","colorDark":"#00294f","band":4,"off":[0,1.1]}},{"type":"Feature","geometry":{"type":"Point","coordinates":[23.644837,37.959811]},"properties":{"name":"Λόφος Βώκου - Παναγία Οδηγήτρια","band":4,"modes":"bus","arr":["915"],"off":[0,-0.8]}},{"type":"Feature","geometry":{"type":"Point","coordinates":[23.644837,37.959811]},"properties":{"line":"915","mode":"bus","color":"#0059a9","colorDark":"#00294f","band":4,"off":[0,1.1]}},{"type":"Feature","geometry":{"type":"Point","coordinates":[23.7377,38.104067]},"properties":{"name":"A10-Β10 Μεσονυχι","band":4,"modes":"bus","arr":["Α10","Β10"],"off":[0,-0.8]}},{"type":"Feature","geometry":{"type":"Point","coordinates":[23.7377,38.104067]},"properties":{"line":"Α10","mode":"bus","color":"#0059a9","colorDark":"#00294f","band":4,"off":[-1.7,1.1]}},{"type":"Feature","geometry":{"type":"Point","coordinates":[23.7377,38.104067]},"properties":{"line":"Β10","mode":"bus","color":"#0059a9","colorDark":"#00294f","band":4,"off":[1.7,1.1]}},{"type":"Feature","geometry":{"type":"Point","coordinates":[23.721395,37.992442]},"properties":{"name":"Στ. Λαρίσης","band":4,"modes":"bus","arr":["Α10","Α15","Β10","Β15","Β5"],"off":[0,-0.8]}},{"type":"Feature","geometry":{"type":"Point","coordinates":[23.721395,37.992442]},"properties":{"line":"Α10","mode":"bus","color":"#0059a9","colorDark":"#00294f","band":4,"off":[-6.8,1.1]}},{"type":"Feature","geometry":{"type":"Point","coordinates":[23.721395,37.992442]},"properties":{"line":"Α15","mode":"bus","color":"#0059a9","colorDark":"#00294f","band":4,"off":[-3.4,1.1]}},{"type":"Feature","geometry":{"type":"Point","coordinates":[23.721395,37.992442]},"properties":{"line":"Β10","mode":"bus","color":"#0059a9","colorDark":"#00294f","band":4,"off":[0,1.1]}},{"type":"Feature","geometry":{"type":"Point","coordinates":[23.721395,37.992442]},"properties":{"line":"Β15","mode":"bus","color":"#0059a9","colorDark":"#00294f","band":4,"off":[3.4,1.1]}},{"type":"Feature","geometry":{"type":"Point","coordinates":[23.721395,37.992442]},"properties":{"line":"Β5","mode":"bus","color":"#0059a9","colorDark":"#00294f","band":4,"off":[6.8,1.1]}},{"type":"Feature","geometry":{"type":"Point","coordinates":[23.728133,37.986212]},"properties":{"name":"Χαλκοκονδύλη","band":4,"modes":"bus","arr":["Α11","Β11","Β9"],"off":[0,-0.8]}},{"type":"Feature","geometry":{"type":"Point","coordinates":[23.728133,37.986212]},"properties":{"line":"Α11","mode":"bus","color":"#0059a9","colorDark":"#00294f","band":4,"off":[-3.4,1.1]}},{"type":"Feature","geometry":{"type":"Point","coordinates":[23.728133,37.986212]},"properties":{"line":"Β11","mode":"bus","color":"#0059a9","colorDark":"#00294f","band":4,"off":[0,1.1]}},{"type":"Feature","geometry":{"type":"Point","coordinates":[23.728133,37.986212]},"properties":{"line":"Β9","mode":"bus","color":"#0059a9","colorDark":"#00294f","band":4,"off":[3.4,1.1]}},{"type":"Feature","geometry":{"type":"Point","coordinates":[23.724138,37.983633]},"properties":{"name":"Ομόνοια Ζήνωνος","band":4,"modes":"bus","arr":["Α13"],"off":[0,-0.8]}},{"type":"Feature","geometry":{"type":"Point","coordinates":[23.724138,37.983633]},"properties":{"line":"Α13","mode":"bus","color":"#0059a9","colorDark":"#00294f","band":4,"off":[0,1.1]}},{"type":"Feature","geometry":{"type":"Point","coordinates":[23.733561,37.981067]},"properties":{"name":"Αφετηρία - Ρήγα Φεραίου","band":4,"modes":"bus","arr":["Α2","Α3"],"off":[0,-0.8]}},{"type":"Feature","geometry":{"type":"Point","coordinates":[23.733561,37.981067]},"properties":{"line":"Α2","mode":"bus","color":"#0059a9","colorDark":"#00294f","band":4,"off":[-1.7,1.1]}},{"type":"Feature","geometry":{"type":"Point","coordinates":[23.733561,37.981067]},"properties":{"line":"Α3","mode":"bus","color":"#0059a9","colorDark":"#00294f","band":4,"off":[1.7,1.1]}},{"type":"Feature","geometry":{"type":"Point","coordinates":[23.870173,38.011422]},"properties":{"name":"Ανθούσα","band":4,"modes":"bus","arr":["Α5"],"off":[0,-0.8]}},{"type":"Feature","geometry":{"type":"Point","coordinates":[23.870173,38.011422]},"properties":{"line":"Α5","mode":"bus","color":"#0059a9","colorDark":"#00294f","band":4,"off":[0,1.1]}},{"type":"Feature","geometry":{"type":"Point","coordinates":[23.729279,37.987692]},"properties":{"name":"Στουρνάρη","band":4,"modes":"bus","arr":["Α7"],"off":[0,-0.8]}},{"type":"Feature","geometry":{"type":"Point","coordinates":[23.729279,37.987692]},"properties":{"line":"Α7","mode":"bus","color":"#0059a9","colorDark":"#00294f","band":4,"off":[0,1.1]}},{"type":"Feature","geometry":{"type":"Point","coordinates":[23.730062,37.989129]},"properties":{"name":"Πολυτεχνείο","band":4,"modes":"bus","arr":["Α8"],"off":[0,-0.8]}},{"type":"Feature","geometry":{"type":"Point","coordinates":[23.730062,37.989129]},"properties":{"line":"Α8","mode":"bus","color":"#0059a9","colorDark":"#00294f","band":4,"off":[0,1.1]}},{"type":"Feature","geometry":{"type":"Point","coordinates":[23.689534,38.103133]},"properties":{"name":"Α. Λιόσια (Πανόραμα)","band":4,"modes":"bus","arr":["Β12"],"off":[0,-0.8]}},{"type":"Feature","geometry":{"type":"Point","coordinates":[23.689534,38.103133]},"properties":{"line":"Β12","mode":"bus","color":"#0059a9","colorDark":"#00294f","band":4,"off":[0,1.1]}},{"type":"Feature","geometry":{"type":"Point","coordinates":[23.669987,38.014287]},"properties":{"name":"Παλατάκι","band":4,"modes":"bus","arr":["Β15"],"off":[0,-0.8]}},{"type":"Feature","geometry":{"type":"Point","coordinates":[23.669987,38.014287]},"properties":{"line":"Β15","mode":"bus","color":"#0059a9","colorDark":"#00294f","band":4,"off":[0,1.1]}},{"type":"Feature","geometry":{"type":"Point","coordinates":[23.82054,38.01168]},"properties":{"name":"Αγ. Παρασκευή","band":4,"modes":"bus","arr":["Β5"],"off":[0,-0.8]}},{"type":"Feature","geometry":{"type":"Point","coordinates":[23.82054,38.01168]},"properties":{"line":"Β5","mode":"bus","color":"#0059a9","colorDark":"#00294f","band":4,"off":[0,1.1]}},{"type":"Feature","geometry":{"type":"Point","coordinates":[23.793285,38.093954]},"properties":{"name":"Ν. Κηφισιά","band":4,"modes":"bus","arr":["Β9"],"off":[0,-0.8]}},{"type":"Feature","geometry":{"type":"Point","coordinates":[23.793285,38.093954]},"properties":{"line":"Β9","mode":"bus","color":"#0059a9","colorDark":"#00294f","band":4,"off":[0,1.1]}},{"type":"Feature","geometry":{"type":"Point","coordinates":[23.788565,38.045585]},"properties":{"name":"Υπουργείο Παιδείας","band":4,"modes":"bus","arr":["Ε14"],"off":[0,-0.8]}},{"type":"Feature","geometry":{"type":"Point","coordinates":[23.788565,38.045585]},"properties":{"line":"Ε14","mode":"bus","color":"#0059a9","colorDark":"#00294f","band":4,"off":[0,1.1]}},{"type":"Feature","geometry":{"type":"Point","coordinates":[23.77476,37.969277]},"properties":{"name":"Πανεπιστημιούπολη","band":4,"modes":"bus","arr":["Ε90"],"off":[0,-0.8]}},{"type":"Feature","geometry":{"type":"Point","coordinates":[23.77476,37.969277]},"properties":{"line":"Ε90","mode":"bus","color":"#0059a9","colorDark":"#00294f","band":4,"off":[0,1.1]}},{"type":"Feature","geometry":{"type":"Point","coordinates":[23.745997,37.975411]},"properties":{"name":"Ευαγγελισμός","band":4,"modes":"bus","arr":["Χ21"],"off":[0,-0.8]}},{"type":"Feature","geometry":{"type":"Point","coordinates":[23.745997,37.975411]},"properties":{"line":"Χ21","mode":"bus","color":"#0059a9","colorDark":"#00294f","band":4,"off":[0,1.1]}},{"type":"Feature","geometry":{"type":"Point","coordinates":[23.784911,37.998683]},"properties":{"name":"Εθν.Άμυνα","band":4,"modes":"bus","arr":["Χ21"],"off":[0,-0.8]}},{"type":"Feature","geometry":{"type":"Point","coordinates":[23.784911,37.998683]},"properties":{"line":"Χ21","mode":"bus","color":"#0059a9","colorDark":"#00294f","band":4,"off":[0,1.1]}},{"type":"Feature","geometry":{"type":"Point","coordinates":[23.946641,37.936769]},"properties":{"name":"Κτίριο Αναχωρησεων","band":4,"modes":"bus","arr":["Χ93","Χ95","Χ96","Χ97"],"off":[0,-0.8]}},{"type":"Feature","geometry":{"type":"Point","coordinates":[23.946641,37.936769]},"properties":{"line":"Χ93","mode":"bus","color":"#0059a9","colorDark":"#00294f","band":4,"off":[-5.1,1.1]}},{"type":"Feature","geometry":{"type":"Point","coordinates":[23.946641,37.936769]},"properties":{"line":"Χ95","mode":"bus","color":"#0059a9","colorDark":"#00294f","band":4,"off":[-1.7,1.1]}},{"type":"Feature","geometry":{"type":"Point","coordinates":[23.946641,37.936769]},"properties":{"line":"Χ96","mode":"bus","color":"#0059a9","colorDark":"#00294f","band":4,"off":[1.7,1.1]}},{"type":"Feature","geometry":{"type":"Point","coordinates":[23.946641,37.936769]},"properties":{"line":"Χ97","mode":"bus","color":"#0059a9","colorDark":"#00294f","band":4,"off":[5.1,1.1]}},{"type":"Feature","geometry":{"type":"Point","coordinates":[23.642287,37.948077]},"properties":{"name":"Πειραιάς","band":4,"modes":"metro","arr":["M1"],"off":[0,-0.8]}},{"type":"Feature","geometry":{"type":"Point","coordinates":[23.642287,37.948077]},"properties":{"line":"M1","mode":"tram","color":"#009550","colorDark":"#00512b","band":4,"off":[0,1.1]}},{"type":"Feature","geometry":{"type":"Point","coordinates":[23.808195,38.073676]},"properties":{"name":"Κηφισιά","band":4,"modes":"metro","arr":["M1"],"off":[0,-0.8]}},{"type":"Feature","geometry":{"type":"Point","coordinates":[23.808195,38.073676]},"properties":{"line":"M1","mode":"tram","color":"#009550","colorDark":"#00512b","band":4,"off":[0,1.1]}},{"type":"Feature","geometry":{"type":"Point","coordinates":[23.690607,38.017394]},"properties":{"name":"Ανθούπολη","band":4,"modes":"metro","arr":["M2"],"off":[0,-0.8]}},{"type":"Feature","geometry":{"type":"Point","coordinates":[23.690607,38.017394]},"properties":{"line":"M2","mode":"tram","color":"#e30613","colorDark":"#7c060e","band":4,"off":[0,1.1]}},{"type":"Feature","geometry":{"type":"Point","coordinates":[23.74721,37.892437]},"properties":{"name":"Ελληνικό","band":4,"modes":"metro","arr":["M2"],"off":[0,-0.8]}},{"type":"Feature","geometry":{"type":"Point","coordinates":[23.74721,37.892437]},"properties":{"line":"M2","mode":"tram","color":"#e30613","colorDark":"#7c060e","band":4,"off":[0,1.1]}},{"type":"Feature","geometry":{"type":"Point","coordinates":[23.647562,37.942893]},"properties":{"name":"Δημοτικό Θέατρο","band":4,"modes":"metro","arr":["M3"],"off":[0,-0.8]}},{"type":"Feature","geometry":{"type":"Point","coordinates":[23.647562,37.942893]},"properties":{"line":"M3","mode":"tram","color":"#1e9cd7","colorDark":"#0d567a","band":4,"off":[0,1.1]}},{"type":"Feature","geometry":{"type":"Point","coordinates":[23.94462,37.936947]},"properties":{"name":"Ελ. Βενιζέλος","band":4,"modes":"metro","arr":["M3"],"off":[0,-0.8]}},{"type":"Feature","geometry":{"type":"Point","coordinates":[23.94462,37.936947]},"properties":{"line":"M3","mode":"tram","color":"#1e9cd7","colorDark":"#0d567a","band":4,"off":[0,1.1]}},{"type":"Feature","geometry":{"type":"Point","coordinates":[23.705444,37.915868]},"properties":{"name":"Πικροδάφνη","band":4,"modes":"tram","arr":["T6"],"off":[0,-0.8]}},{"type":"Feature","geometry":{"type":"Point","coordinates":[23.705444,37.915868]},"properties":{"line":"T6","mode":"tram","color":"#d6212b","colorDark":"#7c1116","band":4,"off":[0,1.1]}},{"type":"Feature","geometry":{"type":"Point","coordinates":[23.735338,37.974435]},"properties":{"name":"Σύνταγμα (Κέντρο)","band":4,"modes":"tram","arr":["T6"],"off":[0,-0.8]}},{"type":"Feature","geometry":{"type":"Point","coordinates":[23.735338,37.974435]},"properties":{"line":"T6","mode":"tram","color":"#d6212b","colorDark":"#7c1116","band":4,"off":[0,1.1]}},{"type":"Feature","geometry":{"type":"Point","coordinates":[23.752686,37.849327]},"properties":{"name":"Βούλα","band":4,"modes":"tram","arr":["T7"],"off":[0,-0.8]}},{"type":"Feature","geometry":{"type":"Point","coordinates":[23.752686,37.849327]},"properties":{"line":"T7","mode":"tram","color":"#d6212b","colorDark":"#7c1116","band":4,"off":[0,1.1]}},{"type":"Feature","geometry":{"type":"Point","coordinates":[23.642968,37.944942]},"properties":{"name":"Ακτή Ποσειδώνος","band":4,"modes":"tram","arr":["T7"],"off":[0,-0.8]}},{"type":"Feature","geometry":{"type":"Point","coordinates":[23.642968,37.944942]},"properties":{"line":"T7","mode":"tram","color":"#d6212b","colorDark":"#7c1116","band":4,"off":[0,1.1]}}]}