{"type":"FeatureCollection","features":[{"type":"Feature","geometry":{"type":"Point","coordinates":[23.684492,37.945756]},"properties":{"lines":"1, 5","color":"#149a3f","mode":"bus","arr":["1","5"],"angle":-69.3}},{"type":"Feature","geometry":{"type":"Point","coordinates":[23.688342,37.94714]},"properties":{"lines":"1","color":"#149a3f","mode":"bus","arr":["1"],"angle":-44.4}},{"type":"Feature","geometry":{"type":"Point","coordinates":[23.71127,37.961926]},"properties":{"lines":"1","color":"#149a3f","mode":"bus","arr":["1"],"angle":-16.5}},{"type":"Feature","geometry":{"type":"Point","coordinates":[23.696937,37.952529]},"properties":{"lines":"1, 911, 911Α","color":"#0059a9","mode":"bus","arr":["1","911","911Α"],"angle":-29.7}},{"type":"Feature","geometry":{"type":"Point","coordinates":[23.693849,37.951214]},"properties":{"lines":"1, 911, 911Α","color":"#0059a9","mode":"bus","arr":["1","911","911Α"],"angle":-37.9,"extra":1}},{"type":"Feature","geometry":{"type":"Point","coordinates":[23.705064,37.957927]},"properties":{"lines":"1, 500","color":"#0059a9","mode":"bus","arr":["1","500"],"angle":-39}},{"type":"Feature","geometry":{"type":"Point","coordinates":[23.717576,37.961794]},"properties":{"lines":"1, 910","color":"#0059a9","mode":"bus","arr":["1","910"],"angle":18.2}},{"type":"Feature","geometry":{"type":"Point","coordinates":[23.721519,37.962801]},"properties":{"lines":"1, 15, 910","color":"#0059a9","mode":"bus","arr":["1","15","910"],"angle":-37.7}},{"type":"Feature","geometry":{"type":"Point","coordinates":[23.726065,37.965536]},"properties":{"lines":"1, 15","color":"#149a3f","mode":"bus","arr":["1","15"],"angle":-37.6}},{"type":"Feature","geometry":{"type":"Point","coordinates":[23.729531,37.96663]},"properties":{"lines":"1, 15, Ε90","color":"#0059a9","mode":"bus","arr":["1","15","Ε90"],"angle":-45}},{"type":"Feature","geometry":{"type":"Point","coordinates":[23.730885,37.967716]},"properties":{"lines":"1, 4, 15, 209, Ε90","color":"#0059a9","mode":"bus","arr":["1","4","15","209","Ε90"],"angle":-45.2}},{"type":"Feature","geometry":{"type":"Point","coordinates":[23.732329,37.970407]},"properties":{"lines":"1, 4, 15, 209, 790, 856, Α3","color":"#0059a9","mode":"bus","arr":["1","4","15","209","790","856","Α3"],"angle":-25}},{"type":"Feature","geometry":{"type":"Point","coordinates":[23.734463,37.972512]},"properties":{"lines":"1, 4, 12, 15, 209, 790, 856, Α3","color":"#0059a9","mode":"bus","arr":["1","4","12","15","209","790","856","Α3"],"angle":-54.8}},{"type":"Feature","geometry":{"type":"Point","coordinates":[23.735425,37.974118]},"properties":{"lines":"1, 4, 15, 209, 790, 856, Α3, Ε14, Χ14","color":"#0059a9","mode":"bus","arr":["1","4","15","209","790","856","Α3","Ε14","Χ14"],"angle":-81.1}},{"type":"Feature","geometry":{"type":"Point","coordinates":[23.735673,37.975343]},"properties":{"lines":"1, 4, 15, 209, 790, 856, Α3, Ε14, Χ14, Χ95","color":"#0059a9","mode":"bus","arr":["1","4","15","209","790","856","Α3","Ε14","Χ14","Χ95"],"angle":-81}},{"type":"Feature","geometry":{"type":"Point","coordinates":[23.735507,37.977347]},"properties":{"lines":"1, 3, 4, 15, 060, 203, 204, 204Β, 211, 214, 220, 221 +5","color":"#0059a9","mode":"bus","arr":["1","3","4","15","060","203","204","204Β","211","214","220","221","235","790","815","856","Α3"],"angle":55.8}},{"type":"Feature","geometry":{"type":"Point","coordinates":[23.734347,37.978715]},"properties":{"lines":"1, 3, 4, 15, 025, 060, 203, 204, 204Β, 211, 214, 220 +6","color":"#0059a9","mode":"bus","arr":["1","3","4","15","025","060","203","204","204Β","211","214","220","221","235","790","815","856","Α3"],"angle":56.2}},{"type":"Feature","geometry":{"type":"Point","coordinates":[23.733364,37.979853]},"properties":{"lines":"1, 3, 4, 15, 022, 025, 060, 203, 204, 204Β, 211, 214 +8","color":"#0059a9","mode":"bus","arr":["1","3","4","15","022","025","060","203","204","204Β","211","214","220","221","235","732","790","815","856","Α3"],"angle":55.1}},{"type":"Feature","geometry":{"type":"Point","coordinates":[23.7326,37.98074]},"properties":{"lines":"1, 3, 4, 15, 022, 732, 790, 815, 856","color":"#0059a9","mode":"bus","arr":["1","3","4","15","022","732","790","815","856"],"angle":56.2}},{"type":"Feature","geometry":{"type":"Point","coordinates":[23.731813,37.981667]},"properties":{"lines":"1, 3, 4, 6, 15, 022, 732, 790, 813, 815, 856","color":"#0059a9","mode":"bus","arr":["1","3","4","6","15","022","732","790","813","815","856"],"angle":56.2}},{"type":"Feature","geometry":{"type":"Point","coordinates":[23.730494,37.98322]},"properties":{"lines":"1, 3, 4, 6, 15, 022, 057, 732, 790, 813, 815, 856","color":"#0059a9","mode":"bus","arr":["1","3","4","6","15","022","057","732","790","813","815","856"],"angle":56.1}},{"type":"Feature","geometry":{"type":"Point","coordinates":[23.728685,37.984021]},"properties":{"lines":"1, 6, 21, 022, 035, 054, 057, 500, 732, 790, 813, 815, 856","color":"#0059a9","mode":"bus","arr":["1","6","21","022","035","054","057","500","732","790","813","815","856"],"angle":32.2}},{"type":"Feature","geometry":{"type":"Point","coordinates":[23.727551,37.984225]},"properties":{"lines":"1, 21, 057, 790, 813, 815, 856","color":"#0059a9","mode":"bus","arr":["1","21","057","790","813","815","856"],"angle":-11.7}},{"type":"Feature","geometry":{"type":"Point","coordinates":[23.724215,37.984761]},"properties":{"lines":"1, 051, 057, 790","color":"#0059a9","mode":"bus","arr":["1","051","057","790"],"angle":11.9}},{"type":"Feature","geometry":{"type":"Point","coordinates":[23.72098,37.98665]},"properties":{"lines":"1, 051, 057, 790, Β15","color":"#0059a9","mode":"bus","arr":["1","051","057","790","Β15"],"angle":60.4}},{"type":"Feature","geometry":{"type":"Point","coordinates":[23.720374,37.990039]},"properties":{"lines":"1, 790, Β15","color":"#0059a9","mode":"bus","arr":["1","790","Β15"],"angle":-79.7}},{"type":"Feature","geometry":{"type":"Point","coordinates":[23.72127,37.992675]},"properties":{"lines":"1, 719, 790","color":"#0059a9","mode":"bus","arr":["1","719","790"],"angle":75.9}},{"type":"Feature","geometry":{"type":"Point","coordinates":[23.721743,37.995168]},"properties":{"lines":"1, 719, 790","color":"#0059a9","mode":"bus","arr":["1","719","790"],"angle":-59.8}},{"type":"Feature","geometry":{"type":"Point","coordinates":[23.721285,37.993804]},"properties":{"lines":"1, 719, 790, Α10, Β10","color":"#0059a9","mode":"bus","arr":["1","719","790","Α10","Β10"],"angle":-81.9}},{"type":"Feature","geometry":{"type":"Point","coordinates":[23.723074,37.995867]},"properties":{"lines":"1, 711, 720, Β12","color":"#0059a9","mode":"bus","arr":["1","711","720","Β12"],"angle":-86}},{"type":"Feature","geometry":{"type":"Point","coordinates":[23.748938,38.006556]},"properties":{"lines":"4","color":"#149a3f","mode":"bus","arr":["4"],"angle":-28.8}},{"type":"Feature","geometry":{"type":"Point","coordinates":[23.736534,37.956811]},"properties":{"lines":"4","color":"#149a3f","mode":"bus","arr":["4"],"angle":-5.7}},{"type":"Feature","geometry":{"type":"Point","coordinates":[23.746723,37.963394]},"properties":{"lines":"4","color":"#149a3f","mode":"bus","arr":["4"],"angle":-35.5}},{"type":"Feature","geometry":{"type":"Point","coordinates":[23.746272,37.965929]},"properties":{"lines":"4","color":"#149a3f","mode":"bus","arr":["4"],"angle":28.3}},{"type":"Feature","geometry":{"type":"Point","coordinates":[23.749488,38.006108]},"properties":{"lines":"2, 4, 035","color":"#0059a9","mode":"bus","arr":["2","4","035"],"angle":-74.4}},{"type":"Feature","geometry":{"type":"Point","coordinates":[23.748461,38.005455]},"properties":{"lines":"2","color":"#149a3f","mode":"bus","arr":["2"],"angle":56.7}},{"type":"Feature","geometry":{"type":"Point","coordinates":[23.744402,38.005167]},"properties":{"lines":"2","color":"#149a3f","mode":"bus","arr":["2"],"angle":-37.8}},{"type":"Feature","geometry":{"type":"Point","coordinates":[23.749148,37.967564]},"properties":{"lines":"2","color":"#149a3f","mode":"bus","arr":["2"],"angle":8.4}},{"type":"Feature","geometry":{"type":"Point","coordinates":[23.749451,37.967205]},"properties":{"lines":"2","color":"#149a3f","mode":"bus","arr":["2"],"angle":-36.9}},{"type":"Feature","geometry":{"type":"Point","coordinates":[23.749915,37.96523]},"properties":{"lines":"2","color":"#149a3f","mode":"bus","arr":["2"],"angle":-36.2}},{"type":"Feature","geometry":{"type":"Point","coordinates":[23.741016,38.002693]},"properties":{"lines":"2, 022, 036, 622","color":"#0059a9","mode":"bus","arr":["2","022","036","622"],"angle":63.9}},{"type":"Feature","geometry":{"type":"Point","coordinates":[23.732695,37.995526]},"properties":{"lines":"2, 022, 622","color":"#0059a9","mode":"bus","arr":["2","022","622"],"angle":11}},{"type":"Feature","geometry":{"type":"Point","coordinates":[23.738149,37.998523]},"properties":{"lines":"2, 4, 022, 035, 622","color":"#0059a9","mode":"bus","arr":["2","4","022","035","622"],"angle":-61.5}},{"type":"Feature","geometry":{"type":"Point","coordinates":[23.735658,37.996557]},"properties":{"lines":"2, 4, 022, 035, 622","color":"#0059a9","mode":"bus","arr":["2","4","022","035","622"],"angle":-41.5,"extra":1}},{"type":"Feature","geometry":{"type":"Point","coordinates":[23.731738,37.993709]},"properties":{"lines":"2, 5, 11, 14, 022, 054, 608, 622","color":"#0059a9","mode":"bus","arr":["2","5","11","14","022","054","608","622"],"angle":-79.1}},{"type":"Feature","geometry":{"type":"Point","coordinates":[23.731009,37.990832]},"properties":{"lines":"2, 5, 11, 022, 054, 19Β, 608, 622, Α7","color":"#0059a9","mode":"bus","arr":["2","5","11","022","054","19Β","608","622","Α7"],"angle":-79}},{"type":"Feature","geometry":{"type":"Point","coordinates":[23.730402,37.988375]},"properties":{"lines":"2, 4, 5, 6, 11, 022, 054, 608, 622, Α7, Γ12","color":"#0059a9","mode":"bus","arr":["2","4","5","6","11","022","054","608","622","Α7","Γ12"],"angle":-79}},{"type":"Feature","geometry":{"type":"Point","coordinates":[23.730058,37.986751]},"properties":{"lines":"2, 3, 4, 5, 6, 11, 15, 022, 054, 608, 622","color":"#0059a9","mode":"bus","arr":["2","3","4","5","6","11","15","022","054","608","622"],"angle":-79.8}},{"type":"Feature","geometry":{"type":"Point","coordinates":[23.72963,37.984937]},"properties":{"lines":"2, 3, 4, 5, 11, 15, 054","color":"#0059a9","mode":"bus","arr":["2","3","4","5","11","15","054"],"angle":-79.2}},{"type":"Feature","geometry":{"type":"Point","coordinates":[23.729287,37.98341]},"properties":{"lines":"2, 5, 11, 21","color":"#149a3f","mode":"bus","arr":["2","5","11","21"],"angle":-78.3}},{"type":"Feature","geometry":{"type":"Point","coordinates":[23.729679,37.982283]},"properties":{"lines":"2, 5, 11, 12, 025, 057, 227, 400","color":"#0059a9","mode":"bus","arr":["2","5","11","12","025","057","227","400"],"angle":56.3}},{"type":"Feature","geometry":{"type":"Point","coordinates":[23.73173,37.97988]},"properties":{"lines":"2, 5, 11, 12, 025, 227, 400","color":"#0059a9","mode":"bus","arr":["2","5","11","12","025","227","400"],"angle":56.6}},{"type":"Feature","geometry":{"type":"Point","coordinates":[23.733477,37.977791]},"properties":{"lines":"2, 5, 11, 12, 025, 026, 227, 400","color":"#0059a9","mode":"bus","arr":["2","5","11","12","025","026","227","400"],"angle":55.5}},{"type":"Feature","geometry":{"type":"Point","coordinates":[23.734248,37.976884]},"properties":{"lines":"2, 5, 11, 12, 026, 227, 400","color":"#0059a9","mode":"bus","arr":["2","5","11","12","026","227","400"],"angle":56.4}},{"type":"Feature","geometry":{"type":"Point","coordinates":[23.733997,37.975668]},"properties":{"lines":"2, 5, 11, 12, 026, 209, 227, 400","color":"#0059a9","mode":"bus","arr":["2","5","11","12","026","209","227","400"],"angle":-79.8}},{"type":"Feature","geometry":{"type":"Point","coordinates":[23.73374,37.97324]},"properties":{"lines":"2, 5, 11, 12, 040, 209, 227","color":"#0059a9","mode":"bus","arr":["2","5","11","12","040","209","227"],"angle":-80.8}},{"type":"Feature","geometry":{"type":"Point","coordinates":[23.732049,37.970462]},"properties":{"lines":"2, 5, 11, 040, 209, 227, 230, Α2","color":"#0059a9","mode":"bus","arr":["2","5","11","040","209","227","230","Α2"],"angle":-28.8}},{"type":"Feature","geometry":{"type":"Point","coordinates":[23.732667,37.967799]},"properties":{"lines":"2, 11, 209, 227, Ε90","color":"#0059a9","mode":"bus","arr":["2","11","209","227","Ε90"],"angle":23.2}},{"type":"Feature","geometry":{"type":"Point","coordinates":[23.737769,37.968442]},"properties":{"lines":"2, 11, 209, 550, Ε90","color":"#0059a9","mode":"bus","arr":["2","11","209","550","Ε90"],"angle":-47.9}},{"type":"Feature","geometry":{"type":"Point","coordinates":[23.741378,37.970708]},"properties":{"lines":"2, 11, 209, 550, Ε90","color":"#0059a9","mode":"bus","arr":["2","11","209","550","Ε90"],"angle":-39.6,"extra":1}},{"type":"Feature","geometry":{"type":"Point","coordinates":[23.742761,37.969507]},"properties":{"lines":"2, 4, 11, 209","color":"#0059a9","mode":"bus","arr":["2","4","11","209"],"angle":52.5}},{"type":"Feature","geometry":{"type":"Point","coordinates":[23.745713,37.96793]},"properties":{"lines":"2, 11","color":"#149a3f","mode":"bus","arr":["2","11"],"angle":7.2}},{"type":"Feature","geometry":{"type":"Point","coordinates":[23.747702,37.967726]},"properties":{"lines":"2, 203, 204, 204Β, 211","color":"#0059a9","mode":"bus","arr":["2","203","204","204Β","211"],"angle":7.9}},{"type":"Feature","geometry":{"type":"Point","coordinates":[23.748614,37.966735]},"properties":{"lines":"2, 209","color":"#0059a9","mode":"bus","arr":["2","209"],"angle":-35.6}},{"type":"Feature","geometry":{"type":"Point","coordinates":[23.748813,37.965725]},"properties":{"lines":"2, 11, 203, 204, 204Β, 211","color":"#0059a9","mode":"bus","arr":["2","11","203","204","204Β","211"],"angle":55.4}},{"type":"Feature","geometry":{"type":"Point","coordinates":[23.7489,37.964646]},"properties":{"lines":"209","color":"#0059a9","mode":"bus","arr":["209"],"angle":-36.2}},{"type":"Feature","geometry":{"type":"Point","coordinates":[23.747197,37.965934]},"properties":{"lines":"209","color":"#0059a9","mode":"bus","arr":["209"],"angle":-35.6}},{"type":"Feature","geometry":{"type":"Point","coordinates":[23.744605,37.964473]},"properties":{"lines":"209","color":"#0059a9","mode":"bus","arr":["209"],"angle":-12.2}},{"type":"Feature","geometry":{"type":"Point","coordinates":[23.743679,37.966946]},"properties":{"lines":"209","color":"#0059a9","mode":"bus","arr":["209"],"angle":-82.5}},{"type":"Feature","geometry":{"type":"Point","coordinates":[23.736559,37.968194]},"properties":{"lines":"209","color":"#0059a9","mode":"bus","arr":["209"],"angle":-18.7}},{"type":"Feature","geometry":{"type":"Point","coordinates":[23.735022,37.976115]},"properties":{"lines":"209","color":"#0059a9","mode":"bus","arr":["209"],"angle":9.5}},{"type":"Feature","geometry":{"type":"Point","coordinates":[23.742283,37.967196]},"properties":{"lines":"209","color":"#0059a9","mode":"bus","arr":["209"],"angle":-37.1}},{"type":"Feature","geometry":{"type":"Point","coordinates":[23.746182,37.965556]},"properties":{"lines":"209","color":"#0059a9","mode":"bus","arr":["209"],"angle":41.1}},{"type":"Feature","geometry":{"type":"Point","coordinates":[23.752246,37.966573]},"properties":{"lines":"2, 140","color":"#0059a9","mode":"bus","arr":["2","140"],"angle":-36.2}},{"type":"Feature","geometry":{"type":"Point","coordinates":[23.754742,37.968279]},"properties":{"lines":"2, 140, 214","color":"#0059a9","mode":"bus","arr":["2","140","214"],"angle":-76.3}},{"type":"Feature","geometry":{"type":"Point","coordinates":[23.753886,37.969736]},"properties":{"lines":"2, 140, 214","color":"#0059a9","mode":"bus","arr":["2","140","214"],"angle":-35.6}},{"type":"Feature","geometry":{"type":"Point","coordinates":[23.754146,37.969249]},"properties":{"lines":"2, 140, 214, 224","color":"#0059a9","mode":"bus","arr":["2","140","214","224"],"angle":14.9}},{"type":"Feature","geometry":{"type":"Point","coordinates":[23.756121,37.970962]},"properties":{"lines":"140","color":"#0059a9","mode":"bus","arr":["140"],"angle":-33.4}},{"type":"Feature","geometry":{"type":"Point","coordinates":[23.740027,37.906618]},"properties":{"lines":"140","color":"#0059a9","mode":"bus","arr":["140"],"angle":5.3}},{"type":"Feature","geometry":{"type":"Point","coordinates":[23.744213,37.906155]},"properties":{"lines":"140","color":"#0059a9","mode":"bus","arr":["140"],"angle":8.8,"extra":1}},{"type":"Feature","geometry":{"type":"Point","coordinates":[23.74639,37.905982]},"properties":{"lines":"140","color":"#0059a9","mode":"bus","arr":["140"],"angle":1.3}},{"type":"Feature","geometry":{"type":"Point","coordinates":[23.750733,37.919279]},"properties":{"lines":"140","color":"#0059a9","mode":"bus","arr":["140"],"angle":-87}},{"type":"Feature","geometry":{"type":"Point","coordinates":[23.749162,37.911371]},"properties":{"lines":"140","color":"#0059a9","mode":"bus","arr":["140"],"angle":-38.1,"extra":1}},{"type":"Feature","geometry":{"type":"Point","coordinates":[23.750286,37.915964]},"properties":{"lines":"140","color":"#0059a9","mode":"bus","arr":["140"],"angle":-83,"extra":1}},{"type":"Feature","geometry":{"type":"Point","coordinates":[23.751174,37.925827]},"properties":{"lines":"140","color":"#0059a9","mode":"bus","arr":["140"],"angle":-87,"extra":1}},{"type":"Feature","geometry":{"type":"Point","coordinates":[23.751222,37.938747]},"properties":{"lines":"140","color":"#0059a9","mode":"bus","arr":["140"],"angle":65.4}},{"type":"Feature","geometry":{"type":"Point","coordinates":[23.749887,37.954009]},"properties":{"lines":"140","color":"#0059a9","mode":"bus","arr":["140"],"angle":-63.8}},{"type":"Feature","geometry":{"type":"Point","coordinates":[23.762434,37.977964]},"properties":{"lines":"140","color":"#0059a9","mode":"bus","arr":["140"],"angle":-64.4}},{"type":"Feature","geometry":{"type":"Point","coordinates":[23.776004,37.979943]},"properties":{"lines":"140","color":"#0059a9","mode":"bus","arr":["140"],"angle":2.7}},{"type":"Feature","geometry":{"type":"Point","coordinates":[23.767324,37.999744]},"properties":{"lines":"140","color":"#0059a9","mode":"bus","arr":["140"],"angle":46.5}},{"type":"Feature","geometry":{"type":"Point","coordinates":[23.759732,38.000716]},"properties":{"lines":"140","color":"#0059a9","mode":"bus","arr":["140"],"angle":-39.4}},{"type":"Feature","geometry":{"type":"Point","coordinates":[23.747638,37.996248]},"properties":{"lines":"140","color":"#0059a9","mode":"bus","arr":["140"],"angle":26}},{"type":"Feature","geometry":{"type":"Point","coordinates":[23.744123,37.996452]},"properties":{"lines":"140","color":"#0059a9","mode":"bus","arr":["140"],"angle":24.8,"extra":1}},{"type":"Feature","geometry":{"type":"Point","coordinates":[23.754671,37.97084]},"properties":{"lines":"2, 214, 224","color":"#0059a9","mode":"bus","arr":["2","214","224"],"angle":-77}},{"type":"Feature","geometry":{"type":"Point","coordinates":[23.774703,38.001552]},"properties":{"lines":"3, 036, 140","color":"#0059a9","mode":"bus","arr":["3","036","140"],"angle":29.7}},{"type":"Feature","geometry":{"type":"Point","coordinates":[23.771326,38.000149]},"properties":{"lines":"3, 10, 036, 140, 19Β, 602, 610, 653, Α7","color":"#0059a9","mode":"bus","arr":["3","10","036","140","19Β","602","610","653","Α7"],"angle":-49.7}},{"type":"Feature","geometry":{"type":"Point","coordinates":[23.768031,37.995714]},"properties":{"lines":"3, 10, 036, 19Β, 602, 610, 653, Α7","color":"#0059a9","mode":"bus","arr":["3","10","036","19Β","602","610","653","Α7"],"angle":-75.6}},{"type":"Feature","geometry":{"type":"Point","coordinates":[23.768582,37.997162]},"properties":{"lines":"3, 10, 14, 036, 19Β, 602, 610, 653, Α7","color":"#0059a9","mode":"bus","arr":["3","10","14","036","19Β","602","610","653","Α7"],"angle":-68.4}},{"type":"Feature","geometry":{"type":"Point","coordinates":[23.767268,37.994078]},"properties":{"lines":"3, 10, 036, 19Β, 602, 610, 651, 653, Α7","color":"#0059a9","mode":"bus","arr":["3","10","036","19Β","602","610","651","653","Α7"],"angle":-67.9}},{"type":"Feature","geometry":{"type":"Point","coordinates":[23.766305,37.992171]},"properties":{"lines":"3, 10, 19Β, Α7, Χ21","color":"#0059a9","mode":"bus","arr":["3","10","19Β","Α7","Χ21"],"angle":-68.7}},{"type":"Feature","geometry":{"type":"Point","coordinates":[23.763819,37.988796]},"properties":{"lines":"3, 10, 19Β, 653, Α7, Χ21","color":"#0059a9","mode":"bus","arr":["3","10","19Β","653","Α7","Χ21"],"angle":-54.2}},{"type":"Feature","geometry":{"type":"Point","coordinates":[23.761026,37.986095]},"properties":{"lines":"3, 10, Χ21","color":"#0059a9","mode":"bus","arr":["3","10","Χ21"],"angle":-60.9}},{"type":"Feature","geometry":{"type":"Point","coordinates":[23.756155,37.982157]},"properties":{"lines":"3, 10","color":"#149a3f","mode":"bus","arr":["3","10"],"angle":-49.3}},{"type":"Feature","geometry":{"type":"Point","coordinates":[23.75129,37.977651]},"properties":{"lines":"3, 10, 235, 815","color":"#0059a9","mode":"bus","arr":["3","10","235","815"],"angle":-42.6}},{"type":"Feature","geometry":{"type":"Point","coordinates":[23.74943,37.976873]},"properties":{"lines":"3, 235, 815","color":"#0059a9","mode":"bus","arr":["3","235","815"],"angle":-16.3}},{"type":"Feature","geometry":{"type":"Point","coordinates":[23.747037,37.97631]},"properties":{"lines":"3, 220, 221, 224, 235, 815","color":"#0059a9","mode":"bus","arr":["3","220","221","224","235","815"],"angle":-16.8}},{"type":"Feature","geometry":{"type":"Point","coordinates":[23.743108,37.975353]},"properties":{"lines":"3, 203, 204, 204Β, 211, 214, 220, 221, 224, 235, 400, 608 +6","color":"#0059a9","mode":"bus","arr":["3","203","204","204Β","211","214","220","221","224","235","400","608","622","815","Α5","Ε14","Χ14","Χ95"],"angle":-7.8}},{"type":"Feature","geometry":{"type":"Point","coordinates":[23.739821,37.975729]},"properties":{"lines":"3, 060, 203, 204, 204Β, 211, 214, 220, 221, 224, 235, 400 +7","color":"#0059a9","mode":"bus","arr":["3","060","203","204","204Β","211","214","220","221","224","235","400","608","622","815","Α5","Ε14","Χ14","Χ95"],"angle":9.5}},{"type":"Feature","geometry":{"type":"Point","coordinates":[23.738354,37.975918]},"properties":{"lines":"3, 060, 203, 204, 204Β, 211, 214, 220, 221, 235, 400, 608 +6","color":"#0059a9","mode":"bus","arr":["3","060","203","204","204Β","211","214","220","221","235","400","608","622","815","Α5","Ε14","Χ14","Χ95"],"angle":9.6}},{"type":"Feature","geometry":{"type":"Point","coordinates":[23.736915,37.976107]},"properties":{"lines":"3, 060, 203, 204, 204Β, 211, 214, 220, 221, 230, 235, 400 +5","color":"#0059a9","mode":"bus","arr":["3","060","203","204","204Β","211","214","220","221","230","235","400","815","Α2","Ε14","Χ14","Χ95"],"angle":9.1}},{"type":"Feature","geometry":{"type":"Point","coordinates":[23.730576,37.988555]},"properties":{"lines":"3, 15, 046","color":"#0059a9","mode":"bus","arr":["3","15","046"],"angle":-78.8}},{"type":"Feature","geometry":{"type":"Point","coordinates":[23.731104,37.990615]},"properties":{"lines":"3, Α8, Β5","color":"#0059a9","mode":"bus","arr":["3","Α8","Β5"],"angle":-78.6}},{"type":"Feature","geometry":{"type":"Point","coordinates":[23.732407,37.995957]},"properties":{"lines":"3, Α8","color":"#0059a9","mode":"bus","arr":["3","Α8"],"angle":-79.1}},{"type":"Feature","geometry":{"type":"Point","coordinates":[23.733171,37.999082]},"properties":{"lines":"3, Α8","color":"#0059a9","mode":"bus","arr":["3","Α8"],"angle":-79.1,"extra":1}},{"type":"Feature","geometry":{"type":"Point","coordinates":[23.735047,38.006539]},"properties":{"lines":"3, 5, 11, 14, 054, 608, Α8","color":"#0059a9","mode":"bus","arr":["3","5","11","14","054","608","Α8"],"angle":-84.3}},{"type":"Feature","geometry":{"type":"Point","coordinates":[23.735115,38.010046]},"properties":{"lines":"3, 5, 11, 14, 054, 608, Α8","color":"#0059a9","mode":"bus","arr":["3","5","11","14","054","608","Α8"],"angle":-88.4,"extra":1}},{"type":"Feature","geometry":{"type":"Point","coordinates":[23.734005,38.002335]},"properties":{"lines":"3, 054, Α8","color":"#0059a9","mode":"bus","arr":["3","054","Α8"],"angle":-76}},{"type":"Feature","geometry":{"type":"Point","coordinates":[23.735296,38.013103]},"properties":{"lines":"3, 5, 11, 14, 608, Α8","color":"#0059a9","mode":"bus","arr":["3","5","11","14","608","Α8"],"angle":-88.1}},{"type":"Feature","geometry":{"type":"Point","coordinates":[23.735496,38.017674]},"properties":{"lines":"3, 5, 11, 14, 444, Α8","color":"#0059a9","mode":"bus","arr":["3","5","11","14","444","Α8"],"angle":-88.1}},{"type":"Feature","geometry":{"type":"Point","coordinates":[23.735687,38.020681]},"properties":{"lines":"3, 5, 11, 444, 500, 619","color":"#0059a9","mode":"bus","arr":["3","5","11","444","500","619"],"angle":-83.6}},{"type":"Feature","geometry":{"type":"Point","coordinates":[23.735955,38.022512]},"properties":{"lines":"3, 5, 444, 500, 605, 619","color":"#0059a9","mode":"bus","arr":["3","5","444","500","605","619"],"angle":-84.2}},{"type":"Feature","geometry":{"type":"Point","coordinates":[23.732821,38.024928]},"properties":{"lines":"3, 619","color":"#0059a9","mode":"bus","arr":["3","619"],"angle":42.3}},{"type":"Feature","geometry":{"type":"Point","coordinates":[23.737662,38.033457]},"properties":{"lines":"3, 421, 619, 755, 755Β","color":"#0059a9","mode":"bus","arr":["3","421","619","755","755Β"],"angle":-68.8}},{"type":"Feature","geometry":{"type":"Point","coordinates":[23.735382,38.030283]},"properties":{"lines":"3, 6, 421, 619, 755, 755Β, Β9","color":"#0059a9","mode":"bus","arr":["3","6","421","619","755","755Β","Β9"],"angle":-51.7}},{"type":"Feature","geometry":{"type":"Point","coordinates":[23.739589,38.03467]},"properties":{"lines":"3, 421","color":"#0059a9","mode":"bus","arr":["3","421"],"angle":-32.5}},{"type":"Feature","geometry":{"type":"Point","coordinates":[23.745379,38.039318]},"properties":{"lines":"421","color":"#0059a9","mode":"bus","arr":["421"],"angle":-53.9}},{"type":"Feature","geometry":{"type":"Point","coordinates":[23.742663,38.036733]},"properties":{"lines":"421","color":"#0059a9","mode":"bus","arr":["421"],"angle":-41.4,"extra":1}},{"type":"Feature","geometry":{"type":"Point","coordinates":[23.760825,38.038363]},"properties":{"lines":"421","color":"#0059a9","mode":"bus","arr":["421"],"angle":25.5}},{"type":"Feature","geometry":{"type":"Point","coordinates":[23.791393,38.022709]},"properties":{"lines":"421","color":"#0059a9","mode":"bus","arr":["421"],"angle":37.3}},{"type":"Feature","geometry":{"type":"Point","coordinates":[23.774869,38.032432]},"properties":{"lines":"421","color":"#0059a9","mode":"bus","arr":["421"],"angle":27,"extra":1}},{"type":"Feature","geometry":{"type":"Point","coordinates":[23.796954,38.021918]},"properties":{"lines":"421","color":"#0059a9","mode":"bus","arr":["421"],"angle":29.1}},{"type":"Feature","geometry":{"type":"Point","coordinates":[23.811304,38.017279]},"properties":{"lines":"421","color":"#0059a9","mode":"bus","arr":["421"],"angle":27}},{"type":"Feature","geometry":{"type":"Point","coordinates":[23.738251,37.957827]},"properties":{"lines":"4, 790, 856, Α3","color":"#0059a9","mode":"bus","arr":["4","790","856","Α3"],"angle":71.9}},{"type":"Feature","geometry":{"type":"Point","coordinates":[23.741925,37.960715]},"properties":{"lines":"4, 227","color":"#0059a9","mode":"bus","arr":["4","227"],"angle":-35.4}},{"type":"Feature","geometry":{"type":"Point","coordinates":[23.745681,37.962811]},"properties":{"lines":"4, 227","color":"#0059a9","mode":"bus","arr":["4","227"],"angle":-35.4,"extra":1}},{"type":"Feature","geometry":{"type":"Point","coordinates":[23.747982,37.964117]},"properties":{"lines":"4, 209","color":"#0059a9","mode":"bus","arr":["4","209"],"angle":-36.2}},{"type":"Feature","geometry":{"type":"Point","coordinates":[23.739107,37.969596]},"properties":{"lines":"4, 10, 209","color":"#0059a9","mode":"bus","arr":["4","10","209"],"angle":-29.7}},{"type":"Feature","geometry":{"type":"Point","coordinates":[23.734924,37.967719]},"properties":{"lines":"4, 10, 209","color":"#0059a9","mode":"bus","arr":["4","10","209"],"angle":-34.1}},{"type":"Feature","geometry":{"type":"Point","coordinates":[23.73164,37.966726]},"properties":{"lines":"4, 10, 209","color":"#0059a9","mode":"bus","arr":["4","10","209"],"angle":-41.3}},{"type":"Feature","geometry":{"type":"Point","coordinates":[23.731399,37.989865]},"properties":{"lines":"4, 15, 022, 035, 046, 19Β","color":"#0059a9","mode":"bus","arr":["4","15","022","035","046","19Β"],"angle":11}},{"type":"Feature","geometry":{"type":"Point","coordinates":[23.732085,37.990667]},"properties":{"lines":"4, 15, 022","color":"#0059a9","mode":"bus","arr":["4","15","022"],"angle":-79}},{"type":"Feature","geometry":{"type":"Point","coordinates":[23.732441,37.991811]},"properties":{"lines":"4, 15, 022, 035","color":"#0059a9","mode":"bus","arr":["4","15","022","035"],"angle":-72.6}},{"type":"Feature","geometry":{"type":"Point","coordinates":[23.732893,37.993634]},"properties":{"lines":"4, 15, 022, 035, 224","color":"#0059a9","mode":"bus","arr":["4","15","022","035","224"],"angle":-79.6}},{"type":"Feature","geometry":{"type":"Point","coordinates":[23.744753,38.004739]},"properties":{"lines":"4, 036","color":"#0059a9","mode":"bus","arr":["4","036"],"angle":-34.8}},{"type":"Feature","geometry":{"type":"Point","coordinates":[23.752177,38.020378]},"properties":{"lines":"5, 14","color":"#149a3f","mode":"bus","arr":["5","14"],"angle":30}},{"type":"Feature","geometry":{"type":"Point","coordinates":[23.742772,38.021027]},"properties":{"lines":"5, 14","color":"#149a3f","mode":"bus","arr":["5","14"],"angle":-44.2}},{"type":"Feature","geometry":{"type":"Point","coordinates":[23.736435,38.023563]},"properties":{"lines":"5","color":"#149a3f","mode":"bus","arr":["5"],"angle":-7.2}},{"type":"Feature","geometry":{"type":"Point","coordinates":[23.724092,37.965065]},"properties":{"lines":"5","color":"#149a3f","mode":"bus","arr":["5"],"angle":-37.5}},{"type":"Feature","geometry":{"type":"Point","coordinates":[23.711182,37.962028]},"properties":{"lines":"5","color":"#149a3f","mode":"bus","arr":["5"],"angle":-17.4}},{"type":"Feature","geometry":{"type":"Point","coordinates":[23.747083,38.019887]},"properties":{"lines":"5, 14, 054","color":"#0059a9","mode":"bus","arr":["5","14","054"],"angle":-42.6}},{"type":"Feature","geometry":{"type":"Point","coordinates":[23.740639,38.019794]},"properties":{"lines":"5, 14, 054","color":"#0059a9","mode":"bus","arr":["5","14","054"],"angle":-25.8}},{"type":"Feature","geometry":{"type":"Point","coordinates":[23.739338,38.020878]},"properties":{"lines":"5, 444","color":"#0059a9","mode":"bus","arr":["5","444"],"angle":76.3}},{"type":"Feature","geometry":{"type":"Point","coordinates":[23.737823,38.023179]},"properties":{"lines":"5, 444, 500, 605, 619","color":"#0059a9","mode":"bus","arr":["5","444","500","605","619"],"angle":35.8}},{"type":"Feature","geometry":{"type":"Point","coordinates":[23.733877,38.002366]},"properties":{"lines":"5, 11, 14, 608","color":"#0059a9","mode":"bus","arr":["5","11","14","608"],"angle":-76.4}},{"type":"Feature","geometry":{"type":"Point","coordinates":[23.732756,37.997865]},"properties":{"lines":"5, 11, 14, 054, 608","color":"#0059a9","mode":"bus","arr":["5","11","14","054","608"],"angle":-79}},{"type":"Feature","geometry":{"type":"Point","coordinates":[23.730944,37.967891]},"properties":{"lines":"5, 040, 230, Α2","color":"#0059a9","mode":"bus","arr":["5","040","230","Α2"],"angle":-44.1}},{"type":"Feature","geometry":{"type":"Point","coordinates":[23.729706,37.967507]},"properties":{"lines":"5, 230","color":"#0059a9","mode":"bus","arr":["5","230"],"angle":19.1}},{"type":"Feature","geometry":{"type":"Point","coordinates":[23.71672,37.962203]},"properties":{"lines":"5, 910","color":"#0059a9","mode":"bus","arr":["5","910"],"angle":29.9}},{"type":"Feature","geometry":{"type":"Point","coordinates":[23.704911,37.958004]},"properties":{"lines":"5, 040","color":"#0059a9","mode":"bus","arr":["5","040"],"angle":-41}},{"type":"Feature","geometry":{"type":"Point","coordinates":[23.69615,37.952367]},"properties":{"lines":"5, 040, 911, 911Α","color":"#0059a9","mode":"bus","arr":["5","040","911","911Α"],"angle":-25.2}},{"type":"Feature","geometry":{"type":"Point","coordinates":[23.699591,37.954339]},"properties":{"lines":"5, 040, 911, 911Α","color":"#0059a9","mode":"bus","arr":["5","040","911","911Α"],"angle":-41.4,"extra":1}},{"type":"Feature","geometry":{"type":"Point","coordinates":[23.740812,38.050928]},"properties":{"lines":"6","color":"#149a3f","mode":"bus","arr":["6"],"angle":-51}},{"type":"Feature","geometry":{"type":"Point","coordinates":[23.737975,38.041698]},"properties":{"lines":"6, 755, 755Β","color":"#0059a9","mode":"bus","arr":["6","755","755Β"],"angle":77.2}},{"type":"Feature","geometry":{"type":"Point","coordinates":[23.738494,38.035496]},"properties":{"lines":"6, 619, 755, 755Β, Β9","color":"#0059a9","mode":"bus","arr":["6","619","755","755Β","Β9"],"angle":-71.7}},{"type":"Feature","geometry":{"type":"Point","coordinates":[23.737705,38.033753]},"properties":{"lines":"6, 619, Β9","color":"#0059a9","mode":"bus","arr":["6","619","Β9"],"angle":-72.2}},{"type":"Feature","geometry":{"type":"Point","coordinates":[23.73193,38.026704]},"properties":{"lines":"6, Β9","color":"#0059a9","mode":"bus","arr":["6","Β9"],"angle":-61.3}},{"type":"Feature","geometry":{"type":"Point","coordinates":[23.727068,37.993421]},"properties":{"lines":"6, Β9","color":"#0059a9","mode":"bus","arr":["6","Β9"],"angle":-86}},{"type":"Feature","geometry":{"type":"Point","coordinates":[23.727562,37.998379]},"properties":{"lines":"6, Β9","color":"#0059a9","mode":"bus","arr":["6","Β9"],"angle":88.7,"extra":1}},{"type":"Feature","geometry":{"type":"Point","coordinates":[23.730178,38.022426]},"properties":{"lines":"6, 755, 755Β, Β9","color":"#0059a9","mode":"bus","arr":["6","755","755Β","Β9"],"angle":-72.6}},{"type":"Feature","geometry":{"type":"Point","coordinates":[23.731006,38.024802]},"properties":{"lines":"6, 703, 755, 755Β, Β9","color":"#0059a9","mode":"bus","arr":["6","703","755","755Β","Β9"],"angle":-77.5}},{"type":"Feature","geometry":{"type":"Point","coordinates":[23.728811,38.018968]},"properties":{"lines":"6, 024, 755, 755Β, Β9","color":"#0059a9","mode":"bus","arr":["6","024","755","755Β","Β9"],"angle":-72.5}},{"type":"Feature","geometry":{"type":"Point","coordinates":[23.728505,38.013599]},"properties":{"lines":"6, 024, 735, 755, 755Β, Β9","color":"#0059a9","mode":"bus","arr":["6","024","735","755","755Β","Β9"],"angle":86.2}},{"type":"Feature","geometry":{"type":"Point","coordinates":[23.728968,38.005324]},"properties":{"lines":"6, 500, Β9","color":"#0059a9","mode":"bus","arr":["6","500","Β9"],"angle":-74.3}},{"type":"Feature","geometry":{"type":"Point","coordinates":[23.728052,38.002612]},"properties":{"lines":"6, 500, Β9","color":"#0059a9","mode":"bus","arr":["6","500","Β9"],"angle":-77.5,"extra":1}},{"type":"Feature","geometry":{"type":"Point","coordinates":[23.72818,37.990363]},"properties":{"lines":"6, Β5","color":"#0059a9","mode":"bus","arr":["6","Β5"],"angle":11}},{"type":"Feature","geometry":{"type":"Point","coordinates":[23.730157,37.990057]},"properties":{"lines":"6, 022, 035, Β5","color":"#0059a9","mode":"bus","arr":["6","022","035","Β5"],"angle":11.1}},{"type":"Feature","geometry":{"type":"Point","coordinates":[23.7308,37.985775]},"properties":{"lines":"6, 022, 608, 622, 732","color":"#0059a9","mode":"bus","arr":["6","022","608","622","732"],"angle":34.9}},{"type":"Feature","geometry":{"type":"Point","coordinates":[23.73363,37.982422]},"properties":{"lines":"6, 022, 608, 622, 732","color":"#0059a9","mode":"bus","arr":["6","022","608","622","732"],"angle":57.2}},{"type":"Feature","geometry":{"type":"Point","coordinates":[23.732325,37.984016]},"properties":{"lines":"6, 021, 022, 608, 622, 732","color":"#0059a9","mode":"bus","arr":["6","021","022","608","622","732"],"angle":57.2}},{"type":"Feature","geometry":{"type":"Point","coordinates":[23.733141,37.981542]},"properties":{"lines":"6, 813","color":"#0059a9","mode":"bus","arr":["6","813"],"angle":-33.6}},{"type":"Feature","geometry":{"type":"Point","coordinates":[23.728241,37.985066]},"properties":{"lines":"6, 022, 035, 054, 500, 732","color":"#0059a9","mode":"bus","arr":["6","022","035","054","500","732"],"angle":-79}},{"type":"Feature","geometry":{"type":"Point","coordinates":[23.728661,37.986742]},"properties":{"lines":"022, 035, 054, 500, 732","color":"#0059a9","mode":"bus","arr":["022","035","054","500","732"],"angle":-78.8}},{"type":"Feature","geometry":{"type":"Point","coordinates":[23.797832,38.022614]},"properties":{"lines":"402, 411, 447, 451, 461","color":"#0059a9","mode":"bus","arr":["402","411","447","451","461"],"angle":-42.3}},{"type":"Feature","geometry":{"type":"Point","coordinates":[23.796327,38.019906]},"properties":{"lines":"10, 19, 19Β, 402, 421, 451, 461","color":"#0059a9","mode":"bus","arr":["10","19","19Β","402","421","451","461"],"angle":-76.1}},{"type":"Feature","geometry":{"type":"Point","coordinates":[23.79407,38.016631]},"properties":{"lines":"10, 18, 402","color":"#0059a9","mode":"bus","arr":["10","18","402"],"angle":-32.3}},{"type":"Feature","geometry":{"type":"Point","coordinates":[23.785998,38.011975]},"properties":{"lines":"10, 18","color":"#149a3f","mode":"bus","arr":["10","18"],"angle":-42.7}},{"type":"Feature","geometry":{"type":"Point","coordinates":[23.780434,38.00989]},"properties":{"lines":"10","color":"#149a3f","mode":"bus","arr":["10"],"angle":15.4}},{"type":"Feature","geometry":{"type":"Point","coordinates":[23.749968,37.97674]},"properties":{"lines":"10","color":"#149a3f","mode":"bus","arr":["10"],"angle":-40}},{"type":"Feature","geometry":{"type":"Point","coordinates":[23.745382,37.973611]},"properties":{"lines":"10","color":"#149a3f","mode":"bus","arr":["10"],"angle":-41}},{"type":"Feature","geometry":{"type":"Point","coordinates":[23.742151,37.971398]},"properties":{"lines":"10","color":"#149a3f","mode":"bus","arr":["10"],"angle":-41,"extra":1}},{"type":"Feature","geometry":{"type":"Point","coordinates":[23.697462,37.944421]},"properties":{"lines":"10","color":"#149a3f","mode":"bus","arr":["10"],"angle":1}},{"type":"Feature","geometry":{"type":"Point","coordinates":[23.779432,38.009389]},"properties":{"lines":"10, 19Β, 610, Α7","color":"#0059a9","mode":"bus","arr":["10","19Β","610","Α7"],"angle":-53.6}},{"type":"Feature","geometry":{"type":"Point","coordinates":[23.777033,38.00694]},"properties":{"lines":"10, 19Β, 602, 610, Α7","color":"#0059a9","mode":"bus","arr":["10","19Β","602","610","Α7"],"angle":-55.2}},{"type":"Feature","geometry":{"type":"Point","coordinates":[23.774436,38.003557]},"properties":{"lines":"10, 19Β, 602, 610, 653, Α7","color":"#0059a9","mode":"bus","arr":["10","19Β","602","610","653","Α7"],"angle":-60.1}},{"type":"Feature","geometry":{"type":"Point","coordinates":[23.727386,37.965132]},"properties":{"lines":"10, 040, Α2","color":"#0059a9","mode":"bus","arr":["10","040","Α2"],"angle":-44.8}},{"type":"Feature","geometry":{"type":"Point","coordinates":[23.721943,37.960919]},"properties":{"lines":"10, 040, 106, 126, 136, 137, Α2, Β2","color":"#0059a9","mode":"bus","arr":["10","040","106","126","136","137","Α2","Β2"],"angle":-44.6}},{"type":"Feature","geometry":{"type":"Point","coordinates":[23.717122,37.957171]},"properties":{"lines":"10, 040, 106, 126, 136, 137, Α2","color":"#0059a9","mode":"bus","arr":["10","040","106","126","136","137","Α2"],"angle":-44.6}},{"type":"Feature","geometry":{"type":"Point","coordinates":[23.713477,37.954337]},"properties":{"lines":"10, 106, 126, 136, 137, Α2","color":"#0059a9","mode":"bus","arr":["10","106","126","136","137","Α2"],"angle":-44.7}},{"type":"Feature","geometry":{"type":"Point","coordinates":[23.709676,37.951384]},"properties":{"lines":"10, 106, 126, Α2","color":"#0059a9","mode":"bus","arr":["10","106","126","Α2"],"angle":-44.7}},{"type":"Feature","geometry":{"type":"Point","coordinates":[23.705926,37.948468]},"properties":{"lines":"10, 126, Α2","color":"#0059a9","mode":"bus","arr":["10","126","Α2"],"angle":-44.6}},{"type":"Feature","geometry":{"type":"Point","coordinates":[23.703564,37.94663]},"properties":{"lines":"10, 126, Α2, Β2","color":"#0059a9","mode":"bus","arr":["10","126","Α2","Β2"],"angle":-44.6}},{"type":"Feature","geometry":{"type":"Point","coordinates":[23.701597,37.945102]},"properties":{"lines":"10, 126, 911Α, Α2, Β2","color":"#0059a9","mode":"bus","arr":["10","126","911Α","Α2","Β2"],"angle":-44.6}},{"type":"Feature","geometry":{"type":"Point","coordinates":[23.688973,37.942652]},"properties":{"lines":"10, 910","color":"#0059a9","mode":"bus","arr":["10","910"],"angle":-55.4}},{"type":"Feature","geometry":{"type":"Point","coordinates":[23.747529,37.967192]},"properties":{"lines":"11, 203, 204, 204Β, 211","color":"#0059a9","mode":"bus","arr":["11","203","204","204Β","211"],"angle":55.4}},{"type":"Feature","geometry":{"type":"Point","coordinates":[23.750743,37.963491]},"properties":{"lines":"11, 203, 204, 204Β, 209, 211","color":"#0059a9","mode":"bus","arr":["11","203","204","204Β","209","211"],"angle":68.4}},{"type":"Feature","geometry":{"type":"Point","coordinates":[23.755513,37.958709]},"properties":{"lines":"11, 203, 204, 204Β","color":"#0059a9","mode":"bus","arr":["11","203","204","204Β"],"angle":50.1}},{"type":"Feature","geometry":{"type":"Point","coordinates":[23.759642,37.955274]},"properties":{"lines":"11, 212","color":"#0059a9","mode":"bus","arr":["11","212"],"angle":-76.8}},{"type":"Feature","geometry":{"type":"Point","coordinates":[23.759576,37.954225]},"properties":{"lines":"11, 214","color":"#0059a9","mode":"bus","arr":["11","214"],"angle":63.1}},{"type":"Feature","geometry":{"type":"Point","coordinates":[23.684007,38.028896]},"properties":{"lines":"12","color":"#149a3f","mode":"bus","arr":["12"],"angle":88.8}},{"type":"Feature","geometry":{"type":"Point","coordinates":[23.682673,38.027385]},"properties":{"lines":"12, Α13","color":"#0059a9","mode":"bus","arr":["12","Α13"],"angle":-52.9}},{"type":"Feature","geometry":{"type":"Point","coordinates":[23.687264,38.020055]},"properties":{"lines":"12, Α13","color":"#0059a9","mode":"bus","arr":["12","Α13"],"angle":44.7}},{"type":"Feature","geometry":{"type":"Point","coordinates":[23.710435,37.997268]},"properties":{"lines":"12, Α13","color":"#0059a9","mode":"bus","arr":["12","Α13"],"angle":46.2}},{"type":"Feature","geometry":{"type":"Point","coordinates":[23.703853,38.002677]},"properties":{"lines":"12, Α13","color":"#0059a9","mode":"bus","arr":["12","Α13"],"angle":45.8,"extra":1}},{"type":"Feature","geometry":{"type":"Point","coordinates":[23.715165,37.991026]},"properties":{"lines":"12, Α13","color":"#0059a9","mode":"bus","arr":["12","Α13"],"angle":60,"extra":1}},{"type":"Feature","geometry":{"type":"Point","coordinates":[23.683643,38.024177]},"properties":{"lines":"12, 748, Α13","color":"#0059a9","mode":"bus","arr":["12","748","Α13"],"angle":56.9}},{"type":"Feature","geometry":{"type":"Point","coordinates":[23.690624,38.017368]},"properties":{"lines":"12, 700, 701, 705, 747, 892, Α13","color":"#0059a9","mode":"bus","arr":["12","700","701","705","747","892","Α13"],"angle":45.4}},{"type":"Feature","geometry":{"type":"Point","coordinates":[23.692367,38.015982]},"properties":{"lines":"12, 24, 25, 748, 790, 892, Α13","color":"#0059a9","mode":"bus","arr":["12","24","25","748","790","892","Α13"],"angle":45.2}},{"type":"Feature","geometry":{"type":"Point","coordinates":[23.692968,38.015451]},"properties":{"lines":"12, 24, 748, 790, 892, Α13","color":"#0059a9","mode":"bus","arr":["12","24","748","790","892","Α13"],"angle":46.4}},{"type":"Feature","geometry":{"type":"Point","coordinates":[23.694221,38.014426]},"properties":{"lines":"12, 24, 748, 790, 891, 892, Α13","color":"#0059a9","mode":"bus","arr":["12","24","748","790","891","892","Α13"],"angle":50.8}},{"type":"Feature","geometry":{"type":"Point","coordinates":[23.696461,38.012816]},"properties":{"lines":"12, 24, 748, 891, Α13","color":"#0059a9","mode":"bus","arr":["12","24","748","891","Α13"],"angle":88.3}},{"type":"Feature","geometry":{"type":"Point","coordinates":[23.698003,38.009165]},"properties":{"lines":"12, 24, Α13","color":"#0059a9","mode":"bus","arr":["12","24","Α13"],"angle":71.9}},{"type":"Feature","geometry":{"type":"Point","coordinates":[23.69965,38.006102]},"properties":{"lines":"12, 24, 822, 823, Α13","color":"#0059a9","mode":"bus","arr":["12","24","822","823","Α13"],"angle":45.8}},{"type":"Feature","geometry":{"type":"Point","coordinates":[23.700996,38.005021]},"properties":{"lines":"12, 706, 822, 823, Α13","color":"#0059a9","mode":"bus","arr":["12","706","822","823","Α13"],"angle":45.8}},{"type":"Feature","geometry":{"type":"Point","coordinates":[23.718166,37.986828]},"properties":{"lines":"12, 051, Α13","color":"#0059a9","mode":"bus","arr":["12","051","Α13"],"angle":61.7}},{"type":"Feature","geometry":{"type":"Point","coordinates":[23.720334,37.985063]},"properties":{"lines":"12, 051, Β15","color":"#0059a9","mode":"bus","arr":["12","051","Β15"],"angle":-16}},{"type":"Feature","geometry":{"type":"Point","coordinates":[23.722909,37.983835]},"properties":{"lines":"12, 057","color":"#0059a9","mode":"bus","arr":["12","057"],"angle":60.7}},{"type":"Feature","geometry":{"type":"Point","coordinates":[23.725311,37.982854]},"properties":{"lines":"12, 21, 057, 813, 815, 838, 856, 914","color":"#0059a9","mode":"bus","arr":["12","21","057","813","815","838","856","914"],"angle":-29.1}},{"type":"Feature","geometry":{"type":"Point","coordinates":[23.727236,37.9837]},"properties":{"lines":"12, 21, 057, 838, 914","color":"#0059a9","mode":"bus","arr":["12","21","057","838","914"],"angle":-25.1}},{"type":"Feature","geometry":{"type":"Point","coordinates":[23.728538,37.983628]},"properties":{"lines":"12, 21, 025, 035, 057, 227, 400, 500","color":"#0059a9","mode":"bus","arr":["12","21","025","035","057","227","400","500"],"angle":35.2}},{"type":"Feature","geometry":{"type":"Point","coordinates":[23.738148,38.019501]},"properties":{"lines":"14","color":"#149a3f","mode":"bus","arr":["14"],"angle":2.6}},{"type":"Feature","geometry":{"type":"Point","coordinates":[23.736128,38.019566]},"properties":{"lines":"14, 619, Α8","color":"#0059a9","mode":"bus","arr":["14","619","Α8"],"angle":2.1}},{"type":"Feature","geometry":{"type":"Point","coordinates":[23.732474,38.019993]},"properties":{"lines":"500","color":"#0059a9","mode":"bus","arr":["500"],"angle":15.6}},{"type":"Feature","geometry":{"type":"Point","coordinates":[23.705637,37.963903]},"properties":{"lines":"500","color":"#0059a9","mode":"bus","arr":["500"],"angle":-47.3}},{"type":"Feature","geometry":{"type":"Point","coordinates":[23.711349,37.972214]},"properties":{"lines":"500","color":"#0059a9","mode":"bus","arr":["500"],"angle":-66.3}},{"type":"Feature","geometry":{"type":"Point","coordinates":[23.713122,37.975207]},"properties":{"lines":"500","color":"#0059a9","mode":"bus","arr":["500"],"angle":-57.9,"extra":1}},{"type":"Feature","geometry":{"type":"Point","coordinates":[23.729152,37.996066]},"properties":{"lines":"500","color":"#0059a9","mode":"bus","arr":["500"],"angle":11.2}},{"type":"Feature","geometry":{"type":"Point","coordinates":[23.723352,37.998888]},"properties":{"lines":"500","color":"#0059a9","mode":"bus","arr":["500"],"angle":-85}},{"type":"Feature","geometry":{"type":"Point","coordinates":[23.728806,38.01227]},"properties":{"lines":"500","color":"#0059a9","mode":"bus","arr":["500"],"angle":77.2}},{"type":"Feature","geometry":{"type":"Point","coordinates":[23.749038,38.036838]},"properties":{"lines":"500","color":"#0059a9","mode":"bus","arr":["500"],"angle":-44.3}},{"type":"Feature","geometry":{"type":"Point","coordinates":[23.775204,38.060513]},"properties":{"lines":"500","color":"#0059a9","mode":"bus","arr":["500"],"angle":22.4}},{"type":"Feature","geometry":{"type":"Point","coordinates":[23.782482,38.046846]},"properties":{"lines":"500","color":"#0059a9","mode":"bus","arr":["500"],"angle":-73.1}},{"type":"Feature","geometry":{"type":"Point","coordinates":[23.78297,38.05004]},"properties":{"lines":"500","color":"#0059a9","mode":"bus","arr":["500"],"angle":-87.9,"extra":1}},{"type":"Feature","geometry":{"type":"Point","coordinates":[23.787854,38.042036]},"properties":{"lines":"500","color":"#0059a9","mode":"bus","arr":["500"],"angle":-12}},{"type":"Feature","geometry":{"type":"Point","coordinates":[23.733189,37.991399]},"properties":{"lines":"14, 035, Β5","color":"#0059a9","mode":"bus","arr":["14","035","Β5"],"angle":11.4}},{"type":"Feature","geometry":{"type":"Point","coordinates":[23.735869,37.990972]},"properties":{"lines":"14, 18, 19, 19Β, Β5","color":"#0059a9","mode":"bus","arr":["14","18","19","19Β","Β5"],"angle":11.3}},{"type":"Feature","geometry":{"type":"Point","coordinates":[23.742784,37.989872]},"properties":{"lines":"14, 18, Β5","color":"#0059a9","mode":"bus","arr":["14","18","Β5"],"angle":12.5}},{"type":"Feature","geometry":{"type":"Point","coordinates":[23.746867,37.989134]},"properties":{"lines":"14, 18, Β5","color":"#0059a9","mode":"bus","arr":["14","18","Β5"],"angle":13.1,"extra":1}},{"type":"Feature","geometry":{"type":"Point","coordinates":[23.751592,37.988265]},"properties":{"lines":"14, 18, Β5","color":"#0059a9","mode":"bus","arr":["14","18","Β5"],"angle":13.1,"extra":1}},{"type":"Feature","geometry":{"type":"Point","coordinates":[23.758942,37.986895]},"properties":{"lines":"14, 18, 610, Β5","color":"#0059a9","mode":"bus","arr":["14","18","610","Β5"],"angle":13.4}},{"type":"Feature","geometry":{"type":"Point","coordinates":[23.760703,37.986565]},"properties":{"lines":"14, 18, 610","color":"#0059a9","mode":"bus","arr":["14","18","610"],"angle":13.5}},{"type":"Feature","geometry":{"type":"Point","coordinates":[23.763958,37.988732]},"properties":{"lines":"14, 18, 19, 19Β, 550, 610, Ε14, Χ14","color":"#0059a9","mode":"bus","arr":["14","18","19","19Β","550","610","Ε14","Χ14"],"angle":-54.2}},{"type":"Feature","geometry":{"type":"Point","coordinates":[23.766449,37.992113]},"properties":{"lines":"14, 18, 19, 046, 19Β, 550, 602, 610, Ε14, Χ14","color":"#0059a9","mode":"bus","arr":["14","18","19","046","19Β","550","602","610","Ε14","Χ14"],"angle":-68.6}},{"type":"Feature","geometry":{"type":"Point","coordinates":[23.767596,37.994386]},"properties":{"lines":"14, 18, 19, 036, 19Β, 550, 602, 610, 653, Ε14, Χ14","color":"#0059a9","mode":"bus","arr":["14","18","19","036","19Β","550","602","610","653","Ε14","Χ14"],"angle":-69.4}},{"type":"Feature","geometry":{"type":"Point","coordinates":[23.768734,37.996668]},"properties":{"lines":"14, 18, 19, 036, 19Β, 550, 602, 610, 653, Χ14","color":"#0059a9","mode":"bus","arr":["14","18","19","036","19Β","550","602","610","653","Χ14"],"angle":-68.8}},{"type":"Feature","geometry":{"type":"Point","coordinates":[23.714157,37.966071]},"properties":{"lines":"15","color":"#149a3f","mode":"bus","arr":["15"],"angle":45.5}},{"type":"Feature","geometry":{"type":"Point","coordinates":[23.71949,37.961958]},"properties":{"lines":"15","color":"#149a3f","mode":"bus","arr":["15"],"angle":51.3}},{"type":"Feature","geometry":{"type":"Point","coordinates":[23.73454,37.99519]},"properties":{"lines":"15","color":"#149a3f","mode":"bus","arr":["15"],"angle":10.9}},{"type":"Feature","geometry":{"type":"Point","coordinates":[23.751726,37.997011]},"properties":{"lines":"15","color":"#149a3f","mode":"bus","arr":["15"],"angle":-75.6}},{"type":"Feature","geometry":{"type":"Point","coordinates":[23.739284,37.995657]},"properties":{"lines":"15, 224","color":"#0059a9","mode":"bus","arr":["15","224"],"angle":-15}},{"type":"Feature","geometry":{"type":"Point","coordinates":[23.748209,37.995935]},"properties":{"lines":"15, 224","color":"#0059a9","mode":"bus","arr":["15","224"],"angle":25.8}},{"type":"Feature","geometry":{"type":"Point","coordinates":[23.745091,37.996468]},"properties":{"lines":"15, 140, 224","color":"#0059a9","mode":"bus","arr":["15","140","224"],"angle":-16.5}},{"type":"Feature","geometry":{"type":"Point","coordinates":[23.673657,37.961952]},"properties":{"lines":"16, 838, 860, 914","color":"#0059a9","mode":"bus","arr":["16","838","860","914"],"angle":14.3}},{"type":"Feature","geometry":{"type":"Point","coordinates":[23.674527,37.961092]},"properties":{"lines":"16, 838, 860, 914","color":"#0059a9","mode":"bus","arr":["16","838","860","914"],"angle":-7.7}},{"type":"Feature","geometry":{"type":"Point","coordinates":[23.669518,37.960941]},"properties":{"lines":"16","color":"#149a3f","mode":"bus","arr":["16"],"angle":-77.2}},{"type":"Feature","geometry":{"type":"Point","coordinates":[23.66297,37.956973]},"properties":{"lines":"16","color":"#149a3f","mode":"bus","arr":["16"],"angle":-48.4}},{"type":"Feature","geometry":{"type":"Point","coordinates":[23.658497,37.953827]},"properties":{"lines":"16","color":"#149a3f","mode":"bus","arr":["16"],"angle":-30,"extra":1}},{"type":"Feature","geometry":{"type":"Point","coordinates":[23.668504,37.957017]},"properties":{"lines":"16","color":"#149a3f","mode":"bus","arr":["16"],"angle":-60.1,"extra":1}},{"type":"Feature","geometry":{"type":"Point","coordinates":[23.653907,37.952307]},"properties":{"lines":"16","color":"#149a3f","mode":"bus","arr":["16"],"angle":31.4}},{"type":"Feature","geometry":{"type":"Point","coordinates":[23.64993,37.950866]},"properties":{"lines":"16","color":"#149a3f","mode":"bus","arr":["16"],"angle":-48.2}},{"type":"Feature","geometry":{"type":"Point","coordinates":[23.644668,37.948843]},"properties":{"lines":"16","color":"#149a3f","mode":"bus","arr":["16"],"angle":0.5}},{"type":"Feature","geometry":{"type":"Point","coordinates":[23.654278,37.951963]},"properties":{"lines":"16, 828","color":"#0059a9","mode":"bus","arr":["16","828"],"angle":-31.4}},{"type":"Feature","geometry":{"type":"Point","coordinates":[23.653091,37.952097]},"properties":{"lines":"16, 831","color":"#0059a9","mode":"bus","arr":["16","831"],"angle":-64.8}},{"type":"Feature","geometry":{"type":"Point","coordinates":[23.652088,37.950418]},"properties":{"lines":"16, 828, 831","color":"#0059a9","mode":"bus","arr":["16","828","831"],"angle":-64.8}},{"type":"Feature","geometry":{"type":"Point","coordinates":[23.647197,37.949768]},"properties":{"lines":"16, 827, 838","color":"#0059a9","mode":"bus","arr":["16","827","838"],"angle":-89.7}},{"type":"Feature","geometry":{"type":"Point","coordinates":[23.647216,37.949014]},"properties":{"lines":"16, 827, 828, 838","color":"#0059a9","mode":"bus","arr":["16","827","828","838"],"angle":-81.2}},{"type":"Feature","geometry":{"type":"Point","coordinates":[23.644869,37.946605]},"properties":{"lines":"16, 827, 828, 838","color":"#0059a9","mode":"bus","arr":["16","827","828","838"],"angle":-31.7}},{"type":"Feature","geometry":{"type":"Point","coordinates":[23.64776,37.949039]},"properties":{"lines":"16, 420, 703, 814, 827, 828, 831, 838, 845","color":"#0059a9","mode":"bus","arr":["16","420","703","814","827","828","831","838","845"],"angle":-31.4}},{"type":"Feature","geometry":{"type":"Point","coordinates":[23.643034,37.945733]},"properties":{"lines":"16, 300, 827, 828","color":"#0059a9","mode":"bus","arr":["16","300","827","828"],"angle":-32.1}},{"type":"Feature","geometry":{"type":"Point","coordinates":[23.642373,37.945889]},"properties":{"lines":"16, 17, 300, 400, 824, 825, 826, 827, 832, 833, 843, 859 +4","color":"#0059a9","mode":"bus","arr":["16","17","300","400","824","825","826","827","832","833","843","859","871Τ","904","906","915"],"angle":88.9}},{"type":"Feature","geometry":{"type":"Point","coordinates":[23.642369,37.946747]},"properties":{"lines":"16, 17, 300, 400, 824, 825, 826, 832, 833, 843, 859, 871Τ, 904, 915","color":"#0059a9","mode":"bus","arr":["16","17","300","400","824","825","826","832","833","843","859","871Τ","904","915"],"angle":-89.7}},{"type":"Feature","geometry":{"type":"Point","coordinates":[23.642378,37.947977]},"properties":{"lines":"16, 17, 400, 824, 825, 826, 832, 833, 843, 859, 871Τ, 915","color":"#0059a9","mode":"bus","arr":["16","17","400","824","825","826","832","833","843","859","871Τ","915"],"angle":-89.8}},{"type":"Feature","geometry":{"type":"Point","coordinates":[23.649774,37.94978]},"properties":{"lines":"16, 420, 828, 831","color":"#0059a9","mode":"bus","arr":["16","420","828","831"],"angle":19.3}},{"type":"Feature","geometry":{"type":"Point","coordinates":[23.67232,37.959545]},"properties":{"lines":"16, 860, 914","color":"#0059a9","mode":"bus","arr":["16","860","914"],"angle":-55.8}},{"type":"Feature","geometry":{"type":"Point","coordinates":[23.643519,37.943032]},"properties":{"lines":"17, 826, 828, 831, 843, 859","color":"#0059a9","mode":"bus","arr":["17","826","828","831","843","859"],"angle":-55.8}},{"type":"Feature","geometry":{"type":"Point","coordinates":[23.643789,37.944364]},"properties":{"lines":"17, 826, 843, 859","color":"#0059a9","mode":"bus","arr":["17","826","843","859"],"angle":80}},{"type":"Feature","geometry":{"type":"Point","coordinates":[23.643048,37.945122]},"properties":{"lines":"17, 826, 843, 859, 904, 906, 915","color":"#0059a9","mode":"bus","arr":["17","826","843","859","904","906","915"],"angle":34.3}},{"type":"Feature","geometry":{"type":"Point","coordinates":[23.641307,37.949385]},"properties":{"lines":"17, 400, 824, 825, 826, 832, 833, 843, 859, 871Τ, 915","color":"#0059a9","mode":"bus","arr":["17","400","824","825","826","832","833","843","859","871Τ","915"],"angle":2.2}},{"type":"Feature","geometry":{"type":"Point","coordinates":[23.639868,37.95009]},"properties":{"lines":"17, 400, 825, 843, 915","color":"#0059a9","mode":"bus","arr":["17","400","825","843","915"],"angle":89.7}},{"type":"Feature","geometry":{"type":"Point","coordinates":[23.639839,37.954363]},"properties":{"lines":"17, 400, 825, 843","color":"#0059a9","mode":"bus","arr":["17","400","825","843"],"angle":89.7}},{"type":"Feature","geometry":{"type":"Point","coordinates":[23.633576,37.958006]},"properties":{"lines":"17, 843","color":"#0059a9","mode":"bus","arr":["17","843"],"angle":0.8}},{"type":"Feature","geometry":{"type":"Point","coordinates":[23.627316,37.961067]},"properties":{"lines":"17","color":"#149a3f","mode":"bus","arr":["17"],"angle":-89.9}},{"type":"Feature","geometry":{"type":"Point","coordinates":[23.630108,37.957677]},"properties":{"lines":"17","color":"#149a3f","mode":"bus","arr":["17"],"angle":0.9}},{"type":"Feature","geometry":{"type":"Point","coordinates":[23.642621,37.940018]},"properties":{"lines":"17","color":"#149a3f","mode":"bus","arr":["17"],"angle":34}},{"type":"Feature","geometry":{"type":"Point","coordinates":[23.614005,37.961916]},"properties":{"lines":"17","color":"#149a3f","mode":"bus","arr":["17"],"angle":-47.7}},{"type":"Feature","geometry":{"type":"Point","coordinates":[23.621962,37.962302]},"properties":{"lines":"17","color":"#149a3f","mode":"bus","arr":["17"],"angle":-11.1,"extra":1}},{"type":"Feature","geometry":{"type":"Point","coordinates":[23.617613,37.961304]},"properties":{"lines":"17","color":"#149a3f","mode":"bus","arr":["17"],"angle":1.5,"extra":1}},{"type":"Feature","geometry":{"type":"Point","coordinates":[23.625993,37.960066]},"properties":{"lines":"17, 820","color":"#0059a9","mode":"bus","arr":["17","820"],"angle":0.2}},{"type":"Feature","geometry":{"type":"Point","coordinates":[23.636176,37.957607]},"properties":{"lines":"17, 826, 871, 871Τ","color":"#0059a9","mode":"bus","arr":["17","826","871","871Τ"],"angle":0.9}},{"type":"Feature","geometry":{"type":"Point","coordinates":[23.63861,37.953422]},"properties":{"lines":"17, 824, 825, 826, 871, 871Τ","color":"#0059a9","mode":"bus","arr":["17","824","825","826","871","871Τ"],"angle":89.6}},{"type":"Feature","geometry":{"type":"Point","coordinates":[23.63864,37.95016]},"properties":{"lines":"17, 824, 825, 826, 871, 871Τ","color":"#0059a9","mode":"bus","arr":["17","824","825","826","871","871Τ"],"angle":89.5,"extra":1}},{"type":"Feature","geometry":{"type":"Point","coordinates":[23.639893,37.949263]},"properties":{"lines":"17, 20, 420, 703, 824, 825, 826, 832, 833, 859, 871, 871Τ, Χ96","color":"#0059a9","mode":"bus","arr":["17","20","420","703","824","825","826","832","833","859","871","871Τ","Χ96"],"angle":0.2}},{"type":"Feature","geometry":{"type":"Point","coordinates":[23.642256,37.948273]},"properties":{"lines":"17, 20, 420, 703, 803, 814, 824, 825, 826, 832, 833, 859 +5","color":"#0059a9","mode":"bus","arr":["17","20","420","703","803","814","824","825","826","832","833","859","871","871Τ","909","915","Χ96"],"angle":-90}},{"type":"Feature","geometry":{"type":"Point","coordinates":[23.642234,37.945959]},"properties":{"lines":"17, 20, 420, 703, 814, 826, 859, 904, 909, 915, Χ96","color":"#0059a9","mode":"bus","arr":["17","20","420","703","814","826","859","904","909","915","Χ96"],"angle":89.3}},{"type":"Feature","geometry":{"type":"Point","coordinates":[23.64183,37.945578]},"properties":{"lines":"218, 300, 400, 500, 824, 825, 827, 832, 833, 845, 871Τ, 904, 906, Ε90","color":"#0059a9","mode":"bus","arr":["218","300","400","500","824","825","827","832","833","845","871Τ","904","906","Ε90"],"angle":23.5}},{"type":"Feature","geometry":{"type":"Point","coordinates":[23.642974,37.945062]},"properties":{"lines":"17, 20, 218, 420, 500, 703, 814, 826, 827, 828, 845, 859 +5","color":"#0059a9","mode":"bus","arr":["17","20","218","420","500","703","814","826","827","828","845","859","906","909","915","Ε90","Χ96"],"angle":34.4}},{"type":"Feature","geometry":{"type":"Point","coordinates":[23.643762,37.94354]},"properties":{"lines":"17, 20, 826, 828, 859, Ε90, Χ96","color":"#0059a9","mode":"bus","arr":["17","20","826","828","859","Ε90","Χ96"],"angle":-72.4}},{"type":"Feature","geometry":{"type":"Point","coordinates":[23.642542,37.94207]},"properties":{"lines":"17, 826, 828, 859, Ε90, Χ96","color":"#0059a9","mode":"bus","arr":["17","826","828","859","Ε90","Χ96"],"angle":-55.6}},{"type":"Feature","geometry":{"type":"Point","coordinates":[23.643692,37.940811]},"properties":{"lines":"17, 20","color":"#149a3f","mode":"bus","arr":["17","20"],"angle":33.7}},{"type":"Feature","geometry":{"type":"Point","coordinates":[23.644276,37.939822]},"properties":{"lines":"17, 040, 049, 300, 904, 906, 909","color":"#0059a9","mode":"bus","arr":["17","040","049","300","904","906","909"],"angle":-55.2}},{"type":"Feature","geometry":{"type":"Point","coordinates":[23.64185,37.941102]},"properties":{"lines":"17, 229, 826, 828, 831, 843, 859","color":"#0059a9","mode":"bus","arr":["17","229","826","828","831","843","859"],"angle":-55.3}},{"type":"Feature","geometry":{"type":"Point","coordinates":[23.642667,37.942051]},"properties":{"lines":"17, 20, 826, 828, 831, 843, 859","color":"#0059a9","mode":"bus","arr":["17","20","826","828","831","843","859"],"angle":-56}},{"type":"Feature","geometry":{"type":"Point","coordinates":[23.732326,37.989722]},"properties":{"lines":"18, 19, 035, 046","color":"#0059a9","mode":"bus","arr":["18","19","035","046"],"angle":11.1}},{"type":"Feature","geometry":{"type":"Point","coordinates":[23.733854,37.990374]},"properties":{"lines":"18, 19, 035, 19Β, 224","color":"#0059a9","mode":"bus","arr":["18","19","035","19Β","224"],"angle":-78.9}},{"type":"Feature","geometry":{"type":"Point","coordinates":[23.770225,37.998896]},"properties":{"lines":"18, 19, 036, 19Β, 550, 602, 610, Χ14","color":"#0059a9","mode":"bus","arr":["18","19","036","19Β","550","602","610","Χ14"],"angle":-46.9}},{"type":"Feature","geometry":{"type":"Point","coordinates":[23.77272,38.001076]},"properties":{"lines":"18","color":"#149a3f","mode":"bus","arr":["18"],"angle":-54.5}},{"type":"Feature","geometry":{"type":"Point","coordinates":[23.775883,38.005073]},"properties":{"lines":"18, 602, 610","color":"#0059a9","mode":"bus","arr":["18","602","610"],"angle":-59}},{"type":"Feature","geometry":{"type":"Point","coordinates":[23.779123,38.00886]},"properties":{"lines":"18, 19, 19Β, 550, 602, 610, Ε14, Χ14","color":"#0059a9","mode":"bus","arr":["18","19","19Β","550","602","610","Ε14","Χ14"],"angle":-53.2}},{"type":"Feature","geometry":{"type":"Point","coordinates":[23.797478,38.01963]},"properties":{"lines":"18, 460","color":"#0059a9","mode":"bus","arr":["18","460"],"angle":-57.1}},{"type":"Feature","geometry":{"type":"Point","coordinates":[23.799379,38.02187]},"properties":{"lines":"18, 411, 447, 460","color":"#0059a9","mode":"bus","arr":["18","411","447","460"],"angle":-43.8}},{"type":"Feature","geometry":{"type":"Point","coordinates":[23.799457,38.022837]},"properties":{"lines":"18, 402, 411, 451, 461","color":"#0059a9","mode":"bus","arr":["18","402","411","451","461"],"angle":17.1}},{"type":"Feature","geometry":{"type":"Point","coordinates":[23.792373,38.023626]},"properties":{"lines":"19, 19Β","color":"#149a3f","mode":"bus","arr":["19","19Β"],"angle":24.6}},{"type":"Feature","geometry":{"type":"Point","coordinates":[23.796948,38.022007]},"properties":{"lines":"19, 19Β","color":"#149a3f","mode":"bus","arr":["19","19Β"],"angle":27.2}},{"type":"Feature","geometry":{"type":"Point","coordinates":[23.738844,37.990612]},"properties":{"lines":"19, 046, 19Β, Α7","color":"#0059a9","mode":"bus","arr":["19","046","19Β","Α7"],"angle":11.1}},{"type":"Feature","geometry":{"type":"Point","coordinates":[23.743893,37.989789]},"properties":{"lines":"19, 19Β, Α7","color":"#0059a9","mode":"bus","arr":["19","19Β","Α7"],"angle":12.9}},{"type":"Feature","geometry":{"type":"Point","coordinates":[23.749985,37.988683]},"properties":{"lines":"19, 19Β, 230, 813, Α7","color":"#0059a9","mode":"bus","arr":["19","19Β","230","813","Α7"],"angle":12.9}},{"type":"Feature","geometry":{"type":"Point","coordinates":[23.754812,37.98779]},"properties":{"lines":"19, 19Β, 230, Α7","color":"#0059a9","mode":"bus","arr":["19","19Β","230","Α7"],"angle":13.5}},{"type":"Feature","geometry":{"type":"Point","coordinates":[23.759516,37.986901]},"properties":{"lines":"19, 19Β, 230, 653, Α7","color":"#0059a9","mode":"bus","arr":["19","19Β","230","653","Α7"],"angle":13.5}},{"type":"Feature","geometry":{"type":"Point","coordinates":[23.785557,38.01599]},"properties":{"lines":"19, 19Β, 550, 602, 610, Ε14, Χ14","color":"#0059a9","mode":"bus","arr":["19","19Β","550","602","610","Ε14","Χ14"],"angle":-54.2}},{"type":"Feature","geometry":{"type":"Point","coordinates":[23.775844,38.005093]},"properties":{"lines":"19, 19Β, 550, Ε14, Χ14","color":"#0059a9","mode":"bus","arr":["19","19Β","550","Ε14","Χ14"],"angle":-59.6}},{"type":"Feature","geometry":{"type":"Point","coordinates":[23.781614,38.011623]},"properties":{"lines":"19, 19Β, 550, 610, Ε14, Χ14","color":"#0059a9","mode":"bus","arr":["19","19Β","550","610","Ε14","Χ14"],"angle":-54.7}},{"type":"Feature","geometry":{"type":"Point","coordinates":[23.788054,38.018788]},"properties":{"lines":"19, 19Β, 550, 602, Ε14, Χ14","color":"#0059a9","mode":"bus","arr":["19","19Β","550","602","Ε14","Χ14"],"angle":-58.8}},{"type":"Feature","geometry":{"type":"Point","coordinates":[23.789184,38.021144]},"properties":{"lines":"19, 550, 602, Ε14, Χ14","color":"#0059a9","mode":"bus","arr":["19","550","602","Ε14","Χ14"],"angle":-75.5}},{"type":"Feature","geometry":{"type":"Point","coordinates":[23.789602,38.022807]},"properties":{"lines":"19, 602, Χ14","color":"#0059a9","mode":"bus","arr":["19","602","Χ14"],"angle":-88}},{"type":"Feature","geometry":{"type":"Point","coordinates":[23.789648,38.024471]},"properties":{"lines":"19, Χ14","color":"#0059a9","mode":"bus","arr":["19","Χ14"],"angle":-86.6}},{"type":"Feature","geometry":{"type":"Point","coordinates":[23.789727,38.024451]},"properties":{"lines":"19","color":"#149a3f","mode":"bus","arr":["19"],"angle":61.1}},{"type":"Feature","geometry":{"type":"Point","coordinates":[23.820562,38.02162]},"properties":{"lines":"19","color":"#149a3f","mode":"bus","arr":["19"],"angle":-12.7}},{"type":"Feature","geometry":{"type":"Point","coordinates":[23.795495,38.022472]},"properties":{"lines":"19, 19Β, 421","color":"#0059a9","mode":"bus","arr":["19","19Β","421"],"angle":24.8}},{"type":"Feature","geometry":{"type":"Point","coordinates":[23.801474,38.017651]},"properties":{"lines":"19, 421, 451, 461","color":"#0059a9","mode":"bus","arr":["19","421","451","461"],"angle":-12.5}},{"type":"Feature","geometry":{"type":"Point","coordinates":[23.80482,38.018352]},"properties":{"lines":"19, 421, 451, 461","color":"#0059a9","mode":"bus","arr":["19","421","451","461"],"angle":-15.4,"extra":1}},{"type":"Feature","geometry":{"type":"Point","coordinates":[23.807723,38.018974]},"properties":{"lines":"19, 451, 461","color":"#0059a9","mode":"bus","arr":["19","451","461"],"angle":-14.6}},{"type":"Feature","geometry":{"type":"Point","coordinates":[23.811008,38.019662]},"properties":{"lines":"19, 400, 451, 461","color":"#0059a9","mode":"bus","arr":["19","400","451","461"],"angle":-15}},{"type":"Feature","geometry":{"type":"Point","coordinates":[23.816899,38.020917]},"properties":{"lines":"19, 400, 461","color":"#0059a9","mode":"bus","arr":["19","400","461"],"angle":-14}},{"type":"Feature","geometry":{"type":"Point","coordinates":[23.62195,37.944177]},"properties":{"lines":"20","color":"#149a3f","mode":"bus","arr":["20"],"angle":-2.6}},{"type":"Feature","geometry":{"type":"Point","coordinates":[23.625237,37.947172]},"properties":{"lines":"20","color":"#149a3f","mode":"bus","arr":["20"],"angle":-22.3}},{"type":"Feature","geometry":{"type":"Point","coordinates":[23.629282,37.948737]},"properties":{"lines":"20","color":"#149a3f","mode":"bus","arr":["20"],"angle":-33.4}},{"type":"Feature","geometry":{"type":"Point","coordinates":[23.656658,37.936842]},"properties":{"lines":"20","color":"#149a3f","mode":"bus","arr":["20"],"angle":-2.1}},{"type":"Feature","geometry":{"type":"Point","coordinates":[23.650683,37.937894]},"properties":{"lines":"20","color":"#149a3f","mode":"bus","arr":["20"],"angle":72.5,"extra":1}},{"type":"Feature","geometry":{"type":"Point","coordinates":[23.651884,37.935263]},"properties":{"lines":"20","color":"#149a3f","mode":"bus","arr":["20"],"angle":-51.8,"extra":1}},{"type":"Feature","geometry":{"type":"Point","coordinates":[23.660684,37.93946]},"properties":{"lines":"20","color":"#149a3f","mode":"bus","arr":["20"],"angle":39.7,"extra":1}},{"type":"Feature","geometry":{"type":"Point","coordinates":[23.659263,37.942346]},"properties":{"lines":"20","color":"#149a3f","mode":"bus","arr":["20"],"angle":41.1,"extra":1}},{"type":"Feature","geometry":{"type":"Point","coordinates":[23.621566,37.945387]},"properties":{"lines":"20, 859","color":"#0059a9","mode":"bus","arr":["20","859"],"angle":89.1}},{"type":"Feature","geometry":{"type":"Point","coordinates":[23.622281,37.946051]},"properties":{"lines":"20, 820, 832, 859","color":"#0059a9","mode":"bus","arr":["20","820","832","859"],"angle":-27.1}},{"type":"Feature","geometry":{"type":"Point","coordinates":[23.633852,37.949392]},"properties":{"lines":"20, 833","color":"#0059a9","mode":"bus","arr":["20","833"],"angle":-1.6}},{"type":"Feature","geometry":{"type":"Point","coordinates":[23.63566,37.950006]},"properties":{"lines":"20, 824, 826, 832, 833, 871Τ","color":"#0059a9","mode":"bus","arr":["20","824","826","832","833","871Τ"],"angle":76.2}},{"type":"Feature","geometry":{"type":"Point","coordinates":[23.637386,37.949269]},"properties":{"lines":"20, 420, 703, 832, 833, 859, Χ96","color":"#0059a9","mode":"bus","arr":["20","420","703","832","833","859","Χ96"],"angle":0.1}},{"type":"Feature","geometry":{"type":"Point","coordinates":[23.646058,37.939539]},"properties":{"lines":"20, 906, Χ96","color":"#0059a9","mode":"bus","arr":["20","906","Χ96"],"angle":35.3}},{"type":"Feature","geometry":{"type":"Point","coordinates":[23.647781,37.938938]},"properties":{"lines":"20, 300, 904, 906, Χ96","color":"#0059a9","mode":"bus","arr":["20","300","904","906","Χ96"],"angle":-17.1}},{"type":"Feature","geometry":{"type":"Point","coordinates":[23.659956,37.943836]},"properties":{"lines":"20, 130, 218, 229, 500, Β1, Ε90, Χ96","color":"#0059a9","mode":"bus","arr":["20","130","218","229","500","Β1","Ε90","Χ96"],"angle":-11.7}},{"type":"Feature","geometry":{"type":"Point","coordinates":[23.731747,37.986172]},"properties":{"lines":"021","color":"#0059a9","mode":"bus","arr":["021"],"angle":-32.8}},{"type":"Feature","geometry":{"type":"Point","coordinates":[23.74127,37.987036]},"properties":{"lines":"021","color":"#0059a9","mode":"bus","arr":["021"],"angle":-33.1}},{"type":"Feature","geometry":{"type":"Point","coordinates":[23.735867,37.98425]},"properties":{"lines":"021","color":"#0059a9","mode":"bus","arr":["021"],"angle":-32.3,"extra":1}},{"type":"Feature","geometry":{"type":"Point","coordinates":[23.745872,37.989939]},"properties":{"lines":"021","color":"#0059a9","mode":"bus","arr":["021"],"angle":-76.9,"extra":1}},{"type":"Feature","geometry":{"type":"Point","coordinates":[23.748333,37.990876]},"properties":{"lines":"021","color":"#0059a9","mode":"bus","arr":["021"],"angle":-77}},{"type":"Feature","geometry":{"type":"Point","coordinates":[23.749781,37.993544]},"properties":{"lines":"021","color":"#0059a9","mode":"bus","arr":["021"],"angle":5.8}},{"type":"Feature","geometry":{"type":"Point","coordinates":[23.74763,37.988715]},"properties":{"lines":"021, 230, 813","color":"#0059a9","mode":"bus","arr":["021","230","813"],"angle":-37.3}},{"type":"Feature","geometry":{"type":"Point","coordinates":[23.741122,37.985526]},"properties":{"lines":"021, 026, 230, 813","color":"#0059a9","mode":"bus","arr":["021","026","230","813"],"angle":-32.1}},{"type":"Feature","geometry":{"type":"Point","coordinates":[23.744521,37.987197]},"properties":{"lines":"021, 026, 230, 813","color":"#0059a9","mode":"bus","arr":["021","026","230","813"],"angle":-32,"extra":1}},{"type":"Feature","geometry":{"type":"Point","coordinates":[23.733689,37.984233]},"properties":{"lines":"021, 224","color":"#0059a9","mode":"bus","arr":["021","224"],"angle":57.7}},{"type":"Feature","geometry":{"type":"Point","coordinates":[23.676593,37.976273]},"properties":{"lines":"21","color":"#149a3f","mode":"bus","arr":["21"],"angle":-3.6}},{"type":"Feature","geometry":{"type":"Point","coordinates":[23.671119,37.976155]},"properties":{"lines":"21","color":"#149a3f","mode":"bus","arr":["21"],"angle":0.7,"extra":1}},{"type":"Feature","geometry":{"type":"Point","coordinates":[23.683647,37.97635]},"properties":{"lines":"21","color":"#149a3f","mode":"bus","arr":["21"],"angle":4.8,"extra":1}},{"type":"Feature","geometry":{"type":"Point","coordinates":[23.6469,37.965814]},"properties":{"lines":"21","color":"#149a3f","mode":"bus","arr":["21"],"angle":-23}},{"type":"Feature","geometry":{"type":"Point","coordinates":[23.647247,37.967328]},"properties":{"lines":"21, 800, 809, 820, 827, 828, 841, 846, 909","color":"#0059a9","mode":"bus","arr":["21","800","809","820","827","828","841","846","909"],"angle":68}},{"type":"Feature","geometry":{"type":"Point","coordinates":[23.649337,37.969386]},"properties":{"lines":"21, 400, 809, 827, 852","color":"#0059a9","mode":"bus","arr":["21","400","809","827","852"],"angle":-21.8}},{"type":"Feature","geometry":{"type":"Point","coordinates":[23.658063,37.972171]},"properties":{"lines":"21, 827, 852","color":"#0059a9","mode":"bus","arr":["21","827","852"],"angle":-21.6}},{"type":"Feature","geometry":{"type":"Point","coordinates":[23.648657,37.969992]},"properties":{"lines":"21, 827, 852","color":"#0059a9","mode":"bus","arr":["21","827","852"],"angle":-22.4}},{"type":"Feature","geometry":{"type":"Point","coordinates":[23.664437,37.974811]},"properties":{"lines":"21, 852","color":"#0059a9","mode":"bus","arr":["21","852"],"angle":-32}},{"type":"Feature","geometry":{"type":"Point","coordinates":[23.696893,37.975639]},"properties":{"lines":"21, 838","color":"#0059a9","mode":"bus","arr":["21","838"],"angle":2.5}},{"type":"Feature","geometry":{"type":"Point","coordinates":[23.688323,37.976055]},"properties":{"lines":"21, 838","color":"#0059a9","mode":"bus","arr":["21","838"],"angle":4.5,"extra":1}},{"type":"Feature","geometry":{"type":"Point","coordinates":[23.700848,37.975432]},"properties":{"lines":"21, 838","color":"#0059a9","mode":"bus","arr":["21","838"],"angle":3.9,"extra":1}},{"type":"Feature","geometry":{"type":"Point","coordinates":[23.706684,37.974336]},"properties":{"lines":"21, 838","color":"#0059a9","mode":"bus","arr":["21","838"],"angle":51,"extra":1}},{"type":"Feature","geometry":{"type":"Point","coordinates":[23.69293,37.975896]},"properties":{"lines":"21, 838","color":"#0059a9","mode":"bus","arr":["21","838"],"angle":2.7,"extra":1}},{"type":"Feature","geometry":{"type":"Point","coordinates":[23.710464,37.975389]},"properties":{"lines":"21, 838, 914","color":"#0059a9","mode":"bus","arr":["21","838","914"],"angle":-40.4}},{"type":"Feature","geometry":{"type":"Point","coordinates":[23.715264,37.97793]},"properties":{"lines":"21, 035, 227, 500, 838, 914","color":"#0059a9","mode":"bus","arr":["21","035","227","500","838","914"],"angle":-35.7}},{"type":"Feature","geometry":{"type":"Point","coordinates":[23.717256,37.979256]},"properties":{"lines":"21, 035, 227, 400, 500, 838, 914","color":"#0059a9","mode":"bus","arr":["21","035","227","400","500","838","914"],"angle":-27.7}},{"type":"Feature","geometry":{"type":"Point","coordinates":[23.71854,37.979862]},"properties":{"lines":"21, 035, 049, 227, 400, 500, 815, 838, 856, 914","color":"#0059a9","mode":"bus","arr":["21","035","049","227","400","500","815","838","856","914"],"angle":-29.3}},{"type":"Feature","geometry":{"type":"Point","coordinates":[23.720035,37.980522]},"properties":{"lines":"21, 049, 815, 838, 856, 914","color":"#0059a9","mode":"bus","arr":["21","049","815","838","856","914"],"angle":-29.2}},{"type":"Feature","geometry":{"type":"Point","coordinates":[23.721888,37.98134]},"properties":{"lines":"21, 049, 813, 815, 838, 856, 914","color":"#0059a9","mode":"bus","arr":["21","049","813","815","838","856","914"],"angle":-29.2}},{"type":"Feature","geometry":{"type":"Point","coordinates":[23.723527,37.982071]},"properties":{"lines":"21, 813, 815, 838, 856, 914","color":"#0059a9","mode":"bus","arr":["21","813","815","838","856","914"],"angle":-29.4}},{"type":"Feature","geometry":{"type":"Point","coordinates":[23.726721,37.983875]},"properties":{"lines":"21, 813, 815, 856","color":"#0059a9","mode":"bus","arr":["21","813","815","856"],"angle":-79.1}},{"type":"Feature","geometry":{"type":"Point","coordinates":[23.712055,37.976515]},"properties":{"lines":"21, 049, 815, 838, 914","color":"#0059a9","mode":"bus","arr":["21","049","815","838","914"],"angle":-33.9}},{"type":"Feature","geometry":{"type":"Point","coordinates":[23.709265,37.974683]},"properties":{"lines":"21, 049, 815, 838, 914","color":"#0059a9","mode":"bus","arr":["21","049","815","838","914"],"angle":-42.2,"extra":1}},{"type":"Feature","geometry":{"type":"Point","coordinates":[23.674344,37.976307]},"properties":{"lines":"21, 829","color":"#0059a9","mode":"bus","arr":["21","829"],"angle":-2.7}},{"type":"Feature","geometry":{"type":"Point","coordinates":[23.661232,37.973291]},"properties":{"lines":"21, 827, 842, 852","color":"#0059a9","mode":"bus","arr":["21","827","842","852"],"angle":-27.8}},{"type":"Feature","geometry":{"type":"Point","coordinates":[23.650544,37.969845]},"properties":{"lines":"21, 810, 827, 852","color":"#0059a9","mode":"bus","arr":["21","810","827","852"],"angle":-22.6}},{"type":"Feature","geometry":{"type":"Point","coordinates":[23.647277,37.969543]},"properties":{"lines":"21, 809, 827, 852","color":"#0059a9","mode":"bus","arr":["21","809","827","852"],"angle":-22.4}},{"type":"Feature","geometry":{"type":"Point","coordinates":[23.645634,37.969008]},"properties":{"lines":"21, 809, 820, 827, 828, 841, 909","color":"#0059a9","mode":"bus","arr":["21","809","820","827","828","841","909"],"angle":-22.5}},{"type":"Feature","geometry":{"type":"Point","coordinates":[23.645141,37.968451]},"properties":{"lines":"21, 800, 809, 827, 828, 846, 852","color":"#0059a9","mode":"bus","arr":["21","800","809","827","828","846","852"],"angle":71.5}},{"type":"Feature","geometry":{"type":"Point","coordinates":[23.645925,37.966897]},"properties":{"lines":"21, 800, 809, 820, 827, 828, 841, 846","color":"#0059a9","mode":"bus","arr":["21","800","809","820","827","828","841","846"],"angle":67.4}},{"type":"Feature","geometry":{"type":"Point","coordinates":[23.734932,37.979984]},"properties":{"lines":"022, 732","color":"#0059a9","mode":"bus","arr":["022","732"],"angle":-35.9}},{"type":"Feature","geometry":{"type":"Point","coordinates":[23.70592,38.038633]},"properties":{"lines":"732","color":"#0059a9","mode":"bus","arr":["732"],"angle":-46.9}},{"type":"Feature","geometry":{"type":"Point","coordinates":[23.707503,38.028733]},"properties":{"lines":"732","color":"#0059a9","mode":"bus","arr":["732"],"angle":79.4}},{"type":"Feature","geometry":{"type":"Point","coordinates":[23.710667,38.025239]},"properties":{"lines":"732","color":"#0059a9","mode":"bus","arr":["732"],"angle":74.3}},{"type":"Feature","geometry":{"type":"Point","coordinates":[23.710158,38.021367]},"properties":{"lines":"732","color":"#0059a9","mode":"bus","arr":["732"],"angle":-77.3,"extra":1}},{"type":"Feature","geometry":{"type":"Point","coordinates":[23.709237,38.031027]},"properties":{"lines":"732","color":"#0059a9","mode":"bus","arr":["732"],"angle":79.3,"extra":1}},{"type":"Feature","geometry":{"type":"Point","coordinates":[23.705415,38.015486]},"properties":{"lines":"732","color":"#0059a9","mode":"bus","arr":["732"],"angle":61.2}},{"type":"Feature","geometry":{"type":"Point","coordinates":[23.709359,38.012453]},"properties":{"lines":"732","color":"#0059a9","mode":"bus","arr":["732"],"angle":76.8}},{"type":"Feature","geometry":{"type":"Point","coordinates":[23.718672,38.000216]},"properties":{"lines":"732","color":"#0059a9","mode":"bus","arr":["732"],"angle":-82}},{"type":"Feature","geometry":{"type":"Point","coordinates":[23.720693,37.997216]},"properties":{"lines":"732","color":"#0059a9","mode":"bus","arr":["732"],"angle":83.2}},{"type":"Feature","geometry":{"type":"Point","coordinates":[23.729263,37.986045]},"properties":{"lines":"732","color":"#0059a9","mode":"bus","arr":["732"],"angle":10.7}},{"type":"Feature","geometry":{"type":"Point","coordinates":[23.729216,37.988952]},"properties":{"lines":"022, 035, 054, 500","color":"#0059a9","mode":"bus","arr":["022","035","054","500"],"angle":-78.8}},{"type":"Feature","geometry":{"type":"Point","coordinates":[23.743387,38.002779]},"properties":{"lines":"022, 035","color":"#0059a9","mode":"bus","arr":["022","035"],"angle":-2.1}},{"type":"Feature","geometry":{"type":"Point","coordinates":[23.745174,38.00129]},"properties":{"lines":"022","color":"#0059a9","mode":"bus","arr":["022"],"angle":18.5}},{"type":"Feature","geometry":{"type":"Point","coordinates":[23.734806,37.980962]},"properties":{"lines":"022, 026, 060, 203, 204, 204Β, 211, 214, 220, 221, 230, 235 +4","color":"#0059a9","mode":"bus","arr":["022","026","060","203","204","204Β","211","214","220","221","230","235","608","622","732","Α2"],"angle":57.4}},{"type":"Feature","geometry":{"type":"Point","coordinates":[23.727438,38.021677]},"properties":{"lines":"024","color":"#0059a9","mode":"bus","arr":["024"],"angle":27.1}},{"type":"Feature","geometry":{"type":"Point","coordinates":[23.726202,38.016996]},"properties":{"lines":"024","color":"#0059a9","mode":"bus","arr":["024"],"angle":9.2}},{"type":"Feature","geometry":{"type":"Point","coordinates":[23.724411,38.017336]},"properties":{"lines":"024","color":"#0059a9","mode":"bus","arr":["024"],"angle":16.3}},{"type":"Feature","geometry":{"type":"Point","coordinates":[23.734077,38.04628]},"properties":{"lines":"024","color":"#0059a9","mode":"bus","arr":["024"],"angle":-70.5}},{"type":"Feature","geometry":{"type":"Point","coordinates":[23.733836,38.044472]},"properties":{"lines":"024","color":"#0059a9","mode":"bus","arr":["024"],"angle":-69.8}},{"type":"Feature","geometry":{"type":"Point","coordinates":[23.730041,38.034683]},"properties":{"lines":"024","color":"#0059a9","mode":"bus","arr":["024"],"angle":-74.8}},{"type":"Feature","geometry":{"type":"Point","coordinates":[23.734051,38.042481]},"properties":{"lines":"024","color":"#0059a9","mode":"bus","arr":["024"],"angle":-83,"extra":1}},{"type":"Feature","geometry":{"type":"Point","coordinates":[23.732405,38.037801]},"properties":{"lines":"024","color":"#0059a9","mode":"bus","arr":["024"],"angle":-60.7,"extra":1}},{"type":"Feature","geometry":{"type":"Point","coordinates":[23.727318,38.02888]},"properties":{"lines":"024","color":"#0059a9","mode":"bus","arr":["024"],"angle":-71.1,"extra":1}},{"type":"Feature","geometry":{"type":"Point","coordinates":[23.725091,38.023918]},"properties":{"lines":"024","color":"#0059a9","mode":"bus","arr":["024"],"angle":7}},{"type":"Feature","geometry":{"type":"Point","coordinates":[23.724455,38.01492]},"properties":{"lines":"024, 735, 755, 755Β","color":"#0059a9","mode":"bus","arr":["024","735","755","755Β"],"angle":5.8}},{"type":"Feature","geometry":{"type":"Point","coordinates":[23.72416,38.012861]},"properties":{"lines":"024, 735, 755, 755Β","color":"#0059a9","mode":"bus","arr":["024","735","755","755Β"],"angle":18.5}},{"type":"Feature","geometry":{"type":"Point","coordinates":[23.720255,38.014425]},"properties":{"lines":"024, 735, 755, 755Β, Χ93","color":"#0059a9","mode":"bus","arr":["024","735","755","755Β","Χ93"],"angle":-70.6}},{"type":"Feature","geometry":{"type":"Point","coordinates":[23.728826,38.018762]},"properties":{"lines":"024, 500, 755, 755Β","color":"#0059a9","mode":"bus","arr":["024","500","755","755Β"],"angle":-72.9}},{"type":"Feature","geometry":{"type":"Point","coordinates":[23.728166,38.021469]},"properties":{"lines":"024, 703","color":"#0059a9","mode":"bus","arr":["024","703"],"angle":24.8}},{"type":"Feature","geometry":{"type":"Point","coordinates":[23.692064,38.034277]},"properties":{"lines":"24","color":"#149a3f","mode":"bus","arr":["24"],"angle":44.5}},{"type":"Feature","geometry":{"type":"Point","coordinates":[23.688846,38.036065]},"properties":{"lines":"24","color":"#149a3f","mode":"bus","arr":["24"],"angle":26.8,"extra":1}},{"type":"Feature","geometry":{"type":"Point","coordinates":[23.700699,38.006024]},"properties":{"lines":"24","color":"#149a3f","mode":"bus","arr":["24"],"angle":-55.3}},{"type":"Feature","geometry":{"type":"Point","coordinates":[23.698803,38.018387]},"properties":{"lines":"24","color":"#149a3f","mode":"bus","arr":["24"],"angle":28.4}},{"type":"Feature","geometry":{"type":"Point","coordinates":[23.695306,38.019296]},"properties":{"lines":"24","color":"#149a3f","mode":"bus","arr":["24"],"angle":12.9,"extra":1}},{"type":"Feature","geometry":{"type":"Point","coordinates":[23.688076,38.036408]},"properties":{"lines":"24","color":"#149a3f","mode":"bus","arr":["24"],"angle":24.5}},{"type":"Feature","geometry":{"type":"Point","coordinates":[23.693345,38.033812]},"properties":{"lines":"24","color":"#149a3f","mode":"bus","arr":["24"],"angle":76.7,"extra":1}},{"type":"Feature","geometry":{"type":"Point","coordinates":[23.68294,38.038982]},"properties":{"lines":"24","color":"#149a3f","mode":"bus","arr":["24"],"angle":24.9,"extra":1}},{"type":"Feature","geometry":{"type":"Point","coordinates":[23.683809,38.03836]},"properties":{"lines":"24, 719","color":"#0059a9","mode":"bus","arr":["24","719"],"angle":32.7}},{"type":"Feature","geometry":{"type":"Point","coordinates":[23.696606,38.028392]},"properties":{"lines":"24, 719","color":"#0059a9","mode":"bus","arr":["24","719"],"angle":27}},{"type":"Feature","geometry":{"type":"Point","coordinates":[23.695802,38.025229]},"properties":{"lines":"24, 25, 700, 701, 705, 747","color":"#0059a9","mode":"bus","arr":["24","25","700","701","705","747"],"angle":-52.4}},{"type":"Feature","geometry":{"type":"Point","coordinates":[23.69377,38.020877]},"properties":{"lines":"24, 25, 700, 701, 705, 730, 731, 747, 748","color":"#0059a9","mode":"bus","arr":["24","25","700","701","705","730","731","747","748"],"angle":-72.6}},{"type":"Feature","geometry":{"type":"Point","coordinates":[23.692402,38.018129]},"properties":{"lines":"24, 700, 701, 705, 731, 747, 748","color":"#0059a9","mode":"bus","arr":["24","700","701","705","731","747","748"],"angle":-64.9}},{"type":"Feature","geometry":{"type":"Point","coordinates":[23.701225,38.006621]},"properties":{"lines":"24, 822","color":"#0059a9","mode":"bus","arr":["24","822"],"angle":-54.7}},{"type":"Feature","geometry":{"type":"Point","coordinates":[23.702188,38.007691]},"properties":{"lines":"24, 25","color":"#149a3f","mode":"bus","arr":["24","25"],"angle":-52.1}},{"type":"Feature","geometry":{"type":"Point","coordinates":[23.702849,38.014184]},"properties":{"lines":"24, 25","color":"#149a3f","mode":"bus","arr":["24","25"],"angle":-89.8}},{"type":"Feature","geometry":{"type":"Point","coordinates":[23.702123,38.009848]},"properties":{"lines":"24, 25, 706, 730","color":"#0059a9","mode":"bus","arr":["24","25","706","730"],"angle":-53.9}},{"type":"Feature","geometry":{"type":"Point","coordinates":[23.702845,38.012177]},"properties":{"lines":"24, 25, 706, 891","color":"#0059a9","mode":"bus","arr":["24","25","706","891"],"angle":-89.7}},{"type":"Feature","geometry":{"type":"Point","coordinates":[23.693821,38.020759]},"properties":{"lines":"24, 25, 700, 701, 703, 705, 747, 748","color":"#0059a9","mode":"bus","arr":["24","25","700","701","703","705","747","748"],"angle":-72.3}},{"type":"Feature","geometry":{"type":"Point","coordinates":[23.695764,38.025055]},"properties":{"lines":"24, 25, 700, 701, 703, 705, 747","color":"#0059a9","mode":"bus","arr":["24","25","700","701","703","705","747"],"angle":-53}},{"type":"Feature","geometry":{"type":"Point","coordinates":[23.69457,38.030332]},"properties":{"lines":"24, 700","color":"#0059a9","mode":"bus","arr":["24","700"],"angle":64.1}},{"type":"Feature","geometry":{"type":"Point","coordinates":[23.69674,38.028439]},"properties":{"lines":"24, 700, 719","color":"#0059a9","mode":"bus","arr":["24","700","719"],"angle":26.3}},{"type":"Feature","geometry":{"type":"Point","coordinates":[23.710522,37.987294]},"properties":{"lines":"025","color":"#0059a9","mode":"bus","arr":["025"],"angle":61.4}},{"type":"Feature","geometry":{"type":"Point","coordinates":[23.717888,37.982213]},"properties":{"lines":"025","color":"#0059a9","mode":"bus","arr":["025"],"angle":60.2}},{"type":"Feature","geometry":{"type":"Point","coordinates":[23.734301,37.977797]},"properties":{"lines":"025","color":"#0059a9","mode":"bus","arr":["025"],"angle":-33.3}},{"type":"Feature","geometry":{"type":"Point","coordinates":[23.741045,37.984943]},"properties":{"lines":"025","color":"#0059a9","mode":"bus","arr":["025"],"angle":-32.5}},{"type":"Feature","geometry":{"type":"Point","coordinates":[23.736979,37.982883]},"properties":{"lines":"025","color":"#0059a9","mode":"bus","arr":["025"],"angle":-32.8,"extra":1}},{"type":"Feature","geometry":{"type":"Point","coordinates":[23.747593,37.98816]},"properties":{"lines":"025","color":"#0059a9","mode":"bus","arr":["025"],"angle":-32,"extra":1}},{"type":"Feature","geometry":{"type":"Point","coordinates":[23.713478,37.984431]},"properties":{"lines":"025, Β15","color":"#0059a9","mode":"bus","arr":["025","Β15"],"angle":14}},{"type":"Feature","geometry":{"type":"Point","coordinates":[23.720169,37.979066]},"properties":{"lines":"025, 035, 227, 400, 500","color":"#0059a9","mode":"bus","arr":["025","035","227","400","500"],"angle":60}},{"type":"Feature","geometry":{"type":"Point","coordinates":[23.726711,37.978882]},"properties":{"lines":"025, 035, 227, 400, 500","color":"#0059a9","mode":"bus","arr":["025","035","227","400","500"],"angle":-78.4}},{"type":"Feature","geometry":{"type":"Point","coordinates":[23.697301,37.963614]},"properties":{"lines":"035","color":"#0059a9","mode":"bus","arr":["035"],"angle":-36.1}},{"type":"Feature","geometry":{"type":"Point","coordinates":[23.707316,37.969248]},"properties":{"lines":"035","color":"#0059a9","mode":"bus","arr":["035"],"angle":-67.9}},{"type":"Feature","geometry":{"type":"Point","coordinates":[23.703908,37.963708]},"properties":{"lines":"035","color":"#0059a9","mode":"bus","arr":["035"],"angle":1.5,"extra":1}},{"type":"Feature","geometry":{"type":"Point","coordinates":[23.708787,37.972016]},"properties":{"lines":"035","color":"#0059a9","mode":"bus","arr":["035"],"angle":-67.4,"extra":1}},{"type":"Feature","geometry":{"type":"Point","coordinates":[23.71205,37.975868]},"properties":{"lines":"035","color":"#0059a9","mode":"bus","arr":["035"],"angle":-48.9,"extra":1}},{"type":"Feature","geometry":{"type":"Point","coordinates":[23.747401,38.003872]},"properties":{"lines":"035","color":"#0059a9","mode":"bus","arr":["035"],"angle":-26.6}},{"type":"Feature","geometry":{"type":"Point","coordinates":[23.701986,37.98471]},"properties":{"lines":"400","color":"#0059a9","mode":"bus","arr":["400"],"angle":27.4}},{"type":"Feature","geometry":{"type":"Point","coordinates":[23.689716,37.9887]},"properties":{"lines":"400","color":"#0059a9","mode":"bus","arr":["400"],"angle":31.8,"extra":1}},{"type":"Feature","geometry":{"type":"Point","coordinates":[23.69563,37.987085]},"properties":{"lines":"400","color":"#0059a9","mode":"bus","arr":["400"],"angle":19.2,"extra":1}},{"type":"Feature","geometry":{"type":"Point","coordinates":[23.706813,37.982621]},"properties":{"lines":"400","color":"#0059a9","mode":"bus","arr":["400"],"angle":26.3,"extra":1}},{"type":"Feature","geometry":{"type":"Point","coordinates":[23.712459,37.98047]},"properties":{"lines":"400","color":"#0059a9","mode":"bus","arr":["400"],"angle":27.7,"extra":1}},{"type":"Feature","geometry":{"type":"Point","coordinates":[23.734551,37.97499]},"properties":{"lines":"400","color":"#0059a9","mode":"bus","arr":["400"],"angle":9.3}},{"type":"Feature","geometry":{"type":"Point","coordinates":[23.811583,38.017271]},"properties":{"lines":"400","color":"#0059a9","mode":"bus","arr":["400"],"angle":26.9}},{"type":"Feature","geometry":{"type":"Point","coordinates":[23.723694,37.977022]},"properties":{"lines":"025, 026, 035, 227, 400, 500","color":"#0059a9","mode":"bus","arr":["025","026","035","227","400","500"],"angle":9.3}},{"type":"Feature","geometry":{"type":"Point","coordinates":[23.729818,37.975548]},"properties":{"lines":"026","color":"#0059a9","mode":"bus","arr":["026"],"angle":13.3}},{"type":"Feature","geometry":{"type":"Point","coordinates":[23.734601,37.978811]},"properties":{"lines":"026","color":"#0059a9","mode":"bus","arr":["026"],"angle":-33.6}},{"type":"Feature","geometry":{"type":"Point","coordinates":[23.721873,37.979265]},"properties":{"lines":"026","color":"#0059a9","mode":"bus","arr":["026"],"angle":52.8}},{"type":"Feature","geometry":{"type":"Point","coordinates":[23.705438,37.977468]},"properties":{"lines":"026","color":"#0059a9","mode":"bus","arr":["026"],"angle":14.7}},{"type":"Feature","geometry":{"type":"Point","coordinates":[23.703708,37.980427]},"properties":{"lines":"026","color":"#0059a9","mode":"bus","arr":["026"],"angle":34}},{"type":"Feature","geometry":{"type":"Point","coordinates":[23.727468,37.981916]},"properties":{"lines":"025, 035, 049, 227, 400, 500, 838","color":"#0059a9","mode":"bus","arr":["025","035","049","227","400","500","838"],"angle":-79.1}},{"type":"Feature","geometry":{"type":"Point","coordinates":[23.733583,37.981078]},"properties":{"lines":"025, 060, 203, 204, 204Β, 211, 214, 220, 221, 235, Α2, Α3","color":"#0059a9","mode":"bus","arr":["025","060","203","204","204Β","211","214","220","221","235","Α2","Α3"],"angle":-33.6}},{"type":"Feature","geometry":{"type":"Point","coordinates":[23.70116,38.006671]},"properties":{"lines":"25, 706, 823","color":"#0059a9","mode":"bus","arr":["25","706","823"],"angle":-54.8}},{"type":"Feature","geometry":{"type":"Point","coordinates":[23.703809,38.007625]},"properties":{"lines":"706, 822, 823","color":"#0059a9","mode":"bus","arr":["706","822","823"],"angle":48.6}},{"type":"Feature","geometry":{"type":"Point","coordinates":[23.702326,38.007916]},"properties":{"lines":"706, 822, 823","color":"#0059a9","mode":"bus","arr":["706","822","823"],"angle":-46.7}},{"type":"Feature","geometry":{"type":"Point","coordinates":[23.700593,38.00604]},"properties":{"lines":"25, 706, 822, 823","color":"#0059a9","mode":"bus","arr":["25","706","822","823"],"angle":-54.7}},{"type":"Feature","geometry":{"type":"Point","coordinates":[23.699822,38.006151]},"properties":{"lines":"25, 730, 790, 821, 822, 823","color":"#0059a9","mode":"bus","arr":["25","730","790","821","822","823"],"angle":46.3}},{"type":"Feature","geometry":{"type":"Point","coordinates":[23.698575,38.008003]},"properties":{"lines":"25, 790","color":"#0059a9","mode":"bus","arr":["25","790"],"angle":71.8}},{"type":"Feature","geometry":{"type":"Point","coordinates":[23.697548,38.010512]},"properties":{"lines":"25, 748, 790","color":"#0059a9","mode":"bus","arr":["25","748","790"],"angle":71.4}},{"type":"Feature","geometry":{"type":"Point","coordinates":[23.696567,38.01285]},"properties":{"lines":"25, 748, 790, 891, 892","color":"#0059a9","mode":"bus","arr":["25","748","790","891","892"],"angle":85.5}},{"type":"Feature","geometry":{"type":"Point","coordinates":[23.694586,38.014188]},"properties":{"lines":"25, 748, 891","color":"#0059a9","mode":"bus","arr":["25","748","891"],"angle":51.3}},{"type":"Feature","geometry":{"type":"Point","coordinates":[23.693378,38.015253]},"properties":{"lines":"25, 748","color":"#0059a9","mode":"bus","arr":["25","748"],"angle":43.8}},{"type":"Feature","geometry":{"type":"Point","coordinates":[23.692486,38.018084]},"properties":{"lines":"25, 703, 748","color":"#0059a9","mode":"bus","arr":["25","703","748"],"angle":-65}},{"type":"Feature","geometry":{"type":"Point","coordinates":[23.69884,38.028158]},"properties":{"lines":"25, 701, 703, 705, 706, 719, 747","color":"#0059a9","mode":"bus","arr":["25","701","703","705","706","719","747"],"angle":-50.9}},{"type":"Feature","geometry":{"type":"Point","coordinates":[23.700149,38.029467]},"properties":{"lines":"25, 701, 703, 705, 706, 719, 747, Α11, Β11","color":"#0059a9","mode":"bus","arr":["25","701","703","705","706","719","747","Α11","Β11"],"angle":-50.4}},{"type":"Feature","geometry":{"type":"Point","coordinates":[23.702634,38.030561]},"properties":{"lines":"25, 701, 703, 705, 706, 719, 747, 892, Α11, Β11","color":"#0059a9","mode":"bus","arr":["25","701","703","705","706","719","747","892","Α11","Β11"],"angle":-11.5}},{"type":"Feature","geometry":{"type":"Point","coordinates":[23.706542,38.031178]},"properties":{"lines":"25, 701, 703, 705, 719, 892, Α11, Β11","color":"#0059a9","mode":"bus","arr":["25","701","703","705","719","892","Α11","Β11"],"angle":-11.6}},{"type":"Feature","geometry":{"type":"Point","coordinates":[23.708328,38.034856]},"properties":{"lines":"25, 732","color":"#0059a9","mode":"bus","arr":["25","732"],"angle":79.6}},{"type":"Feature","geometry":{"type":"Point","coordinates":[23.70672,38.032188]},"properties":{"lines":"25, 732","color":"#0059a9","mode":"bus","arr":["25","732"],"angle":79.5}},{"type":"Feature","geometry":{"type":"Point","coordinates":[23.706439,38.037949]},"properties":{"lines":"25","color":"#149a3f","mode":"bus","arr":["25"],"angle":-5.7}},{"type":"Feature","geometry":{"type":"Point","coordinates":[23.694187,38.054313]},"properties":{"lines":"25","color":"#149a3f","mode":"bus","arr":["25"],"angle":25.3}},{"type":"Feature","geometry":{"type":"Point","coordinates":[23.701506,38.016347]},"properties":{"lines":"25","color":"#149a3f","mode":"bus","arr":["25"],"angle":42.8}},{"type":"Feature","geometry":{"type":"Point","coordinates":[23.705946,38.035356]},"properties":{"lines":"25, 732, Γ12","color":"#0059a9","mode":"bus","arr":["25","732","Γ12"],"angle":78.9}},{"type":"Feature","geometry":{"type":"Point","coordinates":[23.699418,38.045353]},"properties":{"lines":"25, Γ12","color":"#0059a9","mode":"bus","arr":["25","Γ12"],"angle":55.3}},{"type":"Feature","geometry":{"type":"Point","coordinates":[23.703918,38.040203]},"properties":{"lines":"25, Γ12","color":"#0059a9","mode":"bus","arr":["25","Γ12"],"angle":55.5,"extra":1}},{"type":"Feature","geometry":{"type":"Point","coordinates":[23.696713,38.048296]},"properties":{"lines":"25, Γ12","color":"#0059a9","mode":"bus","arr":["25","Γ12"],"angle":40.3,"extra":1}},{"type":"Feature","geometry":{"type":"Point","coordinates":[23.693958,38.052666]},"properties":{"lines":"25, Γ12","color":"#0059a9","mode":"bus","arr":["25","Γ12"],"angle":56.9,"extra":1}},{"type":"Feature","geometry":{"type":"Point","coordinates":[23.694594,38.053184]},"properties":{"lines":"25, 701, 704, 705","color":"#0059a9","mode":"bus","arr":["25","701","704","705"],"angle":-41.4}},{"type":"Feature","geometry":{"type":"Point","coordinates":[23.693513,38.053216]},"properties":{"lines":"25, 701, 704, 705, Γ12","color":"#0059a9","mode":"bus","arr":["25","701","704","705","Γ12"],"angle":58.2}},{"type":"Feature","geometry":{"type":"Point","coordinates":[23.705355,38.03147]},"properties":{"lines":"25, 701, 705, 719","color":"#0059a9","mode":"bus","arr":["25","701","705","719"],"angle":-10.3}},{"type":"Feature","geometry":{"type":"Point","coordinates":[23.7026,38.031086]},"properties":{"lines":"25, 701, 705, 706, 719, 747","color":"#0059a9","mode":"bus","arr":["25","701","705","706","719","747"],"angle":-44.7}},{"type":"Feature","geometry":{"type":"Point","coordinates":[23.699648,38.029107]},"properties":{"lines":"25, 701, 705, 706, 719, 747","color":"#0059a9","mode":"bus","arr":["25","701","705","706","719","747"],"angle":-51.1}},{"type":"Feature","geometry":{"type":"Point","coordinates":[23.700812,38.030065]},"properties":{"lines":"25, 706, 719","color":"#0059a9","mode":"bus","arr":["25","706","719"],"angle":-25}},{"type":"Feature","geometry":{"type":"Point","coordinates":[23.698579,38.028062]},"properties":{"lines":"25, 700, 701, 705, 706, 719, 747","color":"#0059a9","mode":"bus","arr":["25","700","701","705","706","719","747"],"angle":-51.2}},{"type":"Feature","geometry":{"type":"Point","coordinates":[23.697077,38.018911]},"properties":{"lines":"25, 730","color":"#0059a9","mode":"bus","arr":["25","730"],"angle":12.9}},{"type":"Feature","geometry":{"type":"Point","coordinates":[23.678543,38.01376]},"properties":{"lines":"822","color":"#0059a9","mode":"bus","arr":["822"],"angle":16.1}},{"type":"Feature","geometry":{"type":"Point","coordinates":[23.678545,38.015023]},"properties":{"lines":"822","color":"#0059a9","mode":"bus","arr":["822"],"angle":-77.7}},{"type":"Feature","geometry":{"type":"Point","coordinates":[23.671292,38.020943]},"properties":{"lines":"822","color":"#0059a9","mode":"bus","arr":["822"],"angle":-13.4}},{"type":"Feature","geometry":{"type":"Point","coordinates":[23.678133,38.014881]},"properties":{"lines":"822","color":"#0059a9","mode":"bus","arr":["822"],"angle":-76.5}},{"type":"Feature","geometry":{"type":"Point","coordinates":[23.73454,37.982246]},"properties":{"lines":"026, 230, 813","color":"#0059a9","mode":"bus","arr":["026","230","813"],"angle":-31.7}},{"type":"Feature","geometry":{"type":"Point","coordinates":[23.73569,37.979892]},"properties":{"lines":"026, 060, 203, 204, 204Β, 211, 214, 220, 221, 230, 235, 608 +3","color":"#0059a9","mode":"bus","arr":["026","060","203","204","204Β","211","214","220","221","230","235","608","622","Α2","Α5"],"angle":56.9}},{"type":"Feature","geometry":{"type":"Point","coordinates":[23.717674,37.981875]},"properties":{"lines":"026, 813","color":"#0059a9","mode":"bus","arr":["026","813"],"angle":-29.2}},{"type":"Feature","geometry":{"type":"Point","coordinates":[23.708442,37.980898]},"properties":{"lines":"026, 813","color":"#0059a9","mode":"bus","arr":["026","813"],"angle":-68.5}},{"type":"Feature","geometry":{"type":"Point","coordinates":[23.711303,37.98103]},"properties":{"lines":"026, 813, 856","color":"#0059a9","mode":"bus","arr":["026","813","856"],"angle":27.2}},{"type":"Feature","geometry":{"type":"Point","coordinates":[23.704916,37.979766]},"properties":{"lines":"026, 813, 865","color":"#0059a9","mode":"bus","arr":["026","813","865"],"angle":13.4}},{"type":"Feature","geometry":{"type":"Point","coordinates":[23.700926,37.981979]},"properties":{"lines":"813, 865","color":"#0059a9","mode":"bus","arr":["813","865"],"angle":49.9}},{"type":"Feature","geometry":{"type":"Point","coordinates":[23.70501,37.980019]},"properties":{"lines":"026, 865","color":"#0059a9","mode":"bus","arr":["026","865"],"angle":18.8}},{"type":"Feature","geometry":{"type":"Point","coordinates":[23.699577,37.964719]},"properties":{"lines":"035, 816","color":"#0059a9","mode":"bus","arr":["035","816"],"angle":5.3}},{"type":"Feature","geometry":{"type":"Point","coordinates":[23.729212,37.983468]},"properties":{"lines":"035, 500","color":"#0059a9","mode":"bus","arr":["035","500"],"angle":-77.3}},{"type":"Feature","geometry":{"type":"Point","coordinates":[23.713818,37.976727]},"properties":{"lines":"035, 227, 500","color":"#0059a9","mode":"bus","arr":["035","227","500"],"angle":63.7}},{"type":"Feature","geometry":{"type":"Point","coordinates":[23.777267,37.993708]},"properties":{"lines":"036","color":"#0059a9","mode":"bus","arr":["036"],"angle":-53.7}},{"type":"Feature","geometry":{"type":"Point","coordinates":[23.780677,37.99639]},"properties":{"lines":"036","color":"#0059a9","mode":"bus","arr":["036"],"angle":-36.9}},{"type":"Feature","geometry":{"type":"Point","coordinates":[23.773949,38.000558]},"properties":{"lines":"036","color":"#0059a9","mode":"bus","arr":["036"],"angle":-13.5}},{"type":"Feature","geometry":{"type":"Point","coordinates":[23.762814,38.006593]},"properties":{"lines":"036","color":"#0059a9","mode":"bus","arr":["036"],"angle":20.9}},{"type":"Feature","geometry":{"type":"Point","coordinates":[23.755965,38.011462]},"properties":{"lines":"036","color":"#0059a9","mode":"bus","arr":["036"],"angle":40}},{"type":"Feature","geometry":{"type":"Point","coordinates":[23.761478,38.008466]},"properties":{"lines":"036","color":"#0059a9","mode":"bus","arr":["036"],"angle":80.6,"extra":1}},{"type":"Feature","geometry":{"type":"Point","coordinates":[23.749984,38.010875]},"properties":{"lines":"036","color":"#0059a9","mode":"bus","arr":["036"],"angle":-21.3,"extra":1}},{"type":"Feature","geometry":{"type":"Point","coordinates":[23.746058,38.00773]},"properties":{"lines":"036","color":"#0059a9","mode":"bus","arr":["036"],"angle":41.2,"extra":1}},{"type":"Feature","geometry":{"type":"Point","coordinates":[23.75407,38.01262]},"properties":{"lines":"036","color":"#0059a9","mode":"bus","arr":["036"],"angle":25.6}},{"type":"Feature","geometry":{"type":"Point","coordinates":[23.764486,37.999877]},"properties":{"lines":"036","color":"#0059a9","mode":"bus","arr":["036"],"angle":-56.8}},{"type":"Feature","geometry":{"type":"Point","coordinates":[23.777819,37.994327]},"properties":{"lines":"036, 140, 400, Α5, Β5, Χ21","color":"#0059a9","mode":"bus","arr":["036","140","400","Α5","Β5","Χ21"],"angle":-51}},{"type":"Feature","geometry":{"type":"Point","coordinates":[23.778766,37.995107]},"properties":{"lines":"036, 140, 400, Α5, Β5, Χ21, Χ95","color":"#0059a9","mode":"bus","arr":["036","140","400","Α5","Β5","Χ21","Χ95"],"angle":-37.2}},{"type":"Feature","geometry":{"type":"Point","coordinates":[23.779121,37.999082]},"properties":{"lines":"036, 140","color":"#0059a9","mode":"bus","arr":["036","140"],"angle":67.7}},{"type":"Feature","geometry":{"type":"Point","coordinates":[23.779198,38.001337]},"properties":{"lines":"036, 140, 402","color":"#0059a9","mode":"bus","arr":["036","140","402"],"angle":-8}},{"type":"Feature","geometry":{"type":"Point","coordinates":[23.764827,37.9933]},"properties":{"lines":"036, 046, 602, 610, 651, 653","color":"#0059a9","mode":"bus","arr":["036","046","602","610","651","653"],"angle":1.4}},{"type":"Feature","geometry":{"type":"Point","coordinates":[23.76205,37.995029]},"properties":{"lines":"036, 651","color":"#0059a9","mode":"bus","arr":["036","651"],"angle":-65.3}},{"type":"Feature","geometry":{"type":"Point","coordinates":[23.762844,37.999488]},"properties":{"lines":"036, 651","color":"#0059a9","mode":"bus","arr":["036","651"],"angle":44.5}},{"type":"Feature","geometry":{"type":"Point","coordinates":[23.764133,38.000573]},"properties":{"lines":"036, 651","color":"#0059a9","mode":"bus","arr":["036","651"],"angle":-0.9}},{"type":"Feature","geometry":{"type":"Point","coordinates":[23.765829,38.005578]},"properties":{"lines":"036, 651","color":"#0059a9","mode":"bus","arr":["036","651"],"angle":69.2}},{"type":"Feature","geometry":{"type":"Point","coordinates":[23.765117,38.005928]},"properties":{"lines":"036, 651","color":"#0059a9","mode":"bus","arr":["036","651"],"angle":19.8}},{"type":"Feature","geometry":{"type":"Point","coordinates":[23.763744,37.997399]},"properties":{"lines":"036, 651","color":"#0059a9","mode":"bus","arr":["036","651"],"angle":64.2}},{"type":"Feature","geometry":{"type":"Point","coordinates":[23.761752,38.000991]},"properties":{"lines":"036, 140, 651","color":"#0059a9","mode":"bus","arr":["036","140","651"],"angle":-3.2}},{"type":"Feature","geometry":{"type":"Point","coordinates":[23.757185,38.01061]},"properties":{"lines":"036, 622","color":"#0059a9","mode":"bus","arr":["036","622"],"angle":46.9}},{"type":"Feature","geometry":{"type":"Point","coordinates":[23.74613,38.008573]},"properties":{"lines":"036, 622","color":"#0059a9","mode":"bus","arr":["036","622"],"angle":-63.2}},{"type":"Feature","geometry":{"type":"Point","coordinates":[23.750541,38.011129]},"properties":{"lines":"036, 622","color":"#0059a9","mode":"bus","arr":["036","622"],"angle":-21.2,"extra":1}},{"type":"Feature","geometry":{"type":"Point","coordinates":[23.741816,38.004594]},"properties":{"lines":"036, 622","color":"#0059a9","mode":"bus","arr":["036","622"],"angle":-36.7,"extra":1}},{"type":"Feature","geometry":{"type":"Point","coordinates":[23.759725,37.991322]},"properties":{"lines":"653, Χ21","color":"#0059a9","mode":"bus","arr":["653","Χ21"],"angle":-52.5}},{"type":"Feature","geometry":{"type":"Point","coordinates":[23.764801,37.993246]},"properties":{"lines":"036, 653, Χ21","color":"#0059a9","mode":"bus","arr":["036","653","Χ21"],"angle":1.3}},{"type":"Feature","geometry":{"type":"Point","coordinates":[23.777763,37.999321]},"properties":{"lines":"036, 402","color":"#0059a9","mode":"bus","arr":["036","402"],"angle":73.7}},{"type":"Feature","geometry":{"type":"Point","coordinates":[23.777663,37.994645]},"properties":{"lines":"036, 242, 402","color":"#0059a9","mode":"bus","arr":["036","242","402"],"angle":-37.8}},{"type":"Feature","geometry":{"type":"Point","coordinates":[23.778991,37.996345]},"properties":{"lines":"036, 046, 242, 402","color":"#0059a9","mode":"bus","arr":["036","046","242","402"],"angle":71.9}},{"type":"Feature","geometry":{"type":"Point","coordinates":[23.776813,37.993499]},"properties":{"lines":"036, 140, 400, 402, Α5, Β5, Χ21","color":"#0059a9","mode":"bus","arr":["036","140","400","402","Α5","Β5","Χ21"],"angle":-43.6}},{"type":"Feature","geometry":{"type":"Point","coordinates":[23.7113,37.956857]},"properties":{"lines":"040","color":"#0059a9","mode":"bus","arr":["040"],"angle":48.4}},{"type":"Feature","geometry":{"type":"Point","coordinates":[23.708528,37.959439]},"properties":{"lines":"040","color":"#0059a9","mode":"bus","arr":["040"],"angle":49,"extra":1}},{"type":"Feature","geometry":{"type":"Point","coordinates":[23.689688,37.939877]},"properties":{"lines":"040","color":"#0059a9","mode":"bus","arr":["040"],"angle":54.1}},{"type":"Feature","geometry":{"type":"Point","coordinates":[23.685089,37.943432]},"properties":{"lines":"040","color":"#0059a9","mode":"bus","arr":["040"],"angle":-63.3,"extra":1}},{"type":"Feature","geometry":{"type":"Point","coordinates":[23.693287,37.937275]},"properties":{"lines":"040","color":"#0059a9","mode":"bus","arr":["040"],"angle":23.9,"extra":1}},{"type":"Feature","geometry":{"type":"Point","coordinates":[23.651867,37.948802]},"properties":{"lines":"040","color":"#0059a9","mode":"bus","arr":["040"],"angle":2.3}},{"type":"Feature","geometry":{"type":"Point","coordinates":[23.69419,37.933444]},"properties":{"lines":"040, 130, 911Α","color":"#0059a9","mode":"bus","arr":["040","130","911Α"],"angle":38.7}},{"type":"Feature","geometry":{"type":"Point","coordinates":[23.694944,37.936983]},"properties":{"lines":"040, 217, Α1","color":"#0059a9","mode":"bus","arr":["040","217","Α1"],"angle":70.3}},{"type":"Feature","geometry":{"type":"Point","coordinates":[23.695136,37.935012]},"properties":{"lines":"040, 130, 217, Α1","color":"#0059a9","mode":"bus","arr":["040","130","217","Α1"],"angle":-86}},{"type":"Feature","geometry":{"type":"Point","coordinates":[23.68265,37.942293]},"properties":{"lines":"040, 130, 217, Α1","color":"#0059a9","mode":"bus","arr":["040","130","217","Α1"],"angle":23.1}},{"type":"Feature","geometry":{"type":"Point","coordinates":[23.691931,37.938295]},"properties":{"lines":"040, 130, 217, Α1","color":"#0059a9","mode":"bus","arr":["040","130","217","Α1"],"angle":13.1,"extra":1}},{"type":"Feature","geometry":{"type":"Point","coordinates":[23.686486,37.940654]},"properties":{"lines":"040, 130, 217, Α1","color":"#0059a9","mode":"bus","arr":["040","130","217","Α1"],"angle":32.4,"extra":1}},{"type":"Feature","geometry":{"type":"Point","coordinates":[23.674779,37.944]},"properties":{"lines":"040, 130, 217, Α1","color":"#0059a9","mode":"bus","arr":["040","130","217","Α1"],"angle":17.9,"extra":1}},{"type":"Feature","geometry":{"type":"Point","coordinates":[23.65707,37.947756]},"properties":{"lines":"040, 130, 217, Α1","color":"#0059a9","mode":"bus","arr":["040","130","217","Α1"],"angle":29.3}},{"type":"Feature","geometry":{"type":"Point","coordinates":[23.662915,37.944282]},"properties":{"lines":"040, 130, 217, Α1","color":"#0059a9","mode":"bus","arr":["040","130","217","Α1"],"angle":8.1,"extra":1}},{"type":"Feature","geometry":{"type":"Point","coordinates":[23.652104,37.94866]},"properties":{"lines":"040, 130, 217, Α1","color":"#0059a9","mode":"bus","arr":["040","130","217","Α1"],"angle":-14,"extra":1}},{"type":"Feature","geometry":{"type":"Point","coordinates":[23.675522,37.944632]},"properties":{"lines":"218, 500","color":"#0059a9","mode":"bus","arr":["218","500"],"angle":4.5}},{"type":"Feature","geometry":{"type":"Point","coordinates":[23.688002,37.956023]},"properties":{"lines":"218, 500","color":"#0059a9","mode":"bus","arr":["218","500"],"angle":-26.6}},{"type":"Feature","geometry":{"type":"Point","coordinates":[23.684358,37.95282]},"properties":{"lines":"218, 500","color":"#0059a9","mode":"bus","arr":["218","500"],"angle":14.4,"extra":1}},{"type":"Feature","geometry":{"type":"Point","coordinates":[23.693345,37.958242]},"properties":{"lines":"218, 500","color":"#0059a9","mode":"bus","arr":["218","500"],"angle":-26.5,"extra":1}},{"type":"Feature","geometry":{"type":"Point","coordinates":[23.667551,37.944761]},"properties":{"lines":"040, 130, 217, 912, Α1","color":"#0059a9","mode":"bus","arr":["040","130","217","912","Α1"],"angle":-2.3}},{"type":"Feature","geometry":{"type":"Point","coordinates":[23.648511,37.944669]},"properties":{"lines":"040, 049, 130, 217, 915, Α1","color":"#0059a9","mode":"bus","arr":["040","049","130","217","915","Α1"],"angle":-55.4}},{"type":"Feature","geometry":{"type":"Point","coordinates":[23.647397,37.943396]},"properties":{"lines":"040, 049, 130, 217, 229, 300, 904, 906, 909, 915, Α1, Ε90","color":"#0059a9","mode":"bus","arr":["040","049","130","217","229","300","904","906","909","915","Α1","Ε90"],"angle":-55.4}},{"type":"Feature","geometry":{"type":"Point","coordinates":[23.645864,37.941644]},"properties":{"lines":"040, 049, 130, 217, 300, 904, 906, 909, Α1, Ε90","color":"#0059a9","mode":"bus","arr":["040","049","130","217","300","904","906","909","Α1","Ε90"],"angle":-55.4}},{"type":"Feature","geometry":{"type":"Point","coordinates":[23.643485,37.938907]},"properties":{"lines":"040, 049, 300, 904, 906, 909","color":"#0059a9","mode":"bus","arr":["040","049","300","904","906","909"],"angle":-56}},{"type":"Feature","geometry":{"type":"Point","coordinates":[23.642809,37.938122]},"properties":{"lines":"040, 300, 904, 906, 909","color":"#0059a9","mode":"bus","arr":["040","300","904","906","909"],"angle":-55.6}},{"type":"Feature","geometry":{"type":"Point","coordinates":[23.642015,37.937191]},"properties":{"lines":"040, 049, 130, 300, 904, 906, 909, Β1","color":"#0059a9","mode":"bus","arr":["040","049","130","300","904","906","909","Β1"],"angle":-56.2}},{"type":"Feature","geometry":{"type":"Point","coordinates":[23.640734,37.93646]},"properties":{"lines":"040, 049, 904, Β1","color":"#0059a9","mode":"bus","arr":["040","049","904","Β1"],"angle":-12.5}},{"type":"Feature","geometry":{"type":"Point","coordinates":[23.636719,37.935834]},"properties":{"lines":"040, 049, 130, 904","color":"#0059a9","mode":"bus","arr":["040","049","130","904"],"angle":-11.7}},{"type":"Feature","geometry":{"type":"Point","coordinates":[23.632105,37.935109]},"properties":{"lines":"040, 049, 904","color":"#0059a9","mode":"bus","arr":["040","049","904"],"angle":-11.4}},{"type":"Feature","geometry":{"type":"Point","coordinates":[23.630525,37.936771]},"properties":{"lines":"040, 049","color":"#0059a9","mode":"bus","arr":["040","049"],"angle":76.2}},{"type":"Feature","geometry":{"type":"Point","coordinates":[23.631075,37.938531]},"properties":{"lines":"040, 130, 217, 826, 828, 843, 859","color":"#0059a9","mode":"bus","arr":["040","130","217","826","828","843","859"],"angle":3.9}},{"type":"Feature","geometry":{"type":"Point","coordinates":[23.775769,37.997865]},"properties":{"lines":"046","color":"#0059a9","mode":"bus","arr":["046"],"angle":54.3}},{"type":"Feature","geometry":{"type":"Point","coordinates":[23.772721,37.99645]},"properties":{"lines":"046","color":"#0059a9","mode":"bus","arr":["046"],"angle":-47.5,"extra":1}},{"type":"Feature","geometry":{"type":"Point","coordinates":[23.772724,37.991719]},"properties":{"lines":"046","color":"#0059a9","mode":"bus","arr":["046"],"angle":-28.9}},{"type":"Feature","geometry":{"type":"Point","coordinates":[23.774213,37.994292]},"properties":{"lines":"046","color":"#0059a9","mode":"bus","arr":["046"],"angle":44.2,"extra":1}},{"type":"Feature","geometry":{"type":"Point","coordinates":[23.767223,37.990558]},"properties":{"lines":"046","color":"#0059a9","mode":"bus","arr":["046"],"angle":33.1,"extra":1}},{"type":"Feature","geometry":{"type":"Point","coordinates":[23.75769,37.990592]},"properties":{"lines":"046","color":"#0059a9","mode":"bus","arr":["046"],"angle":12.7}},{"type":"Feature","geometry":{"type":"Point","coordinates":[23.745975,37.992936]},"properties":{"lines":"046","color":"#0059a9","mode":"bus","arr":["046"],"angle":11.2}},{"type":"Feature","geometry":{"type":"Point","coordinates":[23.749342,37.990999]},"properties":{"lines":"046","color":"#0059a9","mode":"bus","arr":["046"],"angle":13.4,"extra":1}},{"type":"Feature","geometry":{"type":"Point","coordinates":[23.740028,37.991595]},"properties":{"lines":"046","color":"#0059a9","mode":"bus","arr":["046"],"angle":-78.2,"extra":1}},{"type":"Feature","geometry":{"type":"Point","coordinates":[23.734978,37.988374]},"properties":{"lines":"046","color":"#0059a9","mode":"bus","arr":["046"],"angle":-79.6}},{"type":"Feature","geometry":{"type":"Point","coordinates":[23.731508,37.987356]},"properties":{"lines":"046","color":"#0059a9","mode":"bus","arr":["046"],"angle":10.9}},{"type":"Feature","geometry":{"type":"Point","coordinates":[23.760519,37.99206]},"properties":{"lines":"046, 610","color":"#0059a9","mode":"bus","arr":["046","610"],"angle":-39.1}},{"type":"Feature","geometry":{"type":"Point","coordinates":[23.754477,37.99063]},"properties":{"lines":"046, 813","color":"#0059a9","mode":"bus","arr":["046","813"],"angle":-22.8}},{"type":"Feature","geometry":{"type":"Point","coordinates":[23.736795,37.990932]},"properties":{"lines":"046, 19Β, Α7","color":"#0059a9","mode":"bus","arr":["046","19Β","Α7"],"angle":11.2}},{"type":"Feature","geometry":{"type":"Point","coordinates":[23.725101,37.981397]},"properties":{"lines":"049, 838, 914","color":"#0059a9","mode":"bus","arr":["049","838","914"],"angle":11.2}},{"type":"Feature","geometry":{"type":"Point","coordinates":[23.702642,37.970231]},"properties":{"lines":"049, 815, 914","color":"#0059a9","mode":"bus","arr":["049","815","914"],"angle":-39.7}},{"type":"Feature","geometry":{"type":"Point","coordinates":[23.705267,37.971964]},"properties":{"lines":"049, 815, 914","color":"#0059a9","mode":"bus","arr":["049","815","914"],"angle":-40.2,"extra":1}},{"type":"Feature","geometry":{"type":"Point","coordinates":[23.691537,37.963002]},"properties":{"lines":"049, 914","color":"#0059a9","mode":"bus","arr":["049","914"],"angle":-51.8}},{"type":"Feature","geometry":{"type":"Point","coordinates":[23.694699,37.965962]},"properties":{"lines":"049, 914","color":"#0059a9","mode":"bus","arr":["049","914"],"angle":-51.4,"extra":1}},{"type":"Feature","geometry":{"type":"Point","coordinates":[23.686264,37.958917]},"properties":{"lines":"049, 914","color":"#0059a9","mode":"bus","arr":["049","914"],"angle":-23.8,"extra":1}},{"type":"Feature","geometry":{"type":"Point","coordinates":[23.663845,37.951561]},"properties":{"lines":"049","color":"#0059a9","mode":"bus","arr":["049"],"angle":-22.6}},{"type":"Feature","geometry":{"type":"Point","coordinates":[23.667419,37.952736]},"properties":{"lines":"049","color":"#0059a9","mode":"bus","arr":["049"],"angle":-22.7,"extra":1}},{"type":"Feature","geometry":{"type":"Point","coordinates":[23.67536,37.955328]},"properties":{"lines":"049, 860, 914","color":"#0059a9","mode":"bus","arr":["049","860","914"],"angle":-22.4}},{"type":"Feature","geometry":{"type":"Point","coordinates":[23.671703,37.95414]},"properties":{"lines":"049, 860, 914","color":"#0059a9","mode":"bus","arr":["049","860","914"],"angle":-22.4,"extra":1}},{"type":"Feature","geometry":{"type":"Point","coordinates":[23.650815,37.944658]},"properties":{"lines":"049, 300, 915","color":"#0059a9","mode":"bus","arr":["049","300","915"],"angle":34.2}},{"type":"Feature","geometry":{"type":"Point","coordinates":[23.641977,37.937065]},"properties":{"lines":"906","color":"#0059a9","mode":"bus","arr":["906"],"angle":-56}},{"type":"Feature","geometry":{"type":"Point","coordinates":[23.633871,37.930327]},"properties":{"lines":"906","color":"#0059a9","mode":"bus","arr":["906"],"angle":-68.5}},{"type":"Feature","geometry":{"type":"Point","coordinates":[23.638532,37.934476]},"properties":{"lines":"906","color":"#0059a9","mode":"bus","arr":["906"],"angle":-11.2,"extra":1}},{"type":"Feature","geometry":{"type":"Point","coordinates":[23.640603,37.932223]},"properties":{"lines":"906","color":"#0059a9","mode":"bus","arr":["906"],"angle":-57,"extra":1}},{"type":"Feature","geometry":{"type":"Point","coordinates":[23.642854,37.938099]},"properties":{"lines":"049, 130, 906, Β1","color":"#0059a9","mode":"bus","arr":["049","130","906","Β1"],"angle":-56}},{"type":"Feature","geometry":{"type":"Point","coordinates":[23.643941,37.939356]},"properties":{"lines":"130, 906, Β1","color":"#0059a9","mode":"bus","arr":["130","906","Β1"],"angle":-55.1}},{"type":"Feature","geometry":{"type":"Point","coordinates":[23.630808,37.93862]},"properties":{"lines":"049, 130, 217, 826, 843, 859","color":"#0059a9","mode":"bus","arr":["049","130","217","826","843","859"],"angle":5}},{"type":"Feature","geometry":{"type":"Point","coordinates":[23.631901,37.938551]},"properties":{"lines":"049, 130, 217, 229, 826, 859","color":"#0059a9","mode":"bus","arr":["049","130","217","229","826","859"],"angle":4.2}},{"type":"Feature","geometry":{"type":"Point","coordinates":[23.699436,37.996862]},"properties":{"lines":"051, 052, Χ93","color":"#0059a9","mode":"bus","arr":["051","052","Χ93"],"angle":32.7}},{"type":"Feature","geometry":{"type":"Point","coordinates":[23.700988,37.996112]},"properties":{"lines":"051, 052","color":"#0059a9","mode":"bus","arr":["051","052"],"angle":26.3}},{"type":"Feature","geometry":{"type":"Point","coordinates":[23.704472,37.993604]},"properties":{"lines":"051","color":"#0059a9","mode":"bus","arr":["051"],"angle":34.8}},{"type":"Feature","geometry":{"type":"Point","coordinates":[23.712583,37.987946]},"properties":{"lines":"051","color":"#0059a9","mode":"bus","arr":["051"],"angle":64.7}},{"type":"Feature","geometry":{"type":"Point","coordinates":[23.710843,37.990897]},"properties":{"lines":"051","color":"#0059a9","mode":"bus","arr":["051"],"angle":63.9,"extra":1}},{"type":"Feature","geometry":{"type":"Point","coordinates":[23.723708,37.986851]},"properties":{"lines":"051","color":"#0059a9","mode":"bus","arr":["051"],"angle":10.3}},{"type":"Feature","geometry":{"type":"Point","coordinates":[23.727077,37.985328]},"properties":{"lines":"051","color":"#0059a9","mode":"bus","arr":["051"],"angle":-79.1}},{"type":"Feature","geometry":{"type":"Point","coordinates":[23.71821,37.986879]},"properties":{"lines":"051","color":"#0059a9","mode":"bus","arr":["051"],"angle":61.1}},{"type":"Feature","geometry":{"type":"Point","coordinates":[23.710178,37.991945]},"properties":{"lines":"051","color":"#0059a9","mode":"bus","arr":["051"],"angle":63.8}},{"type":"Feature","geometry":{"type":"Point","coordinates":[23.722184,37.985929]},"properties":{"lines":"051, Β15","color":"#0059a9","mode":"bus","arr":["051","Β15"],"angle":53.2}},{"type":"Feature","geometry":{"type":"Point","coordinates":[23.727052,37.986744]},"properties":{"lines":"051, 732, Α11, Β11, Β9","color":"#0059a9","mode":"bus","arr":["051","732","Α11","Β11","Β9"],"angle":66.9}},{"type":"Feature","geometry":{"type":"Point","coordinates":[23.720463,37.985179]},"properties":{"lines":"051, Α15","color":"#0059a9","mode":"bus","arr":["051","Α15"],"angle":-15.3}},{"type":"Feature","geometry":{"type":"Point","coordinates":[23.700826,37.997472]},"properties":{"lines":"051, Χ93","color":"#0059a9","mode":"bus","arr":["051","Χ93"],"angle":-82}},{"type":"Feature","geometry":{"type":"Point","coordinates":[23.701134,37.999198]},"properties":{"lines":"Χ93","color":"#0059a9","mode":"bus","arr":["Χ93"],"angle":-82}},{"type":"Feature","geometry":{"type":"Point","coordinates":[23.709598,38.004613]},"properties":{"lines":"Χ93","color":"#0059a9","mode":"bus","arr":["Χ93"],"angle":-30.4}},{"type":"Feature","geometry":{"type":"Point","coordinates":[23.747783,38.058742]},"properties":{"lines":"Χ93","color":"#0059a9","mode":"bus","arr":["Χ93"],"angle":-60.8}},{"type":"Feature","geometry":{"type":"Point","coordinates":[23.721581,38.017274]},"properties":{"lines":"Χ93","color":"#0059a9","mode":"bus","arr":["Χ93"],"angle":-66.8,"extra":1}},{"type":"Feature","geometry":{"type":"Point","coordinates":[23.724973,38.021377]},"properties":{"lines":"Χ93","color":"#0059a9","mode":"bus","arr":["Χ93"],"angle":-73.1,"extra":1}},{"type":"Feature","geometry":{"type":"Point","coordinates":[23.726759,38.026103]},"properties":{"lines":"Χ93","color":"#0059a9","mode":"bus","arr":["Χ93"],"angle":-66.6,"extra":1}},{"type":"Feature","geometry":{"type":"Point","coordinates":[23.728926,38.030733]},"properties":{"lines":"Χ93","color":"#0059a9","mode":"bus","arr":["Χ93"],"angle":-61.9,"extra":1}},{"type":"Feature","geometry":{"type":"Point","coordinates":[23.731953,38.035065]},"properties":{"lines":"Χ93","color":"#0059a9","mode":"bus","arr":["Χ93"],"angle":-61.4,"extra":1}},{"type":"Feature","geometry":{"type":"Point","coordinates":[23.734252,38.03961]},"properties":{"lines":"Χ93","color":"#0059a9","mode":"bus","arr":["Χ93"],"angle":-84.3,"extra":1}},{"type":"Feature","geometry":{"type":"Point","coordinates":[23.736355,38.044125]},"properties":{"lines":"Χ93","color":"#0059a9","mode":"bus","arr":["Χ93"],"angle":-44.4,"extra":1}},{"type":"Feature","geometry":{"type":"Point","coordinates":[23.740558,38.047792]},"properties":{"lines":"Χ93","color":"#0059a9","mode":"bus","arr":["Χ93"],"angle":-49.3,"extra":1}},{"type":"Feature","geometry":{"type":"Point","coordinates":[23.744444,38.051663]},"properties":{"lines":"Χ93","color":"#0059a9","mode":"bus","arr":["Χ93"],"angle":-63.7,"extra":1}},{"type":"Feature","geometry":{"type":"Point","coordinates":[23.755441,38.060029]},"properties":{"lines":"Χ93","color":"#0059a9","mode":"bus","arr":["Χ93"],"angle":4.8,"extra":1}},{"type":"Feature","geometry":{"type":"Point","coordinates":[23.761702,38.05979]},"properties":{"lines":"Χ93","color":"#0059a9","mode":"bus","arr":["Χ93"],"angle":2.5,"extra":1}},{"type":"Feature","geometry":{"type":"Point","coordinates":[23.767692,38.05851]},"properties":{"lines":"Χ93","color":"#0059a9","mode":"bus","arr":["Χ93"],"angle":27.2,"extra":1}},{"type":"Feature","geometry":{"type":"Point","coordinates":[23.773232,38.056189]},"properties":{"lines":"Χ93","color":"#0059a9","mode":"bus","arr":["Χ93"],"angle":30.7,"extra":1}},{"type":"Feature","geometry":{"type":"Point","coordinates":[23.778334,38.053319]},"properties":{"lines":"Χ93","color":"#0059a9","mode":"bus","arr":["Χ93"],"angle":38.2,"extra":1}},{"type":"Feature","geometry":{"type":"Point","coordinates":[23.783208,38.050204]},"properties":{"lines":"Χ93","color":"#0059a9","mode":"bus","arr":["Χ93"],"angle":39.3,"extra":1}},{"type":"Feature","geometry":{"type":"Point","coordinates":[23.788061,38.047068]},"properties":{"lines":"Χ93","color":"#0059a9","mode":"bus","arr":["Χ93"],"angle":39.3,"extra":1}},{"type":"Feature","geometry":{"type":"Point","coordinates":[23.793594,38.044826]},"properties":{"lines":"Χ93","color":"#0059a9","mode":"bus","arr":["Χ93"],"angle":20.2,"extra":1}},{"type":"Feature","geometry":{"type":"Point","coordinates":[23.799428,38.043013]},"properties":{"lines":"Χ93","color":"#0059a9","mode":"bus","arr":["Χ93"],"angle":20.4,"extra":1}},{"type":"Feature","geometry":{"type":"Point","coordinates":[23.841416,38.022745]},"properties":{"lines":"Χ93","color":"#0059a9","mode":"bus","arr":["Χ93"],"angle":9.9}},{"type":"Feature","geometry":{"type":"Point","coordinates":[23.806792,38.040897]},"properties":{"lines":"Χ93","color":"#0059a9","mode":"bus","arr":["Χ93"],"angle":18.9,"extra":1}},{"type":"Feature","geometry":{"type":"Point","coordinates":[23.812673,38.03918]},"properties":{"lines":"Χ93","color":"#0059a9","mode":"bus","arr":["Χ93"],"angle":22.1,"extra":1}},{"type":"Feature","geometry":{"type":"Point","coordinates":[23.818024,38.036655]},"properties":{"lines":"Χ93","color":"#0059a9","mode":"bus","arr":["Χ93"],"angle":42.9,"extra":1}},{"type":"Feature","geometry":{"type":"Point","coordinates":[23.82226,38.033007]},"properties":{"lines":"Χ93","color":"#0059a9","mode":"bus","arr":["Χ93"],"angle":48.4,"extra":1}},{"type":"Feature","geometry":{"type":"Point","coordinates":[23.826435,38.029315]},"properties":{"lines":"Χ93","color":"#0059a9","mode":"bus","arr":["Χ93"],"angle":48.4,"extra":1}},{"type":"Feature","geometry":{"type":"Point","coordinates":[23.830955,38.025907]},"properties":{"lines":"Χ93","color":"#0059a9","mode":"bus","arr":["Χ93"],"angle":34.4,"extra":1}},{"type":"Feature","geometry":{"type":"Point","coordinates":[23.836581,38.023764]},"properties":{"lines":"Χ93","color":"#0059a9","mode":"bus","arr":["Χ93"],"angle":17.9,"extra":1}},{"type":"Feature","geometry":{"type":"Point","coordinates":[23.848845,38.021738]},"properties":{"lines":"Χ93","color":"#0059a9","mode":"bus","arr":["Χ93"],"angle":5.7,"extra":1}},{"type":"Feature","geometry":{"type":"Point","coordinates":[23.85505,38.021013]},"properties":{"lines":"Χ93","color":"#0059a9","mode":"bus","arr":["Χ93"],"angle":10.5,"extra":1}},{"type":"Feature","geometry":{"type":"Point","coordinates":[23.861058,38.019657]},"properties":{"lines":"Χ93","color":"#0059a9","mode":"bus","arr":["Χ93"],"angle":25.9,"extra":1}},{"type":"Feature","geometry":{"type":"Point","coordinates":[23.865735,38.016443]},"properties":{"lines":"Χ93","color":"#0059a9","mode":"bus","arr":["Χ93"],"angle":58.3,"extra":1}},{"type":"Feature","geometry":{"type":"Point","coordinates":[23.867855,38.011838]},"properties":{"lines":"Χ93","color":"#0059a9","mode":"bus","arr":["Χ93"],"angle":82.5,"extra":1}},{"type":"Feature","geometry":{"type":"Point","coordinates":[23.868983,38.006979]},"properties":{"lines":"Χ93","color":"#0059a9","mode":"bus","arr":["Χ93"],"angle":74,"extra":1}},{"type":"Feature","geometry":{"type":"Point","coordinates":[23.87053,38.002188]},"properties":{"lines":"Χ93","color":"#0059a9","mode":"bus","arr":["Χ93"],"angle":77.7,"extra":1}},{"type":"Feature","geometry":{"type":"Point","coordinates":[23.944889,37.934696]},"properties":{"lines":"Χ93","color":"#0059a9","mode":"bus","arr":["Χ93"],"angle":-42.5}},{"type":"Feature","geometry":{"type":"Point","coordinates":[23.690985,37.988327]},"properties":{"lines":"052, 813, 856, 865","color":"#0059a9","mode":"bus","arr":["052","813","856","865"],"angle":18.7}},{"type":"Feature","geometry":{"type":"Point","coordinates":[23.699377,37.994502]},"properties":{"lines":"052","color":"#0059a9","mode":"bus","arr":["052"],"angle":-39.8}},{"type":"Feature","geometry":{"type":"Point","coordinates":[23.69601,37.990896]},"properties":{"lines":"052","color":"#0059a9","mode":"bus","arr":["052"],"angle":-66.9}},{"type":"Feature","geometry":{"type":"Point","coordinates":[23.693069,37.994726]},"properties":{"lines":"052, 420","color":"#0059a9","mode":"bus","arr":["052","420"],"angle":-48.1}},{"type":"Feature","geometry":{"type":"Point","coordinates":[23.689972,37.991995]},"properties":{"lines":"052, 420","color":"#0059a9","mode":"bus","arr":["052","420"],"angle":-47.3,"extra":1}},{"type":"Feature","geometry":{"type":"Point","coordinates":[23.70971,38.004529]},"properties":{"lines":"420","color":"#0059a9","mode":"bus","arr":["420"],"angle":-28.8}},{"type":"Feature","geometry":{"type":"Point","coordinates":[23.626642,37.943384]},"properties":{"lines":"420","color":"#0059a9","mode":"bus","arr":["420"],"angle":-27.8}},{"type":"Feature","geometry":{"type":"Point","coordinates":[23.663724,37.951415]},"properties":{"lines":"420","color":"#0059a9","mode":"bus","arr":["420"],"angle":-22.6}},{"type":"Feature","geometry":{"type":"Point","coordinates":[23.660115,37.950265]},"properties":{"lines":"420","color":"#0059a9","mode":"bus","arr":["420"],"angle":-22.7,"extra":1}},{"type":"Feature","geometry":{"type":"Point","coordinates":[23.677202,37.962496]},"properties":{"lines":"420","color":"#0059a9","mode":"bus","arr":["420"],"angle":-71.3}},{"type":"Feature","geometry":{"type":"Point","coordinates":[23.679686,37.979638]},"properties":{"lines":"420","color":"#0059a9","mode":"bus","arr":["420"],"angle":-55.9}},{"type":"Feature","geometry":{"type":"Point","coordinates":[23.67565,37.970713]},"properties":{"lines":"420","color":"#0059a9","mode":"bus","arr":["420"],"angle":59,"extra":1}},{"type":"Feature","geometry":{"type":"Point","coordinates":[23.676607,37.9753]},"properties":{"lines":"420","color":"#0059a9","mode":"bus","arr":["420"],"angle":-60,"extra":1}},{"type":"Feature","geometry":{"type":"Point","coordinates":[23.68281,37.983886]},"properties":{"lines":"420","color":"#0059a9","mode":"bus","arr":["420"],"angle":-59.6,"extra":1}},{"type":"Feature","geometry":{"type":"Point","coordinates":[23.685847,37.98821]},"properties":{"lines":"420","color":"#0059a9","mode":"bus","arr":["420"],"angle":-59.9,"extra":1}},{"type":"Feature","geometry":{"type":"Point","coordinates":[23.756058,38.031173]},"properties":{"lines":"054","color":"#0059a9","mode":"bus","arr":["054"],"angle":-21.7}},{"type":"Feature","geometry":{"type":"Point","coordinates":[23.750184,38.026473]},"properties":{"lines":"054","color":"#0059a9","mode":"bus","arr":["054"],"angle":-61}},{"type":"Feature","geometry":{"type":"Point","coordinates":[23.745804,38.024121]},"properties":{"lines":"054","color":"#0059a9","mode":"bus","arr":["054"],"angle":-38.9}},{"type":"Feature","geometry":{"type":"Point","coordinates":[23.743722,38.018887]},"properties":{"lines":"054","color":"#0059a9","mode":"bus","arr":["054"],"angle":-35.8}},{"type":"Feature","geometry":{"type":"Point","coordinates":[23.740221,38.017482]},"properties":{"lines":"054","color":"#0059a9","mode":"bus","arr":["054"],"angle":5.9}},{"type":"Feature","geometry":{"type":"Point","coordinates":[23.739066,38.013036]},"properties":{"lines":"054","color":"#0059a9","mode":"bus","arr":["054"],"angle":-88}},{"type":"Feature","geometry":{"type":"Point","coordinates":[23.735795,38.004664]},"properties":{"lines":"054","color":"#0059a9","mode":"bus","arr":["054"],"angle":-79.1}},{"type":"Feature","geometry":{"type":"Point","coordinates":[23.738297,38.01027]},"properties":{"lines":"054","color":"#0059a9","mode":"bus","arr":["054"],"angle":4.8,"extra":1}},{"type":"Feature","geometry":{"type":"Point","coordinates":[23.736054,38.008186]},"properties":{"lines":"054","color":"#0059a9","mode":"bus","arr":["054"],"angle":-88.8,"extra":1}},{"type":"Feature","geometry":{"type":"Point","coordinates":[23.732058,38.000279]},"properties":{"lines":"054","color":"#0059a9","mode":"bus","arr":["054"],"angle":-31.1,"extra":1}},{"type":"Feature","geometry":{"type":"Point","coordinates":[23.741401,38.018781]},"properties":{"lines":"054","color":"#0059a9","mode":"bus","arr":["054"],"angle":-83.7}},{"type":"Feature","geometry":{"type":"Point","coordinates":[23.740941,38.017292]},"properties":{"lines":"054","color":"#0059a9","mode":"bus","arr":["054"],"angle":56.1}},{"type":"Feature","geometry":{"type":"Point","coordinates":[23.768088,38.033919]},"properties":{"lines":"054, 605","color":"#0059a9","mode":"bus","arr":["054","605"],"angle":4.1}},{"type":"Feature","geometry":{"type":"Point","coordinates":[23.7631,38.033417]},"properties":{"lines":"054, 444, 605","color":"#0059a9","mode":"bus","arr":["054","444","605"],"angle":-16.3}},{"type":"Feature","geometry":{"type":"Point","coordinates":[23.739595,38.017635]},"properties":{"lines":"054, 444","color":"#0059a9","mode":"bus","arr":["054","444"],"angle":-85.2}},{"type":"Feature","geometry":{"type":"Point","coordinates":[23.730202,37.992975]},"properties":{"lines":"054, 500","color":"#0059a9","mode":"bus","arr":["054","500"],"angle":-78.8}},{"type":"Feature","geometry":{"type":"Point","coordinates":[23.711548,38.000688]},"properties":{"lines":"057","color":"#0059a9","mode":"bus","arr":["057"],"angle":23}},{"type":"Feature","geometry":{"type":"Point","coordinates":[23.730778,37.981934]},"properties":{"lines":"057","color":"#0059a9","mode":"bus","arr":["057"],"angle":-33.7}},{"type":"Feature","geometry":{"type":"Point","coordinates":[23.719565,37.990152]},"properties":{"lines":"057","color":"#0059a9","mode":"bus","arr":["057"],"angle":-87.1}},{"type":"Feature","geometry":{"type":"Point","coordinates":[23.71367,38.002711]},"properties":{"lines":"057","color":"#0059a9","mode":"bus","arr":["057"],"angle":12.5}},{"type":"Feature","geometry":{"type":"Point","coordinates":[23.714569,38.002127]},"properties":{"lines":"057","color":"#0059a9","mode":"bus","arr":["057"],"angle":70.2}},{"type":"Feature","geometry":{"type":"Point","coordinates":[23.719612,37.993159]},"properties":{"lines":"057","color":"#0059a9","mode":"bus","arr":["057"],"angle":-15.2}},{"type":"Feature","geometry":{"type":"Point","coordinates":[23.720701,37.986804]},"properties":{"lines":"057, Α15","color":"#0059a9","mode":"bus","arr":["057","Α15"],"angle":61.4}},{"type":"Feature","geometry":{"type":"Point","coordinates":[23.736912,37.978414]},"properties":{"lines":"060, 203, 204, 204Β, 211, 214, 220, 221, 230, 235, 608, 622, Α2, Α5","color":"#0059a9","mode":"bus","arr":["060","203","204","204Β","211","214","220","221","230","235","608","622","Α2","Α5"],"angle":56.9}},{"type":"Feature","geometry":{"type":"Point","coordinates":[23.73906,37.977127]},"properties":{"lines":"060","color":"#0059a9","mode":"bus","arr":["060"],"angle":9.7}},{"type":"Feature","geometry":{"type":"Point","coordinates":[23.742328,37.977625]},"properties":{"lines":"060","color":"#0059a9","mode":"bus","arr":["060"],"angle":-16.2}},{"type":"Feature","geometry":{"type":"Point","coordinates":[23.748334,37.97847]},"properties":{"lines":"060","color":"#0059a9","mode":"bus","arr":["060"],"angle":-16.5}},{"type":"Feature","geometry":{"type":"Point","coordinates":[23.750542,37.981391]},"properties":{"lines":"060","color":"#0059a9","mode":"bus","arr":["060"],"angle":-29.9}},{"type":"Feature","geometry":{"type":"Point","coordinates":[23.740688,37.982047]},"properties":{"lines":"060","color":"#0059a9","mode":"bus","arr":["060"],"angle":-62.2}},{"type":"Feature","geometry":{"type":"Point","coordinates":[23.75317,37.983566]},"properties":{"lines":"060","color":"#0059a9","mode":"bus","arr":["060"],"angle":-53.5,"extra":1}},{"type":"Feature","geometry":{"type":"Point","coordinates":[23.748922,37.981303]},"properties":{"lines":"060","color":"#0059a9","mode":"bus","arr":["060"],"angle":-39,"extra":1}},{"type":"Feature","geometry":{"type":"Point","coordinates":[23.743062,37.979636]},"properties":{"lines":"060","color":"#0059a9","mode":"bus","arr":["060"],"angle":-16.9,"extra":1}},{"type":"Feature","geometry":{"type":"Point","coordinates":[23.746509,37.985818]},"properties":{"lines":"060","color":"#0059a9","mode":"bus","arr":["060"],"angle":-32.5,"extra":1}},{"type":"Feature","geometry":{"type":"Point","coordinates":[23.752117,37.987029]},"properties":{"lines":"060","color":"#0059a9","mode":"bus","arr":["060"],"angle":12.6,"extra":1}},{"type":"Feature","geometry":{"type":"Point","coordinates":[23.747097,37.979418]},"properties":{"lines":"060","color":"#0059a9","mode":"bus","arr":["060"],"angle":-16.9}},{"type":"Feature","geometry":{"type":"Point","coordinates":[23.759146,37.889408]},"properties":{"lines":"101","color":"#0059a9","mode":"bus","arr":["101"],"angle":-64.8}},{"type":"Feature","geometry":{"type":"Point","coordinates":[23.750995,37.89588]},"properties":{"lines":"101","color":"#0059a9","mode":"bus","arr":["101"],"angle":89.3}},{"type":"Feature","geometry":{"type":"Point","coordinates":[23.75017,37.899242]},"properties":{"lines":"101","color":"#0059a9","mode":"bus","arr":["101"],"angle":85.7,"extra":1}},{"type":"Feature","geometry":{"type":"Point","coordinates":[23.7449,37.912936]},"properties":{"lines":"101","color":"#0059a9","mode":"bus","arr":["101"],"angle":85}},{"type":"Feature","geometry":{"type":"Point","coordinates":[23.727823,37.918692]},"properties":{"lines":"101","color":"#0059a9","mode":"bus","arr":["101"],"angle":28.9}},{"type":"Feature","geometry":{"type":"Point","coordinates":[23.731339,37.91835]},"properties":{"lines":"101","color":"#0059a9","mode":"bus","arr":["101"],"angle":19.9,"extra":1}},{"type":"Feature","geometry":{"type":"Point","coordinates":[23.712292,37.91142]},"properties":{"lines":"101","color":"#0059a9","mode":"bus","arr":["101"],"angle":-46.1}},{"type":"Feature","geometry":{"type":"Point","coordinates":[23.701601,37.917125]},"properties":{"lines":"101","color":"#0059a9","mode":"bus","arr":["101"],"angle":-87.5}},{"type":"Feature","geometry":{"type":"Point","coordinates":[23.75509,37.892288]},"properties":{"lines":"101, 124, 154, 205","color":"#0059a9","mode":"bus","arr":["101","124","154","205"],"angle":1.4}},{"type":"Feature","geometry":{"type":"Point","coordinates":[23.750245,37.902429]},"properties":{"lines":"101, 201","color":"#0059a9","mode":"bus","arr":["101","201"],"angle":-88.5}},{"type":"Feature","geometry":{"type":"Point","coordinates":[23.748389,37.908089]},"properties":{"lines":"101, 140, 142, Β1","color":"#0059a9","mode":"bus","arr":["101","140","142","Β1"],"angle":52.7}},{"type":"Feature","geometry":{"type":"Point","coordinates":[23.745833,37.910751]},"properties":{"lines":"101, 142, Β1","color":"#0059a9","mode":"bus","arr":["101","142","Β1"],"angle":52.6}},{"type":"Feature","geometry":{"type":"Point","coordinates":[23.746834,37.904185]},"properties":{"lines":"142","color":"#0059a9","mode":"bus","arr":["142"],"angle":-88.8}},{"type":"Feature","geometry":{"type":"Point","coordinates":[23.739756,37.917083]},"properties":{"lines":"142","color":"#0059a9","mode":"bus","arr":["142"],"angle":47.3}},{"type":"Feature","geometry":{"type":"Point","coordinates":[23.734992,37.912239]},"properties":{"lines":"142","color":"#0059a9","mode":"bus","arr":["142"],"angle":-73.9}},{"type":"Feature","geometry":{"type":"Point","coordinates":[23.744783,37.912876]},"properties":{"lines":"142, 790, Α3","color":"#0059a9","mode":"bus","arr":["142","790","Α3"],"angle":83.9}},{"type":"Feature","geometry":{"type":"Point","coordinates":[23.744552,37.914577]},"properties":{"lines":"101, 142, 790, Α3","color":"#0059a9","mode":"bus","arr":["101","142","790","Α3"],"angle":85.1}},{"type":"Feature","geometry":{"type":"Point","coordinates":[23.744498,37.921395]},"properties":{"lines":"101, 790, Α3","color":"#0059a9","mode":"bus","arr":["101","790","Α3"],"angle":-89.9}},{"type":"Feature","geometry":{"type":"Point","coordinates":[23.744487,37.917639]},"properties":{"lines":"101, 790, Α3","color":"#0059a9","mode":"bus","arr":["101","790","Α3"],"angle":-89.9,"extra":1}},{"type":"Feature","geometry":{"type":"Point","coordinates":[23.74452,37.927531]},"properties":{"lines":"101, 790, Α3","color":"#0059a9","mode":"bus","arr":["101","790","Α3"],"angle":-89.5,"extra":1}},{"type":"Feature","geometry":{"type":"Point","coordinates":[23.738949,37.92407]},"properties":{"lines":"101, 109","color":"#0059a9","mode":"bus","arr":["101","109"],"angle":-48.4}},{"type":"Feature","geometry":{"type":"Point","coordinates":[23.741787,37.926488]},"properties":{"lines":"101, 109","color":"#0059a9","mode":"bus","arr":["101","109"],"angle":-29.5,"extra":1}},{"type":"Feature","geometry":{"type":"Point","coordinates":[23.735108,37.918383]},"properties":{"lines":"101, 109, 142","color":"#0059a9","mode":"bus","arr":["101","109","142"],"angle":-51.1}},{"type":"Feature","geometry":{"type":"Point","coordinates":[23.717883,37.91606]},"properties":{"lines":"101, 141","color":"#0059a9","mode":"bus","arr":["101","141"],"angle":-50}},{"type":"Feature","geometry":{"type":"Point","coordinates":[23.720226,37.918438]},"properties":{"lines":"101, 141","color":"#0059a9","mode":"bus","arr":["101","141"],"angle":-62.8,"extra":1}},{"type":"Feature","geometry":{"type":"Point","coordinates":[23.709564,37.912395]},"properties":{"lines":"101, Α1, Β2","color":"#0059a9","mode":"bus","arr":["101","Α1","Β2"],"angle":56.7}},{"type":"Feature","geometry":{"type":"Point","coordinates":[23.705654,37.91618]},"properties":{"lines":"101, 217, Α1, Β2","color":"#0059a9","mode":"bus","arr":["101","217","Α1","Β2"],"angle":44.7}},{"type":"Feature","geometry":{"type":"Point","coordinates":[23.72449,37.925788]},"properties":{"lines":"106, 126","color":"#0059a9","mode":"bus","arr":["106","126"],"angle":58.2}},{"type":"Feature","geometry":{"type":"Point","coordinates":[23.705909,37.922502]},"properties":{"lines":"106, 126","color":"#0059a9","mode":"bus","arr":["106","126"],"angle":68.8}},{"type":"Feature","geometry":{"type":"Point","coordinates":[23.719958,37.923559]},"properties":{"lines":"106, 126, 217, 229","color":"#0059a9","mode":"bus","arr":["106","126","217","229"],"angle":-31.8}},{"type":"Feature","geometry":{"type":"Point","coordinates":[23.716488,37.922322]},"properties":{"lines":"106, 126, 217, 229","color":"#0059a9","mode":"bus","arr":["106","126","217","229"],"angle":-14,"extra":1}},{"type":"Feature","geometry":{"type":"Point","coordinates":[23.709571,37.922213]},"properties":{"lines":"106, 126, 217, 229","color":"#0059a9","mode":"bus","arr":["106","126","217","229"],"angle":0.7,"extra":1}},{"type":"Feature","geometry":{"type":"Point","coordinates":[23.704212,37.926487]},"properties":{"lines":"106","color":"#0059a9","mode":"bus","arr":["106"],"angle":71.9}},{"type":"Feature","geometry":{"type":"Point","coordinates":[23.702821,37.929803]},"properties":{"lines":"106","color":"#0059a9","mode":"bus","arr":["106"],"angle":71.5,"extra":1}},{"type":"Feature","geometry":{"type":"Point","coordinates":[23.705673,37.94552]},"properties":{"lines":"106","color":"#0059a9","mode":"bus","arr":["106"],"angle":4.1}},{"type":"Feature","geometry":{"type":"Point","coordinates":[23.706542,37.950278]},"properties":{"lines":"106","color":"#0059a9","mode":"bus","arr":["106"],"angle":-69.8}},{"type":"Feature","geometry":{"type":"Point","coordinates":[23.702933,37.930623]},"properties":{"lines":"106, 130","color":"#0059a9","mode":"bus","arr":["106","130"],"angle":-65.6}},{"type":"Feature","geometry":{"type":"Point","coordinates":[23.703701,37.932379]},"properties":{"lines":"106, 130","color":"#0059a9","mode":"bus","arr":["106","130"],"angle":-75.5}},{"type":"Feature","geometry":{"type":"Point","coordinates":[23.710991,37.945795]},"properties":{"lines":"106, 130","color":"#0059a9","mode":"bus","arr":["106","130"],"angle":-76.2}},{"type":"Feature","geometry":{"type":"Point","coordinates":[23.702567,37.931231]},"properties":{"lines":"106, 130","color":"#0059a9","mode":"bus","arr":["106","130"],"angle":29.1}},{"type":"Feature","geometry":{"type":"Point","coordinates":[23.709921,37.945276]},"properties":{"lines":"106, 130","color":"#0059a9","mode":"bus","arr":["106","130"],"angle":4.2}},{"type":"Feature","geometry":{"type":"Point","coordinates":[23.70546,37.935277]},"properties":{"lines":"106, 130","color":"#0059a9","mode":"bus","arr":["106","130"],"angle":-61.8,"extra":1}},{"type":"Feature","geometry":{"type":"Point","coordinates":[23.706665,37.939961]},"properties":{"lines":"106, 130","color":"#0059a9","mode":"bus","arr":["106","130"],"angle":89.3,"extra":1}},{"type":"Feature","geometry":{"type":"Point","coordinates":[23.705175,37.947692]},"properties":{"lines":"106, 126, 550, Β2, Ε90","color":"#0059a9","mode":"bus","arr":["106","126","550","Β2","Ε90"],"angle":-44}},{"type":"Feature","geometry":{"type":"Point","coordinates":[23.711176,37.952394]},"properties":{"lines":"106, 126, 550, Ε90","color":"#0059a9","mode":"bus","arr":["106","126","550","Ε90"],"angle":-44.6}},{"type":"Feature","geometry":{"type":"Point","coordinates":[23.714084,37.954636]},"properties":{"lines":"106, 126, 550, Ε90","color":"#0059a9","mode":"bus","arr":["106","126","550","Ε90"],"angle":-44,"extra":1}},{"type":"Feature","geometry":{"type":"Point","coordinates":[23.721898,37.960731]},"properties":{"lines":"106, 126, 136, 137, 550, Β2, Ε90","color":"#0059a9","mode":"bus","arr":["106","126","136","137","550","Β2","Ε90"],"angle":-43.9}},{"type":"Feature","geometry":{"type":"Point","coordinates":[23.718771,37.958302]},"properties":{"lines":"106, 126, 136, 550, Β2, Ε90","color":"#0059a9","mode":"bus","arr":["106","126","136","550","Β2","Ε90"],"angle":-44.7}},{"type":"Feature","geometry":{"type":"Point","coordinates":[23.72511,37.963195]},"properties":{"lines":"106, 126, 136, 137, 550, 910, Β2, Ε90","color":"#0059a9","mode":"bus","arr":["106","126","136","137","550","910","Β2","Ε90"],"angle":-44.5}},{"type":"Feature","geometry":{"type":"Point","coordinates":[23.725769,37.963013]},"properties":{"lines":"106, 126, 136, 137, 910, Β2","color":"#0059a9","mode":"bus","arr":["106","126","136","137","910","Β2"],"angle":-48.2}},{"type":"Feature","geometry":{"type":"Point","coordinates":[23.708254,37.950374]},"properties":{"lines":"106, 218, 219, 816","color":"#0059a9","mode":"bus","arr":["106","218","219","816"],"angle":47.1}},{"type":"Feature","geometry":{"type":"Point","coordinates":[23.710685,37.948058]},"properties":{"lines":"106, 130, 218","color":"#0059a9","mode":"bus","arr":["106","130","218"],"angle":40.2}},{"type":"Feature","geometry":{"type":"Point","coordinates":[23.703739,37.927393]},"properties":{"lines":"106, 229, Α2","color":"#0059a9","mode":"bus","arr":["106","229","Α2"],"angle":72}},{"type":"Feature","geometry":{"type":"Point","coordinates":[23.704966,37.924423]},"properties":{"lines":"106, 229, Α2","color":"#0059a9","mode":"bus","arr":["106","229","Α2"],"angle":72,"extra":1}},{"type":"Feature","geometry":{"type":"Point","coordinates":[23.705687,37.922711]},"properties":{"lines":"106, 126, 229, Α2","color":"#0059a9","mode":"bus","arr":["106","126","229","Α2"],"angle":69.9}},{"type":"Feature","geometry":{"type":"Point","coordinates":[23.725954,37.927806]},"properties":{"lines":"141, 217","color":"#0059a9","mode":"bus","arr":["141","217"],"angle":-77.4}},{"type":"Feature","geometry":{"type":"Point","coordinates":[23.729756,37.938983]},"properties":{"lines":"141, 217","color":"#0059a9","mode":"bus","arr":["141","217"],"angle":37.9}},{"type":"Feature","geometry":{"type":"Point","coordinates":[23.725239,37.926116]},"properties":{"lines":"106, 126, 141","color":"#0059a9","mode":"bus","arr":["106","126","141"],"angle":-61.3}},{"type":"Feature","geometry":{"type":"Point","coordinates":[23.744743,37.927899]},"properties":{"lines":"164, 201","color":"#0059a9","mode":"bus","arr":["164","201"],"angle":62.4}},{"type":"Feature","geometry":{"type":"Point","coordinates":[23.742754,37.936284]},"properties":{"lines":"109, 164, 201","color":"#0059a9","mode":"bus","arr":["109","164","201"],"angle":58.2}},{"type":"Feature","geometry":{"type":"Point","coordinates":[23.740713,37.939835]},"properties":{"lines":"109, 164, 201","color":"#0059a9","mode":"bus","arr":["109","164","201"],"angle":75.3,"extra":1}},{"type":"Feature","geometry":{"type":"Point","coordinates":[23.744328,37.930613]},"properties":{"lines":"109, 164, 201","color":"#0059a9","mode":"bus","arr":["109","164","201"],"angle":-89.5,"extra":1}},{"type":"Feature","geometry":{"type":"Point","coordinates":[23.744307,37.928902]},"properties":{"lines":"109","color":"#0059a9","mode":"bus","arr":["109"],"angle":-89.7}},{"type":"Feature","geometry":{"type":"Point","coordinates":[23.720909,37.912394]},"properties":{"lines":"109","color":"#0059a9","mode":"bus","arr":["109"],"angle":-46.1}},{"type":"Feature","geometry":{"type":"Point","coordinates":[23.732368,37.915451]},"properties":{"lines":"109","color":"#0059a9","mode":"bus","arr":["109"],"angle":-54.9,"extra":1}},{"type":"Feature","geometry":{"type":"Point","coordinates":[23.72794,37.913505]},"properties":{"lines":"109","color":"#0059a9","mode":"bus","arr":["109"],"angle":34.8,"extra":1}},{"type":"Feature","geometry":{"type":"Point","coordinates":[23.71915,37.90931]},"properties":{"lines":"109","color":"#0059a9","mode":"bus","arr":["109"],"angle":55,"extra":1}},{"type":"Feature","geometry":{"type":"Point","coordinates":[23.723835,37.906649]},"properties":{"lines":"109","color":"#0059a9","mode":"bus","arr":["109"],"angle":-56.4,"extra":1}},{"type":"Feature","geometry":{"type":"Point","coordinates":[23.718701,37.905187]},"properties":{"lines":"109","color":"#0059a9","mode":"bus","arr":["109"],"angle":-28.6,"extra":1}},{"type":"Feature","geometry":{"type":"Point","coordinates":[23.736246,37.919339]},"properties":{"lines":"109","color":"#0059a9","mode":"bus","arr":["109"],"angle":-51,"extra":1}},{"type":"Feature","geometry":{"type":"Point","coordinates":[23.721581,37.912417]},"properties":{"lines":"109","color":"#0059a9","mode":"bus","arr":["109"],"angle":-60.8}},{"type":"Feature","geometry":{"type":"Point","coordinates":[23.722151,37.908918]},"properties":{"lines":"109","color":"#0059a9","mode":"bus","arr":["109"],"angle":16.5,"extra":1}},{"type":"Feature","geometry":{"type":"Point","coordinates":[23.726918,37.914006]},"properties":{"lines":"109","color":"#0059a9","mode":"bus","arr":["109"],"angle":34,"extra":1}},{"type":"Feature","geometry":{"type":"Point","coordinates":[23.73195,37.914832]},"properties":{"lines":"109","color":"#0059a9","mode":"bus","arr":["109"],"angle":-54.1}},{"type":"Feature","geometry":{"type":"Point","coordinates":[23.725509,37.887805]},"properties":{"lines":"140, Α1","color":"#0059a9","mode":"bus","arr":["140","Α1"],"angle":62.7}},{"type":"Feature","geometry":{"type":"Point","coordinates":[23.719854,37.902902]},"properties":{"lines":"140, Α1","color":"#0059a9","mode":"bus","arr":["140","Α1"],"angle":84.4,"extra":1}},{"type":"Feature","geometry":{"type":"Point","coordinates":[23.720476,37.898007]},"properties":{"lines":"140, Α1","color":"#0059a9","mode":"bus","arr":["140","Α1"],"angle":76.5,"extra":1}},{"type":"Feature","geometry":{"type":"Point","coordinates":[23.721996,37.893214]},"properties":{"lines":"140, Α1","color":"#0059a9","mode":"bus","arr":["140","Α1"],"angle":65.5,"extra":1}},{"type":"Feature","geometry":{"type":"Point","coordinates":[23.727723,37.884412]},"properties":{"lines":"140, Α1","color":"#0059a9","mode":"bus","arr":["140","Α1"],"angle":62.8,"extra":1}},{"type":"Feature","geometry":{"type":"Point","coordinates":[23.730469,37.879969]},"properties":{"lines":"140, Α1","color":"#0059a9","mode":"bus","arr":["140","Α1"],"angle":71.2,"extra":1}},{"type":"Feature","geometry":{"type":"Point","coordinates":[23.732936,37.8755]},"properties":{"lines":"140, Α1","color":"#0059a9","mode":"bus","arr":["140","Α1"],"angle":48.1,"extra":1}},{"type":"Feature","geometry":{"type":"Point","coordinates":[23.718826,37.906293]},"properties":{"lines":"109, 140","color":"#0059a9","mode":"bus","arr":["109","140"],"angle":-12.2}},{"type":"Feature","geometry":{"type":"Point","coordinates":[23.722079,37.90677]},"properties":{"lines":"109, 140, Β1, Β2","color":"#0059a9","mode":"bus","arr":["109","140","Β1","Β2"],"angle":-9.8}},{"type":"Feature","geometry":{"type":"Point","coordinates":[23.744532,37.929003]},"properties":{"lines":"109, 790, Α3","color":"#0059a9","mode":"bus","arr":["109","790","Α3"],"angle":-89.7}},{"type":"Feature","geometry":{"type":"Point","coordinates":[23.743435,37.935745]},"properties":{"lines":"109, 201, 790, Α3","color":"#0059a9","mode":"bus","arr":["109","201","790","Α3"],"angle":58}},{"type":"Feature","geometry":{"type":"Point","coordinates":[23.744562,37.932853]},"properties":{"lines":"109, 201, 790, Α3","color":"#0059a9","mode":"bus","arr":["109","201","790","Α3"],"angle":89.3,"extra":1}},{"type":"Feature","geometry":{"type":"Point","coordinates":[23.740996,37.941094]},"properties":{"lines":"109, 201","color":"#0059a9","mode":"bus","arr":["109","201"],"angle":-88.5}},{"type":"Feature","geometry":{"type":"Point","coordinates":[23.737497,37.935787]},"properties":{"lines":"112","color":"#0059a9","mode":"bus","arr":["112"],"angle":59.2}},{"type":"Feature","geometry":{"type":"Point","coordinates":[23.737639,37.942218]},"properties":{"lines":"112","color":"#0059a9","mode":"bus","arr":["112"],"angle":-58.2}},{"type":"Feature","geometry":{"type":"Point","coordinates":[23.736162,37.933103]},"properties":{"lines":"112","color":"#0059a9","mode":"bus","arr":["112"],"angle":-2.3}},{"type":"Feature","geometry":{"type":"Point","coordinates":[23.735182,37.930054]},"properties":{"lines":"112","color":"#0059a9","mode":"bus","arr":["112"],"angle":57.3,"extra":1}},{"type":"Feature","geometry":{"type":"Point","coordinates":[23.73163,37.926471]},"properties":{"lines":"112","color":"#0059a9","mode":"bus","arr":["112"],"angle":-58.4}},{"type":"Feature","geometry":{"type":"Point","coordinates":[23.729789,37.923859]},"properties":{"lines":"112","color":"#0059a9","mode":"bus","arr":["112"],"angle":-76,"extra":1}},{"type":"Feature","geometry":{"type":"Point","coordinates":[23.728265,37.922623]},"properties":{"lines":"112","color":"#0059a9","mode":"bus","arr":["112"],"angle":-74.5}},{"type":"Feature","geometry":{"type":"Point","coordinates":[23.730754,37.92216]},"properties":{"lines":"112","color":"#0059a9","mode":"bus","arr":["112"],"angle":-81.4}},{"type":"Feature","geometry":{"type":"Point","coordinates":[23.733114,37.925669]},"properties":{"lines":"112","color":"#0059a9","mode":"bus","arr":["112"],"angle":-72.5}},{"type":"Feature","geometry":{"type":"Point","coordinates":[23.736428,37.92939]},"properties":{"lines":"112","color":"#0059a9","mode":"bus","arr":["112"],"angle":45.2}},{"type":"Feature","geometry":{"type":"Point","coordinates":[23.730341,37.923218]},"properties":{"lines":"112","color":"#0059a9","mode":"bus","arr":["112"],"angle":-54.3}},{"type":"Feature","geometry":{"type":"Point","coordinates":[23.735062,37.945861]},"properties":{"lines":"112, 141, 229","color":"#0059a9","mode":"bus","arr":["112","141","229"],"angle":-58.8}},{"type":"Feature","geometry":{"type":"Point","coordinates":[23.736292,37.947368]},"properties":{"lines":"112, 131, 141, 229","color":"#0059a9","mode":"bus","arr":["112","131","141","229"],"angle":-55.5}},{"type":"Feature","geometry":{"type":"Point","coordinates":[23.736945,37.948857]},"properties":{"lines":"112, 131, 141","color":"#0059a9","mode":"bus","arr":["112","131","141"],"angle":38.1}},{"type":"Feature","geometry":{"type":"Point","coordinates":[23.73794,37.948759]},"properties":{"lines":"112, 206, 219, 237, 816","color":"#0059a9","mode":"bus","arr":["112","206","219","237","816"],"angle":-22.6}},{"type":"Feature","geometry":{"type":"Point","coordinates":[23.739597,37.94281]},"properties":{"lines":"112, 219, 816","color":"#0059a9","mode":"bus","arr":["112","219","816"],"angle":-40.5}},{"type":"Feature","geometry":{"type":"Point","coordinates":[23.739027,37.946433]},"properties":{"lines":"112, 219, 816","color":"#0059a9","mode":"bus","arr":["112","219","816"],"angle":79.5,"extra":1}},{"type":"Feature","geometry":{"type":"Point","coordinates":[23.735517,37.937693]},"properties":{"lines":"112, 219, 816","color":"#0059a9","mode":"bus","arr":["112","219","816"],"angle":-57.4,"extra":1}},{"type":"Feature","geometry":{"type":"Point","coordinates":[23.742745,37.868997]},"properties":{"lines":"115, 117, 120, 124, 128, 205, Α3","color":"#0059a9","mode":"bus","arr":["115","117","120","124","128","205","Α3"],"angle":52.3}},{"type":"Feature","geometry":{"type":"Point","coordinates":[23.745213,37.86637]},"properties":{"lines":"115, 117, 120, 124, 128, 205, Α3","color":"#0059a9","mode":"bus","arr":["115","117","120","124","128","205","Α3"],"angle":71.8,"extra":1}},{"type":"Feature","geometry":{"type":"Point","coordinates":[23.74495,37.865245]},"properties":{"lines":"115, 117, 120, 122, 122Θ, 124, 128, 205, Α3","color":"#0059a9","mode":"bus","arr":["115","117","120","122","122Θ","124","128","205","Α3"],"angle":-52.4}},{"type":"Feature","geometry":{"type":"Point","coordinates":[23.747325,37.86257]},"properties":{"lines":"115, 117, 122, 122Θ, Α2, Α3, Χ96","color":"#0059a9","mode":"bus","arr":["115","117","122","122Θ","Α2","Α3","Χ96"],"angle":47.6}},{"type":"Feature","geometry":{"type":"Point","coordinates":[23.751695,37.854236]},"properties":{"lines":"115, 117, 122, 122Θ, Α2, Χ96","color":"#0059a9","mode":"bus","arr":["115","117","122","122Θ","Α2","Χ96"],"angle":-88.3}},{"type":"Feature","geometry":{"type":"Point","coordinates":[23.751774,37.858339]},"properties":{"lines":"115, 117, 122, 122Θ, Α2, Χ96","color":"#0059a9","mode":"bus","arr":["115","117","122","122Θ","Α2","Χ96"],"angle":82.9,"extra":1}},{"type":"Feature","geometry":{"type":"Point","coordinates":[23.753095,37.848567]},"properties":{"lines":"115, 117, 122, 122Θ, Α2, Χ96","color":"#0059a9","mode":"bus","arr":["115","117","122","122Θ","Α2","Χ96"],"angle":77.4,"extra":1}},{"type":"Feature","geometry":{"type":"Point","coordinates":[23.757335,37.84321]},"properties":{"lines":"115, 117, 122, 122Θ, Χ96","color":"#0059a9","mode":"bus","arr":["115","117","122","122Θ","Χ96"],"angle":47}},{"type":"Feature","geometry":{"type":"Point","coordinates":[23.754626,37.845568]},"properties":{"lines":"115, 117, 122, 122Θ, Χ96","color":"#0059a9","mode":"bus","arr":["115","117","122","122Θ","Χ96"],"angle":52.9,"extra":1}},{"type":"Feature","geometry":{"type":"Point","coordinates":[23.764926,37.837233]},"properties":{"lines":"115, 117, 122, 122Θ, 162, Α2, Χ96","color":"#0059a9","mode":"bus","arr":["115","117","122","122Θ","162","Α2","Χ96"],"angle":25.3}},{"type":"Feature","geometry":{"type":"Point","coordinates":[23.803387,37.819702]},"properties":{"lines":"115, 117","color":"#0059a9","mode":"bus","arr":["115","117"],"angle":-79.8}},{"type":"Feature","geometry":{"type":"Point","coordinates":[23.773829,37.82765]},"properties":{"lines":"115, 117, 122, 122Θ","color":"#0059a9","mode":"bus","arr":["115","117","122","122Θ"],"angle":78.7}},{"type":"Feature","geometry":{"type":"Point","coordinates":[23.772957,37.831151]},"properties":{"lines":"115, 117, 122, 122Θ","color":"#0059a9","mode":"bus","arr":["115","117","122","122Θ"],"angle":78,"extra":1}},{"type":"Feature","geometry":{"type":"Point","coordinates":[23.800364,37.808207]},"properties":{"lines":"115, 117, 122, 122Θ","color":"#0059a9","mode":"bus","arr":["115","117","122","122Θ"],"angle":-35.8}},{"type":"Feature","geometry":{"type":"Point","coordinates":[23.781565,37.813391]},"properties":{"lines":"115, 117, 122, 122Θ","color":"#0059a9","mode":"bus","arr":["115","117","122","122Θ"],"angle":67,"extra":1}},{"type":"Feature","geometry":{"type":"Point","coordinates":[23.783187,37.808796]},"properties":{"lines":"115, 117, 122, 122Θ","color":"#0059a9","mode":"bus","arr":["115","117","122","122Θ"],"angle":46.2,"extra":1}},{"type":"Feature","geometry":{"type":"Point","coordinates":[23.788912,37.801722]},"properties":{"lines":"115, 117, 122, 122Θ","color":"#0059a9","mode":"bus","arr":["115","117","122","122Θ"],"angle":-8.7,"extra":1}},{"type":"Feature","geometry":{"type":"Point","coordinates":[23.796575,37.801106]},"properties":{"lines":"115, 117, 122, 122Θ","color":"#0059a9","mode":"bus","arr":["115","117","122","122Θ"],"angle":-9.7,"extra":1}},{"type":"Feature","geometry":{"type":"Point","coordinates":[23.798446,37.805427]},"properties":{"lines":"115, 117, 122, 122Θ","color":"#0059a9","mode":"bus","arr":["115","117","122","122Θ"],"angle":-85.5,"extra":1}},{"type":"Feature","geometry":{"type":"Point","coordinates":[23.800903,37.814087]},"properties":{"lines":"115, 117, 122, 122Θ","color":"#0059a9","mode":"bus","arr":["115","117","122","122Θ"],"angle":81.2,"extra":1}},{"type":"Feature","geometry":{"type":"Point","coordinates":[23.77708,37.818165]},"properties":{"lines":"115, 122, 122Θ","color":"#0059a9","mode":"bus","arr":["115","122","122Θ"],"angle":69.6}},{"type":"Feature","geometry":{"type":"Point","coordinates":[23.779137,37.815045]},"properties":{"lines":"115, 122, 122Θ","color":"#0059a9","mode":"bus","arr":["115","122","122Θ"],"angle":28.1,"extra":1}},{"type":"Feature","geometry":{"type":"Point","coordinates":[23.783706,37.80827]},"properties":{"lines":"115, 122Θ","color":"#0059a9","mode":"bus","arr":["115","122Θ"],"angle":50}},{"type":"Feature","geometry":{"type":"Point","coordinates":[23.784824,37.804553]},"properties":{"lines":"115, 117, 122Θ","color":"#0059a9","mode":"bus","arr":["115","117","122Θ"],"angle":88.1}},{"type":"Feature","geometry":{"type":"Point","coordinates":[23.803806,37.827337]},"properties":{"lines":"115, 117, 171","color":"#0059a9","mode":"bus","arr":["115","117","171"],"angle":81.2}},{"type":"Feature","geometry":{"type":"Point","coordinates":[23.804078,37.823609]},"properties":{"lines":"115, 117, 171","color":"#0059a9","mode":"bus","arr":["115","117","171"],"angle":-80.8,"extra":1}},{"type":"Feature","geometry":{"type":"Point","coordinates":[23.80291,37.833254]},"properties":{"lines":"115, 117, 171","color":"#0059a9","mode":"bus","arr":["115","117","171"],"angle":-81.4,"extra":1}},{"type":"Feature","geometry":{"type":"Point","coordinates":[23.803534,37.833723]},"properties":{"lines":"115, 116, 117, 120, Χ96","color":"#0059a9","mode":"bus","arr":["115","116","117","120","Χ96"],"angle":-38.8}},{"type":"Feature","geometry":{"type":"Point","coordinates":[23.815332,37.840995]},"properties":{"lines":"115, 120, Χ96, Χ97","color":"#0059a9","mode":"bus","arr":["115","120","Χ96","Χ97"],"angle":-37.1}},{"type":"Feature","geometry":{"type":"Point","coordinates":[23.807037,37.835856]},"properties":{"lines":"115, 120, Χ96, Χ97","color":"#0059a9","mode":"bus","arr":["115","120","Χ96","Χ97"],"angle":-39.5,"extra":1}},{"type":"Feature","geometry":{"type":"Point","coordinates":[23.811937,37.838945]},"properties":{"lines":"115, 120, Χ96, Χ97","color":"#0059a9","mode":"bus","arr":["115","120","Χ96","Χ97"],"angle":-37.5,"extra":1}},{"type":"Feature","geometry":{"type":"Point","coordinates":[23.821769,37.845091]},"properties":{"lines":"115, 120, Χ96, Χ97","color":"#0059a9","mode":"bus","arr":["115","120","Χ96","Χ97"],"angle":-37.9,"extra":1}},{"type":"Feature","geometry":{"type":"Point","coordinates":[23.83048,37.847463]},"properties":{"lines":"115","color":"#0059a9","mode":"bus","arr":["115"],"angle":-11}},{"type":"Feature","geometry":{"type":"Point","coordinates":[23.838611,37.848308]},"properties":{"lines":"116, 330","color":"#0059a9","mode":"bus","arr":["116","330"],"angle":-3.6}},{"type":"Feature","geometry":{"type":"Point","coordinates":[23.837232,37.848198]},"properties":{"lines":"115, 116, 330","color":"#0059a9","mode":"bus","arr":["115","116","330"],"angle":4}},{"type":"Feature","geometry":{"type":"Point","coordinates":[23.835719,37.848162]},"properties":{"lines":"115, 330","color":"#0059a9","mode":"bus","arr":["115","330"],"angle":-10.2}},{"type":"Feature","geometry":{"type":"Point","coordinates":[23.848852,37.852225]},"properties":{"lines":"116","color":"#0059a9","mode":"bus","arr":["116"],"angle":46.4}},{"type":"Feature","geometry":{"type":"Point","coordinates":[23.84255,37.848771]},"properties":{"lines":"116","color":"#0059a9","mode":"bus","arr":["116"],"angle":-13.4,"extra":1}},{"type":"Feature","geometry":{"type":"Point","coordinates":[23.84538,37.853826]},"properties":{"lines":"116","color":"#0059a9","mode":"bus","arr":["116"],"angle":36.6,"extra":1}},{"type":"Feature","geometry":{"type":"Point","coordinates":[23.84171,37.857693]},"properties":{"lines":"116","color":"#0059a9","mode":"bus","arr":["116"],"angle":70.2,"extra":1}},{"type":"Feature","geometry":{"type":"Point","coordinates":[23.805892,37.835552]},"properties":{"lines":"116","color":"#0059a9","mode":"bus","arr":["116"],"angle":11.5}},{"type":"Feature","geometry":{"type":"Point","coordinates":[23.796769,37.841986]},"properties":{"lines":"116","color":"#0059a9","mode":"bus","arr":["116"],"angle":-39.1}},{"type":"Feature","geometry":{"type":"Point","coordinates":[23.805393,37.835745]},"properties":{"lines":"116","color":"#0059a9","mode":"bus","arr":["116"],"angle":65.9}},{"type":"Feature","geometry":{"type":"Point","coordinates":[23.779226,37.83317]},"properties":{"lines":"116","color":"#0059a9","mode":"bus","arr":["116"],"angle":11.3}},{"type":"Feature","geometry":{"type":"Point","coordinates":[23.782812,37.833186]},"properties":{"lines":"116","color":"#0059a9","mode":"bus","arr":["116"],"angle":-9.2,"extra":1}},{"type":"Feature","geometry":{"type":"Point","coordinates":[23.801894,37.840971]},"properties":{"lines":"116","color":"#0059a9","mode":"bus","arr":["116"],"angle":12.3}},{"type":"Feature","geometry":{"type":"Point","coordinates":[23.80569,37.838789]},"properties":{"lines":"116","color":"#0059a9","mode":"bus","arr":["116"],"angle":-67,"extra":1}},{"type":"Feature","geometry":{"type":"Point","coordinates":[23.825301,37.847003]},"properties":{"lines":"116, Χ97","color":"#0059a9","mode":"bus","arr":["116","Χ97"],"angle":-32.2}},{"type":"Feature","geometry":{"type":"Point","coordinates":[23.838742,37.857924]},"properties":{"lines":"116, Χ97","color":"#0059a9","mode":"bus","arr":["116","Χ97"],"angle":-12.1,"extra":1}},{"type":"Feature","geometry":{"type":"Point","coordinates":[23.83284,37.856353]},"properties":{"lines":"116, Χ97","color":"#0059a9","mode":"bus","arr":["116","Χ97"],"angle":-37.7,"extra":1}},{"type":"Feature","geometry":{"type":"Point","coordinates":[23.829996,37.852033]},"properties":{"lines":"116, Χ97","color":"#0059a9","mode":"bus","arr":["116","Χ97"],"angle":-70.6,"extra":1}},{"type":"Feature","geometry":{"type":"Point","coordinates":[23.821711,37.845168]},"properties":{"lines":"116, Χ97","color":"#0059a9","mode":"bus","arr":["116","Χ97"],"angle":-37.3,"extra":1}},{"type":"Feature","geometry":{"type":"Point","coordinates":[23.816839,37.842052]},"properties":{"lines":"116, Χ97","color":"#0059a9","mode":"bus","arr":["116","Χ97"],"angle":-38.2,"extra":1}},{"type":"Feature","geometry":{"type":"Point","coordinates":[23.811875,37.839025]},"properties":{"lines":"116, Χ97","color":"#0059a9","mode":"bus","arr":["116","Χ97"],"angle":-37.9,"extra":1}},{"type":"Feature","geometry":{"type":"Point","coordinates":[23.806979,37.835932]},"properties":{"lines":"116, Χ97","color":"#0059a9","mode":"bus","arr":["116","Χ97"],"angle":-39.3,"extra":1}},{"type":"Feature","geometry":{"type":"Point","coordinates":[23.800116,37.8338]},"properties":{"lines":"116, 120, 171, Χ96","color":"#0059a9","mode":"bus","arr":["116","120","171","Χ96"],"angle":11.8}},{"type":"Feature","geometry":{"type":"Point","coordinates":[23.797009,37.834409]},"properties":{"lines":"116, 171","color":"#0059a9","mode":"bus","arr":["116","171"],"angle":46.7}},{"type":"Feature","geometry":{"type":"Point","coordinates":[23.791174,37.835074]},"properties":{"lines":"116, 171, Χ97","color":"#0059a9","mode":"bus","arr":["116","171","Χ97"],"angle":6.6}},{"type":"Feature","geometry":{"type":"Point","coordinates":[23.787716,37.834222]},"properties":{"lines":"116, 171, Χ97","color":"#0059a9","mode":"bus","arr":["116","171","Χ97"],"angle":-26.5,"extra":1}},{"type":"Feature","geometry":{"type":"Point","coordinates":[23.757777,37.843086]},"properties":{"lines":"116, 122Θ","color":"#0059a9","mode":"bus","arr":["116","122Θ"],"angle":47.2}},{"type":"Feature","geometry":{"type":"Point","coordinates":[23.760761,37.840553]},"properties":{"lines":"116, 122Θ","color":"#0059a9","mode":"bus","arr":["116","122Θ"],"angle":47.1,"extra":1}},{"type":"Feature","geometry":{"type":"Point","coordinates":[23.766255,37.837008]},"properties":{"lines":"116, 122Θ, 162, Α1","color":"#0059a9","mode":"bus","arr":["116","122Θ","162","Α1"],"angle":20.7}},{"type":"Feature","geometry":{"type":"Point","coordinates":[23.751953,37.854387]},"properties":{"lines":"116, 122Θ, Α1","color":"#0059a9","mode":"bus","arr":["116","122Θ","Α1"],"angle":-89.2}},{"type":"Feature","geometry":{"type":"Point","coordinates":[23.753031,37.850298]},"properties":{"lines":"116, 122Θ, Α1","color":"#0059a9","mode":"bus","arr":["116","122Θ","Α1"],"angle":86.2,"extra":1}},{"type":"Feature","geometry":{"type":"Point","coordinates":[23.751347,37.859925]},"properties":{"lines":"116, 122Θ, Α1","color":"#0059a9","mode":"bus","arr":["116","122Θ","Α1"],"angle":55.1,"extra":1}},{"type":"Feature","geometry":{"type":"Point","coordinates":[23.748512,37.86196]},"properties":{"lines":"116, 122Θ, 124, 128, Α1","color":"#0059a9","mode":"bus","arr":["116","122Θ","124","128","Α1"],"angle":41.8}},{"type":"Feature","geometry":{"type":"Point","coordinates":[23.741512,37.867984]},"properties":{"lines":"116, 124, 128, 140, Α1","color":"#0059a9","mode":"bus","arr":["116","124","128","140","Α1"],"angle":48}},{"type":"Feature","geometry":{"type":"Point","coordinates":[23.743972,37.865825]},"properties":{"lines":"116, 124, 128, 140, Α1","color":"#0059a9","mode":"bus","arr":["116","124","128","140","Α1"],"angle":48.1,"extra":1}},{"type":"Feature","geometry":{"type":"Point","coordinates":[23.738128,37.872667]},"properties":{"lines":"116, 124, 128","color":"#0059a9","mode":"bus","arr":["116","124","128"],"angle":-7.3}},{"type":"Feature","geometry":{"type":"Point","coordinates":[23.775497,37.886766]},"properties":{"lines":"124","color":"#0059a9","mode":"bus","arr":["124"],"angle":-60.1}},{"type":"Feature","geometry":{"type":"Point","coordinates":[23.761608,37.870379]},"properties":{"lines":"124","color":"#0059a9","mode":"bus","arr":["124"],"angle":-25.6}},{"type":"Feature","geometry":{"type":"Point","coordinates":[23.75869,37.869675]},"properties":{"lines":"124","color":"#0059a9","mode":"bus","arr":["124"],"angle":-33.4}},{"type":"Feature","geometry":{"type":"Point","coordinates":[23.765722,37.870289]},"properties":{"lines":"124","color":"#0059a9","mode":"bus","arr":["124"],"angle":-26.5}},{"type":"Feature","geometry":{"type":"Point","coordinates":[23.766667,37.87234]},"properties":{"lines":"124","color":"#0059a9","mode":"bus","arr":["124"],"angle":-26.7}},{"type":"Feature","geometry":{"type":"Point","coordinates":[23.769881,37.870891]},"properties":{"lines":"124","color":"#0059a9","mode":"bus","arr":["124"],"angle":-53.2}},{"type":"Feature","geometry":{"type":"Point","coordinates":[23.768148,37.874629]},"properties":{"lines":"124","color":"#0059a9","mode":"bus","arr":["124"],"angle":-9.8}},{"type":"Feature","geometry":{"type":"Point","coordinates":[23.767717,37.874472]},"properties":{"lines":"124","color":"#0059a9","mode":"bus","arr":["124"],"angle":-10.8}},{"type":"Feature","geometry":{"type":"Point","coordinates":[23.768064,37.885696]},"properties":{"lines":"124","color":"#0059a9","mode":"bus","arr":["124"],"angle":-42.1}},{"type":"Feature","geometry":{"type":"Point","coordinates":[23.768974,37.881274]},"properties":{"lines":"124","color":"#0059a9","mode":"bus","arr":["124"],"angle":-35.9,"extra":1}},{"type":"Feature","geometry":{"type":"Point","coordinates":[23.760878,37.880568]},"properties":{"lines":"124","color":"#0059a9","mode":"bus","arr":["124"],"angle":-42.7,"extra":1}},{"type":"Feature","geometry":{"type":"Point","coordinates":[23.769506,37.871569]},"properties":{"lines":"124","color":"#0059a9","mode":"bus","arr":["124"],"angle":-12.6}},{"type":"Feature","geometry":{"type":"Point","coordinates":[23.772596,37.815821]},"properties":{"lines":"117","color":"#0059a9","mode":"bus","arr":["117"],"angle":60.1}},{"type":"Feature","geometry":{"type":"Point","coordinates":[23.773201,37.820025]},"properties":{"lines":"117","color":"#0059a9","mode":"bus","arr":["117"],"angle":-26.9,"extra":1}},{"type":"Feature","geometry":{"type":"Point","coordinates":[23.775615,37.81266]},"properties":{"lines":"117","color":"#0059a9","mode":"bus","arr":["117"],"angle":-29.7,"extra":1}},{"type":"Feature","geometry":{"type":"Point","coordinates":[23.812467,37.833673]},"properties":{"lines":"117","color":"#0059a9","mode":"bus","arr":["117"],"angle":0.4}},{"type":"Feature","geometry":{"type":"Point","coordinates":[23.807239,37.833726]},"properties":{"lines":"117","color":"#0059a9","mode":"bus","arr":["117"],"angle":3.4,"extra":1}},{"type":"Feature","geometry":{"type":"Point","coordinates":[23.819787,37.833626]},"properties":{"lines":"117","color":"#0059a9","mode":"bus","arr":["117"],"angle":-4.2,"extra":1}},{"type":"Feature","geometry":{"type":"Point","coordinates":[23.783778,37.808312]},"properties":{"lines":"117, 122","color":"#0059a9","mode":"bus","arr":["117","122"],"angle":50.1}},{"type":"Feature","geometry":{"type":"Point","coordinates":[23.790946,37.835016]},"properties":{"lines":"120","color":"#0059a9","mode":"bus","arr":["120"],"angle":6.4}},{"type":"Feature","geometry":{"type":"Point","coordinates":[23.874174,37.877574]},"properties":{"lines":"120","color":"#0059a9","mode":"bus","arr":["120"],"angle":-76.5}},{"type":"Feature","geometry":{"type":"Point","coordinates":[23.870854,37.871212]},"properties":{"lines":"120","color":"#0059a9","mode":"bus","arr":["120"],"angle":-53.1,"extra":1}},{"type":"Feature","geometry":{"type":"Point","coordinates":[23.875327,37.880322]},"properties":{"lines":"120","color":"#0059a9","mode":"bus","arr":["120"],"angle":-71.6,"extra":1}},{"type":"Feature","geometry":{"type":"Point","coordinates":[23.87815,37.884695]},"properties":{"lines":"120","color":"#0059a9","mode":"bus","arr":["120"],"angle":-60,"extra":1}},{"type":"Feature","geometry":{"type":"Point","coordinates":[23.744294,37.864295]},"properties":{"lines":"120, 124, 128, 205","color":"#0059a9","mode":"bus","arr":["120","124","128","205"],"angle":41.6}},{"type":"Feature","geometry":{"type":"Point","coordinates":[23.745796,37.862848]},"properties":{"lines":"120, 124, 128, 140, 205","color":"#0059a9","mode":"bus","arr":["120","124","128","140","205"],"angle":35.7}},{"type":"Feature","geometry":{"type":"Point","coordinates":[23.746453,37.863642]},"properties":{"lines":"120, 122Θ, 124, 205, Α1","color":"#0059a9","mode":"bus","arr":["120","122Θ","124","205","Α1"],"angle":48.1}},{"type":"Feature","geometry":{"type":"Point","coordinates":[23.749358,37.867027]},"properties":{"lines":"120, 122Θ, 124, 128, 205, 790","color":"#0059a9","mode":"bus","arr":["120","122Θ","124","128","205","790"],"angle":-50.8}},{"type":"Feature","geometry":{"type":"Point","coordinates":[23.75211,37.869833]},"properties":{"lines":"120, 122Θ, 124, 128, 205, 790","color":"#0059a9","mode":"bus","arr":["120","122Θ","124","128","205","790"],"angle":-62.5,"extra":1}},{"type":"Feature","geometry":{"type":"Point","coordinates":[23.754799,37.868919]},"properties":{"lines":"120, 124, 128","color":"#0059a9","mode":"bus","arr":["120","124","128"],"angle":56.7}},{"type":"Feature","geometry":{"type":"Point","coordinates":[23.757794,37.86828]},"properties":{"lines":"120, 124, Α3","color":"#0059a9","mode":"bus","arr":["120","124","Α3"],"angle":-66.5}},{"type":"Feature","geometry":{"type":"Point","coordinates":[23.774607,37.8404]},"properties":{"lines":"120, 171, Χ97","color":"#0059a9","mode":"bus","arr":["120","171","Χ97"],"angle":50.9}},{"type":"Feature","geometry":{"type":"Point","coordinates":[23.760406,37.867007]},"properties":{"lines":"120, 171, Χ97","color":"#0059a9","mode":"bus","arr":["120","171","Χ97"],"angle":71.7,"extra":1}},{"type":"Feature","geometry":{"type":"Point","coordinates":[23.762367,37.862308]},"properties":{"lines":"120, 171, Χ97","color":"#0059a9","mode":"bus","arr":["120","171","Χ97"],"angle":70.7,"extra":1}},{"type":"Feature","geometry":{"type":"Point","coordinates":[23.764846,37.857768]},"properties":{"lines":"120, 171, Χ97","color":"#0059a9","mode":"bus","arr":["120","171","Χ97"],"angle":68,"extra":1}},{"type":"Feature","geometry":{"type":"Point","coordinates":[23.769129,37.847741]},"properties":{"lines":"120, 171, Χ97","color":"#0059a9","mode":"bus","arr":["120","171","Χ97"],"angle":73.6,"extra":1}},{"type":"Feature","geometry":{"type":"Point","coordinates":[23.771108,37.843049]},"properties":{"lines":"120, 171, Χ97","color":"#0059a9","mode":"bus","arr":["120","171","Χ97"],"angle":71.3,"extra":1}},{"type":"Feature","geometry":{"type":"Point","coordinates":[23.779474,37.836493]},"properties":{"lines":"120, 171, Χ97","color":"#0059a9","mode":"bus","arr":["120","171","Χ97"],"angle":27,"extra":1}},{"type":"Feature","geometry":{"type":"Point","coordinates":[23.785129,37.834667]},"properties":{"lines":"120, 171, Χ97","color":"#0059a9","mode":"bus","arr":["120","171","Χ97"],"angle":58.8,"extra":1}},{"type":"Feature","geometry":{"type":"Point","coordinates":[23.767523,37.852043]},"properties":{"lines":"120, 162, 171, Χ97","color":"#0059a9","mode":"bus","arr":["120","162","171","Χ97"],"angle":73.6}},{"type":"Feature","geometry":{"type":"Point","coordinates":[23.787013,37.833872]},"properties":{"lines":"120, 171, Χ96, Χ97","color":"#0059a9","mode":"bus","arr":["120","171","Χ96","Χ97"],"angle":-25.2}},{"type":"Feature","geometry":{"type":"Point","coordinates":[23.796597,37.834391]},"properties":{"lines":"120, 171, Χ96","color":"#0059a9","mode":"bus","arr":["120","171","Χ96"],"angle":13.1}},{"type":"Feature","geometry":{"type":"Point","coordinates":[23.853304,37.867695]},"properties":{"lines":"120, Χ96, Χ97","color":"#0059a9","mode":"bus","arr":["120","Χ96","Χ97"],"angle":-50.1}},{"type":"Feature","geometry":{"type":"Point","coordinates":[23.828664,37.849003]},"properties":{"lines":"120, Χ96, Χ97","color":"#0059a9","mode":"bus","arr":["120","Χ96","Χ97"],"angle":-57.2,"extra":1}},{"type":"Feature","geometry":{"type":"Point","coordinates":[23.830859,37.853629]},"properties":{"lines":"120, Χ96, Χ97","color":"#0059a9","mode":"bus","arr":["120","Χ96","Χ97"],"angle":-69.5,"extra":1}},{"type":"Feature","geometry":{"type":"Point","coordinates":[23.834984,37.857023]},"properties":{"lines":"120, Χ96, Χ97","color":"#0059a9","mode":"bus","arr":["120","Χ96","Χ97"],"angle":-19.9,"extra":1}},{"type":"Feature","geometry":{"type":"Point","coordinates":[23.841008,37.858348]},"properties":{"lines":"120, Χ96, Χ97","color":"#0059a9","mode":"bus","arr":["120","Χ96","Χ97"],"angle":-29.3,"extra":1}},{"type":"Feature","geometry":{"type":"Point","coordinates":[23.843653,37.860663]},"properties":{"lines":"120, Χ96, Χ97","color":"#0059a9","mode":"bus","arr":["120","Χ96","Χ97"],"angle":-45.3,"extra":1}},{"type":"Feature","geometry":{"type":"Point","coordinates":[23.848671,37.863499]},"properties":{"lines":"120, Χ96, Χ97","color":"#0059a9","mode":"bus","arr":["120","Χ96","Χ97"],"angle":-48.3,"extra":1}},{"type":"Feature","geometry":{"type":"Point","coordinates":[23.857264,37.870686]},"properties":{"lines":"120, Χ96, Χ97","color":"#0059a9","mode":"bus","arr":["120","Χ96","Χ97"],"angle":-42,"extra":1}},{"type":"Feature","geometry":{"type":"Point","coordinates":[23.862122,37.873806]},"properties":{"lines":"120, Χ96, Χ97","color":"#0059a9","mode":"bus","arr":["120","Χ96","Χ97"],"angle":-35,"extra":1}},{"type":"Feature","geometry":{"type":"Point","coordinates":[23.867432,37.872475]},"properties":{"lines":"120, 330","color":"#0059a9","mode":"bus","arr":["120","330"],"angle":69.9}},{"type":"Feature","geometry":{"type":"Point","coordinates":[23.881666,37.892393]},"properties":{"lines":"120, 330","color":"#0059a9","mode":"bus","arr":["120","330"],"angle":73.7}},{"type":"Feature","geometry":{"type":"Point","coordinates":[23.881182,37.888267]},"properties":{"lines":"120, 330, Χ96, Χ97","color":"#0059a9","mode":"bus","arr":["120","330","Χ96","Χ97"],"angle":-68}},{"type":"Feature","geometry":{"type":"Point","coordinates":[23.88137,37.902833]},"properties":{"lines":"120, 309Β, 311, 330","color":"#0059a9","mode":"bus","arr":["120","309Β","311","330"],"angle":66.4}},{"type":"Feature","geometry":{"type":"Point","coordinates":[23.881448,37.89706]},"properties":{"lines":"120, 309, 309Β, 311, 330","color":"#0059a9","mode":"bus","arr":["120","309","309Β","311","330"],"angle":-81.3}},{"type":"Feature","geometry":{"type":"Point","coordinates":[23.880786,37.905478]},"properties":{"lines":"120, 309, 309Β, 311, 330","color":"#0059a9","mode":"bus","arr":["120","309","309Β","311","330"],"angle":6}},{"type":"Feature","geometry":{"type":"Point","coordinates":[23.895098,37.912602]},"properties":{"lines":"120, 309, 309Β, 311, 330","color":"#0059a9","mode":"bus","arr":["120","309","309Β","311","330"],"angle":-26.3}},{"type":"Feature","geometry":{"type":"Point","coordinates":[23.88726,37.908394]},"properties":{"lines":"120, 308, 309, 309Β, 311, 330","color":"#0059a9","mode":"bus","arr":["120","308","309","309Β","311","330"],"angle":-37.5}},{"type":"Feature","geometry":{"type":"Point","coordinates":[23.899506,37.913951]},"properties":{"lines":"309, 309Β, 311, 330","color":"#0059a9","mode":"bus","arr":["309","309Β","311","330"],"angle":-14.7}},{"type":"Feature","geometry":{"type":"Point","coordinates":[23.89595,37.913228]},"properties":{"lines":"307, 308, 309, 309Β, 311, 330","color":"#0059a9","mode":"bus","arr":["307","308","309","309Β","311","330"],"angle":-25.9}},{"type":"Feature","geometry":{"type":"Point","coordinates":[23.745033,37.908043]},"properties":{"lines":"122","color":"#0059a9","mode":"bus","arr":["122"],"angle":85.5}},{"type":"Feature","geometry":{"type":"Point","coordinates":[23.901836,37.773603]},"properties":{"lines":"122","color":"#0059a9","mode":"bus","arr":["122"],"angle":76.5}},{"type":"Feature","geometry":{"type":"Point","coordinates":[23.816898,37.821272]},"properties":{"lines":"122","color":"#0059a9","mode":"bus","arr":["122"],"angle":72.1,"extra":1}},{"type":"Feature","geometry":{"type":"Point","coordinates":[23.819795,37.816905]},"properties":{"lines":"122","color":"#0059a9","mode":"bus","arr":["122"],"angle":60,"extra":1}},{"type":"Feature","geometry":{"type":"Point","coordinates":[23.82333,37.812826]},"properties":{"lines":"122","color":"#0059a9","mode":"bus","arr":["122"],"angle":58.2,"extra":1}},{"type":"Feature","geometry":{"type":"Point","coordinates":[23.82845,37.810281]},"properties":{"lines":"122","color":"#0059a9","mode":"bus","arr":["122"],"angle":4.9,"extra":1}},{"type":"Feature","geometry":{"type":"Point","coordinates":[23.83228,37.812327]},"properties":{"lines":"122","color":"#0059a9","mode":"bus","arr":["122"],"angle":62.1,"extra":1}},{"type":"Feature","geometry":{"type":"Point","coordinates":[23.833839,37.81818]},"properties":{"lines":"122","color":"#0059a9","mode":"bus","arr":["122"],"angle":56.8,"extra":1}},{"type":"Feature","geometry":{"type":"Point","coordinates":[23.836559,37.820794]},"properties":{"lines":"122","color":"#0059a9","mode":"bus","arr":["122"],"angle":12.6,"extra":1}},{"type":"Feature","geometry":{"type":"Point","coordinates":[23.841794,37.818249]},"properties":{"lines":"122","color":"#0059a9","mode":"bus","arr":["122"],"angle":45.4,"extra":1}},{"type":"Feature","geometry":{"type":"Point","coordinates":[23.869182,37.80169]},"properties":{"lines":"122","color":"#0059a9","mode":"bus","arr":["122"],"angle":49.6,"extra":1}},{"type":"Feature","geometry":{"type":"Point","coordinates":[23.871479,37.7971]},"properties":{"lines":"122","color":"#0059a9","mode":"bus","arr":["122"],"angle":68.2,"extra":1}},{"type":"Feature","geometry":{"type":"Point","coordinates":[23.875977,37.793807]},"properties":{"lines":"122","color":"#0059a9","mode":"bus","arr":["122"],"angle":32.6,"extra":1}},{"type":"Feature","geometry":{"type":"Point","coordinates":[23.881735,37.789956]},"properties":{"lines":"122","color":"#0059a9","mode":"bus","arr":["122"],"angle":37,"extra":1}},{"type":"Feature","geometry":{"type":"Point","coordinates":[23.886175,37.786536]},"properties":{"lines":"122","color":"#0059a9","mode":"bus","arr":["122"],"angle":59.3,"extra":1}},{"type":"Feature","geometry":{"type":"Point","coordinates":[23.889736,37.782486]},"properties":{"lines":"122","color":"#0059a9","mode":"bus","arr":["122"],"angle":60.4,"extra":1}},{"type":"Feature","geometry":{"type":"Point","coordinates":[23.893913,37.77897]},"properties":{"lines":"122","color":"#0059a9","mode":"bus","arr":["122"],"angle":27.2,"extra":1}},{"type":"Feature","geometry":{"type":"Point","coordinates":[23.899099,37.776581]},"properties":{"lines":"122","color":"#0059a9","mode":"bus","arr":["122"],"angle":50.9,"extra":1}},{"type":"Feature","geometry":{"type":"Point","coordinates":[23.901993,37.767601]},"properties":{"lines":"122","color":"#0059a9","mode":"bus","arr":["122"],"angle":-69.2,"extra":1}},{"type":"Feature","geometry":{"type":"Point","coordinates":[23.902141,37.76287]},"properties":{"lines":"122","color":"#0059a9","mode":"bus","arr":["122"],"angle":69.2,"extra":1}},{"type":"Feature","geometry":{"type":"Point","coordinates":[23.902347,37.758061]},"properties":{"lines":"122","color":"#0059a9","mode":"bus","arr":["122"],"angle":82.8,"extra":1}},{"type":"Feature","geometry":{"type":"Point","coordinates":[23.902498,37.753136]},"properties":{"lines":"122","color":"#0059a9","mode":"bus","arr":["122"],"angle":89.1,"extra":1}},{"type":"Feature","geometry":{"type":"Point","coordinates":[23.745657,37.903991]},"properties":{"lines":"122, 122Θ, 124, 154, 171","color":"#0059a9","mode":"bus","arr":["122","122Θ","124","154","171"],"angle":77.6}},{"type":"Feature","geometry":{"type":"Point","coordinates":[23.746469,37.898229]},"properties":{"lines":"122, 122Θ, 124, 154, 171","color":"#0059a9","mode":"bus","arr":["122","122Θ","124","154","171"],"angle":83.8}},{"type":"Feature","geometry":{"type":"Point","coordinates":[23.747169,37.893271]},"properties":{"lines":"122, 122Θ, 124, 154, 171, Χ97","color":"#0059a9","mode":"bus","arr":["122","122Θ","124","154","171","Χ97"],"angle":79.6}},{"type":"Feature","geometry":{"type":"Point","coordinates":[23.748905,37.889133]},"properties":{"lines":"122, 122Θ, 171, 205, Χ97","color":"#0059a9","mode":"bus","arr":["122","122Θ","171","205","Χ97"],"angle":68.1}},{"type":"Feature","geometry":{"type":"Point","coordinates":[23.75268,37.882656]},"properties":{"lines":"122, 171, Χ97","color":"#0059a9","mode":"bus","arr":["122","171","Χ97"],"angle":67.4}},{"type":"Feature","geometry":{"type":"Point","coordinates":[23.754278,37.879632]},"properties":{"lines":"122, 171, Χ97","color":"#0059a9","mode":"bus","arr":["122","171","Χ97"],"angle":67.4,"extra":1}},{"type":"Feature","geometry":{"type":"Point","coordinates":[23.751381,37.871767]},"properties":{"lines":"122, 122Θ, 205","color":"#0059a9","mode":"bus","arr":["122","122Θ","205"],"angle":-63.7}},{"type":"Feature","geometry":{"type":"Point","coordinates":[23.753941,37.876259]},"properties":{"lines":"122, 122Θ, 205","color":"#0059a9","mode":"bus","arr":["122","122Θ","205"],"angle":-77.9,"extra":1}},{"type":"Feature","geometry":{"type":"Point","coordinates":[23.747518,37.867865]},"properties":{"lines":"122, 122Θ, 205","color":"#0059a9","mode":"bus","arr":["122","122Θ","205"],"angle":-51.3,"extra":1}},{"type":"Feature","geometry":{"type":"Point","coordinates":[23.784689,37.804545]},"properties":{"lines":"122, 122Θ","color":"#0059a9","mode":"bus","arr":["122","122Θ"],"angle":87.9}},{"type":"Feature","geometry":{"type":"Point","coordinates":[23.786625,37.801344]},"properties":{"lines":"122, 122Θ","color":"#0059a9","mode":"bus","arr":["122","122Θ"],"angle":-45.4}},{"type":"Feature","geometry":{"type":"Point","coordinates":[23.792797,37.802121]},"properties":{"lines":"122, 122Θ","color":"#0059a9","mode":"bus","arr":["122","122Θ"],"angle":5.7}},{"type":"Feature","geometry":{"type":"Point","coordinates":[23.803164,37.819251]},"properties":{"lines":"122, 122Θ","color":"#0059a9","mode":"bus","arr":["122","122Θ"],"angle":-66.4}},{"type":"Feature","geometry":{"type":"Point","coordinates":[23.811328,37.822243]},"properties":{"lines":"122, 122Θ","color":"#0059a9","mode":"bus","arr":["122","122Θ"],"angle":-9.4}},{"type":"Feature","geometry":{"type":"Point","coordinates":[23.776724,37.819492]},"properties":{"lines":"122Θ","color":"#0059a9","mode":"bus","arr":["122Θ"],"angle":69.6}},{"type":"Feature","geometry":{"type":"Point","coordinates":[23.801136,37.816091]},"properties":{"lines":"122Θ","color":"#0059a9","mode":"bus","arr":["122Θ"],"angle":-71.2,"extra":1}},{"type":"Feature","geometry":{"type":"Point","coordinates":[23.782841,37.809253]},"properties":{"lines":"122Θ","color":"#0059a9","mode":"bus","arr":["122Θ"],"angle":47.5,"extra":1}},{"type":"Feature","geometry":{"type":"Point","coordinates":[23.78139,37.813948]},"properties":{"lines":"122Θ","color":"#0059a9","mode":"bus","arr":["122Θ"],"angle":66,"extra":1}},{"type":"Feature","geometry":{"type":"Point","coordinates":[23.775497,37.822245]},"properties":{"lines":"122Θ","color":"#0059a9","mode":"bus","arr":["122Θ"],"angle":75.1,"extra":1}},{"type":"Feature","geometry":{"type":"Point","coordinates":[23.77421,37.827086]},"properties":{"lines":"122Θ","color":"#0059a9","mode":"bus","arr":["122Θ"],"angle":78.3,"extra":1}},{"type":"Feature","geometry":{"type":"Point","coordinates":[23.772966,37.831934]},"properties":{"lines":"122Θ","color":"#0059a9","mode":"bus","arr":["122Θ"],"angle":78.5,"extra":1}},{"type":"Feature","geometry":{"type":"Point","coordinates":[23.789582,37.801894]},"properties":{"lines":"122Θ","color":"#0059a9","mode":"bus","arr":["122Θ"],"angle":-0.7}},{"type":"Feature","geometry":{"type":"Point","coordinates":[23.755038,37.845742]},"properties":{"lines":"122Θ","color":"#0059a9","mode":"bus","arr":["122Θ"],"angle":33}},{"type":"Feature","geometry":{"type":"Point","coordinates":[23.749518,37.889333]},"properties":{"lines":"122Θ","color":"#0059a9","mode":"bus","arr":["122Θ"],"angle":67.3}},{"type":"Feature","geometry":{"type":"Point","coordinates":[23.751172,37.885246]},"properties":{"lines":"122Θ","color":"#0059a9","mode":"bus","arr":["122Θ"],"angle":67.1}},{"type":"Feature","geometry":{"type":"Point","coordinates":[23.803464,37.819755]},"properties":{"lines":"122Θ","color":"#0059a9","mode":"bus","arr":["122Θ"],"angle":-80.1}},{"type":"Feature","geometry":{"type":"Point","coordinates":[23.810931,37.821976]},"properties":{"lines":"122Θ","color":"#0059a9","mode":"bus","arr":["122Θ"],"angle":-9.3}},{"type":"Feature","geometry":{"type":"Point","coordinates":[23.852179,37.806492]},"properties":{"lines":"122, 330","color":"#0059a9","mode":"bus","arr":["122","330"],"angle":26}},{"type":"Feature","geometry":{"type":"Point","coordinates":[23.843951,37.813407]},"properties":{"lines":"122, 330","color":"#0059a9","mode":"bus","arr":["122","330"],"angle":78.6,"extra":1}},{"type":"Feature","geometry":{"type":"Point","coordinates":[23.847233,37.809231]},"properties":{"lines":"122, 330","color":"#0059a9","mode":"bus","arr":["122","330"],"angle":48.1,"extra":1}},{"type":"Feature","geometry":{"type":"Point","coordinates":[23.857379,37.804018]},"properties":{"lines":"122, 330","color":"#0059a9","mode":"bus","arr":["122","330"],"angle":15,"extra":1}},{"type":"Feature","geometry":{"type":"Point","coordinates":[23.86351,37.802967]},"properties":{"lines":"122, 330","color":"#0059a9","mode":"bus","arr":["122","330"],"angle":10.8,"extra":1}},{"type":"Feature","geometry":{"type":"Point","coordinates":[23.909985,37.748113]},"properties":{"lines":"122, 123","color":"#0059a9","mode":"bus","arr":["122","123"],"angle":10.2}},{"type":"Feature","geometry":{"type":"Point","coordinates":[23.915421,37.747102]},"properties":{"lines":"123","color":"#0059a9","mode":"bus","arr":["123"],"angle":-14}},{"type":"Feature","geometry":{"type":"Point","coordinates":[23.91077,37.748093]},"properties":{"lines":"123","color":"#0059a9","mode":"bus","arr":["123"],"angle":-13.4}},{"type":"Feature","geometry":{"type":"Point","coordinates":[23.948649,37.738205]},"properties":{"lines":"123","color":"#0059a9","mode":"bus","arr":["123"],"angle":-6.5}},{"type":"Feature","geometry":{"type":"Point","coordinates":[23.908067,37.727225]},"properties":{"lines":"123","color":"#0059a9","mode":"bus","arr":["123"],"angle":70}},{"type":"Feature","geometry":{"type":"Point","coordinates":[23.904033,37.746658]},"properties":{"lines":"123","color":"#0059a9","mode":"bus","arr":["123"],"angle":-50,"extra":1}},{"type":"Feature","geometry":{"type":"Point","coordinates":[23.90479,37.741994]},"properties":{"lines":"123","color":"#0059a9","mode":"bus","arr":["123"],"angle":82.9,"extra":1}},{"type":"Feature","geometry":{"type":"Point","coordinates":[23.905606,37.737186]},"properties":{"lines":"123","color":"#0059a9","mode":"bus","arr":["123"],"angle":71.1,"extra":1}},{"type":"Feature","geometry":{"type":"Point","coordinates":[23.904926,37.732448]},"properties":{"lines":"123","color":"#0059a9","mode":"bus","arr":["123"],"angle":-77.7,"extra":1}},{"type":"Feature","geometry":{"type":"Point","coordinates":[23.908537,37.723341]},"properties":{"lines":"123","color":"#0059a9","mode":"bus","arr":["123"],"angle":70,"extra":1}},{"type":"Feature","geometry":{"type":"Point","coordinates":[23.912577,37.720008]},"properties":{"lines":"123","color":"#0059a9","mode":"bus","arr":["123"],"angle":18,"extra":1}},{"type":"Feature","geometry":{"type":"Point","coordinates":[23.918599,37.720349]},"properties":{"lines":"123","color":"#0059a9","mode":"bus","arr":["123"],"angle":-20.3,"extra":1}},{"type":"Feature","geometry":{"type":"Point","coordinates":[23.924484,37.722069]},"properties":{"lines":"123","color":"#0059a9","mode":"bus","arr":["123"],"angle":-19.9,"extra":1}},{"type":"Feature","geometry":{"type":"Point","coordinates":[23.946461,37.719684]},"properties":{"lines":"123","color":"#0059a9","mode":"bus","arr":["123"],"angle":-87,"extra":1}},{"type":"Feature","geometry":{"type":"Point","coordinates":[23.945964,37.735779]},"properties":{"lines":"123","color":"#0059a9","mode":"bus","arr":["123"],"angle":-5.7}},{"type":"Feature","geometry":{"type":"Point","coordinates":[23.930869,37.726889]},"properties":{"lines":"123","color":"#0059a9","mode":"bus","arr":["123"],"angle":88.8,"extra":1}},{"type":"Feature","geometry":{"type":"Point","coordinates":[23.930824,37.731828]},"properties":{"lines":"123","color":"#0059a9","mode":"bus","arr":["123"],"angle":-71.7,"extra":1}},{"type":"Feature","geometry":{"type":"Point","coordinates":[23.935379,37.734906]},"properties":{"lines":"123","color":"#0059a9","mode":"bus","arr":["123"],"angle":-8.2,"extra":1}},{"type":"Feature","geometry":{"type":"Point","coordinates":[23.941049,37.734179]},"properties":{"lines":"123","color":"#0059a9","mode":"bus","arr":["123"],"angle":-34.4,"extra":1}},{"type":"Feature","geometry":{"type":"Point","coordinates":[23.950761,37.738418]},"properties":{"lines":"123","color":"#0059a9","mode":"bus","arr":["123"],"angle":16.5,"extra":1}},{"type":"Feature","geometry":{"type":"Point","coordinates":[23.94959,37.734729]},"properties":{"lines":"123","color":"#0059a9","mode":"bus","arr":["123"],"angle":-51.7,"extra":1}},{"type":"Feature","geometry":{"type":"Point","coordinates":[23.945674,37.730865]},"properties":{"lines":"123","color":"#0059a9","mode":"bus","arr":["123"],"angle":-50.6,"extra":1}},{"type":"Feature","geometry":{"type":"Point","coordinates":[23.944,37.726202]},"properties":{"lines":"123","color":"#0059a9","mode":"bus","arr":["123"],"angle":-72.4,"extra":1}},{"type":"Feature","geometry":{"type":"Point","coordinates":[23.943857,37.724411]},"properties":{"lines":"123","color":"#0059a9","mode":"bus","arr":["123"],"angle":13.9}},{"type":"Feature","geometry":{"type":"Point","coordinates":[23.812776,37.822013]},"properties":{"lines":"122Θ, 171","color":"#0059a9","mode":"bus","arr":["122Θ","171"],"angle":23.4}},{"type":"Feature","geometry":{"type":"Point","coordinates":[23.807127,37.821484]},"properties":{"lines":"122Θ, 171","color":"#0059a9","mode":"bus","arr":["122Θ","171"],"angle":-10.8}},{"type":"Feature","geometry":{"type":"Point","coordinates":[23.804565,37.820658]},"properties":{"lines":"122Θ, 171","color":"#0059a9","mode":"bus","arr":["122Θ","171"],"angle":64.1}},{"type":"Feature","geometry":{"type":"Point","coordinates":[23.810674,37.821634]},"properties":{"lines":"171","color":"#0059a9","mode":"bus","arr":["171"],"angle":-9.3}},{"type":"Feature","geometry":{"type":"Point","coordinates":[23.802397,37.83306]},"properties":{"lines":"171","color":"#0059a9","mode":"bus","arr":["171"],"angle":53.4}},{"type":"Feature","geometry":{"type":"Point","coordinates":[23.803739,37.821559]},"properties":{"lines":"171","color":"#0059a9","mode":"bus","arr":["171"],"angle":79.7}},{"type":"Feature","geometry":{"type":"Point","coordinates":[23.75369,37.872579]},"properties":{"lines":"122Θ, 205, 790","color":"#0059a9","mode":"bus","arr":["122Θ","205","790"],"angle":-66.8}},{"type":"Feature","geometry":{"type":"Point","coordinates":[23.755727,37.875347]},"properties":{"lines":"122Θ, 790","color":"#0059a9","mode":"bus","arr":["122Θ","790"],"angle":-23.5}},{"type":"Feature","geometry":{"type":"Point","coordinates":[23.754013,37.880461]},"properties":{"lines":"122Θ, 171, 790, Χ97","color":"#0059a9","mode":"bus","arr":["122Θ","171","790","Χ97"],"angle":67.5}},{"type":"Feature","geometry":{"type":"Point","coordinates":[23.755335,37.877948]},"properties":{"lines":"122Θ, 171, 790, Χ97","color":"#0059a9","mode":"bus","arr":["122Θ","171","790","Χ97"],"angle":67.5,"extra":1}},{"type":"Feature","geometry":{"type":"Point","coordinates":[23.751161,37.88593]},"properties":{"lines":"122Θ, 171, 790, Α3, Χ97","color":"#0059a9","mode":"bus","arr":["122Θ","171","790","Α3","Χ97"],"angle":69.6}},{"type":"Feature","geometry":{"type":"Point","coordinates":[23.749034,37.892159]},"properties":{"lines":"154, 205","color":"#0059a9","mode":"bus","arr":["154","205"],"angle":-1}},{"type":"Feature","geometry":{"type":"Point","coordinates":[23.747743,37.892337]},"properties":{"lines":"122Θ, 124, 154, 171, 790, Α3, Χ97","color":"#0059a9","mode":"bus","arr":["122Θ","124","154","171","790","Α3","Χ97"],"angle":69.6}},{"type":"Feature","geometry":{"type":"Point","coordinates":[23.747453,37.89361]},"properties":{"lines":"122Θ, Χ97","color":"#0059a9","mode":"bus","arr":["122Θ","Χ97"],"angle":83}},{"type":"Feature","geometry":{"type":"Point","coordinates":[23.940099,37.932341]},"properties":{"lines":"Χ97","color":"#0059a9","mode":"bus","arr":["Χ97"],"angle":-53.5}},{"type":"Feature","geometry":{"type":"Point","coordinates":[23.947326,37.940619]},"properties":{"lines":"Χ97","color":"#0059a9","mode":"bus","arr":["Χ97"],"angle":-15.9,"extra":1}},{"type":"Feature","geometry":{"type":"Point","coordinates":[23.944048,37.936539]},"properties":{"lines":"Χ97","color":"#0059a9","mode":"bus","arr":["Χ97"],"angle":-53.2,"extra":1}},{"type":"Feature","geometry":{"type":"Point","coordinates":[23.936442,37.928682]},"properties":{"lines":"Χ97","color":"#0059a9","mode":"bus","arr":["Χ97"],"angle":-46.7,"extra":1}},{"type":"Feature","geometry":{"type":"Point","coordinates":[23.93248,37.924854]},"properties":{"lines":"Χ97","color":"#0059a9","mode":"bus","arr":["Χ97"],"angle":-52.5,"extra":1}},{"type":"Feature","geometry":{"type":"Point","coordinates":[23.902872,37.908805]},"properties":{"lines":"Χ97","color":"#0059a9","mode":"bus","arr":["Χ97"],"angle":-32.3}},{"type":"Feature","geometry":{"type":"Point","coordinates":[23.883156,37.893114]},"properties":{"lines":"Χ97","color":"#0059a9","mode":"bus","arr":["Χ97"],"angle":-80.6,"extra":1}},{"type":"Feature","geometry":{"type":"Point","coordinates":[23.884567,37.897924]},"properties":{"lines":"Χ97","color":"#0059a9","mode":"bus","arr":["Χ97"],"angle":-72.6,"extra":1}},{"type":"Feature","geometry":{"type":"Point","coordinates":[23.889804,37.89998]},"properties":{"lines":"Χ97","color":"#0059a9","mode":"bus","arr":["Χ97"],"angle":-26.7,"extra":1}},{"type":"Feature","geometry":{"type":"Point","coordinates":[23.894531,37.903142]},"properties":{"lines":"Χ97","color":"#0059a9","mode":"bus","arr":["Χ97"],"angle":-49.7,"extra":1}},{"type":"Feature","geometry":{"type":"Point","coordinates":[23.898928,37.906653]},"properties":{"lines":"Χ97","color":"#0059a9","mode":"bus","arr":["Χ97"],"angle":-37.3,"extra":1}},{"type":"Feature","geometry":{"type":"Point","coordinates":[23.909559,37.911896]},"properties":{"lines":"Χ97","color":"#0059a9","mode":"bus","arr":["Χ97"],"angle":-30.6,"extra":1}},{"type":"Feature","geometry":{"type":"Point","coordinates":[23.915388,37.913675]},"properties":{"lines":"Χ97","color":"#0059a9","mode":"bus","arr":["Χ97"],"angle":-14.7,"extra":1}},{"type":"Feature","geometry":{"type":"Point","coordinates":[23.921434,37.91498]},"properties":{"lines":"Χ97","color":"#0059a9","mode":"bus","arr":["Χ97"],"angle":-23.3,"extra":1}},{"type":"Feature","geometry":{"type":"Point","coordinates":[23.926365,37.917939]},"properties":{"lines":"Χ97","color":"#0059a9","mode":"bus","arr":["Χ97"],"angle":-51.8,"extra":1}},{"type":"Feature","geometry":{"type":"Point","coordinates":[23.929821,37.922055]},"properties":{"lines":"Χ97","color":"#0059a9","mode":"bus","arr":["Χ97"],"angle":-56.2,"extra":1}},{"type":"Feature","geometry":{"type":"Point","coordinates":[23.853254,37.867791]},"properties":{"lines":"Χ97","color":"#0059a9","mode":"bus","arr":["Χ97"],"angle":-50.1}},{"type":"Feature","geometry":{"type":"Point","coordinates":[23.863447,37.874631]},"properties":{"lines":"Χ97","color":"#0059a9","mode":"bus","arr":["Χ97"],"angle":-34.4,"extra":1}},{"type":"Feature","geometry":{"type":"Point","coordinates":[23.858449,37.871652]},"properties":{"lines":"Χ97","color":"#0059a9","mode":"bus","arr":["Χ97"],"angle":-41.6,"extra":1}},{"type":"Feature","geometry":{"type":"Point","coordinates":[23.849723,37.864569]},"properties":{"lines":"Χ97","color":"#0059a9","mode":"bus","arr":["Χ97"],"angle":-48.3,"extra":1}},{"type":"Feature","geometry":{"type":"Point","coordinates":[23.844933,37.861545]},"properties":{"lines":"Χ97","color":"#0059a9","mode":"bus","arr":["Χ97"],"angle":-21.7,"extra":1}},{"type":"Feature","geometry":{"type":"Point","coordinates":[23.801465,37.835058]},"properties":{"lines":"Χ97","color":"#0059a9","mode":"bus","arr":["Χ97"],"angle":5.3,"extra":1}},{"type":"Feature","geometry":{"type":"Point","coordinates":[23.932295,37.922664]},"properties":{"lines":"Χ97","color":"#0059a9","mode":"bus","arr":["Χ97"],"angle":-45.5}},{"type":"Feature","geometry":{"type":"Point","coordinates":[23.93325,37.922623]},"properties":{"lines":"Χ97","color":"#0059a9","mode":"bus","arr":["Χ97"],"angle":-38.3}},{"type":"Feature","geometry":{"type":"Point","coordinates":[23.943502,37.93412]},"properties":{"lines":"Χ97","color":"#0059a9","mode":"bus","arr":["Χ97"],"angle":-22.7}},{"type":"Feature","geometry":{"type":"Point","coordinates":[23.931666,37.921175]},"properties":{"lines":"Χ97","color":"#0059a9","mode":"bus","arr":["Χ97"],"angle":-3.9}},{"type":"Feature","geometry":{"type":"Point","coordinates":[23.746695,37.898258]},"properties":{"lines":"122Θ, 124, 154, 171, 790, Α3","color":"#0059a9","mode":"bus","arr":["122Θ","124","154","171","790","Α3"],"angle":84}},{"type":"Feature","geometry":{"type":"Point","coordinates":[23.74599,37.904588]},"properties":{"lines":"122Θ, 124, 142, 154, 171","color":"#0059a9","mode":"bus","arr":["122Θ","124","142","154","171"],"angle":85.9}},{"type":"Feature","geometry":{"type":"Point","coordinates":[23.745504,37.905998]},"properties":{"lines":"122Θ, 140","color":"#0059a9","mode":"bus","arr":["122Θ","140"],"angle":4.9}},{"type":"Feature","geometry":{"type":"Point","coordinates":[23.753212,37.881378]},"properties":{"lines":"122Θ, 205","color":"#0059a9","mode":"bus","arr":["122Θ","205"],"angle":67.7}},{"type":"Feature","geometry":{"type":"Point","coordinates":[23.748994,37.885281]},"properties":{"lines":"205","color":"#0059a9","mode":"bus","arr":["205"],"angle":-42.5}},{"type":"Feature","geometry":{"type":"Point","coordinates":[23.755408,37.875712]},"properties":{"lines":"205","color":"#0059a9","mode":"bus","arr":["205"],"angle":-65}},{"type":"Feature","geometry":{"type":"Point","coordinates":[23.755234,37.877516]},"properties":{"lines":"205","color":"#0059a9","mode":"bus","arr":["205"],"angle":67.8}},{"type":"Feature","geometry":{"type":"Point","coordinates":[23.750719,37.883119]},"properties":{"lines":"205","color":"#0059a9","mode":"bus","arr":["205"],"angle":-43.1}},{"type":"Feature","geometry":{"type":"Point","coordinates":[23.740737,37.871385]},"properties":{"lines":"205","color":"#0059a9","mode":"bus","arr":["205"],"angle":64.8}},{"type":"Feature","geometry":{"type":"Point","coordinates":[23.743479,37.881236]},"properties":{"lines":"205","color":"#0059a9","mode":"bus","arr":["205"],"angle":-82.6}},{"type":"Feature","geometry":{"type":"Point","coordinates":[23.74748,37.884119]},"properties":{"lines":"205","color":"#0059a9","mode":"bus","arr":["205"],"angle":13.1,"extra":1}},{"type":"Feature","geometry":{"type":"Point","coordinates":[23.748438,37.881456]},"properties":{"lines":"205","color":"#0059a9","mode":"bus","arr":["205"],"angle":-42.5,"extra":1}},{"type":"Feature","geometry":{"type":"Point","coordinates":[23.759806,37.871208]},"properties":{"lines":"124, 128","color":"#0059a9","mode":"bus","arr":["124","128"],"angle":-47.1}},{"type":"Feature","geometry":{"type":"Point","coordinates":[23.752387,37.862587]},"properties":{"lines":"124, 128","color":"#0059a9","mode":"bus","arr":["124","128"],"angle":-51.5}},{"type":"Feature","geometry":{"type":"Point","coordinates":[23.772278,37.890561]},"properties":{"lines":"124, 164, Β1","color":"#0059a9","mode":"bus","arr":["124","164","Β1"],"angle":4.1}},{"type":"Feature","geometry":{"type":"Point","coordinates":[23.767184,37.890851]},"properties":{"lines":"124, 164","color":"#0059a9","mode":"bus","arr":["124","164"],"angle":4.1}},{"type":"Feature","geometry":{"type":"Point","coordinates":[23.76447,37.890997]},"properties":{"lines":"124, 128, 205","color":"#0059a9","mode":"bus","arr":["124","128","205"],"angle":3.8}},{"type":"Feature","geometry":{"type":"Point","coordinates":[23.760808,37.89167]},"properties":{"lines":"124, 154, 205","color":"#0059a9","mode":"bus","arr":["124","154","205"],"angle":83.3}},{"type":"Feature","geometry":{"type":"Point","coordinates":[23.749984,37.892224]},"properties":{"lines":"124, 154, 205","color":"#0059a9","mode":"bus","arr":["124","154","205"],"angle":1.6}},{"type":"Feature","geometry":{"type":"Point","coordinates":[23.747318,37.893598]},"properties":{"lines":"124, 154, 171, 790, Α3","color":"#0059a9","mode":"bus","arr":["124","154","171","790","Α3"],"angle":83.5}},{"type":"Feature","geometry":{"type":"Point","coordinates":[23.745498,37.906076]},"properties":{"lines":"124, 154, 171","color":"#0059a9","mode":"bus","arr":["124","154","171"],"angle":-3}},{"type":"Feature","geometry":{"type":"Point","coordinates":[23.768812,37.863867]},"properties":{"lines":"128, 154","color":"#0059a9","mode":"bus","arr":["128","154"],"angle":75.4}},{"type":"Feature","geometry":{"type":"Point","coordinates":[23.767639,37.856428]},"properties":{"lines":"128, 154","color":"#0059a9","mode":"bus","arr":["128","154"],"angle":-85.2,"extra":1}},{"type":"Feature","geometry":{"type":"Point","coordinates":[23.769734,37.860917]},"properties":{"lines":"128, 154","color":"#0059a9","mode":"bus","arr":["128","154"],"angle":76.6,"extra":1}},{"type":"Feature","geometry":{"type":"Point","coordinates":[23.765426,37.87013]},"properties":{"lines":"128, 154","color":"#0059a9","mode":"bus","arr":["128","154"],"angle":58.3,"extra":1}},{"type":"Feature","geometry":{"type":"Point","coordinates":[23.755464,37.865393]},"properties":{"lines":"124, 128, Α3","color":"#0059a9","mode":"bus","arr":["124","128","Α3"],"angle":-51.1}},{"type":"Feature","geometry":{"type":"Point","coordinates":[23.708497,37.920606]},"properties":{"lines":"126","color":"#0059a9","mode":"bus","arr":["126"],"angle":-16.9}},{"type":"Feature","geometry":{"type":"Point","coordinates":[23.702099,37.925953]},"properties":{"lines":"126","color":"#0059a9","mode":"bus","arr":["126"],"angle":27.2}},{"type":"Feature","geometry":{"type":"Point","coordinates":[23.705843,37.92489]},"properties":{"lines":"126","color":"#0059a9","mode":"bus","arr":["126"],"angle":72.9,"extra":1}},{"type":"Feature","geometry":{"type":"Point","coordinates":[23.69591,37.928413]},"properties":{"lines":"126","color":"#0059a9","mode":"bus","arr":["126"],"angle":26.7,"extra":1}},{"type":"Feature","geometry":{"type":"Point","coordinates":[23.695508,37.930875]},"properties":{"lines":"126","color":"#0059a9","mode":"bus","arr":["126"],"angle":-61.9}},{"type":"Feature","geometry":{"type":"Point","coordinates":[23.699096,37.936325]},"properties":{"lines":"126","color":"#0059a9","mode":"bus","arr":["126"],"angle":86.9}},{"type":"Feature","geometry":{"type":"Point","coordinates":[23.69902,37.939691]},"properties":{"lines":"126","color":"#0059a9","mode":"bus","arr":["126"],"angle":-82.2,"extra":1}},{"type":"Feature","geometry":{"type":"Point","coordinates":[23.699773,37.943858]},"properties":{"lines":"126","color":"#0059a9","mode":"bus","arr":["126"],"angle":-44.1}},{"type":"Feature","geometry":{"type":"Point","coordinates":[23.699315,37.941784]},"properties":{"lines":"126","color":"#0059a9","mode":"bus","arr":["126"],"angle":-44.9}},{"type":"Feature","geometry":{"type":"Point","coordinates":[23.697025,37.92679]},"properties":{"lines":"126","color":"#0059a9","mode":"bus","arr":["126"],"angle":27.6}},{"type":"Feature","geometry":{"type":"Point","coordinates":[23.696592,37.930391]},"properties":{"lines":"126","color":"#0059a9","mode":"bus","arr":["126"],"angle":-62.4,"extra":1}},{"type":"Feature","geometry":{"type":"Point","coordinates":[23.702519,37.924528]},"properties":{"lines":"126","color":"#0059a9","mode":"bus","arr":["126"],"angle":27.7,"extra":1}},{"type":"Feature","geometry":{"type":"Point","coordinates":[23.698898,37.940526]},"properties":{"lines":"126","color":"#0059a9","mode":"bus","arr":["126"],"angle":-87.9}},{"type":"Feature","geometry":{"type":"Point","coordinates":[23.697956,37.932531]},"properties":{"lines":"126, 130, 911Α","color":"#0059a9","mode":"bus","arr":["126","130","911Α"],"angle":12.3}},{"type":"Feature","geometry":{"type":"Point","coordinates":[23.700199,37.943847]},"properties":{"lines":"126, 550, Β2, Ε90","color":"#0059a9","mode":"bus","arr":["126","550","Β2","Ε90"],"angle":-45}},{"type":"Feature","geometry":{"type":"Point","coordinates":[23.70006,37.944301]},"properties":{"lines":"126, Α2","color":"#0059a9","mode":"bus","arr":["126","Α2"],"angle":12.3}},{"type":"Feature","geometry":{"type":"Point","coordinates":[23.758274,37.865734]},"properties":{"lines":"128","color":"#0059a9","mode":"bus","arr":["128"],"angle":39.9}},{"type":"Feature","geometry":{"type":"Point","coordinates":[23.759721,37.853888]},"properties":{"lines":"128","color":"#0059a9","mode":"bus","arr":["128"],"angle":1.5}},{"type":"Feature","geometry":{"type":"Point","coordinates":[23.766419,37.861028]},"properties":{"lines":"128","color":"#0059a9","mode":"bus","arr":["128"],"angle":66.5}},{"type":"Feature","geometry":{"type":"Point","coordinates":[23.762264,37.872682]},"properties":{"lines":"128","color":"#0059a9","mode":"bus","arr":["128"],"angle":-28.1}},{"type":"Feature","geometry":{"type":"Point","coordinates":[23.759142,37.88234]},"properties":{"lines":"128","color":"#0059a9","mode":"bus","arr":["128"],"angle":-77.6}},{"type":"Feature","geometry":{"type":"Point","coordinates":[23.760422,37.886955]},"properties":{"lines":"128","color":"#0059a9","mode":"bus","arr":["128"],"angle":-77.6,"extra":1}},{"type":"Feature","geometry":{"type":"Point","coordinates":[23.757652,37.877311]},"properties":{"lines":"128","color":"#0059a9","mode":"bus","arr":["128"],"angle":-77.2,"extra":1}},{"type":"Feature","geometry":{"type":"Point","coordinates":[23.774175,37.897528]},"properties":{"lines":"128","color":"#0059a9","mode":"bus","arr":["128"],"angle":82.6}},{"type":"Feature","geometry":{"type":"Point","coordinates":[23.767205,37.897867]},"properties":{"lines":"128","color":"#0059a9","mode":"bus","arr":["128"],"angle":-42.2}},{"type":"Feature","geometry":{"type":"Point","coordinates":[23.767159,37.854009]},"properties":{"lines":"128","color":"#0059a9","mode":"bus","arr":["128"],"angle":-8}},{"type":"Feature","geometry":{"type":"Point","coordinates":[23.761759,37.860819]},"properties":{"lines":"128","color":"#0059a9","mode":"bus","arr":["128"],"angle":-51.8}},{"type":"Feature","geometry":{"type":"Point","coordinates":[23.759262,37.863133]},"properties":{"lines":"128","color":"#0059a9","mode":"bus","arr":["128"],"angle":-80.8,"extra":1}},{"type":"Feature","geometry":{"type":"Point","coordinates":[23.757612,37.85494]},"properties":{"lines":"128","color":"#0059a9","mode":"bus","arr":["128"],"angle":-45.4,"extra":1}},{"type":"Feature","geometry":{"type":"Point","coordinates":[23.765124,37.853789]},"properties":{"lines":"128, 162","color":"#0059a9","mode":"bus","arr":["128","162"],"angle":-3.9}},{"type":"Feature","geometry":{"type":"Point","coordinates":[23.75785,37.873106]},"properties":{"lines":"128, 171, Α3, Χ97","color":"#0059a9","mode":"bus","arr":["128","171","Α3","Χ97"],"angle":68.2}},{"type":"Feature","geometry":{"type":"Point","coordinates":[23.757668,37.87311]},"properties":{"lines":"128, 171, Χ97","color":"#0059a9","mode":"bus","arr":["128","171","Χ97"],"angle":68.4}},{"type":"Feature","geometry":{"type":"Point","coordinates":[23.757806,37.877469]},"properties":{"lines":"128, Α3","color":"#0059a9","mode":"bus","arr":["128","Α3"],"angle":-76.5}},{"type":"Feature","geometry":{"type":"Point","coordinates":[23.767061,37.891138]},"properties":{"lines":"128, 205","color":"#0059a9","mode":"bus","arr":["128","205"],"angle":-41.3}},{"type":"Feature","geometry":{"type":"Point","coordinates":[23.770657,37.893696]},"properties":{"lines":"128, 205, Β1","color":"#0059a9","mode":"bus","arr":["128","205","Β1"],"angle":-42.2}},{"type":"Feature","geometry":{"type":"Point","coordinates":[23.772448,37.899553]},"properties":{"lines":"128, 205, Β1","color":"#0059a9","mode":"bus","arr":["128","205","Β1"],"angle":48.6}},{"type":"Feature","geometry":{"type":"Point","coordinates":[23.764481,37.892804]},"properties":{"lines":"128, 164","color":"#0059a9","mode":"bus","arr":["128","164"],"angle":48.3}},{"type":"Feature","geometry":{"type":"Point","coordinates":[23.632739,37.936872]},"properties":{"lines":"130, Β1","color":"#0059a9","mode":"bus","arr":["130","Β1"],"angle":78.6}},{"type":"Feature","geometry":{"type":"Point","coordinates":[23.64745,37.943369]},"properties":{"lines":"130, Β1","color":"#0059a9","mode":"bus","arr":["130","Β1"],"angle":-55}},{"type":"Feature","geometry":{"type":"Point","coordinates":[23.636732,37.935787]},"properties":{"lines":"Β1","color":"#0059a9","mode":"bus","arr":["Β1"],"angle":-11.3}},{"type":"Feature","geometry":{"type":"Point","coordinates":[23.761105,37.894257]},"properties":{"lines":"Β1","color":"#0059a9","mode":"bus","arr":["Β1"],"angle":-80.7}},{"type":"Feature","geometry":{"type":"Point","coordinates":[23.767631,37.891129]},"properties":{"lines":"Β1","color":"#0059a9","mode":"bus","arr":["Β1"],"angle":71.6}},{"type":"Feature","geometry":{"type":"Point","coordinates":[23.640786,37.936426]},"properties":{"lines":"130","color":"#0059a9","mode":"bus","arr":["130"],"angle":-11.4}},{"type":"Feature","geometry":{"type":"Point","coordinates":[23.700724,37.932061]},"properties":{"lines":"130","color":"#0059a9","mode":"bus","arr":["130"],"angle":30.3}},{"type":"Feature","geometry":{"type":"Point","coordinates":[23.695343,37.933261]},"properties":{"lines":"130","color":"#0059a9","mode":"bus","arr":["130"],"angle":28.2}},{"type":"Feature","geometry":{"type":"Point","coordinates":[23.641529,37.935297]},"properties":{"lines":"906, 909","color":"#0059a9","mode":"bus","arr":["906","909"],"angle":79.3}},{"type":"Feature","geometry":{"type":"Point","coordinates":[23.645912,37.941602]},"properties":{"lines":"130, 229, Β1","color":"#0059a9","mode":"bus","arr":["130","229","Β1"],"angle":-55.8}},{"type":"Feature","geometry":{"type":"Point","coordinates":[23.649367,37.942976]},"properties":{"lines":"130, 218, 229, 500, 915, Β1, Ε90","color":"#0059a9","mode":"bus","arr":["130","218","229","500","915","Β1","Ε90"],"angle":34.4}},{"type":"Feature","geometry":{"type":"Point","coordinates":[23.654124,37.94515]},"properties":{"lines":"130, 218, 229, 500, 915, Β1, Ε90, Χ96","color":"#0059a9","mode":"bus","arr":["130","218","229","500","915","Β1","Ε90","Χ96"],"angle":34.4}},{"type":"Feature","geometry":{"type":"Point","coordinates":[23.65603,37.943586]},"properties":{"lines":"130, 218, 229, 500, Β1, Ε90, Χ96","color":"#0059a9","mode":"bus","arr":["130","218","229","500","Β1","Ε90","Χ96"],"angle":16}},{"type":"Feature","geometry":{"type":"Point","coordinates":[23.670116,37.944108]},"properties":{"lines":"130, 229, Β1, Ε90, Χ96","color":"#0059a9","mode":"bus","arr":["130","229","Β1","Ε90","Χ96"],"angle":-1}},{"type":"Feature","geometry":{"type":"Point","coordinates":[23.68032,37.942767]},"properties":{"lines":"130, 229, Β1, Ε90","color":"#0059a9","mode":"bus","arr":["130","229","Β1","Ε90"],"angle":17}},{"type":"Feature","geometry":{"type":"Point","coordinates":[23.691356,37.938065]},"properties":{"lines":"130, Β1, Χ96","color":"#0059a9","mode":"bus","arr":["130","Β1","Χ96"],"angle":32.6}},{"type":"Feature","geometry":{"type":"Point","coordinates":[23.694809,37.936269]},"properties":{"lines":"130, Β1, Χ96","color":"#0059a9","mode":"bus","arr":["130","Β1","Χ96"],"angle":73.4,"extra":1}},{"type":"Feature","geometry":{"type":"Point","coordinates":[23.694494,37.933847]},"properties":{"lines":"130, 911Α, Β1, Β2, Χ96","color":"#0059a9","mode":"bus","arr":["130","911Α","Β1","Β2","Χ96"],"angle":-56.2}},{"type":"Feature","geometry":{"type":"Point","coordinates":[23.691751,37.932959]},"properties":{"lines":"130, 911Α","color":"#0059a9","mode":"bus","arr":["130","911Α"],"angle":2.2}},{"type":"Feature","geometry":{"type":"Point","coordinates":[23.69565,37.932928]},"properties":{"lines":"130, 911Α","color":"#0059a9","mode":"bus","arr":["130","911Α"],"angle":17.4}},{"type":"Feature","geometry":{"type":"Point","coordinates":[23.700837,37.931198]},"properties":{"lines":"130, 911Α","color":"#0059a9","mode":"bus","arr":["130","911Α"],"angle":38.3}},{"type":"Feature","geometry":{"type":"Point","coordinates":[23.712911,37.945994]},"properties":{"lines":"130, 218","color":"#0059a9","mode":"bus","arr":["130","218"],"angle":15.2}},{"type":"Feature","geometry":{"type":"Point","coordinates":[23.712965,37.939715]},"properties":{"lines":"219, 816","color":"#0059a9","mode":"bus","arr":["219","816"],"angle":-75.9}},{"type":"Feature","geometry":{"type":"Point","coordinates":[23.714101,37.943264]},"properties":{"lines":"219, 816","color":"#0059a9","mode":"bus","arr":["219","816"],"angle":-75.8,"extra":1}},{"type":"Feature","geometry":{"type":"Point","coordinates":[23.733192,37.935986]},"properties":{"lines":"219, 816","color":"#0059a9","mode":"bus","arr":["219","816"],"angle":40.1}},{"type":"Feature","geometry":{"type":"Point","coordinates":[23.725019,37.932516]},"properties":{"lines":"219, 816","color":"#0059a9","mode":"bus","arr":["219","816"],"angle":44.4}},{"type":"Feature","geometry":{"type":"Point","coordinates":[23.721812,37.933052]},"properties":{"lines":"219, 816","color":"#0059a9","mode":"bus","arr":["219","816"],"angle":-68.9}},{"type":"Feature","geometry":{"type":"Point","coordinates":[23.713278,37.947964]},"properties":{"lines":"130, 219, 816","color":"#0059a9","mode":"bus","arr":["130","219","816"],"angle":15.3}},{"type":"Feature","geometry":{"type":"Point","coordinates":[23.643723,37.940849]},"properties":{"lines":"130, 217, 229, Α1, Ε90, Χ96","color":"#0059a9","mode":"bus","arr":["130","217","229","Α1","Ε90","Χ96"],"angle":34}},{"type":"Feature","geometry":{"type":"Point","coordinates":[23.639463,37.937588]},"properties":{"lines":"130, 217, 826, 828, 859, Α1","color":"#0059a9","mode":"bus","arr":["130","217","826","828","859","Α1"],"angle":82.4}},{"type":"Feature","geometry":{"type":"Point","coordinates":[23.634979,37.937388]},"properties":{"lines":"130, 217, 828, 859, Α1","color":"#0059a9","mode":"bus","arr":["130","217","828","859","Α1"],"angle":34.7}},{"type":"Feature","geometry":{"type":"Point","coordinates":[23.715836,37.930685]},"properties":{"lines":"131, 219, 816","color":"#0059a9","mode":"bus","arr":["131","219","816"],"angle":-68.8}},{"type":"Feature","geometry":{"type":"Point","coordinates":[23.720281,37.931974]},"properties":{"lines":"131, 219, 816","color":"#0059a9","mode":"bus","arr":["131","219","816"],"angle":22.1,"extra":1}},{"type":"Feature","geometry":{"type":"Point","coordinates":[23.715072,37.933721]},"properties":{"lines":"131, 136, 137, 219, 816","color":"#0059a9","mode":"bus","arr":["131","136","137","219","816"],"angle":-76}},{"type":"Feature","geometry":{"type":"Point","coordinates":[23.719554,37.937426]},"properties":{"lines":"131","color":"#0059a9","mode":"bus","arr":["131"],"angle":-44.5}},{"type":"Feature","geometry":{"type":"Point","coordinates":[23.728033,37.943376]},"properties":{"lines":"131","color":"#0059a9","mode":"bus","arr":["131"],"angle":47.5}},{"type":"Feature","geometry":{"type":"Point","coordinates":[23.731596,37.94617]},"properties":{"lines":"131","color":"#0059a9","mode":"bus","arr":["131"],"angle":2.3}},{"type":"Feature","geometry":{"type":"Point","coordinates":[23.718531,37.9299]},"properties":{"lines":"131","color":"#0059a9","mode":"bus","arr":["131"],"angle":-57.2}},{"type":"Feature","geometry":{"type":"Point","coordinates":[23.726204,37.94252]},"properties":{"lines":"131, 136, 218","color":"#0059a9","mode":"bus","arr":["131","136","218"],"angle":-44.3}},{"type":"Feature","geometry":{"type":"Point","coordinates":[23.728562,37.943666]},"properties":{"lines":"131, 217","color":"#0059a9","mode":"bus","arr":["131","217"],"angle":-72.9}},{"type":"Feature","geometry":{"type":"Point","coordinates":[23.731209,37.946284]},"properties":{"lines":"131, 217","color":"#0059a9","mode":"bus","arr":["131","217"],"angle":-3.8}},{"type":"Feature","geometry":{"type":"Point","coordinates":[23.73581,37.947952]},"properties":{"lines":"131, 141, 217","color":"#0059a9","mode":"bus","arr":["131","141","217"],"angle":-57.5}},{"type":"Feature","geometry":{"type":"Point","coordinates":[23.725774,37.942957]},"properties":{"lines":"131, 136","color":"#0059a9","mode":"bus","arr":["131","136"],"angle":-44.1}},{"type":"Feature","geometry":{"type":"Point","coordinates":[23.715499,37.935083]},"properties":{"lines":"136, 137, 219, 816","color":"#0059a9","mode":"bus","arr":["136","137","219","816"],"angle":-76.2}},{"type":"Feature","geometry":{"type":"Point","coordinates":[23.716277,37.939139]},"properties":{"lines":"136, 137","color":"#0059a9","mode":"bus","arr":["136","137"],"angle":-86}},{"type":"Feature","geometry":{"type":"Point","coordinates":[23.71768,37.942441]},"properties":{"lines":"136, 137","color":"#0059a9","mode":"bus","arr":["136","137"],"angle":-44.6}},{"type":"Feature","geometry":{"type":"Point","coordinates":[23.715383,37.954877]},"properties":{"lines":"136, 137","color":"#0059a9","mode":"bus","arr":["136","137"],"angle":45.8}},{"type":"Feature","geometry":{"type":"Point","coordinates":[23.712195,37.954544]},"properties":{"lines":"136, 137","color":"#0059a9","mode":"bus","arr":["136","137"],"angle":10.7}},{"type":"Feature","geometry":{"type":"Point","coordinates":[23.718645,37.941668]},"properties":{"lines":"136, 137","color":"#0059a9","mode":"bus","arr":["136","137"],"angle":-44.8}},{"type":"Feature","geometry":{"type":"Point","coordinates":[23.714786,37.933648]},"properties":{"lines":"136, 137","color":"#0059a9","mode":"bus","arr":["136","137"],"angle":-53.2}},{"type":"Feature","geometry":{"type":"Point","coordinates":[23.716467,37.941806]},"properties":{"lines":"136, 137","color":"#0059a9","mode":"bus","arr":["136","137"],"angle":-30.4}},{"type":"Feature","geometry":{"type":"Point","coordinates":[23.72106,37.941168]},"properties":{"lines":"136, 218","color":"#0059a9","mode":"bus","arr":["136","218"],"angle":38.7}},{"type":"Feature","geometry":{"type":"Point","coordinates":[23.725386,37.94554]},"properties":{"lines":"136, 218","color":"#0059a9","mode":"bus","arr":["136","218"],"angle":45.4}},{"type":"Feature","geometry":{"type":"Point","coordinates":[23.723126,37.947347]},"properties":{"lines":"136","color":"#0059a9","mode":"bus","arr":["136"],"angle":45.5}},{"type":"Feature","geometry":{"type":"Point","coordinates":[23.722593,37.947775]},"properties":{"lines":"136","color":"#0059a9","mode":"bus","arr":["136"],"angle":34.3}},{"type":"Feature","geometry":{"type":"Point","coordinates":[23.717922,37.95282]},"properties":{"lines":"136","color":"#0059a9","mode":"bus","arr":["136"],"angle":45.8,"extra":1}},{"type":"Feature","geometry":{"type":"Point","coordinates":[23.722182,37.942152]},"properties":{"lines":"136","color":"#0059a9","mode":"bus","arr":["136"],"angle":14.3}},{"type":"Feature","geometry":{"type":"Point","coordinates":[23.721068,37.945075]},"properties":{"lines":"137","color":"#0059a9","mode":"bus","arr":["137"],"angle":-44.6}},{"type":"Feature","geometry":{"type":"Point","coordinates":[23.718881,37.958195]},"properties":{"lines":"137","color":"#0059a9","mode":"bus","arr":["137"],"angle":-48.9}},{"type":"Feature","geometry":{"type":"Point","coordinates":[23.716144,37.954912]},"properties":{"lines":"137","color":"#0059a9","mode":"bus","arr":["137"],"angle":-44.6}},{"type":"Feature","geometry":{"type":"Point","coordinates":[23.723584,37.953744]},"properties":{"lines":"137","color":"#0059a9","mode":"bus","arr":["137"],"angle":22.3}},{"type":"Feature","geometry":{"type":"Point","coordinates":[23.720128,37.955321]},"properties":{"lines":"137","color":"#0059a9","mode":"bus","arr":["137"],"angle":46.1,"extra":1}},{"type":"Feature","geometry":{"type":"Point","coordinates":[23.726514,37.949064]},"properties":{"lines":"137","color":"#0059a9","mode":"bus","arr":["137"],"angle":-55}},{"type":"Feature","geometry":{"type":"Point","coordinates":[23.723835,37.945709]},"properties":{"lines":"137","color":"#0059a9","mode":"bus","arr":["137"],"angle":-44.6}},{"type":"Feature","geometry":{"type":"Point","coordinates":[23.719358,37.957418]},"properties":{"lines":"137","color":"#0059a9","mode":"bus","arr":["137"],"angle":-2.4}},{"type":"Feature","geometry":{"type":"Point","coordinates":[23.726798,37.949196]},"properties":{"lines":"137, 218","color":"#0059a9","mode":"bus","arr":["137","218"],"angle":80.8}},{"type":"Feature","geometry":{"type":"Point","coordinates":[23.733883,37.953128]},"properties":{"lines":"218","color":"#0059a9","mode":"bus","arr":["218"],"angle":-22.7}},{"type":"Feature","geometry":{"type":"Point","coordinates":[23.729886,37.952004]},"properties":{"lines":"218","color":"#0059a9","mode":"bus","arr":["218"],"angle":21.2,"extra":1}},{"type":"Feature","geometry":{"type":"Point","coordinates":[23.738119,37.949943]},"properties":{"lines":"218","color":"#0059a9","mode":"bus","arr":["218"],"angle":-75,"extra":1}},{"type":"Feature","geometry":{"type":"Point","coordinates":[23.716805,37.944787]},"properties":{"lines":"218","color":"#0059a9","mode":"bus","arr":["218"],"angle":89.8}},{"type":"Feature","geometry":{"type":"Point","coordinates":[23.711216,37.952176]},"properties":{"lines":"Β2","color":"#0059a9","mode":"bus","arr":["Β2"],"angle":-44.4}},{"type":"Feature","geometry":{"type":"Point","coordinates":[23.708335,37.949949]},"properties":{"lines":"Β2","color":"#0059a9","mode":"bus","arr":["Β2"],"angle":-44.2,"extra":1}},{"type":"Feature","geometry":{"type":"Point","coordinates":[23.696152,37.940495]},"properties":{"lines":"Β2","color":"#0059a9","mode":"bus","arr":["Β2"],"angle":-44.8}},{"type":"Feature","geometry":{"type":"Point","coordinates":[23.711844,37.953262]},"properties":{"lines":"Β2","color":"#0059a9","mode":"bus","arr":["Β2"],"angle":-45.1}},{"type":"Feature","geometry":{"type":"Point","coordinates":[23.717126,37.957355]},"properties":{"lines":"Β2","color":"#0059a9","mode":"bus","arr":["Β2"],"angle":-44.4,"extra":1}},{"type":"Feature","geometry":{"type":"Point","coordinates":[23.708194,37.950404]},"properties":{"lines":"Β2","color":"#0059a9","mode":"bus","arr":["Β2"],"angle":-44.3,"extra":1}},{"type":"Feature","geometry":{"type":"Point","coordinates":[23.712454,37.909977]},"properties":{"lines":"Β2","color":"#0059a9","mode":"bus","arr":["Β2"],"angle":30.7}},{"type":"Feature","geometry":{"type":"Point","coordinates":[23.729363,37.907688]},"properties":{"lines":"Β2","color":"#0059a9","mode":"bus","arr":["Β2"],"angle":1.2}},{"type":"Feature","geometry":{"type":"Point","coordinates":[23.737743,37.90688]},"properties":{"lines":"Β2","color":"#0059a9","mode":"bus","arr":["Β2"],"angle":13.2,"extra":1}},{"type":"Feature","geometry":{"type":"Point","coordinates":[23.72572,37.907351]},"properties":{"lines":"Β2","color":"#0059a9","mode":"bus","arr":["Β2"],"angle":-9.7,"extra":1}},{"type":"Feature","geometry":{"type":"Point","coordinates":[23.719534,37.906533]},"properties":{"lines":"Β2","color":"#0059a9","mode":"bus","arr":["Β2"],"angle":-9.7,"extra":1}},{"type":"Feature","geometry":{"type":"Point","coordinates":[23.728517,37.907594]},"properties":{"lines":"140, Β1, Β2","color":"#0059a9","mode":"bus","arr":["140","Β1","Β2"],"angle":-3.4}},{"type":"Feature","geometry":{"type":"Point","coordinates":[23.734233,37.907323]},"properties":{"lines":"140, 142, Β1, Β2","color":"#0059a9","mode":"bus","arr":["140","142","Β1","Β2"],"angle":-13.5}},{"type":"Feature","geometry":{"type":"Point","coordinates":[23.748404,37.906007]},"properties":{"lines":"140, 142","color":"#0059a9","mode":"bus","arr":["140","142"],"angle":0.7}},{"type":"Feature","geometry":{"type":"Point","coordinates":[23.751696,37.933708]},"properties":{"lines":"140, 201","color":"#0059a9","mode":"bus","arr":["140","201"],"angle":-87.1}},{"type":"Feature","geometry":{"type":"Point","coordinates":[23.748574,37.943648]},"properties":{"lines":"140, 237","color":"#0059a9","mode":"bus","arr":["140","237"],"angle":69.9}},{"type":"Feature","geometry":{"type":"Point","coordinates":[23.746611,37.946845]},"properties":{"lines":"140, 237","color":"#0059a9","mode":"bus","arr":["140","237"],"angle":53.7,"extra":1}},{"type":"Feature","geometry":{"type":"Point","coordinates":[23.745665,37.948093]},"properties":{"lines":"140, 206, 237, 856","color":"#0059a9","mode":"bus","arr":["140","206","237","856"],"angle":61.1}},{"type":"Feature","geometry":{"type":"Point","coordinates":[23.745553,37.950011]},"properties":{"lines":"140, 212, 856","color":"#0059a9","mode":"bus","arr":["140","212","856"],"angle":-58}},{"type":"Feature","geometry":{"type":"Point","coordinates":[23.746853,37.951685]},"properties":{"lines":"140, 856","color":"#0059a9","mode":"bus","arr":["140","856"],"angle":-47.9}},{"type":"Feature","geometry":{"type":"Point","coordinates":[23.752937,37.95579]},"properties":{"lines":"140, 209, 211, 212","color":"#0059a9","mode":"bus","arr":["140","209","211","212"],"angle":-80.6}},{"type":"Feature","geometry":{"type":"Point","coordinates":[23.753684,37.95874]},"properties":{"lines":"140, 209, 211","color":"#0059a9","mode":"bus","arr":["140","209","211"],"angle":-76.1}},{"type":"Feature","geometry":{"type":"Point","coordinates":[23.757106,37.958381]},"properties":{"lines":"203, 204, 204Β","color":"#0059a9","mode":"bus","arr":["203","204","204Β"],"angle":55.5}},{"type":"Feature","geometry":{"type":"Point","coordinates":[23.762386,37.956778]},"properties":{"lines":"203, 204, 204Β","color":"#0059a9","mode":"bus","arr":["203","204","204Β"],"angle":-19}},{"type":"Feature","geometry":{"type":"Point","coordinates":[23.75434,37.959797]},"properties":{"lines":"140, 203, 204, 204Β","color":"#0059a9","mode":"bus","arr":["140","203","204","204Β"],"angle":48.2}},{"type":"Feature","geometry":{"type":"Point","coordinates":[23.751914,37.962677]},"properties":{"lines":"140, 203, 204, 204Β, 209, 211","color":"#0059a9","mode":"bus","arr":["140","203","204","204Β","209","211"],"angle":58.8}},{"type":"Feature","geometry":{"type":"Point","coordinates":[23.759881,37.97391]},"properties":{"lines":"140, 221","color":"#0059a9","mode":"bus","arr":["140","221"],"angle":-63.1}},{"type":"Feature","geometry":{"type":"Point","coordinates":[23.766036,37.980478]},"properties":{"lines":"140, 230","color":"#0059a9","mode":"bus","arr":["140","230"],"angle":-29.7}},{"type":"Feature","geometry":{"type":"Point","coordinates":[23.769386,37.981104]},"properties":{"lines":"140, 622","color":"#0059a9","mode":"bus","arr":["140","622"],"angle":20.9}},{"type":"Feature","geometry":{"type":"Point","coordinates":[23.779328,37.988385]},"properties":{"lines":"140, 242","color":"#0059a9","mode":"bus","arr":["140","242"],"angle":55.9}},{"type":"Feature","geometry":{"type":"Point","coordinates":[23.781432,37.986078]},"properties":{"lines":"140, 242","color":"#0059a9","mode":"bus","arr":["140","242"],"angle":56.2,"extra":1}},{"type":"Feature","geometry":{"type":"Point","coordinates":[23.78081,37.99633]},"properties":{"lines":"140, 400, Α5, Β5, Χ21, Χ95","color":"#0059a9","mode":"bus","arr":["140","400","Α5","Β5","Χ21","Χ95"],"angle":-37.4}},{"type":"Feature","geometry":{"type":"Point","coordinates":[23.763769,38.001078]},"properties":{"lines":"140, 651","color":"#0059a9","mode":"bus","arr":["140","651"],"angle":-3.1}},{"type":"Feature","geometry":{"type":"Point","coordinates":[23.75337,37.999292]},"properties":{"lines":"140, 224","color":"#0059a9","mode":"bus","arr":["140","224"],"angle":14.2}},{"type":"Feature","geometry":{"type":"Point","coordinates":[23.734695,37.946159]},"properties":{"lines":"141","color":"#0059a9","mode":"bus","arr":["141"],"angle":-84.1}},{"type":"Feature","geometry":{"type":"Point","coordinates":[23.729996,37.940363]},"properties":{"lines":"141","color":"#0059a9","mode":"bus","arr":["141"],"angle":-33.3}},{"type":"Feature","geometry":{"type":"Point","coordinates":[23.723719,37.923813]},"properties":{"lines":"141","color":"#0059a9","mode":"bus","arr":["141"],"angle":-61}},{"type":"Feature","geometry":{"type":"Point","coordinates":[23.711909,37.914498]},"properties":{"lines":"141","color":"#0059a9","mode":"bus","arr":["141"],"angle":-47.3}},{"type":"Feature","geometry":{"type":"Point","coordinates":[23.732096,37.941934]},"properties":{"lines":"141, 229","color":"#0059a9","mode":"bus","arr":["141","229"],"angle":-52.4}},{"type":"Feature","geometry":{"type":"Point","coordinates":[23.73427,37.944864]},"properties":{"lines":"141, 229","color":"#0059a9","mode":"bus","arr":["141","229"],"angle":-59.5,"extra":1}},{"type":"Feature","geometry":{"type":"Point","coordinates":[23.726452,37.929431]},"properties":{"lines":"141, 217, 229","color":"#0059a9","mode":"bus","arr":["141","217","229"],"angle":-75.5}},{"type":"Feature","geometry":{"type":"Point","coordinates":[23.729431,37.935545]},"properties":{"lines":"141, 217, 219, 229, 816","color":"#0059a9","mode":"bus","arr":["141","217","219","229","816"],"angle":-68.5}},{"type":"Feature","geometry":{"type":"Point","coordinates":[23.727668,37.932129]},"properties":{"lines":"141, 217, 219, 816","color":"#0059a9","mode":"bus","arr":["141","217","219","816"],"angle":-68.5}},{"type":"Feature","geometry":{"type":"Point","coordinates":[23.736425,37.908126]},"properties":{"lines":"142, Β1, Β2","color":"#0059a9","mode":"bus","arr":["142","Β1","Β2"],"angle":-28.2}},{"type":"Feature","geometry":{"type":"Point","coordinates":[23.741441,37.910228]},"properties":{"lines":"142, Β1","color":"#0059a9","mode":"bus","arr":["142","Β1"],"angle":-28.3}},{"type":"Feature","geometry":{"type":"Point","coordinates":[23.776319,37.85274]},"properties":{"lines":"154","color":"#0059a9","mode":"bus","arr":["154"],"angle":0}},{"type":"Feature","geometry":{"type":"Point","coordinates":[23.773875,37.853721]},"properties":{"lines":"154","color":"#0059a9","mode":"bus","arr":["154"],"angle":1.3}},{"type":"Feature","geometry":{"type":"Point","coordinates":[23.763446,37.881273]},"properties":{"lines":"154","color":"#0059a9","mode":"bus","arr":["154"],"angle":79.3}},{"type":"Feature","geometry":{"type":"Point","coordinates":[23.763894,37.876028]},"properties":{"lines":"154","color":"#0059a9","mode":"bus","arr":["154"],"angle":82,"extra":1}},{"type":"Feature","geometry":{"type":"Point","coordinates":[23.761957,37.885748]},"properties":{"lines":"154","color":"#0059a9","mode":"bus","arr":["154"],"angle":79.1,"extra":1}},{"type":"Feature","geometry":{"type":"Point","coordinates":[23.779008,37.854318]},"properties":{"lines":"154","color":"#0059a9","mode":"bus","arr":["154"],"angle":51}},{"type":"Feature","geometry":{"type":"Point","coordinates":[23.768629,37.853564]},"properties":{"lines":"154, 162","color":"#0059a9","mode":"bus","arr":["154","162"],"angle":0.2}},{"type":"Feature","geometry":{"type":"Point","coordinates":[23.776891,37.85141]},"properties":{"lines":"154, 162","color":"#0059a9","mode":"bus","arr":["154","162"],"angle":-18.7}},{"type":"Feature","geometry":{"type":"Point","coordinates":[23.778243,37.853023]},"properties":{"lines":"154, 162","color":"#0059a9","mode":"bus","arr":["154","162"],"angle":-86.2}},{"type":"Feature","geometry":{"type":"Point","coordinates":[23.769561,37.835725]},"properties":{"lines":"162","color":"#0059a9","mode":"bus","arr":["162"],"angle":21.3}},{"type":"Feature","geometry":{"type":"Point","coordinates":[23.765541,37.848409]},"properties":{"lines":"162","color":"#0059a9","mode":"bus","arr":["162"],"angle":-43.6}},{"type":"Feature","geometry":{"type":"Point","coordinates":[23.770309,37.85214]},"properties":{"lines":"162","color":"#0059a9","mode":"bus","arr":["162"],"angle":74.3}},{"type":"Feature","geometry":{"type":"Point","coordinates":[23.77258,37.847411]},"properties":{"lines":"162","color":"#0059a9","mode":"bus","arr":["162"],"angle":33.1}},{"type":"Feature","geometry":{"type":"Point","coordinates":[23.777893,37.848518]},"properties":{"lines":"162","color":"#0059a9","mode":"bus","arr":["162"],"angle":-85}},{"type":"Feature","geometry":{"type":"Point","coordinates":[23.767243,37.849686]},"properties":{"lines":"162","color":"#0059a9","mode":"bus","arr":["162"],"angle":-43.5}},{"type":"Feature","geometry":{"type":"Point","coordinates":[23.772804,37.851139]},"properties":{"lines":"162","color":"#0059a9","mode":"bus","arr":["162"],"angle":-12.6,"extra":1}},{"type":"Feature","geometry":{"type":"Point","coordinates":[23.762696,37.851961]},"properties":{"lines":"162","color":"#0059a9","mode":"bus","arr":["162"],"angle":48.5,"extra":1}},{"type":"Feature","geometry":{"type":"Point","coordinates":[23.761364,37.84602]},"properties":{"lines":"162","color":"#0059a9","mode":"bus","arr":["162"],"angle":-43.5}},{"type":"Feature","geometry":{"type":"Point","coordinates":[23.784352,37.854671]},"properties":{"lines":"162","color":"#0059a9","mode":"bus","arr":["162"],"angle":-67.9}},{"type":"Feature","geometry":{"type":"Point","coordinates":[23.768649,37.836012]},"properties":{"lines":"162, Α2","color":"#0059a9","mode":"bus","arr":["162","Α2"],"angle":26.1}},{"type":"Feature","geometry":{"type":"Point","coordinates":[23.763673,37.840313]},"properties":{"lines":"162, Α2","color":"#0059a9","mode":"bus","arr":["162","Α2"],"angle":-42.6}},{"type":"Feature","geometry":{"type":"Point","coordinates":[23.764684,37.840175]},"properties":{"lines":"162, Α1","color":"#0059a9","mode":"bus","arr":["162","Α1"],"angle":-45.5}},{"type":"Feature","geometry":{"type":"Point","coordinates":[23.762737,37.845532]},"properties":{"lines":"162, Α1","color":"#0059a9","mode":"bus","arr":["162","Α1"],"angle":-43.2}},{"type":"Feature","geometry":{"type":"Point","coordinates":[23.763802,37.842505]},"properties":{"lines":"162, Α1, Α2","color":"#0059a9","mode":"bus","arr":["162","Α1","Α2"],"angle":46.3}},{"type":"Feature","geometry":{"type":"Point","coordinates":[23.774725,37.840424]},"properties":{"lines":"171, Χ97","color":"#0059a9","mode":"bus","arr":["171","Χ97"],"angle":51.1}},{"type":"Feature","geometry":{"type":"Point","coordinates":[23.769313,37.847697]},"properties":{"lines":"171, Χ97","color":"#0059a9","mode":"bus","arr":["171","Χ97"],"angle":73.1,"extra":1}},{"type":"Feature","geometry":{"type":"Point","coordinates":[23.771304,37.843007]},"properties":{"lines":"171, Χ97","color":"#0059a9","mode":"bus","arr":["171","Χ97"],"angle":70.5,"extra":1}},{"type":"Feature","geometry":{"type":"Point","coordinates":[23.779715,37.836492]},"properties":{"lines":"171, Χ97","color":"#0059a9","mode":"bus","arr":["171","Χ97"],"angle":24.8,"extra":1}},{"type":"Feature","geometry":{"type":"Point","coordinates":[23.785297,37.8346]},"properties":{"lines":"171, Χ97","color":"#0059a9","mode":"bus","arr":["171","Χ97"],"angle":61.4,"extra":1}},{"type":"Feature","geometry":{"type":"Point","coordinates":[23.765943,37.855988]},"properties":{"lines":"171, Χ97","color":"#0059a9","mode":"bus","arr":["171","Χ97"],"angle":68,"extra":1}},{"type":"Feature","geometry":{"type":"Point","coordinates":[23.763463,37.86053]},"properties":{"lines":"171, Χ97","color":"#0059a9","mode":"bus","arr":["171","Χ97"],"angle":64.7,"extra":1}},{"type":"Feature","geometry":{"type":"Point","coordinates":[23.761338,37.86518]},"properties":{"lines":"171, Χ97","color":"#0059a9","mode":"bus","arr":["171","Χ97"],"angle":72,"extra":1}},{"type":"Feature","geometry":{"type":"Point","coordinates":[23.767761,37.851878]},"properties":{"lines":"162, 171, Χ97","color":"#0059a9","mode":"bus","arr":["162","171","Χ97"],"angle":73.9}},{"type":"Feature","geometry":{"type":"Point","coordinates":[23.74934,37.929435]},"properties":{"lines":"164","color":"#0059a9","mode":"bus","arr":["164"],"angle":-24.8}},{"type":"Feature","geometry":{"type":"Point","coordinates":[23.750425,37.917554]},"properties":{"lines":"164","color":"#0059a9","mode":"bus","arr":["164"],"angle":-82.8}},{"type":"Feature","geometry":{"type":"Point","coordinates":[23.751194,37.927551]},"properties":{"lines":"164","color":"#0059a9","mode":"bus","arr":["164"],"angle":-86.8,"extra":1}},{"type":"Feature","geometry":{"type":"Point","coordinates":[23.750856,37.922612]},"properties":{"lines":"164","color":"#0059a9","mode":"bus","arr":["164"],"angle":-86.8,"extra":1}},{"type":"Feature","geometry":{"type":"Point","coordinates":[23.749684,37.912845]},"properties":{"lines":"164","color":"#0059a9","mode":"bus","arr":["164"],"angle":-82.7,"extra":1}},{"type":"Feature","geometry":{"type":"Point","coordinates":[23.752165,37.908535]},"properties":{"lines":"164","color":"#0059a9","mode":"bus","arr":["164"],"angle":59.5,"extra":1}},{"type":"Feature","geometry":{"type":"Point","coordinates":[23.761768,37.895207]},"properties":{"lines":"164","color":"#0059a9","mode":"bus","arr":["164"],"angle":48.4}},{"type":"Feature","geometry":{"type":"Point","coordinates":[23.756416,37.900376]},"properties":{"lines":"164, Β1","color":"#0059a9","mode":"bus","arr":["164","Β1"],"angle":69.2}},{"type":"Feature","geometry":{"type":"Point","coordinates":[23.754797,37.903637]},"properties":{"lines":"164, Β1","color":"#0059a9","mode":"bus","arr":["164","Β1"],"angle":68.6,"extra":1}},{"type":"Feature","geometry":{"type":"Point","coordinates":[23.777223,37.89028]},"properties":{"lines":"164, Β1","color":"#0059a9","mode":"bus","arr":["164","Β1"],"angle":3.7}},{"type":"Feature","geometry":{"type":"Point","coordinates":[23.749339,37.889312]},"properties":{"lines":"171, 205, 790, Α3, Χ97","color":"#0059a9","mode":"bus","arr":["171","205","790","Α3","Χ97"],"angle":67.2}},{"type":"Feature","geometry":{"type":"Point","coordinates":[23.790965,37.834919]},"properties":{"lines":"171, Χ96, Χ97","color":"#0059a9","mode":"bus","arr":["171","Χ96","Χ97"],"angle":6}},{"type":"Feature","geometry":{"type":"Point","coordinates":[23.789679,38.022473]},"properties":{"lines":"19Β","color":"#149a3f","mode":"bus","arr":["19Β"],"angle":-84.1}},{"type":"Feature","geometry":{"type":"Point","coordinates":[23.791418,38.022816]},"properties":{"lines":"19Β","color":"#149a3f","mode":"bus","arr":["19Β"],"angle":37.2}},{"type":"Feature","geometry":{"type":"Point","coordinates":[23.78919,38.023224]},"properties":{"lines":"19Β, Α7","color":"#0059a9","mode":"bus","arr":["19Β","Α7"],"angle":86}},{"type":"Feature","geometry":{"type":"Point","coordinates":[23.732193,37.991661]},"properties":{"lines":"19Β, Α7","color":"#0059a9","mode":"bus","arr":["19Β","Α7"],"angle":12.2}},{"type":"Feature","geometry":{"type":"Point","coordinates":[23.78846,38.019738]},"properties":{"lines":"19Β, 602, Α7","color":"#0059a9","mode":"bus","arr":["19Β","602","Α7"],"angle":-69.9}},{"type":"Feature","geometry":{"type":"Point","coordinates":[23.785605,38.016241]},"properties":{"lines":"19Β, 602, Α7","color":"#0059a9","mode":"bus","arr":["19Β","602","Α7"],"angle":-53.1}},{"type":"Feature","geometry":{"type":"Point","coordinates":[23.782319,38.012658]},"properties":{"lines":"19Β, 602, 610, Α7","color":"#0059a9","mode":"bus","arr":["19Β","602","610","Α7"],"angle":-54.5}},{"type":"Feature","geometry":{"type":"Point","coordinates":[23.733539,37.99144]},"properties":{"lines":"19Β, 224, Α7","color":"#0059a9","mode":"bus","arr":["19Β","224","Α7"],"angle":11.1}},{"type":"Feature","geometry":{"type":"Point","coordinates":[23.74769,37.931475]},"properties":{"lines":"201","color":"#0059a9","mode":"bus","arr":["201"],"angle":-62.9}},{"type":"Feature","geometry":{"type":"Point","coordinates":[23.750607,37.935516]},"properties":{"lines":"201","color":"#0059a9","mode":"bus","arr":["201"],"angle":-58.5,"extra":1}},{"type":"Feature","geometry":{"type":"Point","coordinates":[23.751589,37.933714]},"properties":{"lines":"201","color":"#0059a9","mode":"bus","arr":["201"],"angle":-87}},{"type":"Feature","geometry":{"type":"Point","coordinates":[23.753645,37.931011]},"properties":{"lines":"201","color":"#0059a9","mode":"bus","arr":["201"],"angle":-24.8}},{"type":"Feature","geometry":{"type":"Point","coordinates":[23.755923,37.929504]},"properties":{"lines":"201","color":"#0059a9","mode":"bus","arr":["201"],"angle":-87.3}},{"type":"Feature","geometry":{"type":"Point","coordinates":[23.753929,37.906009]},"properties":{"lines":"201","color":"#0059a9","mode":"bus","arr":["201"],"angle":-44.6}},{"type":"Feature","geometry":{"type":"Point","coordinates":[23.754922,37.916782]},"properties":{"lines":"201","color":"#0059a9","mode":"bus","arr":["201"],"angle":-85.4,"extra":1}},{"type":"Feature","geometry":{"type":"Point","coordinates":[23.754474,37.911848]},"properties":{"lines":"201","color":"#0059a9","mode":"bus","arr":["201"],"angle":-86.3,"extra":1}},{"type":"Feature","geometry":{"type":"Point","coordinates":[23.754197,37.899916]},"properties":{"lines":"201","color":"#0059a9","mode":"bus","arr":["201"],"angle":80.2}},{"type":"Feature","geometry":{"type":"Point","coordinates":[23.750265,37.900293]},"properties":{"lines":"201","color":"#0059a9","mode":"bus","arr":["201"],"angle":1.3,"extra":1}},{"type":"Feature","geometry":{"type":"Point","coordinates":[23.754277,37.931322]},"properties":{"lines":"201","color":"#0059a9","mode":"bus","arr":["201"],"angle":-24.6}},{"type":"Feature","geometry":{"type":"Point","coordinates":[23.755473,37.923389]},"properties":{"lines":"201, 237","color":"#0059a9","mode":"bus","arr":["201","237"],"angle":-86.7}},{"type":"Feature","geometry":{"type":"Point","coordinates":[23.755235,37.920124]},"properties":{"lines":"201, 237","color":"#0059a9","mode":"bus","arr":["201","237"],"angle":-86.5,"extra":1}},{"type":"Feature","geometry":{"type":"Point","coordinates":[23.752244,37.905952]},"properties":{"lines":"201, Β1","color":"#0059a9","mode":"bus","arr":["201","Β1"],"angle":0.7}},{"type":"Feature","geometry":{"type":"Point","coordinates":[23.768125,37.95064]},"properties":{"lines":"203","color":"#0059a9","mode":"bus","arr":["203"],"angle":85.3}},{"type":"Feature","geometry":{"type":"Point","coordinates":[23.767154,37.955011]},"properties":{"lines":"203","color":"#0059a9","mode":"bus","arr":["203"],"angle":63.3,"extra":1}},{"type":"Feature","geometry":{"type":"Point","coordinates":[23.770862,37.947598]},"properties":{"lines":"203","color":"#0059a9","mode":"bus","arr":["203"],"angle":40.6,"extra":1}},{"type":"Feature","geometry":{"type":"Point","coordinates":[23.770596,37.94357]},"properties":{"lines":"203","color":"#0059a9","mode":"bus","arr":["203"],"angle":-75.4}},{"type":"Feature","geometry":{"type":"Point","coordinates":[23.770267,37.948965]},"properties":{"lines":"203, 212","color":"#0059a9","mode":"bus","arr":["203","212"],"angle":17.2}},{"type":"Feature","geometry":{"type":"Point","coordinates":[23.77032,37.945122]},"properties":{"lines":"203, 212","color":"#0059a9","mode":"bus","arr":["203","212"],"angle":-31.4,"extra":1}},{"type":"Feature","geometry":{"type":"Point","coordinates":[23.768243,37.95371]},"properties":{"lines":"203, 212","color":"#0059a9","mode":"bus","arr":["203","212"],"angle":45.8,"extra":1}},{"type":"Feature","geometry":{"type":"Point","coordinates":[23.76247,37.957099]},"properties":{"lines":"203, 204, 204Β, 212","color":"#0059a9","mode":"bus","arr":["203","204","204Β","212"],"angle":-10.6}},{"type":"Feature","geometry":{"type":"Point","coordinates":[23.749685,37.966223]},"properties":{"lines":"203, 204, 204Β, 209, 211","color":"#0059a9","mode":"bus","arr":["203","204","204Β","209","211"],"angle":53.3}},{"type":"Feature","geometry":{"type":"Point","coordinates":[23.748747,37.967218]},"properties":{"lines":"203, 204, 204Β, 211","color":"#0059a9","mode":"bus","arr":["203","204","204Β","211"],"angle":54.1}},{"type":"Feature","geometry":{"type":"Point","coordinates":[23.747374,37.970195]},"properties":{"lines":"203, 204, 204Β, 211","color":"#0059a9","mode":"bus","arr":["203","204","204Β","211"],"angle":-83.2}},{"type":"Feature","geometry":{"type":"Point","coordinates":[23.746977,37.972783]},"properties":{"lines":"203, 204, 204Β, 211, 214","color":"#0059a9","mode":"bus","arr":["203","204","204Β","211","214"],"angle":73}},{"type":"Feature","geometry":{"type":"Point","coordinates":[23.7464,37.974291]},"properties":{"lines":"203, 204, 204Β, 211, 214, 250","color":"#0059a9","mode":"bus","arr":["203","204","204Β","211","214","250"],"angle":74.1}},{"type":"Feature","geometry":{"type":"Point","coordinates":[23.737762,37.976655]},"properties":{"lines":"203, 204, 204Β, 211, 214, 220, 221, 230, 235, 608, 622, Α2, Α5","color":"#0059a9","mode":"bus","arr":["203","204","204Β","211","214","220","221","230","235","608","622","Α2","Α5"],"angle":-80.2}},{"type":"Feature","geometry":{"type":"Point","coordinates":[23.77767,37.955247]},"properties":{"lines":"204","color":"#0059a9","mode":"bus","arr":["204"],"angle":28.7}},{"type":"Feature","geometry":{"type":"Point","coordinates":[23.769962,37.957654]},"properties":{"lines":"204, 204Β","color":"#0059a9","mode":"bus","arr":["204","204Β"],"angle":18.3}},{"type":"Feature","geometry":{"type":"Point","coordinates":[23.774068,37.956081]},"properties":{"lines":"204, 204Β","color":"#0059a9","mode":"bus","arr":["204","204Β"],"angle":-64.9}},{"type":"Feature","geometry":{"type":"Point","coordinates":[23.777397,37.951395]},"properties":{"lines":"204Β","color":"#0059a9","mode":"bus","arr":["204Β"],"angle":-11.4}},{"type":"Feature","geometry":{"type":"Point","coordinates":[23.777117,37.951808]},"properties":{"lines":"204Β","color":"#0059a9","mode":"bus","arr":["204Β"],"angle":54.7}},{"type":"Feature","geometry":{"type":"Point","coordinates":[23.777636,37.954006]},"properties":{"lines":"204Β","color":"#0059a9","mode":"bus","arr":["204Β"],"angle":61.1}},{"type":"Feature","geometry":{"type":"Point","coordinates":[23.77914,37.952398]},"properties":{"lines":"204Β","color":"#0059a9","mode":"bus","arr":["204Β"],"angle":55.3}},{"type":"Feature","geometry":{"type":"Point","coordinates":[23.766378,37.896228]},"properties":{"lines":"205, Β1","color":"#0059a9","mode":"bus","arr":["205","Β1"],"angle":-42.2}},{"type":"Feature","geometry":{"type":"Point","coordinates":[23.763261,37.894]},"properties":{"lines":"205, Β1","color":"#0059a9","mode":"bus","arr":["205","Β1"],"angle":-42.3,"extra":1}},{"type":"Feature","geometry":{"type":"Point","coordinates":[23.772144,37.897544]},"properties":{"lines":"205, Β1","color":"#0059a9","mode":"bus","arr":["205","Β1"],"angle":47.7}},{"type":"Feature","geometry":{"type":"Point","coordinates":[23.764502,37.938357]},"properties":{"lines":"206, 212","color":"#0059a9","mode":"bus","arr":["206","212"],"angle":89.8}},{"type":"Feature","geometry":{"type":"Point","coordinates":[23.763269,37.941622]},"properties":{"lines":"206","color":"#0059a9","mode":"bus","arr":["206"],"angle":8.6}},{"type":"Feature","geometry":{"type":"Point","coordinates":[23.758821,37.945622]},"properties":{"lines":"206","color":"#0059a9","mode":"bus","arr":["206"],"angle":-65.7}},{"type":"Feature","geometry":{"type":"Point","coordinates":[23.753629,37.946565]},"properties":{"lines":"206","color":"#0059a9","mode":"bus","arr":["206"],"angle":20.5}},{"type":"Feature","geometry":{"type":"Point","coordinates":[23.748191,37.948694]},"properties":{"lines":"206","color":"#0059a9","mode":"bus","arr":["206"],"angle":60.2,"extra":1}},{"type":"Feature","geometry":{"type":"Point","coordinates":[23.761501,37.936392]},"properties":{"lines":"206","color":"#0059a9","mode":"bus","arr":["206"],"angle":80.3}},{"type":"Feature","geometry":{"type":"Point","coordinates":[23.760102,37.942384]},"properties":{"lines":"206","color":"#0059a9","mode":"bus","arr":["206"],"angle":77}},{"type":"Feature","geometry":{"type":"Point","coordinates":[23.741517,37.950547]},"properties":{"lines":"206, 212, 237","color":"#0059a9","mode":"bus","arr":["206","212","237"],"angle":27.2}},{"type":"Feature","geometry":{"type":"Point","coordinates":[23.737302,37.949606]},"properties":{"lines":"206, 212, 218, 237","color":"#0059a9","mode":"bus","arr":["206","212","218","237"],"angle":-20.4}},{"type":"Feature","geometry":{"type":"Point","coordinates":[23.736993,37.949094]},"properties":{"lines":"206, 218","color":"#0059a9","mode":"bus","arr":["206","218"],"angle":39.4}},{"type":"Feature","geometry":{"type":"Point","coordinates":[23.741833,37.948928]},"properties":{"lines":"206, 237","color":"#0059a9","mode":"bus","arr":["206","237"],"angle":-1.2}},{"type":"Feature","geometry":{"type":"Point","coordinates":[23.752004,37.950819]},"properties":{"lines":"209, 211","color":"#0059a9","mode":"bus","arr":["209","211"],"angle":49.5}},{"type":"Feature","geometry":{"type":"Point","coordinates":[23.751337,37.959525]},"properties":{"lines":"209, 211","color":"#0059a9","mode":"bus","arr":["209","211"],"angle":84}},{"type":"Feature","geometry":{"type":"Point","coordinates":[23.752394,37.95284]},"properties":{"lines":"209, 211, 212","color":"#0059a9","mode":"bus","arr":["209","211","212"],"angle":-78.7}},{"type":"Feature","geometry":{"type":"Point","coordinates":[23.766827,37.942015]},"properties":{"lines":"212","color":"#0059a9","mode":"bus","arr":["212"],"angle":-13.1}},{"type":"Feature","geometry":{"type":"Point","coordinates":[23.756584,37.956269]},"properties":{"lines":"212","color":"#0059a9","mode":"bus","arr":["212"],"angle":27.9}},{"type":"Feature","geometry":{"type":"Point","coordinates":[23.749773,37.952061]},"properties":{"lines":"212","color":"#0059a9","mode":"bus","arr":["212"],"angle":7.9}},{"type":"Feature","geometry":{"type":"Point","coordinates":[23.745318,37.952961]},"properties":{"lines":"212","color":"#0059a9","mode":"bus","arr":["212"],"angle":72.1}},{"type":"Feature","geometry":{"type":"Point","coordinates":[23.746391,37.954452]},"properties":{"lines":"212, 856","color":"#0059a9","mode":"bus","arr":["212","856"],"angle":82}},{"type":"Feature","geometry":{"type":"Point","coordinates":[23.760359,37.954369]},"properties":{"lines":"214","color":"#0059a9","mode":"bus","arr":["214"],"angle":50.5}},{"type":"Feature","geometry":{"type":"Point","coordinates":[23.763014,37.954671]},"properties":{"lines":"214","color":"#0059a9","mode":"bus","arr":["214"],"angle":-35.8}},{"type":"Feature","geometry":{"type":"Point","coordinates":[23.76024,37.960799]},"properties":{"lines":"214","color":"#0059a9","mode":"bus","arr":["214"],"angle":56}},{"type":"Feature","geometry":{"type":"Point","coordinates":[23.750122,37.972078]},"properties":{"lines":"214","color":"#0059a9","mode":"bus","arr":["214"],"angle":44.5,"extra":1}},{"type":"Feature","geometry":{"type":"Point","coordinates":[23.753771,37.968054]},"properties":{"lines":"214","color":"#0059a9","mode":"bus","arr":["214"],"angle":54.2,"extra":1}},{"type":"Feature","geometry":{"type":"Point","coordinates":[23.757403,37.964021]},"properties":{"lines":"214","color":"#0059a9","mode":"bus","arr":["214"],"angle":55.3,"extra":1}},{"type":"Feature","geometry":{"type":"Point","coordinates":[23.76459,37.955942]},"properties":{"lines":"214","color":"#0059a9","mode":"bus","arr":["214"],"angle":54.7,"extra":1}},{"type":"Feature","geometry":{"type":"Point","coordinates":[23.764669,37.952419]},"properties":{"lines":"214","color":"#0059a9","mode":"bus","arr":["214"],"angle":-35.7,"extra":1}},{"type":"Feature","geometry":{"type":"Point","coordinates":[23.760977,37.953256]},"properties":{"lines":"214","color":"#0059a9","mode":"bus","arr":["214"],"angle":84.4,"extra":1}},{"type":"Feature","geometry":{"type":"Point","coordinates":[23.759043,37.953803]},"properties":{"lines":"214","color":"#0059a9","mode":"bus","arr":["214"],"angle":-36.9}},{"type":"Feature","geometry":{"type":"Point","coordinates":[23.753509,37.971877]},"properties":{"lines":"214, 224","color":"#0059a9","mode":"bus","arr":["214","224"],"angle":13.7}},{"type":"Feature","geometry":{"type":"Point","coordinates":[23.749574,37.972781]},"properties":{"lines":"214, 250","color":"#0059a9","mode":"bus","arr":["214","250"],"angle":7.6}},{"type":"Feature","geometry":{"type":"Point","coordinates":[23.726356,37.941388]},"properties":{"lines":"217","color":"#0059a9","mode":"bus","arr":["217"],"angle":88.9}},{"type":"Feature","geometry":{"type":"Point","coordinates":[23.707466,37.918304]},"properties":{"lines":"217, Α2","color":"#0059a9","mode":"bus","arr":["217","Α2"],"angle":72.3}},{"type":"Feature","geometry":{"type":"Point","coordinates":[23.70832,37.91495]},"properties":{"lines":"217, Α2","color":"#0059a9","mode":"bus","arr":["217","Α2"],"angle":79.8,"extra":1}},{"type":"Feature","geometry":{"type":"Point","coordinates":[23.692612,37.923983]},"properties":{"lines":"217, Α1, Β2","color":"#0059a9","mode":"bus","arr":["217","Α1","Β2"],"angle":49.5}},{"type":"Feature","geometry":{"type":"Point","coordinates":[23.700102,37.919848]},"properties":{"lines":"217, Α1, Β2","color":"#0059a9","mode":"bus","arr":["217","Α1","Β2"],"angle":43.7,"extra":1}},{"type":"Feature","geometry":{"type":"Point","coordinates":[23.687035,37.929882]},"properties":{"lines":"217, Α1, Β2","color":"#0059a9","mode":"bus","arr":["217","Α1","Β2"],"angle":88.8,"extra":1}},{"type":"Feature","geometry":{"type":"Point","coordinates":[23.690366,37.932369]},"properties":{"lines":"217, 550, Α1, Β2","color":"#0059a9","mode":"bus","arr":["217","550","Α1","Β2"],"angle":-9.2}},{"type":"Feature","geometry":{"type":"Point","coordinates":[23.693752,37.932805]},"properties":{"lines":"217, Α1","color":"#0059a9","mode":"bus","arr":["217","Α1"],"angle":-20.6}},{"type":"Feature","geometry":{"type":"Point","coordinates":[23.638795,37.936894]},"properties":{"lines":"229, 826, 828, 831, 843, 859","color":"#0059a9","mode":"bus","arr":["229","826","828","831","843","859"],"angle":-10.2}},{"type":"Feature","geometry":{"type":"Point","coordinates":[23.646553,37.944488]},"properties":{"lines":"218, 300, 500, 904, 906, 909, 915","color":"#0059a9","mode":"bus","arr":["218","300","500","904","906","909","915"],"angle":34.8}},{"type":"Feature","geometry":{"type":"Point","coordinates":[23.680186,37.949288]},"properties":{"lines":"218, 500, 860","color":"#0059a9","mode":"bus","arr":["218","500","860"],"angle":-77.8}},{"type":"Feature","geometry":{"type":"Point","coordinates":[23.681034,37.952377]},"properties":{"lines":"218, 500, 860","color":"#0059a9","mode":"bus","arr":["218","500","860"],"angle":-77.8,"extra":1}},{"type":"Feature","geometry":{"type":"Point","coordinates":[23.697153,37.959036]},"properties":{"lines":"218, 500, 911, 911Α","color":"#0059a9","mode":"bus","arr":["218","500","911","911Α"],"angle":-19.4}},{"type":"Feature","geometry":{"type":"Point","coordinates":[23.700264,37.957529]},"properties":{"lines":"218, 219, 500, 816, 911, 911Α","color":"#0059a9","mode":"bus","arr":["218","219","500","816","911","911Α"],"angle":48.7}},{"type":"Feature","geometry":{"type":"Point","coordinates":[23.70477,37.953456]},"properties":{"lines":"218, 219, 816","color":"#0059a9","mode":"bus","arr":["218","219","816"],"angle":49}},{"type":"Feature","geometry":{"type":"Point","coordinates":[23.722825,37.934424]},"properties":{"lines":"219","color":"#0059a9","mode":"bus","arr":["219"],"angle":10.3}},{"type":"Feature","geometry":{"type":"Point","coordinates":[23.697483,37.959904]},"properties":{"lines":"219, 911, 911Α","color":"#0059a9","mode":"bus","arr":["219","911","911Α"],"angle":7.6}},{"type":"Feature","geometry":{"type":"Point","coordinates":[23.771149,37.971485]},"properties":{"lines":"220, 221","color":"#0059a9","mode":"bus","arr":["220","221"],"angle":52.7}},{"type":"Feature","geometry":{"type":"Point","coordinates":[23.77397,37.969237]},"properties":{"lines":"220, 221","color":"#0059a9","mode":"bus","arr":["220","221"],"angle":43.4,"extra":1}},{"type":"Feature","geometry":{"type":"Point","coordinates":[23.763713,37.975478]},"properties":{"lines":"220, 221","color":"#0059a9","mode":"bus","arr":["220","221"],"angle":21}},{"type":"Feature","geometry":{"type":"Point","coordinates":[23.760267,37.976674]},"properties":{"lines":"220","color":"#0059a9","mode":"bus","arr":["220"],"angle":30.2}},{"type":"Feature","geometry":{"type":"Point","coordinates":[23.759249,37.977251]},"properties":{"lines":"220","color":"#0059a9","mode":"bus","arr":["220"],"angle":65.4}},{"type":"Feature","geometry":{"type":"Point","coordinates":[23.753715,37.976373]},"properties":{"lines":"220","color":"#0059a9","mode":"bus","arr":["220"],"angle":-39.4}},{"type":"Feature","geometry":{"type":"Point","coordinates":[23.756607,37.979257]},"properties":{"lines":"220, 235, 815","color":"#0059a9","mode":"bus","arr":["220","235","815"],"angle":-28.5}},{"type":"Feature","geometry":{"type":"Point","coordinates":[23.749892,37.975766]},"properties":{"lines":"220, 221, 224","color":"#0059a9","mode":"bus","arr":["220","221","224"],"angle":67.5}},{"type":"Feature","geometry":{"type":"Point","coordinates":[23.74886,37.976546]},"properties":{"lines":"220, 221, 224","color":"#0059a9","mode":"bus","arr":["220","221","224"],"angle":17.4}},{"type":"Feature","geometry":{"type":"Point","coordinates":[23.747553,37.976325]},"properties":{"lines":"220, 221, 235, 250, 400, 608, 622, Α5, Ε14, Χ14, Χ21, Χ95","color":"#0059a9","mode":"bus","arr":["220","221","235","250","400","608","622","Α5","Ε14","Χ14","Χ21","Χ95"],"angle":-16.7}},{"type":"Feature","geometry":{"type":"Point","coordinates":[23.749779,37.975716]},"properties":{"lines":"220, 221, 235, 250, 608, 622","color":"#0059a9","mode":"bus","arr":["220","221","235","250","608","622"],"angle":67.2}},{"type":"Feature","geometry":{"type":"Point","coordinates":[23.753649,37.976182]},"properties":{"lines":"220, 235, 608, 622","color":"#0059a9","mode":"bus","arr":["220","235","608","622"],"angle":-37.9}},{"type":"Feature","geometry":{"type":"Point","coordinates":[23.75975,37.973897]},"properties":{"lines":"221","color":"#0059a9","mode":"bus","arr":["221"],"angle":-62.7}},{"type":"Feature","geometry":{"type":"Point","coordinates":[23.755109,37.972177]},"properties":{"lines":"221, 250, Ε90","color":"#0059a9","mode":"bus","arr":["221","250","Ε90"],"angle":9.3}},{"type":"Feature","geometry":{"type":"Point","coordinates":[23.751108,37.973768]},"properties":{"lines":"221, 250, Ε90","color":"#0059a9","mode":"bus","arr":["221","250","Ε90"],"angle":54.2}},{"type":"Feature","geometry":{"type":"Point","coordinates":[23.751252,37.973785]},"properties":{"lines":"221, 224","color":"#0059a9","mode":"bus","arr":["221","224"],"angle":53.9}},{"type":"Feature","geometry":{"type":"Point","coordinates":[23.76611,37.967]},"properties":{"lines":"224","color":"#0059a9","mode":"bus","arr":["224"],"angle":12}},{"type":"Feature","geometry":{"type":"Point","coordinates":[23.773956,37.965384]},"properties":{"lines":"224","color":"#0059a9","mode":"bus","arr":["224"],"angle":13.6,"extra":1}},{"type":"Feature","geometry":{"type":"Point","coordinates":[23.761966,37.967767]},"properties":{"lines":"224","color":"#0059a9","mode":"bus","arr":["224"],"angle":13.5,"extra":1}},{"type":"Feature","geometry":{"type":"Point","coordinates":[23.755866,37.968927]},"properties":{"lines":"224","color":"#0059a9","mode":"bus","arr":["224"],"angle":13.3,"extra":1}},{"type":"Feature","geometry":{"type":"Point","coordinates":[23.753933,37.969663]},"properties":{"lines":"224","color":"#0059a9","mode":"bus","arr":["224"],"angle":-33.9}},{"type":"Feature","geometry":{"type":"Point","coordinates":[23.737706,37.97927]},"properties":{"lines":"224","color":"#0059a9","mode":"bus","arr":["224"],"angle":57.4}},{"type":"Feature","geometry":{"type":"Point","coordinates":[23.735275,37.982281]},"properties":{"lines":"224","color":"#0059a9","mode":"bus","arr":["224"],"angle":57.6,"extra":1}},{"type":"Feature","geometry":{"type":"Point","coordinates":[23.732625,37.986506]},"properties":{"lines":"224","color":"#0059a9","mode":"bus","arr":["224"],"angle":-78.8}},{"type":"Feature","geometry":{"type":"Point","coordinates":[23.733338,37.988307]},"properties":{"lines":"224","color":"#0059a9","mode":"bus","arr":["224"],"angle":-78.9}},{"type":"Feature","geometry":{"type":"Point","coordinates":[23.732757,37.991812]},"properties":{"lines":"224","color":"#0059a9","mode":"bus","arr":["224"],"angle":58.4}},{"type":"Feature","geometry":{"type":"Point","coordinates":[23.734947,37.995191]},"properties":{"lines":"224","color":"#0059a9","mode":"bus","arr":["224"],"angle":10.7}},{"type":"Feature","geometry":{"type":"Point","coordinates":[23.750144,37.996993]},"properties":{"lines":"224","color":"#0059a9","mode":"bus","arr":["224"],"angle":-63.7}},{"type":"Feature","geometry":{"type":"Point","coordinates":[23.758553,37.998864]},"properties":{"lines":"224","color":"#0059a9","mode":"bus","arr":["224"],"angle":-57.6}},{"type":"Feature","geometry":{"type":"Point","coordinates":[23.713581,37.972036]},"properties":{"lines":"227","color":"#0059a9","mode":"bus","arr":["227"],"angle":-67.2}},{"type":"Feature","geometry":{"type":"Point","coordinates":[23.709933,37.965327]},"properties":{"lines":"227","color":"#0059a9","mode":"bus","arr":["227"],"angle":-87.2,"extra":1}},{"type":"Feature","geometry":{"type":"Point","coordinates":[23.71595,37.976553]},"properties":{"lines":"227","color":"#0059a9","mode":"bus","arr":["227"],"angle":13.1,"extra":1}},{"type":"Feature","geometry":{"type":"Point","coordinates":[23.734182,37.961177]},"properties":{"lines":"227","color":"#0059a9","mode":"bus","arr":["227"],"angle":87.7}},{"type":"Feature","geometry":{"type":"Point","coordinates":[23.733192,37.964682]},"properties":{"lines":"227","color":"#0059a9","mode":"bus","arr":["227"],"angle":74.2,"extra":1}},{"type":"Feature","geometry":{"type":"Point","coordinates":[23.747357,37.961214]},"properties":{"lines":"227","color":"#0059a9","mode":"bus","arr":["227"],"angle":54.9}},{"type":"Feature","geometry":{"type":"Point","coordinates":[23.750044,37.960475]},"properties":{"lines":"227","color":"#0059a9","mode":"bus","arr":["227"],"angle":71.5}},{"type":"Feature","geometry":{"type":"Point","coordinates":[23.6992,37.942856]},"properties":{"lines":"229","color":"#0059a9","mode":"bus","arr":["229"],"angle":-44.3}},{"type":"Feature","geometry":{"type":"Point","coordinates":[23.691948,37.937951]},"properties":{"lines":"229, Ε90","color":"#0059a9","mode":"bus","arr":["229","Ε90"],"angle":16.2}},{"type":"Feature","geometry":{"type":"Point","coordinates":[23.696716,37.941101]},"properties":{"lines":"229, 550, Ε90","color":"#0059a9","mode":"bus","arr":["229","550","Ε90"],"angle":-45}},{"type":"Feature","geometry":{"type":"Point","coordinates":[23.701025,37.936867]},"properties":{"lines":"229, Α2","color":"#0059a9","mode":"bus","arr":["229","Α2"],"angle":83}},{"type":"Feature","geometry":{"type":"Point","coordinates":[23.700798,37.939845]},"properties":{"lines":"229, Α2","color":"#0059a9","mode":"bus","arr":["229","Α2"],"angle":89.8,"extra":1}},{"type":"Feature","geometry":{"type":"Point","coordinates":[23.776536,37.976168]},"properties":{"lines":"230","color":"#0059a9","mode":"bus","arr":["230"],"angle":18.7}},{"type":"Feature","geometry":{"type":"Point","coordinates":[23.77949,37.974718]},"properties":{"lines":"230","color":"#0059a9","mode":"bus","arr":["230"],"angle":48.2,"extra":1}},{"type":"Feature","geometry":{"type":"Point","coordinates":[23.767828,37.984375]},"properties":{"lines":"230","color":"#0059a9","mode":"bus","arr":["230"],"angle":50}},{"type":"Feature","geometry":{"type":"Point","coordinates":[23.762212,37.986231]},"properties":{"lines":"230","color":"#0059a9","mode":"bus","arr":["230"],"angle":13.9}},{"type":"Feature","geometry":{"type":"Point","coordinates":[23.725769,37.96874]},"properties":{"lines":"230","color":"#0059a9","mode":"bus","arr":["230"],"angle":24.7}},{"type":"Feature","geometry":{"type":"Point","coordinates":[23.764131,37.97949]},"properties":{"lines":"230, 235","color":"#0059a9","mode":"bus","arr":["230","235"],"angle":18.7}},{"type":"Feature","geometry":{"type":"Point","coordinates":[23.766709,37.978721]},"properties":{"lines":"230, 235, 608","color":"#0059a9","mode":"bus","arr":["230","235","608"],"angle":18.7}},{"type":"Feature","geometry":{"type":"Point","coordinates":[23.768847,37.98196]},"properties":{"lines":"230, 622","color":"#0059a9","mode":"bus","arr":["230","622"],"angle":-78}},{"type":"Feature","geometry":{"type":"Point","coordinates":[23.764432,37.986484]},"properties":{"lines":"230, Χ21","color":"#0059a9","mode":"bus","arr":["230","Χ21"],"angle":-27.9}},{"type":"Feature","geometry":{"type":"Point","coordinates":[23.734946,37.973344]},"properties":{"lines":"230, Α2","color":"#0059a9","mode":"bus","arr":["230","Α2"],"angle":-60}},{"type":"Feature","geometry":{"type":"Point","coordinates":[23.735555,37.975427]},"properties":{"lines":"230, 400, Α2","color":"#0059a9","mode":"bus","arr":["230","400","Α2"],"angle":-80.2}},{"type":"Feature","geometry":{"type":"Point","coordinates":[23.776077,37.972025]},"properties":{"lines":"235","color":"#0059a9","mode":"bus","arr":["235"],"angle":-6.6}},{"type":"Feature","geometry":{"type":"Point","coordinates":[23.772982,37.974993]},"properties":{"lines":"235","color":"#0059a9","mode":"bus","arr":["235"],"angle":50.1}},{"type":"Feature","geometry":{"type":"Point","coordinates":[23.775898,37.972247]},"properties":{"lines":"235","color":"#0059a9","mode":"bus","arr":["235"],"angle":50.1,"extra":1}},{"type":"Feature","geometry":{"type":"Point","coordinates":[23.766743,37.978791]},"properties":{"lines":"235","color":"#0059a9","mode":"bus","arr":["235"],"angle":18.7}},{"type":"Feature","geometry":{"type":"Point","coordinates":[23.75917,37.980176]},"properties":{"lines":"235","color":"#0059a9","mode":"bus","arr":["235"],"angle":-0.5}},{"type":"Feature","geometry":{"type":"Point","coordinates":[23.760538,37.980184]},"properties":{"lines":"235, 622","color":"#0059a9","mode":"bus","arr":["235","622"],"angle":-0.5}},{"type":"Feature","geometry":{"type":"Point","coordinates":[23.753862,37.978453]},"properties":{"lines":"235, 815","color":"#0059a9","mode":"bus","arr":["235","815"],"angle":-17.3}},{"type":"Feature","geometry":{"type":"Point","coordinates":[23.758,37.978914]},"properties":{"lines":"235, 608, 622","color":"#0059a9","mode":"bus","arr":["235","608","622"],"angle":-27.4}},{"type":"Feature","geometry":{"type":"Point","coordinates":[23.762161,37.979543]},"properties":{"lines":"235, 608","color":"#0059a9","mode":"bus","arr":["235","608"],"angle":-9.1}},{"type":"Feature","geometry":{"type":"Point","coordinates":[23.76934,37.978016]},"properties":{"lines":"235, 608","color":"#0059a9","mode":"bus","arr":["235","608"],"angle":18.7}},{"type":"Feature","geometry":{"type":"Point","coordinates":[23.757799,37.932605]},"properties":{"lines":"237","color":"#0059a9","mode":"bus","arr":["237"],"angle":-24.8}},{"type":"Feature","geometry":{"type":"Point","coordinates":[23.75665,37.938439]},"properties":{"lines":"237","color":"#0059a9","mode":"bus","arr":["237"],"angle":-74.4}},{"type":"Feature","geometry":{"type":"Point","coordinates":[23.756398,37.934901]},"properties":{"lines":"237","color":"#0059a9","mode":"bus","arr":["237"],"angle":-86.8,"extra":1}},{"type":"Feature","geometry":{"type":"Point","coordinates":[23.748672,37.943094]},"properties":{"lines":"237","color":"#0059a9","mode":"bus","arr":["237"],"angle":70}},{"type":"Feature","geometry":{"type":"Point","coordinates":[23.756538,37.938292]},"properties":{"lines":"237","color":"#0059a9","mode":"bus","arr":["237"],"angle":-86.9}},{"type":"Feature","geometry":{"type":"Point","coordinates":[23.753822,37.940178]},"properties":{"lines":"237","color":"#0059a9","mode":"bus","arr":["237"],"angle":-6.5,"extra":1}},{"type":"Feature","geometry":{"type":"Point","coordinates":[23.757961,37.928223]},"properties":{"lines":"237","color":"#0059a9","mode":"bus","arr":["237"],"angle":-23.1}},{"type":"Feature","geometry":{"type":"Point","coordinates":[23.758958,37.932715]},"properties":{"lines":"237","color":"#0059a9","mode":"bus","arr":["237"],"angle":77.2,"extra":1}},{"type":"Feature","geometry":{"type":"Point","coordinates":[23.755664,37.924581]},"properties":{"lines":"237","color":"#0059a9","mode":"bus","arr":["237"],"angle":-87,"extra":1}},{"type":"Feature","geometry":{"type":"Point","coordinates":[23.757758,37.921983]},"properties":{"lines":"237","color":"#0059a9","mode":"bus","arr":["237"],"angle":-49}},{"type":"Feature","geometry":{"type":"Point","coordinates":[23.75957,37.92503]},"properties":{"lines":"237","color":"#0059a9","mode":"bus","arr":["237"],"angle":-50.3,"extra":1}},{"type":"Feature","geometry":{"type":"Point","coordinates":[23.760503,37.922679]},"properties":{"lines":"237","color":"#0059a9","mode":"bus","arr":["237"],"angle":-27.1}},{"type":"Feature","geometry":{"type":"Point","coordinates":[23.779147,37.98839]},"properties":{"lines":"242","color":"#0059a9","mode":"bus","arr":["242"],"angle":56.2}},{"type":"Feature","geometry":{"type":"Point","coordinates":[23.781355,37.985958]},"properties":{"lines":"242","color":"#0059a9","mode":"bus","arr":["242"],"angle":56.9,"extra":1}},{"type":"Feature","geometry":{"type":"Point","coordinates":[23.776071,37.994947]},"properties":{"lines":"242","color":"#0059a9","mode":"bus","arr":["242"],"angle":-57.5,"extra":1}},{"type":"Feature","geometry":{"type":"Point","coordinates":[23.780896,37.982309]},"properties":{"lines":"242","color":"#0059a9","mode":"bus","arr":["242"],"angle":35.2}},{"type":"Feature","geometry":{"type":"Point","coordinates":[23.780896,37.982667]},"properties":{"lines":"242","color":"#0059a9","mode":"bus","arr":["242"],"angle":-63.4}},{"type":"Feature","geometry":{"type":"Point","coordinates":[23.78299,37.974186]},"properties":{"lines":"242","color":"#0059a9","mode":"bus","arr":["242"],"angle":-4.2}},{"type":"Feature","geometry":{"type":"Point","coordinates":[23.785007,37.980359]},"properties":{"lines":"242","color":"#0059a9","mode":"bus","arr":["242"],"angle":53.4,"extra":1}},{"type":"Feature","geometry":{"type":"Point","coordinates":[23.788527,37.976265]},"properties":{"lines":"242","color":"#0059a9","mode":"bus","arr":["242"],"angle":55.8,"extra":1}},{"type":"Feature","geometry":{"type":"Point","coordinates":[23.77877,37.975689]},"properties":{"lines":"242","color":"#0059a9","mode":"bus","arr":["242"],"angle":60.2,"extra":1}},{"type":"Feature","geometry":{"type":"Point","coordinates":[23.776909,37.979515]},"properties":{"lines":"242","color":"#0059a9","mode":"bus","arr":["242"],"angle":9.7,"extra":1}},{"type":"Feature","geometry":{"type":"Point","coordinates":[23.766731,37.967852]},"properties":{"lines":"250","color":"#0059a9","mode":"bus","arr":["250"],"angle":14.9}},{"type":"Feature","geometry":{"type":"Point","coordinates":[23.771567,37.967236]},"properties":{"lines":"250","color":"#0059a9","mode":"bus","arr":["250"],"angle":14.2,"extra":1}},{"type":"Feature","geometry":{"type":"Point","coordinates":[23.760762,37.971462]},"properties":{"lines":"250","color":"#0059a9","mode":"bus","arr":["250"],"angle":31.1,"extra":1}},{"type":"Feature","geometry":{"type":"Point","coordinates":[23.757462,37.97183]},"properties":{"lines":"250","color":"#0059a9","mode":"bus","arr":["250"],"angle":12.6}},{"type":"Feature","geometry":{"type":"Point","coordinates":[23.777698,37.969771]},"properties":{"lines":"250","color":"#0059a9","mode":"bus","arr":["250"],"angle":0}},{"type":"Feature","geometry":{"type":"Point","coordinates":[23.765535,37.968178]},"properties":{"lines":"250, Ε90","color":"#0059a9","mode":"bus","arr":["250","Ε90"],"angle":36.1}},{"type":"Feature","geometry":{"type":"Point","coordinates":[23.760798,37.97134]},"properties":{"lines":"250, Ε90","color":"#0059a9","mode":"bus","arr":["250","Ε90"],"angle":30.3,"extra":1}},{"type":"Feature","geometry":{"type":"Point","coordinates":[23.771613,37.967134]},"properties":{"lines":"250, Ε90","color":"#0059a9","mode":"bus","arr":["250","Ε90"],"angle":13.5,"extra":1}},{"type":"Feature","geometry":{"type":"Point","coordinates":[23.786145,37.966026]},"properties":{"lines":"250, Ε90","color":"#0059a9","mode":"bus","arr":["250","Ε90"],"angle":5.2}},{"type":"Feature","geometry":{"type":"Point","coordinates":[23.777928,37.966799]},"properties":{"lines":"250, Ε90","color":"#0059a9","mode":"bus","arr":["250","Ε90"],"angle":-7,"extra":1}},{"type":"Feature","geometry":{"type":"Point","coordinates":[23.781369,37.970253]},"properties":{"lines":"250, Ε90","color":"#0059a9","mode":"bus","arr":["250","Ε90"],"angle":-14.2,"extra":1}},{"type":"Feature","geometry":{"type":"Point","coordinates":[23.777627,37.969856]},"properties":{"lines":"Ε90","color":"#0059a9","mode":"bus","arr":["Ε90"],"angle":-1}},{"type":"Feature","geometry":{"type":"Point","coordinates":[23.748709,37.974892]},"properties":{"lines":"Ε90","color":"#0059a9","mode":"bus","arr":["Ε90"],"angle":-9.1}},{"type":"Feature","geometry":{"type":"Point","coordinates":[23.643645,37.947107]},"properties":{"lines":"300, 904","color":"#0059a9","mode":"bus","arr":["300","904"],"angle":55.3}},{"type":"Feature","geometry":{"type":"Point","coordinates":[23.645886,37.937389]},"properties":{"lines":"300, 904","color":"#0059a9","mode":"bus","arr":["300","904"],"angle":-66.5}},{"type":"Feature","geometry":{"type":"Point","coordinates":[23.64447,37.945633]},"properties":{"lines":"300, 838, 904","color":"#0059a9","mode":"bus","arr":["300","838","904"],"angle":34.4}},{"type":"Feature","geometry":{"type":"Point","coordinates":[23.644201,37.935106]},"properties":{"lines":"300","color":"#0059a9","mode":"bus","arr":["300"],"angle":36}},{"type":"Feature","geometry":{"type":"Point","coordinates":[23.647675,37.946374]},"properties":{"lines":"300","color":"#0059a9","mode":"bus","arr":["300"],"angle":34.8}},{"type":"Feature","geometry":{"type":"Point","coordinates":[23.644821,37.946663]},"properties":{"lines":"300","color":"#0059a9","mode":"bus","arr":["300"],"angle":-32.3}},{"type":"Feature","geometry":{"type":"Point","coordinates":[23.648042,37.934209]},"properties":{"lines":"904","color":"#0059a9","mode":"bus","arr":["904"],"angle":-56.7}},{"type":"Feature","geometry":{"type":"Point","coordinates":[23.633819,37.926942]},"properties":{"lines":"904","color":"#0059a9","mode":"bus","arr":["904"],"angle":-0.2}},{"type":"Feature","geometry":{"type":"Point","coordinates":[23.629958,37.93314]},"properties":{"lines":"904","color":"#0059a9","mode":"bus","arr":["904"],"angle":-10.6,"extra":1}},{"type":"Feature","geometry":{"type":"Point","coordinates":[23.62808,37.929645]},"properties":{"lines":"904","color":"#0059a9","mode":"bus","arr":["904"],"angle":60.5,"extra":1}},{"type":"Feature","geometry":{"type":"Point","coordinates":[23.642194,37.927982]},"properties":{"lines":"904","color":"#0059a9","mode":"bus","arr":["904"],"angle":22.1,"extra":1}},{"type":"Feature","geometry":{"type":"Point","coordinates":[23.64628,37.931135]},"properties":{"lines":"904","color":"#0059a9","mode":"bus","arr":["904"],"angle":81.7,"extra":1}},{"type":"Feature","geometry":{"type":"Point","coordinates":[23.649257,37.9401]},"properties":{"lines":"300, 904, 906, Χ96","color":"#0059a9","mode":"bus","arr":["300","904","906","Χ96"],"angle":-55.7}},{"type":"Feature","geometry":{"type":"Point","coordinates":[23.834883,38.021869]},"properties":{"lines":"301, 301Β, 302, 306, 307, 319, 400, 406, 407, 411","color":"#0059a9","mode":"bus","arr":["301","301Β","302","306","307","319","400","406","407","411"],"angle":50.2}},{"type":"Feature","geometry":{"type":"Point","coordinates":[23.83692,38.020402]},"properties":{"lines":"306","color":"#0059a9","mode":"bus","arr":["306"],"angle":-40.2}},{"type":"Feature","geometry":{"type":"Point","coordinates":[23.836613,38.02128]},"properties":{"lines":"306","color":"#0059a9","mode":"bus","arr":["306"],"angle":80.9}},{"type":"Feature","geometry":{"type":"Point","coordinates":[23.845925,38.025381]},"properties":{"lines":"306","color":"#0059a9","mode":"bus","arr":["306"],"angle":9.6}},{"type":"Feature","geometry":{"type":"Point","coordinates":[23.849571,38.026466]},"properties":{"lines":"306","color":"#0059a9","mode":"bus","arr":["306"],"angle":22.5}},{"type":"Feature","geometry":{"type":"Point","coordinates":[23.855669,38.022997]},"properties":{"lines":"306","color":"#0059a9","mode":"bus","arr":["306"],"angle":-84.7}},{"type":"Feature","geometry":{"type":"Point","coordinates":[23.854973,38.020136]},"properties":{"lines":"306","color":"#0059a9","mode":"bus","arr":["306"],"angle":-76.6}},{"type":"Feature","geometry":{"type":"Point","coordinates":[23.851058,38.021936]},"properties":{"lines":"306","color":"#0059a9","mode":"bus","arr":["306"],"angle":9.3,"extra":1}},{"type":"Feature","geometry":{"type":"Point","coordinates":[23.854898,38.015162]},"properties":{"lines":"306","color":"#0059a9","mode":"bus","arr":["306"],"angle":58.1,"extra":1}},{"type":"Feature","geometry":{"type":"Point","coordinates":[23.857864,38.003888]},"properties":{"lines":"306","color":"#0059a9","mode":"bus","arr":["306"],"angle":89.3}},{"type":"Feature","geometry":{"type":"Point","coordinates":[23.858304,38.000244]},"properties":{"lines":"306","color":"#0059a9","mode":"bus","arr":["306"],"angle":76.5,"extra":1}},{"type":"Feature","geometry":{"type":"Point","coordinates":[23.850129,38.019214]},"properties":{"lines":"306","color":"#0059a9","mode":"bus","arr":["306"],"angle":87.4}},{"type":"Feature","geometry":{"type":"Point","coordinates":[23.857705,37.99789]},"properties":{"lines":"306","color":"#0059a9","mode":"bus","arr":["306"],"angle":-65.4}},{"type":"Feature","geometry":{"type":"Point","coordinates":[23.834758,38.021874]},"properties":{"lines":"301, 301Β, 302, 306, 314, 319, 406, 407","color":"#0059a9","mode":"bus","arr":["301","301Β","302","306","314","319","406","407"],"angle":49.6}},{"type":"Feature","geometry":{"type":"Point","coordinates":[23.839856,38.017128]},"properties":{"lines":"301, 301Β, 302, 314, 319","color":"#0059a9","mode":"bus","arr":["301","301Β","302","314","319"],"angle":50.5}},{"type":"Feature","geometry":{"type":"Point","coordinates":[23.842633,38.01484]},"properties":{"lines":"301, 301Β, 302, 314, 319","color":"#0059a9","mode":"bus","arr":["301","301Β","302","314","319"],"angle":49,"extra":1}},{"type":"Feature","geometry":{"type":"Point","coordinates":[23.844428,38.016329]},"properties":{"lines":"301, 301Β, 302, 314, 406","color":"#0059a9","mode":"bus","arr":["301","301Β","302","314","406"],"angle":-71.9}},{"type":"Feature","geometry":{"type":"Point","coordinates":[23.847728,38.017787]},"properties":{"lines":"301, 301Β, 306","color":"#0059a9","mode":"bus","arr":["301","301Β","306"],"angle":5.8}},{"type":"Feature","geometry":{"type":"Point","coordinates":[23.849769,38.014879]},"properties":{"lines":"301, 301Β, 306","color":"#0059a9","mode":"bus","arr":["301","301Β","306"],"angle":-79.4}},{"type":"Feature","geometry":{"type":"Point","coordinates":[23.853522,38.011864]},"properties":{"lines":"301, 301Β, 306","color":"#0059a9","mode":"bus","arr":["301","301Β","306"],"angle":3.6}},{"type":"Feature","geometry":{"type":"Point","coordinates":[23.860522,38.011514]},"properties":{"lines":"301, 301Β, 306","color":"#0059a9","mode":"bus","arr":["301","301Β","306"],"angle":12.7}},{"type":"Feature","geometry":{"type":"Point","coordinates":[23.855667,38.01055]},"properties":{"lines":"301, 301Β, 314","color":"#0059a9","mode":"bus","arr":["301","301Β","314"],"angle":52}},{"type":"Feature","geometry":{"type":"Point","coordinates":[23.856568,38.008927]},"properties":{"lines":"301, 301Β, 302, 314","color":"#0059a9","mode":"bus","arr":["301","301Β","302","314"],"angle":-53.1}},{"type":"Feature","geometry":{"type":"Point","coordinates":[23.853374,38.008918]},"properties":{"lines":"316, 319, Α5, Χ95","color":"#0059a9","mode":"bus","arr":["316","319","Α5","Χ95"],"angle":14.1}},{"type":"Feature","geometry":{"type":"Point","coordinates":[23.857249,38.007811]},"properties":{"lines":"301, 301Β, 302, 314, 316, 319, Α5, Χ95","color":"#0059a9","mode":"bus","arr":["301","301Β","302","314","316","319","Α5","Χ95"],"angle":22.7}},{"type":"Feature","geometry":{"type":"Point","coordinates":[23.859522,38.007337]},"properties":{"lines":"301, 301Β, 302, 306, 314, 316, 319, Α5, Χ95","color":"#0059a9","mode":"bus","arr":["301","301Β","302","306","314","316","319","Α5","Χ95"],"angle":10.7}},{"type":"Feature","geometry":{"type":"Point","coordinates":[23.864036,38.006547]},"properties":{"lines":"301, 301Β, 314, 316, 319, Α5, Χ95","color":"#0059a9","mode":"bus","arr":["301","301Β","314","316","319","Α5","Χ95"],"angle":15.4}},{"type":"Feature","geometry":{"type":"Point","coordinates":[23.869527,38.005497]},"properties":{"lines":"301, 301Β, 314, 316, 319, Α5","color":"#0059a9","mode":"bus","arr":["301","301Β","314","316","319","Α5"],"angle":12.1}},{"type":"Feature","geometry":{"type":"Point","coordinates":[23.882202,38.038718]},"properties":{"lines":"301, 301Β","color":"#0059a9","mode":"bus","arr":["301","301Β"],"angle":88.5}},{"type":"Feature","geometry":{"type":"Point","coordinates":[23.878731,38.047277]},"properties":{"lines":"301, 301Β","color":"#0059a9","mode":"bus","arr":["301","301Β"],"angle":-13.3}},{"type":"Feature","geometry":{"type":"Point","coordinates":[23.884026,38.044157]},"properties":{"lines":"301, 301Β","color":"#0059a9","mode":"bus","arr":["301","301Β"],"angle":21.2,"extra":1}},{"type":"Feature","geometry":{"type":"Point","coordinates":[23.872305,38.048657]},"properties":{"lines":"301, 301Β","color":"#0059a9","mode":"bus","arr":["301","301Β"],"angle":39.1,"extra":1}},{"type":"Feature","geometry":{"type":"Point","coordinates":[23.876597,38.022762]},"properties":{"lines":"301, 301Β","color":"#0059a9","mode":"bus","arr":["301","301Β"],"angle":90}},{"type":"Feature","geometry":{"type":"Point","coordinates":[23.876668,38.02648]},"properties":{"lines":"301, 301Β","color":"#0059a9","mode":"bus","arr":["301","301Β"],"angle":9.2,"extra":1}},{"type":"Feature","geometry":{"type":"Point","coordinates":[23.876189,38.019114]},"properties":{"lines":"301, 301Β","color":"#0059a9","mode":"bus","arr":["301","301Β"],"angle":6.4,"extra":1}},{"type":"Feature","geometry":{"type":"Point","coordinates":[23.846279,38.01228]},"properties":{"lines":"301, 301Β","color":"#0059a9","mode":"bus","arr":["301","301Β"],"angle":6.1}},{"type":"Feature","geometry":{"type":"Point","coordinates":[23.87418,38.029805]},"properties":{"lines":"301, 301Β, 324","color":"#0059a9","mode":"bus","arr":["301","301Β","324"],"angle":-80.9}},{"type":"Feature","geometry":{"type":"Point","coordinates":[23.879728,38.034499]},"properties":{"lines":"301, 301Β, 324","color":"#0059a9","mode":"bus","arr":["301","301Β","324"],"angle":-78.9,"extra":1}},{"type":"Feature","geometry":{"type":"Point","coordinates":[23.877849,38.03046]},"properties":{"lines":"301, 301Β, 324","color":"#0059a9","mode":"bus","arr":["301","301Β","324"],"angle":9.3,"extra":1}},{"type":"Feature","geometry":{"type":"Point","coordinates":[23.872881,38.023951]},"properties":{"lines":"301, 301Β, 324","color":"#0059a9","mode":"bus","arr":["301","301Β","324"],"angle":-71,"extra":1}},{"type":"Feature","geometry":{"type":"Point","coordinates":[23.872578,38.019674]},"properties":{"lines":"301, 301Β, 324","color":"#0059a9","mode":"bus","arr":["301","301Β","324"],"angle":53.8,"extra":1}},{"type":"Feature","geometry":{"type":"Point","coordinates":[23.885174,38.042495]},"properties":{"lines":"301, 301Β, 324","color":"#0059a9","mode":"bus","arr":["301","301Β","324"],"angle":-21.7,"extra":1}},{"type":"Feature","geometry":{"type":"Point","coordinates":[23.890529,38.044692]},"properties":{"lines":"301, 301Β, 324","color":"#0059a9","mode":"bus","arr":["301","301Β","324"],"angle":-25.8,"extra":1}},{"type":"Feature","geometry":{"type":"Point","coordinates":[23.891215,38.044732]},"properties":{"lines":"301, 301Β, 324","color":"#0059a9","mode":"bus","arr":["301","301Β","324"],"angle":13.3}},{"type":"Feature","geometry":{"type":"Point","coordinates":[23.872402,38.017997]},"properties":{"lines":"301, 301Β, 324","color":"#0059a9","mode":"bus","arr":["301","301Β","324"],"angle":-75.4}},{"type":"Feature","geometry":{"type":"Point","coordinates":[23.870875,38.009427]},"properties":{"lines":"301, 301Β, 324, Α5","color":"#0059a9","mode":"bus","arr":["301","301Β","324","Α5"],"angle":-87.8}},{"type":"Feature","geometry":{"type":"Point","coordinates":[23.893323,38.044205]},"properties":{"lines":"301Β","color":"#0059a9","mode":"bus","arr":["301Β"],"angle":46.7}},{"type":"Feature","geometry":{"type":"Point","coordinates":[23.905015,38.02163]},"properties":{"lines":"301Β","color":"#0059a9","mode":"bus","arr":["301Β"],"angle":-40.8,"extra":1}},{"type":"Feature","geometry":{"type":"Point","coordinates":[23.900784,38.02219]},"properties":{"lines":"301Β","color":"#0059a9","mode":"bus","arr":["301Β"],"angle":68.8,"extra":1}},{"type":"Feature","geometry":{"type":"Point","coordinates":[23.89842,38.026701]},"properties":{"lines":"301Β","color":"#0059a9","mode":"bus","arr":["301Β"],"angle":68.6,"extra":1}},{"type":"Feature","geometry":{"type":"Point","coordinates":[23.895439,38.030726]},"properties":{"lines":"301Β","color":"#0059a9","mode":"bus","arr":["301Β"],"angle":-56.4,"extra":1}},{"type":"Feature","geometry":{"type":"Point","coordinates":[23.894352,38.033988]},"properties":{"lines":"301Β","color":"#0059a9","mode":"bus","arr":["301Β"],"angle":-81.9,"extra":1}},{"type":"Feature","geometry":{"type":"Point","coordinates":[23.897048,38.037805]},"properties":{"lines":"301Β","color":"#0059a9","mode":"bus","arr":["301Β"],"angle":-53.9,"extra":1}},{"type":"Feature","geometry":{"type":"Point","coordinates":[23.894864,38.041724]},"properties":{"lines":"301Β","color":"#0059a9","mode":"bus","arr":["301Β"],"angle":11.8,"extra":1}},{"type":"Feature","geometry":{"type":"Point","coordinates":[23.898077,38.043142]},"properties":{"lines":"301Β","color":"#0059a9","mode":"bus","arr":["301Β"],"angle":61.3,"extra":1}},{"type":"Feature","geometry":{"type":"Point","coordinates":[23.902162,38.040232]},"properties":{"lines":"301Β","color":"#0059a9","mode":"bus","arr":["301Β"],"angle":13,"extra":1}},{"type":"Feature","geometry":{"type":"Point","coordinates":[23.905046,38.036707]},"properties":{"lines":"301Β","color":"#0059a9","mode":"bus","arr":["301Β"],"angle":88.8,"extra":1}},{"type":"Feature","geometry":{"type":"Point","coordinates":[23.905501,38.031813]},"properties":{"lines":"301Β","color":"#0059a9","mode":"bus","arr":["301Β"],"angle":87.4,"extra":1}},{"type":"Feature","geometry":{"type":"Point","coordinates":[23.908363,38.028426]},"properties":{"lines":"301Β","color":"#0059a9","mode":"bus","arr":["301Β"],"angle":74.1,"extra":1}},{"type":"Feature","geometry":{"type":"Point","coordinates":[23.910047,38.024962]},"properties":{"lines":"301Β","color":"#0059a9","mode":"bus","arr":["301Β"],"angle":73.3,"extra":1}},{"type":"Feature","geometry":{"type":"Point","coordinates":[23.869779,38.049916]},"properties":{"lines":"301, 301Β, 446, 460, 461","color":"#0059a9","mode":"bus","arr":["301","301Β","446","460","461"],"angle":-55.6}},{"type":"Feature","geometry":{"type":"Point","coordinates":[23.869121,38.049382]},"properties":{"lines":"301, 301Β, 460, 461","color":"#0059a9","mode":"bus","arr":["301","301Β","460","461"],"angle":-24.1}},{"type":"Feature","geometry":{"type":"Point","coordinates":[23.818031,38.028909]},"properties":{"lines":"461","color":"#0059a9","mode":"bus","arr":["461"],"angle":35.2}},{"type":"Feature","geometry":{"type":"Point","coordinates":[23.870786,38.056108]},"properties":{"lines":"461","color":"#0059a9","mode":"bus","arr":["461"],"angle":-43.2}},{"type":"Feature","geometry":{"type":"Point","coordinates":[23.870134,38.053362]},"properties":{"lines":"461","color":"#0059a9","mode":"bus","arr":["461"],"angle":64.5,"extra":1}},{"type":"Feature","geometry":{"type":"Point","coordinates":[23.8335,38.042284]},"properties":{"lines":"461","color":"#0059a9","mode":"bus","arr":["461"],"angle":-44.3}},{"type":"Feature","geometry":{"type":"Point","coordinates":[23.869204,38.049319]},"properties":{"lines":"301, 301Β, 446, 461","color":"#0059a9","mode":"bus","arr":["301","301Β","446","461"],"angle":-29.8}},{"type":"Feature","geometry":{"type":"Point","coordinates":[23.880126,38.039534]},"properties":{"lines":"324","color":"#0059a9","mode":"bus","arr":["324"],"angle":-53.2}},{"type":"Feature","geometry":{"type":"Point","coordinates":[23.872226,37.98108]},"properties":{"lines":"324","color":"#0059a9","mode":"bus","arr":["324"],"angle":14.2}},{"type":"Feature","geometry":{"type":"Point","coordinates":[23.87786,38.037291]},"properties":{"lines":"324","color":"#0059a9","mode":"bus","arr":["324"],"angle":-55.5}},{"type":"Feature","geometry":{"type":"Point","coordinates":[23.853552,37.990837]},"properties":{"lines":"324","color":"#0059a9","mode":"bus","arr":["324"],"angle":28.9}},{"type":"Feature","geometry":{"type":"Point","coordinates":[23.878375,38.000901]},"properties":{"lines":"324","color":"#0059a9","mode":"bus","arr":["324"],"angle":-40.6,"extra":1}},{"type":"Feature","geometry":{"type":"Point","coordinates":[23.875819,37.996708]},"properties":{"lines":"324","color":"#0059a9","mode":"bus","arr":["324"],"angle":-39.7,"extra":1}},{"type":"Feature","geometry":{"type":"Point","coordinates":[23.8576,37.989074]},"properties":{"lines":"324","color":"#0059a9","mode":"bus","arr":["324"],"angle":29,"extra":1}},{"type":"Feature","geometry":{"type":"Point","coordinates":[23.873322,37.995402]},"properties":{"lines":"324","color":"#0059a9","mode":"bus","arr":["324"],"angle":40.7}},{"type":"Feature","geometry":{"type":"Point","coordinates":[23.850395,37.988398]},"properties":{"lines":"324","color":"#0059a9","mode":"bus","arr":["324"],"angle":81.1}},{"type":"Feature","geometry":{"type":"Point","coordinates":[23.85084,37.985303]},"properties":{"lines":"324","color":"#0059a9","mode":"bus","arr":["324"],"angle":80.6,"extra":1}},{"type":"Feature","geometry":{"type":"Point","coordinates":[23.854292,37.987215]},"properties":{"lines":"324","color":"#0059a9","mode":"bus","arr":["324"],"angle":72.5}},{"type":"Feature","geometry":{"type":"Point","coordinates":[23.867385,37.983331]},"properties":{"lines":"324","color":"#0059a9","mode":"bus","arr":["324"],"angle":-9.1}},{"type":"Feature","geometry":{"type":"Point","coordinates":[23.87523,38.033363]},"properties":{"lines":"324","color":"#0059a9","mode":"bus","arr":["324"],"angle":-4.1}},{"type":"Feature","geometry":{"type":"Point","coordinates":[23.859994,37.99286]},"properties":{"lines":"324","color":"#0059a9","mode":"bus","arr":["324"],"angle":-14.4}},{"type":"Feature","geometry":{"type":"Point","coordinates":[23.862541,37.989766]},"properties":{"lines":"324","color":"#0059a9","mode":"bus","arr":["324"],"angle":-63.5,"extra":1}},{"type":"Feature","geometry":{"type":"Point","coordinates":[23.858597,37.988645]},"properties":{"lines":"324","color":"#0059a9","mode":"bus","arr":["324"],"angle":28.6,"extra":1}},{"type":"Feature","geometry":{"type":"Point","coordinates":[23.864006,38.00667]},"properties":{"lines":"301, 301Β, 305, 319","color":"#0059a9","mode":"bus","arr":["301","301Β","305","319"],"angle":14.8}},{"type":"Feature","geometry":{"type":"Point","coordinates":[23.860979,38.00934]},"properties":{"lines":"301, 301Β, 302, 306","color":"#0059a9","mode":"bus","arr":["301","301Β","302","306"],"angle":-81.8}},{"type":"Feature","geometry":{"type":"Point","coordinates":[23.858806,38.011849]},"properties":{"lines":"301, 301Β, 302, 306","color":"#0059a9","mode":"bus","arr":["301","301Β","302","306"],"angle":10.6}},{"type":"Feature","geometry":{"type":"Point","coordinates":[23.843573,38.013162]},"properties":{"lines":"301, 301Β, 307, 319","color":"#0059a9","mode":"bus","arr":["301","301Β","307","319"],"angle":-84.1}},{"type":"Feature","geometry":{"type":"Point","coordinates":[23.842407,38.015266]},"properties":{"lines":"301, 301Β, 302, 307, 319, 406","color":"#0059a9","mode":"bus","arr":["301","301Β","302","307","319","406"],"angle":47}},{"type":"Feature","geometry":{"type":"Point","coordinates":[23.839071,38.018501]},"properties":{"lines":"301, 301Β, 302, 307, 319, 406, 407","color":"#0059a9","mode":"bus","arr":["301","301Β","302","307","319","406","407"],"angle":55.3}},{"type":"Feature","geometry":{"type":"Point","coordinates":[23.857494,38.010748]},"properties":{"lines":"302","color":"#0059a9","mode":"bus","arr":["302"],"angle":-80.3}},{"type":"Feature","geometry":{"type":"Point","coordinates":[23.854513,38.029777]},"properties":{"lines":"302","color":"#0059a9","mode":"bus","arr":["302"],"angle":-42.4}},{"type":"Feature","geometry":{"type":"Point","coordinates":[23.860334,38.016999]},"properties":{"lines":"302","color":"#0059a9","mode":"bus","arr":["302"],"angle":-85.7}},{"type":"Feature","geometry":{"type":"Point","coordinates":[23.860336,38.014072]},"properties":{"lines":"302","color":"#0059a9","mode":"bus","arr":["302"],"angle":-85.1,"extra":1}},{"type":"Feature","geometry":{"type":"Point","coordinates":[23.8604,38.022536]},"properties":{"lines":"302","color":"#0059a9","mode":"bus","arr":["302"],"angle":-5.7,"extra":1}},{"type":"Feature","geometry":{"type":"Point","coordinates":[23.86167,38.027982]},"properties":{"lines":"302","color":"#0059a9","mode":"bus","arr":["302"],"angle":-71.7}},{"type":"Feature","geometry":{"type":"Point","coordinates":[23.846137,38.01971]},"properties":{"lines":"302, 306, 314, 406","color":"#0059a9","mode":"bus","arr":["302","306","314","406"],"angle":-75.5}},{"type":"Feature","geometry":{"type":"Point","coordinates":[23.847228,38.021386]},"properties":{"lines":"302, 306, 406","color":"#0059a9","mode":"bus","arr":["302","306","406"],"angle":-59}},{"type":"Feature","geometry":{"type":"Point","coordinates":[23.849722,38.025519]},"properties":{"lines":"302, 306","color":"#0059a9","mode":"bus","arr":["302","306"],"angle":-62.5}},{"type":"Feature","geometry":{"type":"Point","coordinates":[23.999211,37.928087]},"properties":{"lines":"323","color":"#0059a9","mode":"bus","arr":["323"],"angle":-64.1}},{"type":"Feature","geometry":{"type":"Point","coordinates":[23.994573,37.984511]},"properties":{"lines":"323","color":"#0059a9","mode":"bus","arr":["323"],"angle":-2.9}},{"type":"Feature","geometry":{"type":"Point","coordinates":[24.005429,37.987866]},"properties":{"lines":"323","color":"#0059a9","mode":"bus","arr":["323"],"angle":-3.9,"extra":1}},{"type":"Feature","geometry":{"type":"Point","coordinates":[23.999398,37.98775]},"properties":{"lines":"323","color":"#0059a9","mode":"bus","arr":["323"],"angle":-71.3,"extra":1}},{"type":"Feature","geometry":{"type":"Point","coordinates":[23.998707,37.983443]},"properties":{"lines":"323","color":"#0059a9","mode":"bus","arr":["323"],"angle":16.2,"extra":1}},{"type":"Feature","geometry":{"type":"Point","coordinates":[23.987522,37.981471]},"properties":{"lines":"323","color":"#0059a9","mode":"bus","arr":["323"],"angle":-7.1,"extra":1}},{"type":"Feature","geometry":{"type":"Point","coordinates":[23.9819,37.979583]},"properties":{"lines":"323","color":"#0059a9","mode":"bus","arr":["323"],"angle":-36.1,"extra":1}},{"type":"Feature","geometry":{"type":"Point","coordinates":[23.972827,37.976902]},"properties":{"lines":"323","color":"#0059a9","mode":"bus","arr":["323"],"angle":-1.8}},{"type":"Feature","geometry":{"type":"Point","coordinates":[23.983501,37.985506]},"properties":{"lines":"323","color":"#0059a9","mode":"bus","arr":["323"],"angle":-81.4}},{"type":"Feature","geometry":{"type":"Point","coordinates":[23.979145,37.979524]},"properties":{"lines":"323","color":"#0059a9","mode":"bus","arr":["323"],"angle":-54.2,"extra":1}},{"type":"Feature","geometry":{"type":"Point","coordinates":[23.983709,37.98837]},"properties":{"lines":"323","color":"#0059a9","mode":"bus","arr":["323"],"angle":-82.5,"extra":1}},{"type":"Feature","geometry":{"type":"Point","coordinates":[23.984922,37.99317]},"properties":{"lines":"323","color":"#0059a9","mode":"bus","arr":["323"],"angle":88,"extra":1}},{"type":"Feature","geometry":{"type":"Point","coordinates":[23.981542,37.970563]},"properties":{"lines":"323","color":"#0059a9","mode":"bus","arr":["323"],"angle":-86.1}},{"type":"Feature","geometry":{"type":"Point","coordinates":[23.979224,37.975875]},"properties":{"lines":"323","color":"#0059a9","mode":"bus","arr":["323"],"angle":51.2,"extra":1}},{"type":"Feature","geometry":{"type":"Point","coordinates":[23.983173,37.966927]},"properties":{"lines":"323","color":"#0059a9","mode":"bus","arr":["323"],"angle":80.2,"extra":1}},{"type":"Feature","geometry":{"type":"Point","coordinates":[23.98502,37.995117]},"properties":{"lines":"323","color":"#0059a9","mode":"bus","arr":["323"],"angle":-89.9,"extra":1}},{"type":"Feature","geometry":{"type":"Point","coordinates":[23.990087,37.994131]},"properties":{"lines":"323","color":"#0059a9","mode":"bus","arr":["323"],"angle":25.9,"extra":1}},{"type":"Feature","geometry":{"type":"Point","coordinates":[23.990398,37.950875]},"properties":{"lines":"323","color":"#0059a9","mode":"bus","arr":["323"],"angle":24.5}},{"type":"Feature","geometry":{"type":"Point","coordinates":[24.005771,37.942469]},"properties":{"lines":"323","color":"#0059a9","mode":"bus","arr":["323"],"angle":24.6,"extra":1}},{"type":"Feature","geometry":{"type":"Point","coordinates":[24.001343,37.945928]},"properties":{"lines":"323","color":"#0059a9","mode":"bus","arr":["323"],"angle":50.8,"extra":1}},{"type":"Feature","geometry":{"type":"Point","coordinates":[23.996135,37.948614]},"properties":{"lines":"323","color":"#0059a9","mode":"bus","arr":["323"],"angle":35,"extra":1}},{"type":"Feature","geometry":{"type":"Point","coordinates":[23.989041,37.957235]},"properties":{"lines":"323","color":"#0059a9","mode":"bus","arr":["323"],"angle":38,"extra":1}},{"type":"Feature","geometry":{"type":"Point","coordinates":[23.984797,37.960799]},"properties":{"lines":"323","color":"#0059a9","mode":"bus","arr":["323"],"angle":51.3,"extra":1}},{"type":"Feature","geometry":{"type":"Point","coordinates":[23.978568,38.001504]},"properties":{"lines":"323","color":"#0059a9","mode":"bus","arr":["323"],"angle":28.5}},{"type":"Feature","geometry":{"type":"Point","coordinates":[23.986092,37.999699]},"properties":{"lines":"323","color":"#0059a9","mode":"bus","arr":["323"],"angle":-64.4,"extra":1}},{"type":"Feature","geometry":{"type":"Point","coordinates":[23.982449,38.000032]},"properties":{"lines":"323","color":"#0059a9","mode":"bus","arr":["323"],"angle":30.5,"extra":1}},{"type":"Feature","geometry":{"type":"Point","coordinates":[23.982479,38.00371]},"properties":{"lines":"323","color":"#0059a9","mode":"bus","arr":["323"],"angle":30.4,"extra":1}},{"type":"Feature","geometry":{"type":"Point","coordinates":[24.0035,37.929182]},"properties":{"lines":"304, 323","color":"#0059a9","mode":"bus","arr":["304","323"],"angle":-35.2}},{"type":"Feature","geometry":{"type":"Point","coordinates":[24.007758,37.947669]},"properties":{"lines":"304, 316, 323","color":"#0059a9","mode":"bus","arr":["304","316","323"],"angle":-84.3}},{"type":"Feature","geometry":{"type":"Point","coordinates":[24.007653,37.932616]},"properties":{"lines":"304, 316, 323","color":"#0059a9","mode":"bus","arr":["304","316","323"],"angle":-3.2,"extra":1}},{"type":"Feature","geometry":{"type":"Point","coordinates":[24.011969,37.934766]},"properties":{"lines":"304, 316, 323","color":"#0059a9","mode":"bus","arr":["304","316","323"],"angle":-86.8,"extra":1}},{"type":"Feature","geometry":{"type":"Point","coordinates":[24.010704,37.939081]},"properties":{"lines":"304, 316, 323","color":"#0059a9","mode":"bus","arr":["304","316","323"],"angle":63.8,"extra":1}},{"type":"Feature","geometry":{"type":"Point","coordinates":[24.00804,37.943185]},"properties":{"lines":"304, 316, 323","color":"#0059a9","mode":"bus","arr":["304","316","323"],"angle":81,"extra":1}},{"type":"Feature","geometry":{"type":"Point","coordinates":[24.006568,37.952867]},"properties":{"lines":"304, 316, 323","color":"#0059a9","mode":"bus","arr":["304","316","323"],"angle":58.5,"extra":1}},{"type":"Feature","geometry":{"type":"Point","coordinates":[24.005458,37.957539]},"properties":{"lines":"304, 316, 323","color":"#0059a9","mode":"bus","arr":["304","316","323"],"angle":79.9,"extra":1}},{"type":"Feature","geometry":{"type":"Point","coordinates":[24.005699,37.962475]},"properties":{"lines":"304, 316, 323","color":"#0059a9","mode":"bus","arr":["304","316","323"],"angle":-85.9,"extra":1}},{"type":"Feature","geometry":{"type":"Point","coordinates":[24.006365,37.967378]},"properties":{"lines":"304, 316, 323","color":"#0059a9","mode":"bus","arr":["304","316","323"],"angle":-70.5,"extra":1}},{"type":"Feature","geometry":{"type":"Point","coordinates":[23.921537,37.965961]},"properties":{"lines":"304","color":"#0059a9","mode":"bus","arr":["304"],"angle":17.3}},{"type":"Feature","geometry":{"type":"Point","coordinates":[23.924985,37.964086]},"properties":{"lines":"304","color":"#0059a9","mode":"bus","arr":["304"],"angle":61.1,"extra":1}},{"type":"Feature","geometry":{"type":"Point","coordinates":[23.862418,37.999769]},"properties":{"lines":"304","color":"#0059a9","mode":"bus","arr":["304"],"angle":26}},{"type":"Feature","geometry":{"type":"Point","coordinates":[23.867726,37.99727]},"properties":{"lines":"304","color":"#0059a9","mode":"bus","arr":["304"],"angle":34.3,"extra":1}},{"type":"Feature","geometry":{"type":"Point","coordinates":[23.857325,38.002726]},"properties":{"lines":"304","color":"#0059a9","mode":"bus","arr":["304"],"angle":32.5,"extra":1}},{"type":"Feature","geometry":{"type":"Point","coordinates":[23.805589,38.009682]},"properties":{"lines":"304","color":"#0059a9","mode":"bus","arr":["304"],"angle":-81.5}},{"type":"Feature","geometry":{"type":"Point","coordinates":[24.007242,37.969309]},"properties":{"lines":"304, 316, 323, 326","color":"#0059a9","mode":"bus","arr":["304","316","323","326"],"angle":-71.4}},{"type":"Feature","geometry":{"type":"Point","coordinates":[24.005556,37.969817]},"properties":{"lines":"304, 316, 323, 326","color":"#0059a9","mode":"bus","arr":["304","316","323","326"],"angle":-15.7}},{"type":"Feature","geometry":{"type":"Point","coordinates":[23.878738,37.989784]},"properties":{"lines":"304, 326","color":"#0059a9","mode":"bus","arr":["304","326"],"angle":38.5}},{"type":"Feature","geometry":{"type":"Point","coordinates":[23.875364,37.991963]},"properties":{"lines":"304, 326","color":"#0059a9","mode":"bus","arr":["304","326"],"angle":40.5,"extra":1}},{"type":"Feature","geometry":{"type":"Point","coordinates":[23.872879,37.989916]},"properties":{"lines":"304, 326","color":"#0059a9","mode":"bus","arr":["304","326"],"angle":-55.4}},{"type":"Feature","geometry":{"type":"Point","coordinates":[23.992618,37.967127]},"properties":{"lines":"304, 305, 316, 323, 326","color":"#0059a9","mode":"bus","arr":["304","305","316","323","326"],"angle":-13.8}},{"type":"Feature","geometry":{"type":"Point","coordinates":[24.000842,37.968771]},"properties":{"lines":"304, 305, 316, 323, 326","color":"#0059a9","mode":"bus","arr":["304","305","316","323","326"],"angle":-15.5,"extra":1}},{"type":"Feature","geometry":{"type":"Point","coordinates":[23.98867,37.96636]},"properties":{"lines":"304, 305, 316, 323, 326","color":"#0059a9","mode":"bus","arr":["304","305","316","323","326"],"angle":-13.7,"extra":1}},{"type":"Feature","geometry":{"type":"Point","coordinates":[23.983653,37.96358]},"properties":{"lines":"304, 305, 316, 323, 326","color":"#0059a9","mode":"bus","arr":["304","305","316","323","326"],"angle":-43.9,"extra":1}},{"type":"Feature","geometry":{"type":"Point","coordinates":[23.981257,37.961819]},"properties":{"lines":"304, 305, 316, 326","color":"#0059a9","mode":"bus","arr":["304","305","316","326"],"angle":-44.5}},{"type":"Feature","geometry":{"type":"Point","coordinates":[23.978715,37.960549]},"properties":{"lines":"304, 305, 316, 326","color":"#0059a9","mode":"bus","arr":["304","305","316","326"],"angle":-18.4}},{"type":"Feature","geometry":{"type":"Point","coordinates":[23.8969,37.979234]},"properties":{"lines":"304, 305, 316, 326","color":"#0059a9","mode":"bus","arr":["304","305","316","326"],"angle":39.4}},{"type":"Feature","geometry":{"type":"Point","coordinates":[23.905586,37.970595]},"properties":{"lines":"304, 305, 316, 326","color":"#0059a9","mode":"bus","arr":["304","305","316","326"],"angle":87.2,"extra":1}},{"type":"Feature","geometry":{"type":"Point","coordinates":[23.903111,37.975051]},"properties":{"lines":"304, 305, 316, 326","color":"#0059a9","mode":"bus","arr":["304","305","316","326"],"angle":50.3,"extra":1}},{"type":"Feature","geometry":{"type":"Point","coordinates":[23.893525,37.98142]},"properties":{"lines":"304, 305, 316, 326","color":"#0059a9","mode":"bus","arr":["304","305","316","326"],"angle":40,"extra":1}},{"type":"Feature","geometry":{"type":"Point","coordinates":[23.888742,37.984619]},"properties":{"lines":"304, 305, 316, 326","color":"#0059a9","mode":"bus","arr":["304","305","316","326"],"angle":35.9,"extra":1}},{"type":"Feature","geometry":{"type":"Point","coordinates":[23.88362,37.987476]},"properties":{"lines":"304, 305, 316, 326","color":"#0059a9","mode":"bus","arr":["304","305","316","326"],"angle":31.2,"extra":1}},{"type":"Feature","geometry":{"type":"Point","coordinates":[23.960693,37.959225]},"properties":{"lines":"304, 316, 326","color":"#0059a9","mode":"bus","arr":["304","316","326"],"angle":-12.6}},{"type":"Feature","geometry":{"type":"Point","coordinates":[23.969101,37.959219]},"properties":{"lines":"304, 316, 326","color":"#0059a9","mode":"bus","arr":["304","316","326"],"angle":24.7,"extra":1}},{"type":"Feature","geometry":{"type":"Point","coordinates":[23.956857,37.958765]},"properties":{"lines":"304, 316, 326","color":"#0059a9","mode":"bus","arr":["304","316","326"],"angle":-4.4,"extra":1}},{"type":"Feature","geometry":{"type":"Point","coordinates":[23.950661,37.959254]},"properties":{"lines":"304, 316, 326","color":"#0059a9","mode":"bus","arr":["304","316","326"],"angle":2.9,"extra":1}},{"type":"Feature","geometry":{"type":"Point","coordinates":[23.93811,37.960493]},"properties":{"lines":"304, 305, 326","color":"#0059a9","mode":"bus","arr":["304","305","326"],"angle":1.8}},{"type":"Feature","geometry":{"type":"Point","coordinates":[23.945907,37.959677]},"properties":{"lines":"304, 305, 326","color":"#0059a9","mode":"bus","arr":["304","305","326"],"angle":10.9,"extra":1}},{"type":"Feature","geometry":{"type":"Point","coordinates":[23.933519,37.959895]},"properties":{"lines":"304, 305, 326","color":"#0059a9","mode":"bus","arr":["304","305","326"],"angle":-4.8,"extra":1}},{"type":"Feature","geometry":{"type":"Point","coordinates":[23.927254,37.959843]},"properties":{"lines":"304, 305, 326","color":"#0059a9","mode":"bus","arr":["304","305","326"],"angle":9.5,"extra":1}},{"type":"Feature","geometry":{"type":"Point","coordinates":[23.907883,37.968146]},"properties":{"lines":"304, 305, 326","color":"#0059a9","mode":"bus","arr":["304","305","326"],"angle":-0.3}},{"type":"Feature","geometry":{"type":"Point","coordinates":[23.960585,37.959291]},"properties":{"lines":"305, 326","color":"#0059a9","mode":"bus","arr":["305","326"],"angle":-12.9}},{"type":"Feature","geometry":{"type":"Point","coordinates":[23.968906,37.959389]},"properties":{"lines":"305, 326","color":"#0059a9","mode":"bus","arr":["305","326"],"angle":24.5,"extra":1}},{"type":"Feature","geometry":{"type":"Point","coordinates":[23.956633,37.958842]},"properties":{"lines":"305, 326","color":"#0059a9","mode":"bus","arr":["305","326"],"angle":-4.5,"extra":1}},{"type":"Feature","geometry":{"type":"Point","coordinates":[23.950441,37.959372]},"properties":{"lines":"305, 326","color":"#0059a9","mode":"bus","arr":["305","326"],"angle":4.9,"extra":1}},{"type":"Feature","geometry":{"type":"Point","coordinates":[23.912186,37.968194]},"properties":{"lines":"304, 305, 319, 326","color":"#0059a9","mode":"bus","arr":["304","305","319","326"],"angle":-1.3}},{"type":"Feature","geometry":{"type":"Point","coordinates":[23.921589,37.966017]},"properties":{"lines":"305, 319, 326","color":"#0059a9","mode":"bus","arr":["305","319","326"],"angle":17}},{"type":"Feature","geometry":{"type":"Point","coordinates":[23.917387,37.967042]},"properties":{"lines":"305, 319, 326","color":"#0059a9","mode":"bus","arr":["305","319","326"],"angle":17.7,"extra":1}},{"type":"Feature","geometry":{"type":"Point","coordinates":[23.872243,37.993338]},"properties":{"lines":"304, 324","color":"#0059a9","mode":"bus","arr":["304","324"],"angle":-86.2}},{"type":"Feature","geometry":{"type":"Point","coordinates":[23.853807,38.006511]},"properties":{"lines":"304, 307","color":"#0059a9","mode":"bus","arr":["304","307"],"angle":71.1}},{"type":"Feature","geometry":{"type":"Point","coordinates":[23.848682,38.009925]},"properties":{"lines":"304, 305, 307, 319","color":"#0059a9","mode":"bus","arr":["304","305","307","319"],"angle":12.2}},{"type":"Feature","geometry":{"type":"Point","coordinates":[23.844308,38.010612]},"properties":{"lines":"304, 305, 307, 319","color":"#0059a9","mode":"bus","arr":["304","305","307","319"],"angle":8,"extra":1}},{"type":"Feature","geometry":{"type":"Point","coordinates":[23.838331,38.011861]},"properties":{"lines":"304, 305, 308","color":"#0059a9","mode":"bus","arr":["304","305","308"],"angle":30.7}},{"type":"Feature","geometry":{"type":"Point","coordinates":[23.834799,38.013014]},"properties":{"lines":"304, 305, 308","color":"#0059a9","mode":"bus","arr":["304","305","308"],"angle":14.2,"extra":1}},{"type":"Feature","geometry":{"type":"Point","coordinates":[23.827593,38.013963]},"properties":{"lines":"304, 305, 308","color":"#0059a9","mode":"bus","arr":["304","305","308"],"angle":-0.5,"extra":1}},{"type":"Feature","geometry":{"type":"Point","coordinates":[23.816106,38.012448]},"properties":{"lines":"304, 305, 308","color":"#0059a9","mode":"bus","arr":["304","305","308"],"angle":-18.2,"extra":1}},{"type":"Feature","geometry":{"type":"Point","coordinates":[23.83193,38.013614]},"properties":{"lines":"304, 305, 308, 407","color":"#0059a9","mode":"bus","arr":["304","305","308","407"],"angle":14.9}},{"type":"Feature","geometry":{"type":"Point","coordinates":[23.821262,38.013695]},"properties":{"lines":"304, 305, 308, 406","color":"#0059a9","mode":"bus","arr":["304","305","308","406"],"angle":-5.2}},{"type":"Feature","geometry":{"type":"Point","coordinates":[23.819671,38.013462]},"properties":{"lines":"304, 305, 308, 421","color":"#0059a9","mode":"bus","arr":["304","305","308","421"],"angle":-18.9}},{"type":"Feature","geometry":{"type":"Point","coordinates":[23.808188,38.010309]},"properties":{"lines":"304, 305, 308, 406, 407","color":"#0059a9","mode":"bus","arr":["304","305","308","406","407"],"angle":-30.1}},{"type":"Feature","geometry":{"type":"Point","coordinates":[24.009823,37.982037]},"properties":{"lines":"316, 323","color":"#0059a9","mode":"bus","arr":["316","323"],"angle":-64.8}},{"type":"Feature","geometry":{"type":"Point","coordinates":[24.008386,37.972515]},"properties":{"lines":"316, 323","color":"#0059a9","mode":"bus","arr":["316","323"],"angle":89.3,"extra":1}},{"type":"Feature","geometry":{"type":"Point","coordinates":[24.008349,37.977461]},"properties":{"lines":"316, 323","color":"#0059a9","mode":"bus","arr":["316","323"],"angle":87.2,"extra":1}},{"type":"Feature","geometry":{"type":"Point","coordinates":[24.012848,37.986426]},"properties":{"lines":"316, 323","color":"#0059a9","mode":"bus","arr":["316","323"],"angle":-70.5,"extra":1}},{"type":"Feature","geometry":{"type":"Point","coordinates":[24.015907,37.990683]},"properties":{"lines":"316, 323","color":"#0059a9","mode":"bus","arr":["316","323"],"angle":-47.6,"extra":1}},{"type":"Feature","geometry":{"type":"Point","coordinates":[24.020865,37.990217]},"properties":{"lines":"305, 323","color":"#0059a9","mode":"bus","arr":["305","323"],"angle":-73.8}},{"type":"Feature","geometry":{"type":"Point","coordinates":[24.010293,37.992812]},"properties":{"lines":"305, 323","color":"#0059a9","mode":"bus","arr":["305","323"],"angle":12.4}},{"type":"Feature","geometry":{"type":"Point","coordinates":[24.015194,37.992126]},"properties":{"lines":"305, 323","color":"#0059a9","mode":"bus","arr":["305","323"],"angle":-13.2,"extra":1}},{"type":"Feature","geometry":{"type":"Point","coordinates":[24.008566,37.988788]},"properties":{"lines":"305, 323","color":"#0059a9","mode":"bus","arr":["305","323"],"angle":-89.5,"extra":1}},{"type":"Feature","geometry":{"type":"Point","coordinates":[24.019941,37.99194]},"properties":{"lines":"305, 316, 323","color":"#0059a9","mode":"bus","arr":["305","316","323"],"angle":31.8}},{"type":"Feature","geometry":{"type":"Point","coordinates":[24.006403,37.978518]},"properties":{"lines":"305","color":"#0059a9","mode":"bus","arr":["305"],"angle":-85.1}},{"type":"Feature","geometry":{"type":"Point","coordinates":[24.008037,37.985474]},"properties":{"lines":"305","color":"#0059a9","mode":"bus","arr":["305"],"angle":-72.6,"extra":1}},{"type":"Feature","geometry":{"type":"Point","coordinates":[24.006205,37.975804]},"properties":{"lines":"305","color":"#0059a9","mode":"bus","arr":["305"],"angle":-89.5,"extra":1}},{"type":"Feature","geometry":{"type":"Point","coordinates":[24.004514,37.971347]},"properties":{"lines":"305","color":"#0059a9","mode":"bus","arr":["305"],"angle":-75.6,"extra":1}},{"type":"Feature","geometry":{"type":"Point","coordinates":[23.881024,37.99507]},"properties":{"lines":"305, 316","color":"#0059a9","mode":"bus","arr":["305","316"],"angle":77.9}},{"type":"Feature","geometry":{"type":"Point","coordinates":[23.882381,37.990111]},"properties":{"lines":"305, 316","color":"#0059a9","mode":"bus","arr":["305","316"],"angle":78,"extra":1}},{"type":"Feature","geometry":{"type":"Point","coordinates":[23.880261,37.999806]},"properties":{"lines":"305, 316","color":"#0059a9","mode":"bus","arr":["305","316"],"angle":-76.9,"extra":1}},{"type":"Feature","geometry":{"type":"Point","coordinates":[23.880805,38.003109]},"properties":{"lines":"305, 316, 324","color":"#0059a9","mode":"bus","arr":["305","316","324"],"angle":-87.3}},{"type":"Feature","geometry":{"type":"Point","coordinates":[23.877811,38.003808]},"properties":{"lines":"305, 319, 324","color":"#0059a9","mode":"bus","arr":["305","319","324"],"angle":0.5}},{"type":"Feature","geometry":{"type":"Point","coordinates":[23.856063,38.008306]},"properties":{"lines":"305, 319","color":"#0059a9","mode":"bus","arr":["305","319"],"angle":22}},{"type":"Feature","geometry":{"type":"Point","coordinates":[23.859601,38.007429]},"properties":{"lines":"305, 306, 319","color":"#0059a9","mode":"bus","arr":["305","306","319"],"angle":10.5}},{"type":"Feature","geometry":{"type":"Point","coordinates":[23.837471,38.022679]},"properties":{"lines":"306, 400, 411","color":"#0059a9","mode":"bus","arr":["306","400","411"],"angle":-59.1}},{"type":"Feature","geometry":{"type":"Point","coordinates":[23.840499,38.025152]},"properties":{"lines":"306, 405, 411, 447, 451","color":"#0059a9","mode":"bus","arr":["306","405","411","447","451"],"angle":-23.1}},{"type":"Feature","geometry":{"type":"Point","coordinates":[23.842676,38.026271]},"properties":{"lines":"306, 405, 451","color":"#0059a9","mode":"bus","arr":["306","405","451"],"angle":-59.8}},{"type":"Feature","geometry":{"type":"Point","coordinates":[23.851819,38.018074]},"properties":{"lines":"306, 314","color":"#0059a9","mode":"bus","arr":["306","314"],"angle":70.5}},{"type":"Feature","geometry":{"type":"Point","coordinates":[23.843805,38.028041]},"properties":{"lines":"306, 405, 450, 451","color":"#0059a9","mode":"bus","arr":["306","405","450","451"],"angle":-65.6}},{"type":"Feature","geometry":{"type":"Point","coordinates":[23.84275,38.026537]},"properties":{"lines":"306, 405, 411, 447, 450","color":"#0059a9","mode":"bus","arr":["306","405","411","447","450"],"angle":-59.4}},{"type":"Feature","geometry":{"type":"Point","coordinates":[23.840421,38.025228]},"properties":{"lines":"306, 405, 411, 450","color":"#0059a9","mode":"bus","arr":["306","405","411","450"],"angle":-24.1}},{"type":"Feature","geometry":{"type":"Point","coordinates":[23.881697,37.891895]},"properties":{"lines":"330","color":"#0059a9","mode":"bus","arr":["330"],"angle":88.5}},{"type":"Feature","geometry":{"type":"Point","coordinates":[23.873509,37.855431]},"properties":{"lines":"330","color":"#0059a9","mode":"bus","arr":["330"],"angle":57.1}},{"type":"Feature","geometry":{"type":"Point","coordinates":[23.86854,37.866731]},"properties":{"lines":"330","color":"#0059a9","mode":"bus","arr":["330"],"angle":-74.1,"extra":1}},{"type":"Feature","geometry":{"type":"Point","coordinates":[23.869101,37.861868]},"properties":{"lines":"330","color":"#0059a9","mode":"bus","arr":["330"],"angle":-87,"extra":1}},{"type":"Feature","geometry":{"type":"Point","coordinates":[23.871373,37.857807]},"properties":{"lines":"330","color":"#0059a9","mode":"bus","arr":["330"],"angle":36.5,"extra":1}},{"type":"Feature","geometry":{"type":"Point","coordinates":[23.873597,37.848541]},"properties":{"lines":"330","color":"#0059a9","mode":"bus","arr":["330"],"angle":90,"extra":1}},{"type":"Feature","geometry":{"type":"Point","coordinates":[23.872367,37.843725]},"properties":{"lines":"330","color":"#0059a9","mode":"bus","arr":["330"],"angle":-79.1,"extra":1}},{"type":"Feature","geometry":{"type":"Point","coordinates":[23.865549,37.814722]},"properties":{"lines":"330","color":"#0059a9","mode":"bus","arr":["330"],"angle":58.8}},{"type":"Feature","geometry":{"type":"Point","coordinates":[23.867944,37.804618]},"properties":{"lines":"330","color":"#0059a9","mode":"bus","arr":["330"],"angle":-55.6,"extra":1}},{"type":"Feature","geometry":{"type":"Point","coordinates":[23.868653,37.808598]},"properties":{"lines":"330","color":"#0059a9","mode":"bus","arr":["330"],"angle":78.6,"extra":1}},{"type":"Feature","geometry":{"type":"Point","coordinates":[23.863492,37.817511]},"properties":{"lines":"330","color":"#0059a9","mode":"bus","arr":["330"],"angle":68.1,"extra":1}},{"type":"Feature","geometry":{"type":"Point","coordinates":[23.86275,37.822296]},"properties":{"lines":"330","color":"#0059a9","mode":"bus","arr":["330"],"angle":69.9,"extra":1}},{"type":"Feature","geometry":{"type":"Point","coordinates":[23.859289,37.826386]},"properties":{"lines":"330","color":"#0059a9","mode":"bus","arr":["330"],"angle":51.8,"extra":1}},{"type":"Feature","geometry":{"type":"Point","coordinates":[23.851583,37.842142]},"properties":{"lines":"330","color":"#0059a9","mode":"bus","arr":["330"],"angle":32}},{"type":"Feature","geometry":{"type":"Point","coordinates":[23.844264,37.818325]},"properties":{"lines":"330","color":"#0059a9","mode":"bus","arr":["330"],"angle":-82.9,"extra":1}},{"type":"Feature","geometry":{"type":"Point","coordinates":[23.847972,37.822023]},"properties":{"lines":"330","color":"#0059a9","mode":"bus","arr":["330"],"angle":-32.3,"extra":1}},{"type":"Feature","geometry":{"type":"Point","coordinates":[23.853321,37.824611]},"properties":{"lines":"330","color":"#0059a9","mode":"bus","arr":["330"],"angle":-31.6,"extra":1}},{"type":"Feature","geometry":{"type":"Point","coordinates":[23.858664,37.827205]},"properties":{"lines":"330","color":"#0059a9","mode":"bus","arr":["330"],"angle":-33.4,"extra":1}},{"type":"Feature","geometry":{"type":"Point","coordinates":[23.869173,37.837058]},"properties":{"lines":"330","color":"#0059a9","mode":"bus","arr":["330"],"angle":-57.7,"extra":1}},{"type":"Feature","geometry":{"type":"Point","coordinates":[23.865597,37.833005]},"properties":{"lines":"330","color":"#0059a9","mode":"bus","arr":["330"],"angle":-48.3,"extra":1}},{"type":"Feature","geometry":{"type":"Point","coordinates":[23.861728,37.82921]},"properties":{"lines":"330","color":"#0059a9","mode":"bus","arr":["330"],"angle":-55.9,"extra":1}},{"type":"Feature","geometry":{"type":"Point","coordinates":[23.854543,37.832916]},"properties":{"lines":"330","color":"#0059a9","mode":"bus","arr":["330"],"angle":73.9,"extra":1}},{"type":"Feature","geometry":{"type":"Point","coordinates":[23.853491,37.837687]},"properties":{"lines":"330","color":"#0059a9","mode":"bus","arr":["330"],"angle":88.1,"extra":1}},{"type":"Feature","geometry":{"type":"Point","coordinates":[23.856995,37.841639]},"properties":{"lines":"330","color":"#0059a9","mode":"bus","arr":["330"],"angle":18,"extra":1}},{"type":"Feature","geometry":{"type":"Point","coordinates":[23.860872,37.838113]},"properties":{"lines":"330","color":"#0059a9","mode":"bus","arr":["330"],"angle":63.7,"extra":1}},{"type":"Feature","geometry":{"type":"Point","coordinates":[23.844668,37.846694]},"properties":{"lines":"330","color":"#0059a9","mode":"bus","arr":["330"],"angle":7.3}},{"type":"Feature","geometry":{"type":"Point","coordinates":[23.848126,37.845679]},"properties":{"lines":"330","color":"#0059a9","mode":"bus","arr":["330"],"angle":49.2,"extra":1}},{"type":"Feature","geometry":{"type":"Point","coordinates":[23.885161,37.929671]},"properties":{"lines":"307","color":"#0059a9","mode":"bus","arr":["307"],"angle":53.7}},{"type":"Feature","geometry":{"type":"Point","coordinates":[23.895153,37.912956]},"properties":{"lines":"307","color":"#0059a9","mode":"bus","arr":["307"],"angle":76.1,"extra":1}},{"type":"Feature","geometry":{"type":"Point","coordinates":[23.892552,37.917455]},"properties":{"lines":"307","color":"#0059a9","mode":"bus","arr":["307"],"angle":65,"extra":1}},{"type":"Feature","geometry":{"type":"Point","coordinates":[23.889713,37.921849]},"properties":{"lines":"307","color":"#0059a9","mode":"bus","arr":["307"],"angle":43,"extra":1}},{"type":"Feature","geometry":{"type":"Point","coordinates":[23.884085,37.923509]},"properties":{"lines":"307","color":"#0059a9","mode":"bus","arr":["307"],"angle":55.5,"extra":1}},{"type":"Feature","geometry":{"type":"Point","coordinates":[23.88287,37.93188]},"properties":{"lines":"307","color":"#0059a9","mode":"bus","arr":["307"],"angle":50.9,"extra":1}},{"type":"Feature","geometry":{"type":"Point","coordinates":[23.878863,37.935686]},"properties":{"lines":"307","color":"#0059a9","mode":"bus","arr":["307"],"angle":50.2,"extra":1}},{"type":"Feature","geometry":{"type":"Point","coordinates":[23.874878,37.939507]},"properties":{"lines":"307","color":"#0059a9","mode":"bus","arr":["307"],"angle":51.5,"extra":1}},{"type":"Feature","geometry":{"type":"Point","coordinates":[23.870553,37.943077]},"properties":{"lines":"307","color":"#0059a9","mode":"bus","arr":["307"],"angle":44.3,"extra":1}},{"type":"Feature","geometry":{"type":"Point","coordinates":[23.865974,37.946459]},"properties":{"lines":"307","color":"#0059a9","mode":"bus","arr":["307"],"angle":42.6,"extra":1}},{"type":"Feature","geometry":{"type":"Point","coordinates":[23.849953,37.982698]},"properties":{"lines":"307","color":"#0059a9","mode":"bus","arr":["307"],"angle":71.2}},{"type":"Feature","geometry":{"type":"Point","coordinates":[23.844476,37.988367]},"properties":{"lines":"307","color":"#0059a9","mode":"bus","arr":["307"],"angle":-87.3}},{"type":"Feature","geometry":{"type":"Point","coordinates":[23.847961,37.984475]},"properties":{"lines":"307","color":"#0059a9","mode":"bus","arr":["307"],"angle":11.8,"extra":1}},{"type":"Feature","geometry":{"type":"Point","coordinates":[23.844447,37.992178]},"properties":{"lines":"307","color":"#0059a9","mode":"bus","arr":["307"],"angle":89.6,"extra":1}},{"type":"Feature","geometry":{"type":"Point","coordinates":[23.856193,37.983625]},"properties":{"lines":"307","color":"#0059a9","mode":"bus","arr":["307"],"angle":78.4}},{"type":"Feature","geometry":{"type":"Point","coordinates":[23.860339,37.98265]},"properties":{"lines":"307","color":"#0059a9","mode":"bus","arr":["307"],"angle":-12}},{"type":"Feature","geometry":{"type":"Point","coordinates":[23.851907,37.99888]},"properties":{"lines":"307","color":"#0059a9","mode":"bus","arr":["307"],"angle":-43.1}},{"type":"Feature","geometry":{"type":"Point","coordinates":[23.850585,37.994864]},"properties":{"lines":"307","color":"#0059a9","mode":"bus","arr":["307"],"angle":-79.2,"extra":1}},{"type":"Feature","geometry":{"type":"Point","coordinates":[23.854756,38.002338]},"properties":{"lines":"307","color":"#0059a9","mode":"bus","arr":["307"],"angle":84,"extra":1}},{"type":"Feature","geometry":{"type":"Point","coordinates":[23.854985,37.961734]},"properties":{"lines":"307, 308","color":"#0059a9","mode":"bus","arr":["307","308"],"angle":59.6}},{"type":"Feature","geometry":{"type":"Point","coordinates":[23.863002,37.949843]},"properties":{"lines":"307, 308","color":"#0059a9","mode":"bus","arr":["307","308"],"angle":88.3,"extra":1}},{"type":"Feature","geometry":{"type":"Point","coordinates":[23.859681,37.951953]},"properties":{"lines":"307, 308","color":"#0059a9","mode":"bus","arr":["307","308"],"angle":8.7,"extra":1}},{"type":"Feature","geometry":{"type":"Point","coordinates":[23.856117,37.954688]},"properties":{"lines":"307, 308","color":"#0059a9","mode":"bus","arr":["307","308"],"angle":30.7,"extra":1}},{"type":"Feature","geometry":{"type":"Point","coordinates":[23.856284,37.958285]},"properties":{"lines":"307, 308","color":"#0059a9","mode":"bus","arr":["307","308"],"angle":-58.1,"extra":1}},{"type":"Feature","geometry":{"type":"Point","coordinates":[23.853246,37.96752]},"properties":{"lines":"307, 308","color":"#0059a9","mode":"bus","arr":["307","308"],"angle":-88.5,"extra":1}},{"type":"Feature","geometry":{"type":"Point","coordinates":[23.85345,37.972461]},"properties":{"lines":"307, 308","color":"#0059a9","mode":"bus","arr":["307","308"],"angle":-88.9,"extra":1}},{"type":"Feature","geometry":{"type":"Point","coordinates":[23.853159,37.977348]},"properties":{"lines":"307, 308","color":"#0059a9","mode":"bus","arr":["307","308"],"angle":75.6,"extra":1}},{"type":"Feature","geometry":{"type":"Point","coordinates":[23.851797,37.982176]},"properties":{"lines":"307, 308","color":"#0059a9","mode":"bus","arr":["307","308"],"angle":78.4,"extra":1}},{"type":"Feature","geometry":{"type":"Point","coordinates":[23.853009,37.984414]},"properties":{"lines":"307, 324","color":"#0059a9","mode":"bus","arr":["307","324"],"angle":-11.4}},{"type":"Feature","geometry":{"type":"Point","coordinates":[23.872649,37.98125]},"properties":{"lines":"307, 324, 326","color":"#0059a9","mode":"bus","arr":["307","324","326"],"angle":-37.1}},{"type":"Feature","geometry":{"type":"Point","coordinates":[23.867515,37.983776]},"properties":{"lines":"307, 324, 326","color":"#0059a9","mode":"bus","arr":["307","324","326"],"angle":-7,"extra":1}},{"type":"Feature","geometry":{"type":"Point","coordinates":[23.843621,38.011708]},"properties":{"lines":"307, 319","color":"#0059a9","mode":"bus","arr":["307","319"],"angle":81.4}},{"type":"Feature","geometry":{"type":"Point","coordinates":[23.892976,37.911661]},"properties":{"lines":"308, 309, 309Β, 311, 330","color":"#0059a9","mode":"bus","arr":["308","309","309Β","311","330"],"angle":-38.7}},{"type":"Feature","geometry":{"type":"Point","coordinates":[23.880795,37.90559]},"properties":{"lines":"308, 309, 309Β, 311, 330","color":"#0059a9","mode":"bus","arr":["308","309","309Β","311","330"],"angle":11.9}},{"type":"Feature","geometry":{"type":"Point","coordinates":[23.87609,37.906484]},"properties":{"lines":"308, 309","color":"#0059a9","mode":"bus","arr":["308","309"],"angle":46.3}},{"type":"Feature","geometry":{"type":"Point","coordinates":[23.873834,37.911076]},"properties":{"lines":"308, 309","color":"#0059a9","mode":"bus","arr":["308","309"],"angle":-83.8}},{"type":"Feature","geometry":{"type":"Point","coordinates":[23.874216,37.909377]},"properties":{"lines":"308","color":"#0059a9","mode":"bus","arr":["308"],"angle":7.6}},{"type":"Feature","geometry":{"type":"Point","coordinates":[23.871541,37.930529]},"properties":{"lines":"308","color":"#0059a9","mode":"bus","arr":["308"],"angle":72.2}},{"type":"Feature","geometry":{"type":"Point","coordinates":[23.875102,37.915452]},"properties":{"lines":"308","color":"#0059a9","mode":"bus","arr":["308"],"angle":-73.7,"extra":1}},{"type":"Feature","geometry":{"type":"Point","coordinates":[23.87509,37.920255]},"properties":{"lines":"308","color":"#0059a9","mode":"bus","arr":["308"],"angle":75.1,"extra":1}},{"type":"Feature","geometry":{"type":"Point","coordinates":[23.873509,37.925042]},"properties":{"lines":"308","color":"#0059a9","mode":"bus","arr":["308"],"angle":74.9,"extra":1}},{"type":"Feature","geometry":{"type":"Point","coordinates":[23.869837,37.934497]},"properties":{"lines":"308","color":"#0059a9","mode":"bus","arr":["308"],"angle":72.1,"extra":1}},{"type":"Feature","geometry":{"type":"Point","coordinates":[23.867944,37.939213]},"properties":{"lines":"308","color":"#0059a9","mode":"bus","arr":["308"],"angle":72.6,"extra":1}},{"type":"Feature","geometry":{"type":"Point","coordinates":[23.866483,37.944009]},"properties":{"lines":"308","color":"#0059a9","mode":"bus","arr":["308"],"angle":73,"extra":1}},{"type":"Feature","geometry":{"type":"Point","coordinates":[23.847888,38.001895]},"properties":{"lines":"308","color":"#0059a9","mode":"bus","arr":["308"],"angle":-87.1}},{"type":"Feature","geometry":{"type":"Point","coordinates":[23.851055,37.984903]},"properties":{"lines":"308","color":"#0059a9","mode":"bus","arr":["308"],"angle":78.8,"extra":1}},{"type":"Feature","geometry":{"type":"Point","coordinates":[23.850118,37.989786]},"properties":{"lines":"308","color":"#0059a9","mode":"bus","arr":["308"],"angle":74.2,"extra":1}},{"type":"Feature","geometry":{"type":"Point","coordinates":[23.847942,37.995059]},"properties":{"lines":"308","color":"#0059a9","mode":"bus","arr":["308"],"angle":76.2,"extra":1}},{"type":"Feature","geometry":{"type":"Point","coordinates":[23.847165,38.004783]},"properties":{"lines":"308","color":"#0059a9","mode":"bus","arr":["308"],"angle":72.1,"extra":1}},{"type":"Feature","geometry":{"type":"Point","coordinates":[23.844547,38.009271]},"properties":{"lines":"308","color":"#0059a9","mode":"bus","arr":["308"],"angle":68,"extra":1}},{"type":"Feature","geometry":{"type":"Point","coordinates":[23.874863,37.908209]},"properties":{"lines":"309","color":"#0059a9","mode":"bus","arr":["309"],"angle":74.8}},{"type":"Feature","geometry":{"type":"Point","coordinates":[23.874465,37.910925]},"properties":{"lines":"309","color":"#0059a9","mode":"bus","arr":["309"],"angle":-81.3,"extra":1}},{"type":"Feature","geometry":{"type":"Point","coordinates":[23.868652,37.902479]},"properties":{"lines":"309","color":"#0059a9","mode":"bus","arr":["309"],"angle":-74.8}},{"type":"Feature","geometry":{"type":"Point","coordinates":[23.877709,37.893813]},"properties":{"lines":"309","color":"#0059a9","mode":"bus","arr":["309"],"angle":9.5,"extra":1}},{"type":"Feature","geometry":{"type":"Point","coordinates":[23.871792,37.895428]},"properties":{"lines":"309","color":"#0059a9","mode":"bus","arr":["309"],"angle":13.5,"extra":1}},{"type":"Feature","geometry":{"type":"Point","coordinates":[23.866205,37.896825]},"properties":{"lines":"309","color":"#0059a9","mode":"bus","arr":["309"],"angle":-71.8,"extra":1}},{"type":"Feature","geometry":{"type":"Point","coordinates":[23.870579,37.905273]},"properties":{"lines":"309","color":"#0059a9","mode":"bus","arr":["309"],"angle":4,"extra":1}},{"type":"Feature","geometry":{"type":"Point","coordinates":[23.874461,37.904079]},"properties":{"lines":"309","color":"#0059a9","mode":"bus","arr":["309"],"angle":70.8,"extra":1}},{"type":"Feature","geometry":{"type":"Point","coordinates":[23.878026,37.902783]},"properties":{"lines":"309","color":"#0059a9","mode":"bus","arr":["309"],"angle":-79.8,"extra":1}},{"type":"Feature","geometry":{"type":"Point","coordinates":[23.901278,37.887545]},"properties":{"lines":"309Β, 311","color":"#0059a9","mode":"bus","arr":["309Β","311"],"angle":3.7}},{"type":"Feature","geometry":{"type":"Point","coordinates":[23.883731,37.892401]},"properties":{"lines":"309Β, 311","color":"#0059a9","mode":"bus","arr":["309Β","311"],"angle":33.3,"extra":1}},{"type":"Feature","geometry":{"type":"Point","coordinates":[23.889058,37.889821]},"properties":{"lines":"309Β, 311","color":"#0059a9","mode":"bus","arr":["309Β","311"],"angle":27.7,"extra":1}},{"type":"Feature","geometry":{"type":"Point","coordinates":[23.894974,37.888267]},"properties":{"lines":"309Β, 311","color":"#0059a9","mode":"bus","arr":["309Β","311"],"angle":11.5,"extra":1}},{"type":"Feature","geometry":{"type":"Point","coordinates":[23.907339,37.886756]},"properties":{"lines":"309Β, 311","color":"#0059a9","mode":"bus","arr":["309Β","311"],"angle":-3.6,"extra":1}},{"type":"Feature","geometry":{"type":"Point","coordinates":[23.913515,37.886046]},"properties":{"lines":"309Β, 311","color":"#0059a9","mode":"bus","arr":["309Β","311"],"angle":11.6,"extra":1}},{"type":"Feature","geometry":{"type":"Point","coordinates":[23.91971,37.885277]},"properties":{"lines":"309Β, 311","color":"#0059a9","mode":"bus","arr":["309Β","311"],"angle":5.5,"extra":1}},{"type":"Feature","geometry":{"type":"Point","coordinates":[23.92493,37.884851]},"properties":{"lines":"309Β, 311","color":"#0059a9","mode":"bus","arr":["309Β","311"],"angle":3.6}},{"type":"Feature","geometry":{"type":"Point","coordinates":[23.936735,37.884886]},"properties":{"lines":"309Β","color":"#0059a9","mode":"bus","arr":["309Β"],"angle":-42.8}},{"type":"Feature","geometry":{"type":"Point","coordinates":[23.929293,37.884508]},"properties":{"lines":"309Β","color":"#0059a9","mode":"bus","arr":["309Β"],"angle":-24.8,"extra":1}},{"type":"Feature","geometry":{"type":"Point","coordinates":[23.939592,37.886799]},"properties":{"lines":"309Β","color":"#0059a9","mode":"bus","arr":["309Β"],"angle":-37.7,"extra":1}},{"type":"Feature","geometry":{"type":"Point","coordinates":[23.94444,37.889359]},"properties":{"lines":"309Β","color":"#0059a9","mode":"bus","arr":["309Β"],"angle":-63.2,"extra":1}},{"type":"Feature","geometry":{"type":"Point","coordinates":[23.989854,37.893712]},"properties":{"lines":"309Β","color":"#0059a9","mode":"bus","arr":["309Β"],"angle":16.9}},{"type":"Feature","geometry":{"type":"Point","coordinates":[24.001311,37.888335]},"properties":{"lines":"309Β","color":"#0059a9","mode":"bus","arr":["309Β"],"angle":32.7,"extra":1}},{"type":"Feature","geometry":{"type":"Point","coordinates":[23.995896,37.890826]},"properties":{"lines":"309Β","color":"#0059a9","mode":"bus","arr":["309Β"],"angle":30.7,"extra":1}},{"type":"Feature","geometry":{"type":"Point","coordinates":[23.984493,37.894472]},"properties":{"lines":"309Β","color":"#0059a9","mode":"bus","arr":["309Β"],"angle":4.3,"extra":1}},{"type":"Feature","geometry":{"type":"Point","coordinates":[23.978502,37.893585]},"properties":{"lines":"309Β","color":"#0059a9","mode":"bus","arr":["309Β"],"angle":0.1,"extra":1}},{"type":"Feature","geometry":{"type":"Point","coordinates":[23.973253,37.893528]},"properties":{"lines":"309Β","color":"#0059a9","mode":"bus","arr":["309Β"],"angle":-0.9,"extra":1}},{"type":"Feature","geometry":{"type":"Point","coordinates":[24.018211,37.893056]},"properties":{"lines":"309Β","color":"#0059a9","mode":"bus","arr":["309Β"],"angle":32.4}},{"type":"Feature","geometry":{"type":"Point","coordinates":[24.022053,37.892277]},"properties":{"lines":"309Β","color":"#0059a9","mode":"bus","arr":["309Β"],"angle":10.1,"extra":1}},{"type":"Feature","geometry":{"type":"Point","coordinates":[24.010786,37.893474]},"properties":{"lines":"309Β","color":"#0059a9","mode":"bus","arr":["309Β"],"angle":-15.7}},{"type":"Feature","geometry":{"type":"Point","coordinates":[24.016214,37.894673]},"properties":{"lines":"309Β","color":"#0059a9","mode":"bus","arr":["309Β"],"angle":35.7,"extra":1}},{"type":"Feature","geometry":{"type":"Point","coordinates":[24.008514,37.890385]},"properties":{"lines":"309Β","color":"#0059a9","mode":"bus","arr":["309Β"],"angle":-75,"extra":1}},{"type":"Feature","geometry":{"type":"Point","coordinates":[24.017886,37.87459]},"properties":{"lines":"309Β","color":"#0059a9","mode":"bus","arr":["309Β"],"angle":50}},{"type":"Feature","geometry":{"type":"Point","coordinates":[24.033872,37.867253]},"properties":{"lines":"309Β","color":"#0059a9","mode":"bus","arr":["309Β"],"angle":-4.3,"extra":1}},{"type":"Feature","geometry":{"type":"Point","coordinates":[24.02831,37.869245]},"properties":{"lines":"309Β","color":"#0059a9","mode":"bus","arr":["309Β"],"angle":15.4,"extra":1}},{"type":"Feature","geometry":{"type":"Point","coordinates":[24.022492,37.871016]},"properties":{"lines":"309Β","color":"#0059a9","mode":"bus","arr":["309Β"],"angle":42.4,"extra":1}},{"type":"Feature","geometry":{"type":"Point","coordinates":[24.015259,37.878774]},"properties":{"lines":"309Β","color":"#0059a9","mode":"bus","arr":["309Β"],"angle":80.7,"extra":1}},{"type":"Feature","geometry":{"type":"Point","coordinates":[24.012334,37.882965]},"properties":{"lines":"309Β","color":"#0059a9","mode":"bus","arr":["309Β"],"angle":48.4,"extra":1}},{"type":"Feature","geometry":{"type":"Point","coordinates":[24.006782,37.88519]},"properties":{"lines":"309Β","color":"#0059a9","mode":"bus","arr":["309Β"],"angle":28.2,"extra":1}},{"type":"Feature","geometry":{"type":"Point","coordinates":[23.944188,37.890478]},"properties":{"lines":"309Β","color":"#0059a9","mode":"bus","arr":["309Β"],"angle":-5.8}},{"type":"Feature","geometry":{"type":"Point","coordinates":[23.924623,37.886573]},"properties":{"lines":"309Β","color":"#0059a9","mode":"bus","arr":["309Β"],"angle":21.2,"extra":1}},{"type":"Feature","geometry":{"type":"Point","coordinates":[23.929197,37.887221]},"properties":{"lines":"309Β","color":"#0059a9","mode":"bus","arr":["309Β"],"angle":-62.6,"extra":1}},{"type":"Feature","geometry":{"type":"Point","coordinates":[23.933699,37.887775]},"properties":{"lines":"309Β","color":"#0059a9","mode":"bus","arr":["309Β"],"angle":27.2,"extra":1}},{"type":"Feature","geometry":{"type":"Point","coordinates":[23.937981,37.889672]},"properties":{"lines":"309Β","color":"#0059a9","mode":"bus","arr":["309Β"],"angle":-4.5,"extra":1}},{"type":"Feature","geometry":{"type":"Point","coordinates":[23.949057,37.89309]},"properties":{"lines":"309Β","color":"#0059a9","mode":"bus","arr":["309Β"],"angle":-15.9,"extra":1}},{"type":"Feature","geometry":{"type":"Point","coordinates":[23.955071,37.894495]},"properties":{"lines":"309Β","color":"#0059a9","mode":"bus","arr":["309Β"],"angle":-9.7,"extra":1}},{"type":"Feature","geometry":{"type":"Point","coordinates":[23.960992,37.895389]},"properties":{"lines":"309Β","color":"#0059a9","mode":"bus","arr":["309Β"],"angle":-23.8,"extra":1}},{"type":"Feature","geometry":{"type":"Point","coordinates":[23.967099,37.894598]},"properties":{"lines":"309Β","color":"#0059a9","mode":"bus","arr":["309Β"],"angle":14.2,"extra":1}},{"type":"Feature","geometry":{"type":"Point","coordinates":[23.959354,38.161597]},"properties":{"lines":"310","color":"#0059a9","mode":"bus","arr":["310"],"angle":-36.1}},{"type":"Feature","geometry":{"type":"Point","coordinates":[23.958952,38.159992]},"properties":{"lines":"310","color":"#0059a9","mode":"bus","arr":["310"],"angle":61.1}},{"type":"Feature","geometry":{"type":"Point","coordinates":[23.960076,38.156236]},"properties":{"lines":"310","color":"#0059a9","mode":"bus","arr":["310"],"angle":64.4}},{"type":"Feature","geometry":{"type":"Point","coordinates":[23.975102,38.089836]},"properties":{"lines":"310","color":"#0059a9","mode":"bus","arr":["310"],"angle":70.4}},{"type":"Feature","geometry":{"type":"Point","coordinates":[23.986359,38.034817]},"properties":{"lines":"310","color":"#0059a9","mode":"bus","arr":["310"],"angle":-40.1,"extra":1}},{"type":"Feature","geometry":{"type":"Point","coordinates":[23.989985,38.038615]},"properties":{"lines":"310","color":"#0059a9","mode":"bus","arr":["310"],"angle":-65.1,"extra":1}},{"type":"Feature","geometry":{"type":"Point","coordinates":[23.989125,38.043386]},"properties":{"lines":"310","color":"#0059a9","mode":"bus","arr":["310"],"angle":74.3,"extra":1}},{"type":"Feature","geometry":{"type":"Point","coordinates":[23.987692,38.048194]},"properties":{"lines":"310","color":"#0059a9","mode":"bus","arr":["310"],"angle":76.6,"extra":1}},{"type":"Feature","geometry":{"type":"Point","coordinates":[23.985398,38.05276]},"properties":{"lines":"310","color":"#0059a9","mode":"bus","arr":["310"],"angle":61.9,"extra":1}},{"type":"Feature","geometry":{"type":"Point","coordinates":[23.983359,38.057419]},"properties":{"lines":"310","color":"#0059a9","mode":"bus","arr":["310"],"angle":73,"extra":1}},{"type":"Feature","geometry":{"type":"Point","coordinates":[23.981648,38.062149]},"properties":{"lines":"310","color":"#0059a9","mode":"bus","arr":["310"],"angle":-87.2,"extra":1}},{"type":"Feature","geometry":{"type":"Point","coordinates":[23.982017,38.067085]},"properties":{"lines":"310","color":"#0059a9","mode":"bus","arr":["310"],"angle":-85.9,"extra":1}},{"type":"Feature","geometry":{"type":"Point","coordinates":[23.982466,38.072018]},"properties":{"lines":"310","color":"#0059a9","mode":"bus","arr":["310"],"angle":-85.7,"extra":1}},{"type":"Feature","geometry":{"type":"Point","coordinates":[23.98199,38.076813]},"properties":{"lines":"310","color":"#0059a9","mode":"bus","arr":["310"],"angle":67.3,"extra":1}},{"type":"Feature","geometry":{"type":"Point","coordinates":[23.979576,38.081378]},"properties":{"lines":"310","color":"#0059a9","mode":"bus","arr":["310"],"angle":66.8,"extra":1}},{"type":"Feature","geometry":{"type":"Point","coordinates":[23.977095,38.085921]},"properties":{"lines":"310","color":"#0059a9","mode":"bus","arr":["310"],"angle":66.9,"extra":1}},{"type":"Feature","geometry":{"type":"Point","coordinates":[23.972838,38.095218]},"properties":{"lines":"310","color":"#0059a9","mode":"bus","arr":["310"],"angle":72.8,"extra":1}},{"type":"Feature","geometry":{"type":"Point","coordinates":[23.971036,38.099955]},"properties":{"lines":"310","color":"#0059a9","mode":"bus","arr":["310"],"angle":73.9,"extra":1}},{"type":"Feature","geometry":{"type":"Point","coordinates":[23.969739,38.104769]},"properties":{"lines":"310","color":"#0059a9","mode":"bus","arr":["310"],"angle":-90,"extra":1}},{"type":"Feature","geometry":{"type":"Point","coordinates":[23.969735,38.109715]},"properties":{"lines":"310","color":"#0059a9","mode":"bus","arr":["310"],"angle":89.8,"extra":1}},{"type":"Feature","geometry":{"type":"Point","coordinates":[23.969713,38.114661]},"properties":{"lines":"310","color":"#0059a9","mode":"bus","arr":["310"],"angle":89.8,"extra":1}},{"type":"Feature","geometry":{"type":"Point","coordinates":[23.96969,38.119607]},"properties":{"lines":"310","color":"#0059a9","mode":"bus","arr":["310"],"angle":89.8,"extra":1}},{"type":"Feature","geometry":{"type":"Point","coordinates":[23.969323,38.124537]},"properties":{"lines":"310","color":"#0059a9","mode":"bus","arr":["310"],"angle":82.3,"extra":1}},{"type":"Feature","geometry":{"type":"Point","coordinates":[23.968483,38.129439]},"properties":{"lines":"310","color":"#0059a9","mode":"bus","arr":["310"],"angle":81.5,"extra":1}},{"type":"Feature","geometry":{"type":"Point","coordinates":[23.967551,38.13433]},"properties":{"lines":"310","color":"#0059a9","mode":"bus","arr":["310"],"angle":79.1,"extra":1}},{"type":"Feature","geometry":{"type":"Point","coordinates":[23.96632,38.139178]},"properties":{"lines":"310","color":"#0059a9","mode":"bus","arr":["310"],"angle":83.7,"extra":1}},{"type":"Feature","geometry":{"type":"Point","coordinates":[23.965334,38.144057]},"properties":{"lines":"310","color":"#0059a9","mode":"bus","arr":["310"],"angle":79.3,"extra":1}},{"type":"Feature","geometry":{"type":"Point","coordinates":[23.963982,38.148848]},"properties":{"lines":"310","color":"#0059a9","mode":"bus","arr":["310"],"angle":55.9,"extra":1}},{"type":"Feature","geometry":{"type":"Point","coordinates":[23.983523,38.030479]},"properties":{"lines":"310","color":"#0059a9","mode":"bus","arr":["310"],"angle":-64.2,"extra":1}},{"type":"Feature","geometry":{"type":"Point","coordinates":[23.982865,38.025881]},"properties":{"lines":"310","color":"#0059a9","mode":"bus","arr":["310"],"angle":67.7,"extra":1}},{"type":"Feature","geometry":{"type":"Point","coordinates":[23.982102,38.021088]},"properties":{"lines":"310","color":"#0059a9","mode":"bus","arr":["310"],"angle":-64.4,"extra":1}},{"type":"Feature","geometry":{"type":"Point","coordinates":[23.98882,38.019426]},"properties":{"lines":"310","color":"#0059a9","mode":"bus","arr":["310"],"angle":-15.6}},{"type":"Feature","geometry":{"type":"Point","coordinates":[23.983645,38.018191]},"properties":{"lines":"310","color":"#0059a9","mode":"bus","arr":["310"],"angle":-13.6,"extra":1}},{"type":"Feature","geometry":{"type":"Point","coordinates":[23.995253,38.018821]},"properties":{"lines":"310","color":"#0059a9","mode":"bus","arr":["310"],"angle":39.5,"extra":1}},{"type":"Feature","geometry":{"type":"Point","coordinates":[24.001231,38.043205]},"properties":{"lines":"310","color":"#0059a9","mode":"bus","arr":["310"],"angle":37.3}},{"type":"Feature","geometry":{"type":"Point","coordinates":[23.997198,38.025864]},"properties":{"lines":"310","color":"#0059a9","mode":"bus","arr":["310"],"angle":-71,"extra":1}},{"type":"Feature","geometry":{"type":"Point","coordinates":[23.996585,38.020961]},"properties":{"lines":"310","color":"#0059a9","mode":"bus","arr":["310"],"angle":-88.8,"extra":1}},{"type":"Feature","geometry":{"type":"Point","coordinates":[23.999805,38.01894]},"properties":{"lines":"310","color":"#0059a9","mode":"bus","arr":["310"],"angle":3.9,"extra":1}},{"type":"Feature","geometry":{"type":"Point","coordinates":[23.999985,38.030142]},"properties":{"lines":"310","color":"#0059a9","mode":"bus","arr":["310"],"angle":82,"extra":1}},{"type":"Feature","geometry":{"type":"Point","coordinates":[23.998628,38.034639]},"properties":{"lines":"310","color":"#0059a9","mode":"bus","arr":["310"],"angle":-90,"extra":1}},{"type":"Feature","geometry":{"type":"Point","coordinates":[23.999256,38.03872]},"properties":{"lines":"310","color":"#0059a9","mode":"bus","arr":["310"],"angle":-4.8,"extra":1}},{"type":"Feature","geometry":{"type":"Point","coordinates":[23.998163,38.046236]},"properties":{"lines":"310","color":"#0059a9","mode":"bus","arr":["310"],"angle":71.2,"extra":1}},{"type":"Feature","geometry":{"type":"Point","coordinates":[23.996083,38.050769]},"properties":{"lines":"310","color":"#0059a9","mode":"bus","arr":["310"],"angle":85.8,"extra":1}},{"type":"Feature","geometry":{"type":"Point","coordinates":[23.995756,38.054482]},"properties":{"lines":"310","color":"#0059a9","mode":"bus","arr":["310"],"angle":-10.3,"extra":1}},{"type":"Feature","geometry":{"type":"Point","coordinates":[23.993564,38.056406]},"properties":{"lines":"310","color":"#0059a9","mode":"bus","arr":["310"],"angle":-56.6}},{"type":"Feature","geometry":{"type":"Point","coordinates":[23.996061,38.059373]},"properties":{"lines":"310","color":"#0059a9","mode":"bus","arr":["310"],"angle":-63.1,"extra":1}},{"type":"Feature","geometry":{"type":"Point","coordinates":[23.992586,38.064146]},"properties":{"lines":"310","color":"#0059a9","mode":"bus","arr":["310"],"angle":-90}},{"type":"Feature","geometry":{"type":"Point","coordinates":[23.994003,38.06085]},"properties":{"lines":"310","color":"#0059a9","mode":"bus","arr":["310"],"angle":-76.1,"extra":1}},{"type":"Feature","geometry":{"type":"Point","coordinates":[23.994637,38.069764]},"properties":{"lines":"310","color":"#0059a9","mode":"bus","arr":["310"],"angle":-83.3,"extra":1}},{"type":"Feature","geometry":{"type":"Point","coordinates":[23.97034,38.102269]},"properties":{"lines":"310","color":"#0059a9","mode":"bus","arr":["310"],"angle":74.4}},{"type":"Feature","geometry":{"type":"Point","coordinates":[23.99159,38.069007]},"properties":{"lines":"310","color":"#0059a9","mode":"bus","arr":["310"],"angle":-28,"extra":1}},{"type":"Feature","geometry":{"type":"Point","coordinates":[23.985865,38.067634]},"properties":{"lines":"310","color":"#0059a9","mode":"bus","arr":["310"],"angle":8.6,"extra":1}},{"type":"Feature","geometry":{"type":"Point","coordinates":[23.982183,38.067417]},"properties":{"lines":"310","color":"#0059a9","mode":"bus","arr":["310"],"angle":-87.2,"extra":1}},{"type":"Feature","geometry":{"type":"Point","coordinates":[23.982595,38.072352]},"properties":{"lines":"310","color":"#0059a9","mode":"bus","arr":["310"],"angle":-84.7,"extra":1}},{"type":"Feature","geometry":{"type":"Point","coordinates":[23.981964,38.077117]},"properties":{"lines":"310","color":"#0059a9","mode":"bus","arr":["310"],"angle":65.8,"extra":1}},{"type":"Feature","geometry":{"type":"Point","coordinates":[23.979517,38.081671]},"properties":{"lines":"310","color":"#0059a9","mode":"bus","arr":["310"],"angle":66.4,"extra":1}},{"type":"Feature","geometry":{"type":"Point","coordinates":[23.977036,38.086215]},"properties":{"lines":"310","color":"#0059a9","mode":"bus","arr":["310"],"angle":67,"extra":1}},{"type":"Feature","geometry":{"type":"Point","coordinates":[23.974762,38.090823]},"properties":{"lines":"310","color":"#0059a9","mode":"bus","arr":["310"],"angle":69.6,"extra":1}},{"type":"Feature","geometry":{"type":"Point","coordinates":[23.972818,38.095525]},"properties":{"lines":"310","color":"#0059a9","mode":"bus","arr":["310"],"angle":72.9,"extra":1}},{"type":"Feature","geometry":{"type":"Point","coordinates":[23.969859,38.105097]},"properties":{"lines":"310","color":"#0059a9","mode":"bus","arr":["310"],"angle":87.9,"extra":1}},{"type":"Feature","geometry":{"type":"Point","coordinates":[23.969828,38.110043]},"properties":{"lines":"310","color":"#0059a9","mode":"bus","arr":["310"],"angle":89.8,"extra":1}},{"type":"Feature","geometry":{"type":"Point","coordinates":[23.969806,38.114989]},"properties":{"lines":"310","color":"#0059a9","mode":"bus","arr":["310"],"angle":-89.3,"extra":1}},{"type":"Feature","geometry":{"type":"Point","coordinates":[23.969784,38.119935]},"properties":{"lines":"310","color":"#0059a9","mode":"bus","arr":["310"],"angle":89.8,"extra":1}},{"type":"Feature","geometry":{"type":"Point","coordinates":[23.969385,38.124861]},"properties":{"lines":"310","color":"#0059a9","mode":"bus","arr":["310"],"angle":81.6,"extra":1}},{"type":"Feature","geometry":{"type":"Point","coordinates":[23.96853,38.129761]},"properties":{"lines":"310","color":"#0059a9","mode":"bus","arr":["310"],"angle":83.1,"extra":1}},{"type":"Feature","geometry":{"type":"Point","coordinates":[23.967561,38.134645]},"properties":{"lines":"310","color":"#0059a9","mode":"bus","arr":["310"],"angle":77.9,"extra":1}},{"type":"Feature","geometry":{"type":"Point","coordinates":[23.966377,38.139499]},"properties":{"lines":"310","color":"#0059a9","mode":"bus","arr":["310"],"angle":85.5,"extra":1}},{"type":"Feature","geometry":{"type":"Point","coordinates":[23.965399,38.144378]},"properties":{"lines":"310","color":"#0059a9","mode":"bus","arr":["310"],"angle":80.1,"extra":1}},{"type":"Feature","geometry":{"type":"Point","coordinates":[23.963982,38.149153]},"properties":{"lines":"310","color":"#0059a9","mode":"bus","arr":["310"],"angle":81.5,"extra":1}},{"type":"Feature","geometry":{"type":"Point","coordinates":[23.963053,38.152049]},"properties":{"lines":"310","color":"#0059a9","mode":"bus","arr":["310"],"angle":54.2}},{"type":"Feature","geometry":{"type":"Point","coordinates":[24.005701,38.019684]},"properties":{"lines":"310","color":"#0059a9","mode":"bus","arr":["310"],"angle":-27.1}},{"type":"Feature","geometry":{"type":"Point","coordinates":[24.007973,38.019355]},"properties":{"lines":"310","color":"#0059a9","mode":"bus","arr":["310"],"angle":57}},{"type":"Feature","geometry":{"type":"Point","coordinates":[24.010773,38.018177]},"properties":{"lines":"310","color":"#0059a9","mode":"bus","arr":["310"],"angle":-56.9}},{"type":"Feature","geometry":{"type":"Point","coordinates":[23.92956,37.8766]},"properties":{"lines":"311","color":"#0059a9","mode":"bus","arr":["311"],"angle":65.3}},{"type":"Feature","geometry":{"type":"Point","coordinates":[23.92588,37.882873]},"properties":{"lines":"311","color":"#0059a9","mode":"bus","arr":["311"],"angle":64.5,"extra":1}},{"type":"Feature","geometry":{"type":"Point","coordinates":[23.931094,37.873877]},"properties":{"lines":"311","color":"#0059a9","mode":"bus","arr":["311"],"angle":74.1,"extra":1}},{"type":"Feature","geometry":{"type":"Point","coordinates":[23.929169,37.869272]},"properties":{"lines":"311","color":"#0059a9","mode":"bus","arr":["311"],"angle":-70.9,"extra":1}},{"type":"Feature","geometry":{"type":"Point","coordinates":[23.908968,37.82508]},"properties":{"lines":"311","color":"#0059a9","mode":"bus","arr":["311"],"angle":-48.5}},{"type":"Feature","geometry":{"type":"Point","coordinates":[23.92893,37.845893]},"properties":{"lines":"311","color":"#0059a9","mode":"bus","arr":["311"],"angle":88,"extra":1}},{"type":"Feature","geometry":{"type":"Point","coordinates":[23.929054,37.850833]},"properties":{"lines":"311","color":"#0059a9","mode":"bus","arr":["311"],"angle":-83.7,"extra":1}},{"type":"Feature","geometry":{"type":"Point","coordinates":[23.930312,37.855672]},"properties":{"lines":"311","color":"#0059a9","mode":"bus","arr":["311"],"angle":-84,"extra":1}},{"type":"Feature","geometry":{"type":"Point","coordinates":[23.931099,37.860579]},"properties":{"lines":"311","color":"#0059a9","mode":"bus","arr":["311"],"angle":-75.6,"extra":1}},{"type":"Feature","geometry":{"type":"Point","coordinates":[23.930121,37.865274]},"properties":{"lines":"311","color":"#0059a9","mode":"bus","arr":["311"],"angle":71.5,"extra":1}},{"type":"Feature","geometry":{"type":"Point","coordinates":[23.931074,37.841485]},"properties":{"lines":"311","color":"#0059a9","mode":"bus","arr":["311"],"angle":47.2,"extra":1}},{"type":"Feature","geometry":{"type":"Point","coordinates":[23.933695,37.838498]},"properties":{"lines":"311","color":"#0059a9","mode":"bus","arr":["311"],"angle":-56.9,"extra":1}},{"type":"Feature","geometry":{"type":"Point","coordinates":[23.930273,37.834352]},"properties":{"lines":"311","color":"#0059a9","mode":"bus","arr":["311"],"angle":-61.1,"extra":1}},{"type":"Feature","geometry":{"type":"Point","coordinates":[23.924995,37.83514]},"properties":{"lines":"311","color":"#0059a9","mode":"bus","arr":["311"],"angle":35.7,"extra":1}},{"type":"Feature","geometry":{"type":"Point","coordinates":[23.921398,37.837363]},"properties":{"lines":"311","color":"#0059a9","mode":"bus","arr":["311"],"angle":-38.5,"extra":1}},{"type":"Feature","geometry":{"type":"Point","coordinates":[23.917091,37.833777]},"properties":{"lines":"311","color":"#0059a9","mode":"bus","arr":["311"],"angle":-51.7,"extra":1}},{"type":"Feature","geometry":{"type":"Point","coordinates":[23.913496,37.829738]},"properties":{"lines":"311","color":"#0059a9","mode":"bus","arr":["311"],"angle":-52.9,"extra":1}},{"type":"Feature","geometry":{"type":"Point","coordinates":[23.905787,37.822149]},"properties":{"lines":"311","color":"#0059a9","mode":"bus","arr":["311"],"angle":-32.9,"extra":1}},{"type":"Feature","geometry":{"type":"Point","coordinates":[23.90575,37.826659]},"properties":{"lines":"311","color":"#0059a9","mode":"bus","arr":["311"],"angle":-81.6,"extra":1}},{"type":"Feature","geometry":{"type":"Point","coordinates":[23.906778,37.831456]},"properties":{"lines":"311","color":"#0059a9","mode":"bus","arr":["311"],"angle":-77.7,"extra":1}},{"type":"Feature","geometry":{"type":"Point","coordinates":[23.909197,37.835989]},"properties":{"lines":"311","color":"#0059a9","mode":"bus","arr":["311"],"angle":-71.3,"extra":1}},{"type":"Feature","geometry":{"type":"Point","coordinates":[23.910933,37.840694]},"properties":{"lines":"311","color":"#0059a9","mode":"bus","arr":["311"],"angle":-80.6,"extra":1}},{"type":"Feature","geometry":{"type":"Point","coordinates":[23.912021,37.845544]},"properties":{"lines":"311","color":"#0059a9","mode":"bus","arr":["311"],"angle":-86.5,"extra":1}},{"type":"Feature","geometry":{"type":"Point","coordinates":[23.919214,37.856122]},"properties":{"lines":"311","color":"#0059a9","mode":"bus","arr":["311"],"angle":-73.5}},{"type":"Feature","geometry":{"type":"Point","coordinates":[23.916117,37.851152]},"properties":{"lines":"311","color":"#0059a9","mode":"bus","arr":["311"],"angle":-29.3,"extra":1}},{"type":"Feature","geometry":{"type":"Point","coordinates":[23.921663,37.859571]},"properties":{"lines":"311","color":"#0059a9","mode":"bus","arr":["311"],"angle":-60.1,"extra":1}},{"type":"Feature","geometry":{"type":"Point","coordinates":[23.931646,37.874154]},"properties":{"lines":"311","color":"#0059a9","mode":"bus","arr":["311"],"angle":-73.5}},{"type":"Feature","geometry":{"type":"Point","coordinates":[23.925763,37.86472]},"properties":{"lines":"311","color":"#0059a9","mode":"bus","arr":["311"],"angle":-61.1,"extra":1}},{"type":"Feature","geometry":{"type":"Point","coordinates":[23.929109,37.868435]},"properties":{"lines":"311","color":"#0059a9","mode":"bus","arr":["311"],"angle":-89.9,"extra":1}},{"type":"Feature","geometry":{"type":"Point","coordinates":[23.933184,37.877747]},"properties":{"lines":"311","color":"#0059a9","mode":"bus","arr":["311"],"angle":-70.9,"extra":1}},{"type":"Feature","geometry":{"type":"Point","coordinates":[23.929719,37.881106]},"properties":{"lines":"311","color":"#0059a9","mode":"bus","arr":["311"],"angle":28.3,"extra":1}},{"type":"Feature","geometry":{"type":"Point","coordinates":[23.848491,38.020605]},"properties":{"lines":"314","color":"#0059a9","mode":"bus","arr":["314"],"angle":20.1}},{"type":"Feature","geometry":{"type":"Point","coordinates":[23.853931,38.013393]},"properties":{"lines":"314","color":"#0059a9","mode":"bus","arr":["314"],"angle":70.4}},{"type":"Feature","geometry":{"type":"Point","coordinates":[23.96315,38.007819]},"properties":{"lines":"314","color":"#0059a9","mode":"bus","arr":["314"],"angle":0.9}},{"type":"Feature","geometry":{"type":"Point","coordinates":[23.926222,37.99767]},"properties":{"lines":"314","color":"#0059a9","mode":"bus","arr":["314"],"angle":-5.7,"extra":1}},{"type":"Feature","geometry":{"type":"Point","coordinates":[23.932322,37.998657]},"properties":{"lines":"314","color":"#0059a9","mode":"bus","arr":["314"],"angle":-21.5,"extra":1}},{"type":"Feature","geometry":{"type":"Point","coordinates":[23.937863,38.000944]},"properties":{"lines":"314","color":"#0059a9","mode":"bus","arr":["314"],"angle":-30.3,"extra":1}},{"type":"Feature","geometry":{"type":"Point","coordinates":[23.943496,38.002805]},"properties":{"lines":"314","color":"#0059a9","mode":"bus","arr":["314"],"angle":-8.5,"extra":1}},{"type":"Feature","geometry":{"type":"Point","coordinates":[23.949272,38.004518]},"properties":{"lines":"314","color":"#0059a9","mode":"bus","arr":["314"],"angle":-21.3,"extra":1}},{"type":"Feature","geometry":{"type":"Point","coordinates":[23.955143,38.006158]},"properties":{"lines":"314","color":"#0059a9","mode":"bus","arr":["314"],"angle":-30.9,"extra":1}},{"type":"Feature","geometry":{"type":"Point","coordinates":[23.966737,38.00912]},"properties":{"lines":"314","color":"#0059a9","mode":"bus","arr":["314"],"angle":-34.1,"extra":1}},{"type":"Feature","geometry":{"type":"Point","coordinates":[23.972445,38.011107]},"properties":{"lines":"314","color":"#0059a9","mode":"bus","arr":["314"],"angle":-25.2,"extra":1}},{"type":"Feature","geometry":{"type":"Point","coordinates":[23.977005,38.01447]},"properties":{"lines":"314","color":"#0059a9","mode":"bus","arr":["314"],"angle":-54.4,"extra":1}},{"type":"Feature","geometry":{"type":"Point","coordinates":[23.980412,38.018468]},"properties":{"lines":"314","color":"#0059a9","mode":"bus","arr":["314"],"angle":-51.7,"extra":1}},{"type":"Feature","geometry":{"type":"Point","coordinates":[23.982897,38.022956]},"properties":{"lines":"314","color":"#0059a9","mode":"bus","arr":["314"],"angle":-79.5,"extra":1}},{"type":"Feature","geometry":{"type":"Point","coordinates":[23.982204,38.027735]},"properties":{"lines":"314","color":"#0059a9","mode":"bus","arr":["314"],"angle":-89.6,"extra":1}},{"type":"Feature","geometry":{"type":"Point","coordinates":[23.98448,38.032314]},"properties":{"lines":"314","color":"#0059a9","mode":"bus","arr":["314"],"angle":-79.4,"extra":1}},{"type":"Feature","geometry":{"type":"Point","coordinates":[23.982973,38.034135]},"properties":{"lines":"314","color":"#0059a9","mode":"bus","arr":["314"],"angle":41.5}},{"type":"Feature","geometry":{"type":"Point","coordinates":[23.984134,38.032329]},"properties":{"lines":"314","color":"#0059a9","mode":"bus","arr":["314"],"angle":-70.6}},{"type":"Feature","geometry":{"type":"Point","coordinates":[23.876205,38.003934]},"properties":{"lines":"314, 316, 319, 324","color":"#0059a9","mode":"bus","arr":["314","316","319","324"],"angle":17.9}},{"type":"Feature","geometry":{"type":"Point","coordinates":[23.902854,38.002757]},"properties":{"lines":"314, 319","color":"#0059a9","mode":"bus","arr":["314","319"],"angle":9.5}},{"type":"Feature","geometry":{"type":"Point","coordinates":[23.883931,38.003442]},"properties":{"lines":"314, 319","color":"#0059a9","mode":"bus","arr":["314","319"],"angle":-1.2,"extra":1}},{"type":"Feature","geometry":{"type":"Point","coordinates":[23.890093,38.004366]},"properties":{"lines":"314, 319","color":"#0059a9","mode":"bus","arr":["314","319"],"angle":-11.2,"extra":1}},{"type":"Feature","geometry":{"type":"Point","coordinates":[23.896242,38.003657]},"properties":{"lines":"314, 319","color":"#0059a9","mode":"bus","arr":["314","319"],"angle":12.6,"extra":1}},{"type":"Feature","geometry":{"type":"Point","coordinates":[23.908664,38.002481]},"properties":{"lines":"314, 319","color":"#0059a9","mode":"bus","arr":["314","319"],"angle":-1.2,"extra":1}},{"type":"Feature","geometry":{"type":"Point","coordinates":[23.913292,37.999955]},"properties":{"lines":"314, 319","color":"#0059a9","mode":"bus","arr":["314","319"],"angle":38.5,"extra":1}},{"type":"Feature","geometry":{"type":"Point","coordinates":[23.919203,37.998331]},"properties":{"lines":"314, 319","color":"#0059a9","mode":"bus","arr":["314","319"],"angle":18.2,"extra":1}},{"type":"Feature","geometry":{"type":"Point","coordinates":[23.806211,38.0097]},"properties":{"lines":"316, 406, 407","color":"#0059a9","mode":"bus","arr":["316","406","407"],"angle":-83.5}},{"type":"Feature","geometry":{"type":"Point","coordinates":[23.808807,38.010433]},"properties":{"lines":"316, 400, 406, 407, Α5, Β5, Χ95","color":"#0059a9","mode":"bus","arr":["316","400","406","407","Α5","Β5","Χ95"],"angle":-29}},{"type":"Feature","geometry":{"type":"Point","coordinates":[23.813794,38.011785]},"properties":{"lines":"316, 400, Α5, Χ95","color":"#0059a9","mode":"bus","arr":["316","400","Α5","Χ95"],"angle":-15.9}},{"type":"Feature","geometry":{"type":"Point","coordinates":[23.817572,38.012722]},"properties":{"lines":"316, 400, Α5, Β5, Χ95","color":"#0059a9","mode":"bus","arr":["316","400","Α5","Β5","Χ95"],"angle":-19.6}},{"type":"Feature","geometry":{"type":"Point","coordinates":[23.819951,38.013354]},"properties":{"lines":"316, Α5","color":"#0059a9","mode":"bus","arr":["316","Α5"],"angle":-19.5}},{"type":"Feature","geometry":{"type":"Point","coordinates":[23.839615,38.010989]},"properties":{"lines":"316, Α5","color":"#0059a9","mode":"bus","arr":["316","Α5"],"angle":23.8}},{"type":"Feature","geometry":{"type":"Point","coordinates":[23.776107,37.993228]},"properties":{"lines":"Χ95","color":"#0059a9","mode":"bus","arr":["Χ95"],"angle":-42.2}},{"type":"Feature","geometry":{"type":"Point","coordinates":[23.794268,38.004375]},"properties":{"lines":"Χ95","color":"#0059a9","mode":"bus","arr":["Χ95"],"angle":-43.8}},{"type":"Feature","geometry":{"type":"Point","coordinates":[23.843163,38.010548]},"properties":{"lines":"Χ95","color":"#0059a9","mode":"bus","arr":["Χ95"],"angle":7.6}},{"type":"Feature","geometry":{"type":"Point","coordinates":[23.838703,38.011494]},"properties":{"lines":"Χ95","color":"#0059a9","mode":"bus","arr":["Χ95"],"angle":30.5,"extra":1}},{"type":"Feature","geometry":{"type":"Point","coordinates":[23.869525,38.005063]},"properties":{"lines":"Χ95","color":"#0059a9","mode":"bus","arr":["Χ95"],"angle":82.6}},{"type":"Feature","geometry":{"type":"Point","coordinates":[23.935342,37.924882]},"properties":{"lines":"Χ95","color":"#0059a9","mode":"bus","arr":["Χ95"],"angle":-52.2}},{"type":"Feature","geometry":{"type":"Point","coordinates":[23.828337,38.013826]},"properties":{"lines":"316, Α5, Χ95","color":"#0059a9","mode":"bus","arr":["316","Α5","Χ95"],"angle":0.7}},{"type":"Feature","geometry":{"type":"Point","coordinates":[23.823692,38.013672]},"properties":{"lines":"316, Α5, Χ95","color":"#0059a9","mode":"bus","arr":["316","Α5","Χ95"],"angle":-2.9,"extra":1}},{"type":"Feature","geometry":{"type":"Point","coordinates":[23.847304,38.0099]},"properties":{"lines":"316, 319, Α5","color":"#0059a9","mode":"bus","arr":["316","319","Α5"],"angle":11.7}},{"type":"Feature","geometry":{"type":"Point","coordinates":[23.937026,37.960375]},"properties":{"lines":"316, 326","color":"#0059a9","mode":"bus","arr":["316","326"],"angle":-8.9}},{"type":"Feature","geometry":{"type":"Point","coordinates":[23.928149,37.959673]},"properties":{"lines":"316, 326","color":"#0059a9","mode":"bus","arr":["316","326"],"angle":3.2,"extra":1}},{"type":"Feature","geometry":{"type":"Point","coordinates":[23.940588,37.960163]},"properties":{"lines":"316, 326","color":"#0059a9","mode":"bus","arr":["316","326"],"angle":9.1,"extra":1}},{"type":"Feature","geometry":{"type":"Point","coordinates":[23.946798,37.959502]},"properties":{"lines":"316, 326","color":"#0059a9","mode":"bus","arr":["316","326"],"angle":5.1,"extra":1}},{"type":"Feature","geometry":{"type":"Point","coordinates":[23.974419,37.958438]},"properties":{"lines":"316, 326","color":"#0059a9","mode":"bus","arr":["316","326"],"angle":-21.6}},{"type":"Feature","geometry":{"type":"Point","coordinates":[23.913042,37.962272]},"properties":{"lines":"316, 319, 326","color":"#0059a9","mode":"bus","arr":["316","319","326"],"angle":7.3}},{"type":"Feature","geometry":{"type":"Point","coordinates":[23.906389,37.965641]},"properties":{"lines":"316, 319, 326","color":"#0059a9","mode":"bus","arr":["316","319","326"],"angle":81.6,"extra":1}},{"type":"Feature","geometry":{"type":"Point","coordinates":[23.922205,37.960456]},"properties":{"lines":"316, 319, 326","color":"#0059a9","mode":"bus","arr":["316","319","326"],"angle":2.1,"extra":1}},{"type":"Feature","geometry":{"type":"Point","coordinates":[23.843198,38.012201]},"properties":{"lines":"319","color":"#0059a9","mode":"bus","arr":["319"],"angle":87}},{"type":"Feature","geometry":{"type":"Point","coordinates":[23.91745,37.987919]},"properties":{"lines":"319","color":"#0059a9","mode":"bus","arr":["319"],"angle":-80.5}},{"type":"Feature","geometry":{"type":"Point","coordinates":[23.910433,37.968895]},"properties":{"lines":"319","color":"#0059a9","mode":"bus","arr":["319"],"angle":-55.9}},{"type":"Feature","geometry":{"type":"Point","coordinates":[23.912295,37.971939]},"properties":{"lines":"319","color":"#0059a9","mode":"bus","arr":["319"],"angle":-84.4,"extra":1}},{"type":"Feature","geometry":{"type":"Point","coordinates":[23.925814,37.959185]},"properties":{"lines":"319","color":"#0059a9","mode":"bus","arr":["319"],"angle":15.5}},{"type":"Feature","geometry":{"type":"Point","coordinates":[23.912518,37.973472]},"properties":{"lines":"319","color":"#0059a9","mode":"bus","arr":["319"],"angle":-84.5}},{"type":"Feature","geometry":{"type":"Point","coordinates":[23.911614,37.970223]},"properties":{"lines":"319","color":"#0059a9","mode":"bus","arr":["319"],"angle":-62.8,"extra":1}},{"type":"Feature","geometry":{"type":"Point","coordinates":[23.917261,37.985863]},"properties":{"lines":"319","color":"#0059a9","mode":"bus","arr":["319"],"angle":-84.9,"extra":1}},{"type":"Feature","geometry":{"type":"Point","coordinates":[23.918957,37.990535]},"properties":{"lines":"319","color":"#0059a9","mode":"bus","arr":["319"],"angle":-58.7,"extra":1}},{"type":"Feature","geometry":{"type":"Point","coordinates":[23.915909,37.981394]},"properties":{"lines":"319","color":"#0059a9","mode":"bus","arr":["319"],"angle":-85.2,"extra":1}},{"type":"Feature","geometry":{"type":"Point","coordinates":[23.908001,38.002559]},"properties":{"lines":"319","color":"#0059a9","mode":"bus","arr":["319"],"angle":0.7}},{"type":"Feature","geometry":{"type":"Point","coordinates":[23.883936,38.003521]},"properties":{"lines":"319","color":"#0059a9","mode":"bus","arr":["319"],"angle":-0.1,"extra":1}},{"type":"Feature","geometry":{"type":"Point","coordinates":[23.890097,38.004448]},"properties":{"lines":"319","color":"#0059a9","mode":"bus","arr":["319"],"angle":-12.3,"extra":1}},{"type":"Feature","geometry":{"type":"Point","coordinates":[23.896251,38.003763]},"properties":{"lines":"319","color":"#0059a9","mode":"bus","arr":["319"],"angle":12.7,"extra":1}},{"type":"Feature","geometry":{"type":"Point","coordinates":[23.90243,38.002903]},"properties":{"lines":"319","color":"#0059a9","mode":"bus","arr":["319"],"angle":9.4,"extra":1}},{"type":"Feature","geometry":{"type":"Point","coordinates":[23.913307,38.000061]},"properties":{"lines":"319","color":"#0059a9","mode":"bus","arr":["319"],"angle":37.6,"extra":1}},{"type":"Feature","geometry":{"type":"Point","coordinates":[23.919208,37.99841]},"properties":{"lines":"319","color":"#0059a9","mode":"bus","arr":["319"],"angle":18.2,"extra":1}},{"type":"Feature","geometry":{"type":"Point","coordinates":[23.923054,37.996416]},"properties":{"lines":"319","color":"#0059a9","mode":"bus","arr":["319"],"angle":-56.2,"extra":1}},{"type":"Feature","geometry":{"type":"Point","coordinates":[23.919977,37.992246]},"properties":{"lines":"319","color":"#0059a9","mode":"bus","arr":["319"],"angle":-80.7,"extra":1}},{"type":"Feature","geometry":{"type":"Point","coordinates":[23.909386,37.986549]},"properties":{"lines":"319","color":"#0059a9","mode":"bus","arr":["319"],"angle":-60.4}},{"type":"Feature","geometry":{"type":"Point","coordinates":[23.912919,37.98612]},"properties":{"lines":"319","color":"#0059a9","mode":"bus","arr":["319"],"angle":27.9,"extra":1}},{"type":"Feature","geometry":{"type":"Point","coordinates":[23.866646,37.988762]},"properties":{"lines":"324, 326","color":"#0059a9","mode":"bus","arr":["324","326"],"angle":-44.9}},{"type":"Feature","geometry":{"type":"Point","coordinates":[23.864817,37.985935]},"properties":{"lines":"324, 326","color":"#0059a9","mode":"bus","arr":["324","326"],"angle":-33.7}},{"type":"Feature","geometry":{"type":"Point","coordinates":[24.005733,37.969209]},"properties":{"lines":"326","color":"#0059a9","mode":"bus","arr":["326"],"angle":15.4}},{"type":"Feature","geometry":{"type":"Point","coordinates":[23.905903,37.968535]},"properties":{"lines":"326","color":"#0059a9","mode":"bus","arr":["326"],"angle":78.8}},{"type":"Feature","geometry":{"type":"Point","coordinates":[23.87563,37.991871]},"properties":{"lines":"326","color":"#0059a9","mode":"bus","arr":["326"],"angle":41.4}},{"type":"Feature","geometry":{"type":"Point","coordinates":[23.87527,37.88298]},"properties":{"lines":"330, Χ97","color":"#0059a9","mode":"bus","arr":["330","Χ97"],"angle":-48.4}},{"type":"Feature","geometry":{"type":"Point","coordinates":[23.881308,37.888846]},"properties":{"lines":"330, Χ97","color":"#0059a9","mode":"bus","arr":["330","Χ97"],"angle":-73.8,"extra":1}},{"type":"Feature","geometry":{"type":"Point","coordinates":[23.868728,37.877939]},"properties":{"lines":"330, Χ97","color":"#0059a9","mode":"bus","arr":["330","Χ97"],"angle":-47.7,"extra":1}},{"type":"Feature","geometry":{"type":"Point","coordinates":[23.872631,37.880931]},"properties":{"lines":"330, Χ96, Χ97","color":"#0059a9","mode":"bus","arr":["330","Χ96","Χ97"],"angle":-38.6}},{"type":"Feature","geometry":{"type":"Point","coordinates":[23.868452,37.877577]},"properties":{"lines":"330, Χ96, Χ97","color":"#0059a9","mode":"bus","arr":["330","Χ96","Χ97"],"angle":-45,"extra":1}},{"type":"Feature","geometry":{"type":"Point","coordinates":[23.877257,37.884597]},"properties":{"lines":"330, Χ96, Χ97","color":"#0059a9","mode":"bus","arr":["330","Χ96","Χ97"],"angle":-48.3,"extra":1}},{"type":"Feature","geometry":{"type":"Point","coordinates":[23.639756,37.961211]},"properties":{"lines":"400, 814, 825","color":"#0059a9","mode":"bus","arr":["400","814","825"],"angle":-89.6}},{"type":"Feature","geometry":{"type":"Point","coordinates":[23.639341,37.965242]},"properties":{"lines":"400, 825","color":"#0059a9","mode":"bus","arr":["400","825"],"angle":67.9}},{"type":"Feature","geometry":{"type":"Point","coordinates":[23.64212,37.967072]},"properties":{"lines":"400, 820, 841","color":"#0059a9","mode":"bus","arr":["400","820","841"],"angle":-22.4}},{"type":"Feature","geometry":{"type":"Point","coordinates":[23.645959,37.968317]},"properties":{"lines":"400, 852","color":"#0059a9","mode":"bus","arr":["400","852"],"angle":-22.2}},{"type":"Feature","geometry":{"type":"Point","coordinates":[23.652989,37.970004]},"properties":{"lines":"400, 809","color":"#0059a9","mode":"bus","arr":["400","809"],"angle":-22}},{"type":"Feature","geometry":{"type":"Point","coordinates":[23.652997,37.970906]},"properties":{"lines":"400, 809, 842","color":"#0059a9","mode":"bus","arr":["400","809","842"],"angle":30}},{"type":"Feature","geometry":{"type":"Point","coordinates":[23.652442,37.974056]},"properties":{"lines":"400, 809, 810, 842","color":"#0059a9","mode":"bus","arr":["400","809","810","842"],"angle":86.7}},{"type":"Feature","geometry":{"type":"Point","coordinates":[23.653323,37.978677]},"properties":{"lines":"400, 806, 809, 830, 842","color":"#0059a9","mode":"bus","arr":["400","806","809","830","842"],"angle":-49}},{"type":"Feature","geometry":{"type":"Point","coordinates":[23.656535,37.982425]},"properties":{"lines":"400, 806, 809, 830, 831","color":"#0059a9","mode":"bus","arr":["400","806","809","830","831"],"angle":-65.2}},{"type":"Feature","geometry":{"type":"Point","coordinates":[23.658296,37.985391]},"properties":{"lines":"400, 807, 830, 831","color":"#0059a9","mode":"bus","arr":["400","807","830","831"],"angle":-65.7}},{"type":"Feature","geometry":{"type":"Point","coordinates":[23.659135,37.986985]},"properties":{"lines":"400, 807, 830","color":"#0059a9","mode":"bus","arr":["400","807","830"],"angle":-66.8}},{"type":"Feature","geometry":{"type":"Point","coordinates":[23.660872,37.988453]},"properties":{"lines":"807, 837, 892","color":"#0059a9","mode":"bus","arr":["807","837","892"],"angle":-22.4}},{"type":"Feature","geometry":{"type":"Point","coordinates":[23.659222,37.989248]},"properties":{"lines":"400, 837, 892","color":"#0059a9","mode":"bus","arr":["400","837","892"],"angle":-83.1}},{"type":"Feature","geometry":{"type":"Point","coordinates":[23.660515,37.993302]},"properties":{"lines":"400, 830, 837, 892","color":"#0059a9","mode":"bus","arr":["400","830","837","892"],"angle":-64.4}},{"type":"Feature","geometry":{"type":"Point","coordinates":[23.664214,37.997463]},"properties":{"lines":"400, 837, 891, 892","color":"#0059a9","mode":"bus","arr":["400","837","891","892"],"angle":-55.6}},{"type":"Feature","geometry":{"type":"Point","coordinates":[23.666274,37.998366]},"properties":{"lines":"400, 803, 837, 866, 876, 891","color":"#0059a9","mode":"bus","arr":["400","803","837","866","876","891"],"angle":39.8}},{"type":"Feature","geometry":{"type":"Point","coordinates":[23.66748,37.997588]},"properties":{"lines":"400, 811, 837, 865, 866, 868, 876, 890","color":"#0059a9","mode":"bus","arr":["400","811","837","865","866","868","876","890"],"angle":43.8}},{"type":"Feature","geometry":{"type":"Point","coordinates":[23.669168,37.996469]},"properties":{"lines":"400, 803, 891","color":"#0059a9","mode":"bus","arr":["400","803","891"],"angle":31}},{"type":"Feature","geometry":{"type":"Point","coordinates":[23.673064,37.994704]},"properties":{"lines":"400, 803, 829, 891","color":"#0059a9","mode":"bus","arr":["400","803","829","891"],"angle":27.4}},{"type":"Feature","geometry":{"type":"Point","coordinates":[23.684657,37.990664]},"properties":{"lines":"400, 829","color":"#0059a9","mode":"bus","arr":["400","829"],"angle":17}},{"type":"Feature","geometry":{"type":"Point","coordinates":[23.677021,37.992848]},"properties":{"lines":"400, 807, 829","color":"#0059a9","mode":"bus","arr":["400","807","829"],"angle":33.8}},{"type":"Feature","geometry":{"type":"Point","coordinates":[23.679784,37.991957]},"properties":{"lines":"400, 750, 807, 829, 852, 865","color":"#0059a9","mode":"bus","arr":["400","750","807","829","852","865"],"angle":18.9}},{"type":"Feature","geometry":{"type":"Point","coordinates":[23.681817,37.991446]},"properties":{"lines":"400, 829, 852, 865","color":"#0059a9","mode":"bus","arr":["400","829","852","865"],"angle":17.3}},{"type":"Feature","geometry":{"type":"Point","coordinates":[23.753032,37.978942]},"properties":{"lines":"400, 550, Α5, Ε14, Χ14, Χ21, Χ95","color":"#0059a9","mode":"bus","arr":["400","550","Α5","Ε14","Χ14","Χ21","Χ95"],"angle":-48.7}},{"type":"Feature","geometry":{"type":"Point","coordinates":[23.75587,37.98168]},"properties":{"lines":"400, 550, Α5, Ε14, Χ14, Χ21, Χ95","color":"#0059a9","mode":"bus","arr":["400","550","Α5","Ε14","Χ14","Χ21","Χ95"],"angle":-51.3,"extra":1}},{"type":"Feature","geometry":{"type":"Point","coordinates":[23.758187,37.983211]},"properties":{"lines":"400, 550, Α5, Ε14, Χ14, Χ95","color":"#0059a9","mode":"bus","arr":["400","550","Α5","Ε14","Χ14","Χ95"],"angle":-36.2}},{"type":"Feature","geometry":{"type":"Point","coordinates":[23.760413,37.984854]},"properties":{"lines":"400, Α5, Χ95","color":"#0059a9","mode":"bus","arr":["400","Α5","Χ95"],"angle":-22.8}},{"type":"Feature","geometry":{"type":"Point","coordinates":[23.765367,37.986087]},"properties":{"lines":"400, Α5, Χ95","color":"#0059a9","mode":"bus","arr":["400","Α5","Χ95"],"angle":-54.5}},{"type":"Feature","geometry":{"type":"Point","coordinates":[23.804126,38.008278]},"properties":{"lines":"400, Α5, Β5, Χ95","color":"#0059a9","mode":"bus","arr":["400","Α5","Β5","Χ95"],"angle":-26.9}},{"type":"Feature","geometry":{"type":"Point","coordinates":[23.783283,37.998123]},"properties":{"lines":"400, Α5, Β5, Χ21, Χ95","color":"#0059a9","mode":"bus","arr":["400","Α5","Β5","Χ21","Χ95"],"angle":-46}},{"type":"Feature","geometry":{"type":"Point","coordinates":[23.769205,37.989278]},"properties":{"lines":"400, Α5, Β5, Χ21, Χ95","color":"#0059a9","mode":"bus","arr":["400","Α5","Β5","Χ21","Χ95"],"angle":-36.2}},{"type":"Feature","geometry":{"type":"Point","coordinates":[23.772388,37.991436]},"properties":{"lines":"400, Α5, Β5, Χ21, Χ95","color":"#0059a9","mode":"bus","arr":["400","Α5","Β5","Χ21","Χ95"],"angle":-29.9,"extra":1}},{"type":"Feature","geometry":{"type":"Point","coordinates":[23.774999,37.992351]},"properties":{"lines":"400, Α5, Β5, Χ21","color":"#0059a9","mode":"bus","arr":["400","Α5","Β5","Χ21"],"angle":-34.9}},{"type":"Feature","geometry":{"type":"Point","coordinates":[23.791767,38.002656]},"properties":{"lines":"400, 416, Α5, Β5, Χ95","color":"#0059a9","mode":"bus","arr":["400","416","Α5","Β5","Χ95"],"angle":-38.7}},{"type":"Feature","geometry":{"type":"Point","coordinates":[23.789448,38.001701]},"properties":{"lines":"400, 416, 418, Α5, Β5, Χ95","color":"#0059a9","mode":"bus","arr":["400","416","418","Α5","Β5","Χ95"],"angle":-23}},{"type":"Feature","geometry":{"type":"Point","coordinates":[23.794225,38.004474]},"properties":{"lines":"400, 416, Α5, Β5","color":"#0059a9","mode":"bus","arr":["400","416","Α5","Β5"],"angle":-43.8}},{"type":"Feature","geometry":{"type":"Point","coordinates":[23.796561,38.005893]},"properties":{"lines":"400, 416, Α5","color":"#0059a9","mode":"bus","arr":["400","416","Α5"],"angle":-24}},{"type":"Feature","geometry":{"type":"Point","coordinates":[23.79865,38.00663]},"properties":{"lines":"400, 416, Α5, Χ95","color":"#0059a9","mode":"bus","arr":["400","416","Α5","Χ95"],"angle":-23.5}},{"type":"Feature","geometry":{"type":"Point","coordinates":[23.819783,38.013353]},"properties":{"lines":"400, 406, Χ95","color":"#0059a9","mode":"bus","arr":["400","406","Χ95"],"angle":-19.5}},{"type":"Feature","geometry":{"type":"Point","coordinates":[23.816336,38.015075]},"properties":{"lines":"400, 421","color":"#0059a9","mode":"bus","arr":["400","421"],"angle":32.7}},{"type":"Feature","geometry":{"type":"Point","coordinates":[23.818836,38.014268]},"properties":{"lines":"400, 406","color":"#0059a9","mode":"bus","arr":["400","406"],"angle":22.7}},{"type":"Feature","geometry":{"type":"Point","coordinates":[23.82097,38.021788]},"properties":{"lines":"400, 405, 450, 460","color":"#0059a9","mode":"bus","arr":["400","405","450","460"],"angle":-12.7}},{"type":"Feature","geometry":{"type":"Point","coordinates":[23.824409,38.022345]},"properties":{"lines":"400, 405, 451","color":"#0059a9","mode":"bus","arr":["400","405","451"],"angle":-13.1}},{"type":"Feature","geometry":{"type":"Point","coordinates":[23.828038,38.023036]},"properties":{"lines":"400, 405, 447, 451","color":"#0059a9","mode":"bus","arr":["400","405","447","451"],"angle":-13}},{"type":"Feature","geometry":{"type":"Point","coordinates":[23.833482,38.024327]},"properties":{"lines":"400, 405, 411, 447, 451","color":"#0059a9","mode":"bus","arr":["400","405","411","447","451"],"angle":-51.7}},{"type":"Feature","geometry":{"type":"Point","coordinates":[23.837456,38.024631]},"properties":{"lines":"400, 405, 411, 447, 451","color":"#0059a9","mode":"bus","arr":["400","405","411","447","451"],"angle":6.4,"extra":1}},{"type":"Feature","geometry":{"type":"Point","coordinates":[23.807835,38.032324]},"properties":{"lines":"402","color":"#0059a9","mode":"bus","arr":["402"],"angle":-89.5}},{"type":"Feature","geometry":{"type":"Point","coordinates":[23.815547,38.034322]},"properties":{"lines":"402","color":"#0059a9","mode":"bus","arr":["402"],"angle":30.4,"extra":1}},{"type":"Feature","geometry":{"type":"Point","coordinates":[23.810135,38.035563]},"properties":{"lines":"402","color":"#0059a9","mode":"bus","arr":["402"],"angle":-62.5,"extra":1}},{"type":"Feature","geometry":{"type":"Point","coordinates":[23.807498,38.027982]},"properties":{"lines":"402","color":"#0059a9","mode":"bus","arr":["402"],"angle":14.8,"extra":1}},{"type":"Feature","geometry":{"type":"Point","coordinates":[23.801458,38.029289]},"properties":{"lines":"402","color":"#0059a9","mode":"bus","arr":["402"],"angle":4.4,"extra":1}},{"type":"Feature","geometry":{"type":"Point","coordinates":[23.787236,38.007887]},"properties":{"lines":"402","color":"#0059a9","mode":"bus","arr":["402"],"angle":-60.2}},{"type":"Feature","geometry":{"type":"Point","coordinates":[23.790755,38.01348]},"properties":{"lines":"402","color":"#0059a9","mode":"bus","arr":["402"],"angle":-61.3,"extra":1}},{"type":"Feature","geometry":{"type":"Point","coordinates":[23.785242,38.005018]},"properties":{"lines":"402","color":"#0059a9","mode":"bus","arr":["402"],"angle":-59.6,"extra":1}},{"type":"Feature","geometry":{"type":"Point","coordinates":[23.781541,38.002276]},"properties":{"lines":"402","color":"#0059a9","mode":"bus","arr":["402"],"angle":-60,"extra":1}},{"type":"Feature","geometry":{"type":"Point","coordinates":[23.800067,38.026083]},"properties":{"lines":"402, 411","color":"#0059a9","mode":"bus","arr":["402","411"],"angle":80.4}},{"type":"Feature","geometry":{"type":"Point","coordinates":[23.845135,38.03031]},"properties":{"lines":"405","color":"#0059a9","mode":"bus","arr":["405"],"angle":-61.4}},{"type":"Feature","geometry":{"type":"Point","coordinates":[23.839743,38.049177]},"properties":{"lines":"405","color":"#0059a9","mode":"bus","arr":["405"],"angle":86.7}},{"type":"Feature","geometry":{"type":"Point","coordinates":[23.82106,38.022254]},"properties":{"lines":"405, 451, 460, 461","color":"#0059a9","mode":"bus","arr":["405","451","460","461"],"angle":32.2}},{"type":"Feature","geometry":{"type":"Point","coordinates":[23.849996,38.035547]},"properties":{"lines":"405, 451","color":"#0059a9","mode":"bus","arr":["405","451"],"angle":-52.5}},{"type":"Feature","geometry":{"type":"Point","coordinates":[23.848773,38.041183]},"properties":{"lines":"405, 451","color":"#0059a9","mode":"bus","arr":["405","451"],"angle":42.8}},{"type":"Feature","geometry":{"type":"Point","coordinates":[23.839819,38.049303]},"properties":{"lines":"405, 451","color":"#0059a9","mode":"bus","arr":["405","451"],"angle":86}},{"type":"Feature","geometry":{"type":"Point","coordinates":[23.843521,38.044227]},"properties":{"lines":"405, 447, 451","color":"#0059a9","mode":"bus","arr":["405","447","451"],"angle":34}},{"type":"Feature","geometry":{"type":"Point","coordinates":[23.840008,38.046264]},"properties":{"lines":"405, 447, 451","color":"#0059a9","mode":"bus","arr":["405","447","451"],"angle":44,"extra":1}},{"type":"Feature","geometry":{"type":"Point","coordinates":[23.840946,38.053093]},"properties":{"lines":"405, 410, 446","color":"#0059a9","mode":"bus","arr":["405","410","446"],"angle":-37.3}},{"type":"Feature","geometry":{"type":"Point","coordinates":[23.838161,38.058281]},"properties":{"lines":"405, 410, 446","color":"#0059a9","mode":"bus","arr":["405","410","446"],"angle":61.5}},{"type":"Feature","geometry":{"type":"Point","coordinates":[23.838951,38.065149]},"properties":{"lines":"405, 410","color":"#0059a9","mode":"bus","arr":["405","410"],"angle":-54.7}},{"type":"Feature","geometry":{"type":"Point","coordinates":[23.840342,38.055506]},"properties":{"lines":"405, 410, 451, 530","color":"#0059a9","mode":"bus","arr":["405","410","451","530"],"angle":42.9}},{"type":"Feature","geometry":{"type":"Point","coordinates":[23.839708,38.061666]},"properties":{"lines":"405, 410, 530","color":"#0059a9","mode":"bus","arr":["405","410","530"],"angle":28.1}},{"type":"Feature","geometry":{"type":"Point","coordinates":[23.836601,38.058819]},"properties":{"lines":"405, 410, 446, 530","color":"#0059a9","mode":"bus","arr":["405","410","446","530"],"angle":-10.9}},{"type":"Feature","geometry":{"type":"Point","coordinates":[23.83891,38.054523]},"properties":{"lines":"405, 410, 446, 451, 530","color":"#0059a9","mode":"bus","arr":["405","410","446","451","530"],"angle":72.6}},{"type":"Feature","geometry":{"type":"Point","coordinates":[23.844627,38.043458]},"properties":{"lines":"405, 450","color":"#0059a9","mode":"bus","arr":["405","450"],"angle":38}},{"type":"Feature","geometry":{"type":"Point","coordinates":[23.832868,38.024407]},"properties":{"lines":"405, 450","color":"#0059a9","mode":"bus","arr":["405","450"],"angle":-28}},{"type":"Feature","geometry":{"type":"Point","coordinates":[23.850272,38.036015]},"properties":{"lines":"405, 450","color":"#0059a9","mode":"bus","arr":["405","450"],"angle":-56.7,"extra":1}},{"type":"Feature","geometry":{"type":"Point","coordinates":[23.829381,38.023382]},"properties":{"lines":"405, 450","color":"#0059a9","mode":"bus","arr":["405","450"],"angle":-14.6,"extra":1}},{"type":"Feature","geometry":{"type":"Point","coordinates":[23.850793,38.039325]},"properties":{"lines":"405, 450, 451","color":"#0059a9","mode":"bus","arr":["405","450","451"],"angle":46.5}},{"type":"Feature","geometry":{"type":"Point","coordinates":[23.845662,38.031296]},"properties":{"lines":"405, 450, 451","color":"#0059a9","mode":"bus","arr":["405","450","451"],"angle":-62}},{"type":"Feature","geometry":{"type":"Point","coordinates":[23.824335,38.02242]},"properties":{"lines":"405, 450, 461","color":"#0059a9","mode":"bus","arr":["405","450","461"],"angle":-13.5}},{"type":"Feature","geometry":{"type":"Point","coordinates":[23.844032,38.020352]},"properties":{"lines":"406","color":"#0059a9","mode":"bus","arr":["406"],"angle":79.5}},{"type":"Feature","geometry":{"type":"Point","coordinates":[23.831608,38.022684]},"properties":{"lines":"406","color":"#0059a9","mode":"bus","arr":["406"],"angle":34.1}},{"type":"Feature","geometry":{"type":"Point","coordinates":[23.820139,38.015485]},"properties":{"lines":"406","color":"#0059a9","mode":"bus","arr":["406"],"angle":-15.7}},{"type":"Feature","geometry":{"type":"Point","coordinates":[23.824979,38.009502]},"properties":{"lines":"406","color":"#0059a9","mode":"bus","arr":["406"],"angle":55}},{"type":"Feature","geometry":{"type":"Point","coordinates":[23.822494,38.011906]},"properties":{"lines":"406","color":"#0059a9","mode":"bus","arr":["406"],"angle":52.8,"extra":1}},{"type":"Feature","geometry":{"type":"Point","coordinates":[23.830398,38.020302]},"properties":{"lines":"406","color":"#0059a9","mode":"bus","arr":["406"],"angle":-54.5}},{"type":"Feature","geometry":{"type":"Point","coordinates":[23.826977,38.018153]},"properties":{"lines":"406","color":"#0059a9","mode":"bus","arr":["406"],"angle":-21.8,"extra":1}},{"type":"Feature","geometry":{"type":"Point","coordinates":[23.823761,38.016881]},"properties":{"lines":"406","color":"#0059a9","mode":"bus","arr":["406"],"angle":-29.5,"extra":1}},{"type":"Feature","geometry":{"type":"Point","coordinates":[23.833279,38.016399]},"properties":{"lines":"406","color":"#0059a9","mode":"bus","arr":["406"],"angle":53.8}},{"type":"Feature","geometry":{"type":"Point","coordinates":[23.832163,38.023249]},"properties":{"lines":"406, 411","color":"#0059a9","mode":"bus","arr":["406","411"],"angle":-14.6}},{"type":"Feature","geometry":{"type":"Point","coordinates":[23.81886,38.014179]},"properties":{"lines":"406, 421","color":"#0059a9","mode":"bus","arr":["406","421"],"angle":22.1}},{"type":"Feature","geometry":{"type":"Point","coordinates":[23.820966,38.012315]},"properties":{"lines":"406, 421","color":"#0059a9","mode":"bus","arr":["406","421"],"angle":-80.2}},{"type":"Feature","geometry":{"type":"Point","coordinates":[23.819864,38.012367]},"properties":{"lines":"406, 421, Β5","color":"#0059a9","mode":"bus","arr":["406","421","Β5"],"angle":51.4}},{"type":"Feature","geometry":{"type":"Point","coordinates":[23.826189,38.005533]},"properties":{"lines":"406, 407","color":"#0059a9","mode":"bus","arr":["406","407"],"angle":-42.6}},{"type":"Feature","geometry":{"type":"Point","coordinates":[23.825463,38.004665]},"properties":{"lines":"406, 407","color":"#0059a9","mode":"bus","arr":["406","407"],"angle":-32.1}},{"type":"Feature","geometry":{"type":"Point","coordinates":[23.834333,38.018949]},"properties":{"lines":"406, 407","color":"#0059a9","mode":"bus","arr":["406","407"],"angle":-45.2}},{"type":"Feature","geometry":{"type":"Point","coordinates":[23.837669,38.015839]},"properties":{"lines":"406, 407","color":"#0059a9","mode":"bus","arr":["406","407"],"angle":-0.8}},{"type":"Feature","geometry":{"type":"Point","coordinates":[23.81963,38.001536]},"properties":{"lines":"406, 407, Β5","color":"#0059a9","mode":"bus","arr":["406","407","Β5"],"angle":-56.9}},{"type":"Feature","geometry":{"type":"Point","coordinates":[23.816818,37.999741]},"properties":{"lines":"406, 407, Β5","color":"#0059a9","mode":"bus","arr":["406","407","Β5"],"angle":36.5,"extra":1}},{"type":"Feature","geometry":{"type":"Point","coordinates":[23.812033,38.010807]},"properties":{"lines":"406, 407, Β5","color":"#0059a9","mode":"bus","arr":["406","407","Β5"],"angle":41.4}},{"type":"Feature","geometry":{"type":"Point","coordinates":[23.812366,38.004873]},"properties":{"lines":"406, Β5","color":"#0059a9","mode":"bus","arr":["406","Β5"],"angle":84.8}},{"type":"Feature","geometry":{"type":"Point","coordinates":[23.813618,38.002004]},"properties":{"lines":"406, Β5","color":"#0059a9","mode":"bus","arr":["406","Β5"],"angle":80.7,"extra":1}},{"type":"Feature","geometry":{"type":"Point","coordinates":[23.832412,38.014731]},"properties":{"lines":"407","color":"#0059a9","mode":"bus","arr":["407"],"angle":-32.9}},{"type":"Feature","geometry":{"type":"Point","coordinates":[23.830269,38.014883]},"properties":{"lines":"407","color":"#0059a9","mode":"bus","arr":["407"],"angle":13.4}},{"type":"Feature","geometry":{"type":"Point","coordinates":[23.829983,38.010181]},"properties":{"lines":"407","color":"#0059a9","mode":"bus","arr":["407"],"angle":-43.6}},{"type":"Feature","geometry":{"type":"Point","coordinates":[23.833387,38.011483]},"properties":{"lines":"407","color":"#0059a9","mode":"bus","arr":["407"],"angle":89.6,"extra":1}},{"type":"Feature","geometry":{"type":"Point","coordinates":[23.833637,38.006821]},"properties":{"lines":"407","color":"#0059a9","mode":"bus","arr":["407"],"angle":12.3}},{"type":"Feature","geometry":{"type":"Point","coordinates":[23.83559,38.009244]},"properties":{"lines":"407","color":"#0059a9","mode":"bus","arr":["407"],"angle":25.6,"extra":1}},{"type":"Feature","geometry":{"type":"Point","coordinates":[23.82898,38.006357]},"properties":{"lines":"407","color":"#0059a9","mode":"bus","arr":["407"],"angle":-37.8,"extra":1}},{"type":"Feature","geometry":{"type":"Point","coordinates":[23.817163,38.003021]},"properties":{"lines":"407","color":"#0059a9","mode":"bus","arr":["407"],"angle":-60.5}},{"type":"Feature","geometry":{"type":"Point","coordinates":[23.815767,38.007602]},"properties":{"lines":"407","color":"#0059a9","mode":"bus","arr":["407"],"angle":48.3}},{"type":"Feature","geometry":{"type":"Point","coordinates":[23.79053,37.982443]},"properties":{"lines":"409","color":"#0059a9","mode":"bus","arr":["409"],"angle":41.1}},{"type":"Feature","geometry":{"type":"Point","coordinates":[23.79435,37.977092]},"properties":{"lines":"409","color":"#0059a9","mode":"bus","arr":["409"],"angle":-83.6,"extra":1}},{"type":"Feature","geometry":{"type":"Point","coordinates":[23.790527,37.978426]},"properties":{"lines":"409","color":"#0059a9","mode":"bus","arr":["409"],"angle":76.4,"extra":1}},{"type":"Feature","geometry":{"type":"Point","coordinates":[23.793736,37.984396]},"properties":{"lines":"409","color":"#0059a9","mode":"bus","arr":["409"],"angle":52,"extra":1}},{"type":"Feature","geometry":{"type":"Point","coordinates":[23.792634,37.996406]},"properties":{"lines":"409","color":"#0059a9","mode":"bus","arr":["409"],"angle":39.6}},{"type":"Feature","geometry":{"type":"Point","coordinates":[23.788796,37.998946]},"properties":{"lines":"409","color":"#0059a9","mode":"bus","arr":["409"],"angle":40.1,"extra":1}},{"type":"Feature","geometry":{"type":"Point","coordinates":[23.798388,37.992568]},"properties":{"lines":"409","color":"#0059a9","mode":"bus","arr":["409"],"angle":39.8,"extra":1}},{"type":"Feature","geometry":{"type":"Point","coordinates":[23.796835,37.992707]},"properties":{"lines":"409","color":"#0059a9","mode":"bus","arr":["409"],"angle":40.5}},{"type":"Feature","geometry":{"type":"Point","coordinates":[23.791226,37.996442]},"properties":{"lines":"409","color":"#0059a9","mode":"bus","arr":["409"],"angle":29.5,"extra":1}},{"type":"Feature","geometry":{"type":"Point","coordinates":[23.791689,37.989425]},"properties":{"lines":"409","color":"#0059a9","mode":"bus","arr":["409"],"angle":-1.5}},{"type":"Feature","geometry":{"type":"Point","coordinates":[23.788234,37.988904]},"properties":{"lines":"409","color":"#0059a9","mode":"bus","arr":["409"],"angle":-78.9}},{"type":"Feature","geometry":{"type":"Point","coordinates":[23.796513,37.996684]},"properties":{"lines":"418","color":"#0059a9","mode":"bus","arr":["418"],"angle":46.5}},{"type":"Feature","geometry":{"type":"Point","coordinates":[23.800676,37.993217]},"properties":{"lines":"418","color":"#0059a9","mode":"bus","arr":["418"],"angle":46.6,"extra":1}},{"type":"Feature","geometry":{"type":"Point","coordinates":[23.79205,38.000401]},"properties":{"lines":"418","color":"#0059a9","mode":"bus","arr":["418"],"angle":46.6,"extra":1}},{"type":"Feature","geometry":{"type":"Point","coordinates":[23.787863,38.001049]},"properties":{"lines":"418","color":"#0059a9","mode":"bus","arr":["418"],"angle":-25.3}},{"type":"Feature","geometry":{"type":"Point","coordinates":[23.803296,37.991158]},"properties":{"lines":"418","color":"#0059a9","mode":"bus","arr":["418"],"angle":60}},{"type":"Feature","geometry":{"type":"Point","coordinates":[23.801535,37.993653]},"properties":{"lines":"418","color":"#0059a9","mode":"bus","arr":["418"],"angle":61.4,"extra":1}},{"type":"Feature","geometry":{"type":"Point","coordinates":[23.80279,37.998697]},"properties":{"lines":"418","color":"#0059a9","mode":"bus","arr":["418"],"angle":-87.6}},{"type":"Feature","geometry":{"type":"Point","coordinates":[23.798422,37.996546]},"properties":{"lines":"418","color":"#0059a9","mode":"bus","arr":["418"],"angle":46.8}},{"type":"Feature","geometry":{"type":"Point","coordinates":[23.794961,37.999388]},"properties":{"lines":"418","color":"#0059a9","mode":"bus","arr":["418"],"angle":45.9,"extra":1}},{"type":"Feature","geometry":{"type":"Point","coordinates":[23.785298,37.999894]},"properties":{"lines":"409, 416, 418","color":"#0059a9","mode":"bus","arr":["409","416","418"],"angle":-39.3}},{"type":"Feature","geometry":{"type":"Point","coordinates":[23.786888,37.996943]},"properties":{"lines":"409, Χ21","color":"#0059a9","mode":"bus","arr":["409","Χ21"],"angle":46.4}},{"type":"Feature","geometry":{"type":"Point","coordinates":[23.792963,38.03889]},"properties":{"lines":"410, Α8","color":"#0059a9","mode":"bus","arr":["410","Α8"],"angle":-45.9}},{"type":"Feature","geometry":{"type":"Point","coordinates":[23.796654,38.038694]},"properties":{"lines":"Α8","color":"#0059a9","mode":"bus","arr":["Α8"],"angle":31.9}},{"type":"Feature","geometry":{"type":"Point","coordinates":[23.749147,38.03679]},"properties":{"lines":"Α8","color":"#0059a9","mode":"bus","arr":["Α8"],"angle":-42.7}},{"type":"Feature","geometry":{"type":"Point","coordinates":[23.776208,38.06428]},"properties":{"lines":"Α8","color":"#0059a9","mode":"bus","arr":["Α8"],"angle":-39.1}},{"type":"Feature","geometry":{"type":"Point","coordinates":[23.793622,38.040119]},"properties":{"lines":"410","color":"#0059a9","mode":"bus","arr":["410"],"angle":32.7}},{"type":"Feature","geometry":{"type":"Point","coordinates":[23.798333,38.049722]},"properties":{"lines":"410","color":"#0059a9","mode":"bus","arr":["410"],"angle":12.3}},{"type":"Feature","geometry":{"type":"Point","coordinates":[23.835046,38.051098]},"properties":{"lines":"410","color":"#0059a9","mode":"bus","arr":["410"],"angle":-1.5}},{"type":"Feature","geometry":{"type":"Point","coordinates":[23.828884,38.052103]},"properties":{"lines":"410","color":"#0059a9","mode":"bus","arr":["410"],"angle":26,"extra":1}},{"type":"Feature","geometry":{"type":"Point","coordinates":[23.81579,38.052745]},"properties":{"lines":"410","color":"#0059a9","mode":"bus","arr":["410"],"angle":17.2}},{"type":"Feature","geometry":{"type":"Point","coordinates":[23.811479,38.05403]},"properties":{"lines":"410","color":"#0059a9","mode":"bus","arr":["410"],"angle":17.2,"extra":1}},{"type":"Feature","geometry":{"type":"Point","coordinates":[23.791367,38.041127]},"properties":{"lines":"410, 444","color":"#0059a9","mode":"bus","arr":["410","444"],"angle":26.4}},{"type":"Feature","geometry":{"type":"Point","coordinates":[23.796738,38.04901]},"properties":{"lines":"410, 500","color":"#0059a9","mode":"bus","arr":["410","500"],"angle":-57.9}},{"type":"Feature","geometry":{"type":"Point","coordinates":[23.804741,38.047497]},"properties":{"lines":"410, 500","color":"#0059a9","mode":"bus","arr":["410","500"],"angle":31.9,"extra":1}},{"type":"Feature","geometry":{"type":"Point","coordinates":[23.794783,38.04668]},"properties":{"lines":"410, 500","color":"#0059a9","mode":"bus","arr":["410","500"],"angle":-56.4,"extra":1}},{"type":"Feature","geometry":{"type":"Point","coordinates":[23.790378,38.04333]},"properties":{"lines":"410, 500","color":"#0059a9","mode":"bus","arr":["410","500"],"angle":-35.8,"extra":1}},{"type":"Feature","geometry":{"type":"Point","coordinates":[23.808652,38.049603]},"properties":{"lines":"410, 500, 550, Χ14","color":"#0059a9","mode":"bus","arr":["410","500","550","Χ14"],"angle":-60.1}},{"type":"Feature","geometry":{"type":"Point","coordinates":[23.811033,38.053229]},"properties":{"lines":"410, 446, 500, 550, Χ14","color":"#0059a9","mode":"bus","arr":["410","446","500","550","Χ14"],"angle":-68.7}},{"type":"Feature","geometry":{"type":"Point","coordinates":[23.822087,38.052294]},"properties":{"lines":"410, 446","color":"#0059a9","mode":"bus","arr":["410","446"],"angle":-2.6}},{"type":"Feature","geometry":{"type":"Point","coordinates":[23.814363,38.053164]},"properties":{"lines":"410, 446","color":"#0059a9","mode":"bus","arr":["410","446"],"angle":23.4,"extra":1}},{"type":"Feature","geometry":{"type":"Point","coordinates":[23.825486,38.052874]},"properties":{"lines":"410, 446","color":"#0059a9","mode":"bus","arr":["410","446"],"angle":7.8,"extra":1}},{"type":"Feature","geometry":{"type":"Point","coordinates":[23.831399,38.051312]},"properties":{"lines":"410, 446","color":"#0059a9","mode":"bus","arr":["410","446"],"angle":12.6,"extra":1}},{"type":"Feature","geometry":{"type":"Point","coordinates":[23.835342,38.051157]},"properties":{"lines":"410, 530","color":"#0059a9","mode":"bus","arr":["410","530"],"angle":-0.9}},{"type":"Feature","geometry":{"type":"Point","coordinates":[23.81094,38.053301]},"properties":{"lines":"410, Α7","color":"#0059a9","mode":"bus","arr":["410","Α7"],"angle":-69}},{"type":"Feature","geometry":{"type":"Point","coordinates":[23.808461,38.049666]},"properties":{"lines":"410, Α7, Α8","color":"#0059a9","mode":"bus","arr":["410","Α7","Α8"],"angle":-57.5}},{"type":"Feature","geometry":{"type":"Point","coordinates":[23.829685,38.022913]},"properties":{"lines":"411","color":"#0059a9","mode":"bus","arr":["411"],"angle":-22.5}},{"type":"Feature","geometry":{"type":"Point","coordinates":[23.835001,38.031049]},"properties":{"lines":"411","color":"#0059a9","mode":"bus","arr":["411"],"angle":36.6}},{"type":"Feature","geometry":{"type":"Point","coordinates":[23.831975,38.035313]},"properties":{"lines":"411","color":"#0059a9","mode":"bus","arr":["411"],"angle":43.7}},{"type":"Feature","geometry":{"type":"Point","coordinates":[23.829757,38.041867]},"properties":{"lines":"411","color":"#0059a9","mode":"bus","arr":["411"],"angle":77.5}},{"type":"Feature","geometry":{"type":"Point","coordinates":[23.801868,38.029841]},"properties":{"lines":"411","color":"#0059a9","mode":"bus","arr":["411"],"angle":-60.1}},{"type":"Feature","geometry":{"type":"Point","coordinates":[23.803698,38.032449]},"properties":{"lines":"411","color":"#0059a9","mode":"bus","arr":["411"],"angle":-61.5}},{"type":"Feature","geometry":{"type":"Point","coordinates":[23.807362,38.038043]},"properties":{"lines":"411","color":"#0059a9","mode":"bus","arr":["411"],"angle":-61.8,"extra":1}},{"type":"Feature","geometry":{"type":"Point","coordinates":[23.809169,38.043158]},"properties":{"lines":"411","color":"#0059a9","mode":"bus","arr":["411"],"angle":-86,"extra":1}},{"type":"Feature","geometry":{"type":"Point","coordinates":[23.813144,38.043614]},"properties":{"lines":"411","color":"#0059a9","mode":"bus","arr":["411"],"angle":30.7,"extra":1}},{"type":"Feature","geometry":{"type":"Point","coordinates":[23.834054,38.029727]},"properties":{"lines":"411","color":"#0059a9","mode":"bus","arr":["411"],"angle":32.6}},{"type":"Feature","geometry":{"type":"Point","coordinates":[23.829072,38.032885]},"properties":{"lines":"411","color":"#0059a9","mode":"bus","arr":["411"],"angle":43.5,"extra":1}},{"type":"Feature","geometry":{"type":"Point","coordinates":[23.839371,38.02734]},"properties":{"lines":"411","color":"#0059a9","mode":"bus","arr":["411"],"angle":30,"extra":1}},{"type":"Feature","geometry":{"type":"Point","coordinates":[23.82687,38.042941]},"properties":{"lines":"411","color":"#0059a9","mode":"bus","arr":["411"],"angle":-32.4}},{"type":"Feature","geometry":{"type":"Point","coordinates":[23.821352,38.042217]},"properties":{"lines":"411","color":"#0059a9","mode":"bus","arr":["411"],"angle":6.9}},{"type":"Feature","geometry":{"type":"Point","coordinates":[23.818294,38.04024]},"properties":{"lines":"411","color":"#0059a9","mode":"bus","arr":["411"],"angle":32.8}},{"type":"Feature","geometry":{"type":"Point","coordinates":[23.815725,38.042152]},"properties":{"lines":"411","color":"#0059a9","mode":"bus","arr":["411"],"angle":-52.6}},{"type":"Feature","geometry":{"type":"Point","coordinates":[23.82215,38.041056]},"properties":{"lines":"411","color":"#0059a9","mode":"bus","arr":["411"],"angle":5.9}},{"type":"Feature","geometry":{"type":"Point","coordinates":[23.840207,38.028373]},"properties":{"lines":"411, 447","color":"#0059a9","mode":"bus","arr":["411","447"],"angle":29.6}},{"type":"Feature","geometry":{"type":"Point","coordinates":[23.833499,38.033017]},"properties":{"lines":"411, 447","color":"#0059a9","mode":"bus","arr":["411","447"],"angle":-45}},{"type":"Feature","geometry":{"type":"Point","coordinates":[23.798007,38.02158]},"properties":{"lines":"411, 447","color":"#0059a9","mode":"bus","arr":["411","447"],"angle":18.2}},{"type":"Feature","geometry":{"type":"Point","coordinates":[23.829255,38.039027]},"properties":{"lines":"411, 451, 460, 461","color":"#0059a9","mode":"bus","arr":["411","451","460","461"],"angle":-43.2}},{"type":"Feature","geometry":{"type":"Point","coordinates":[23.828507,38.038587]},"properties":{"lines":"411, 461","color":"#0059a9","mode":"bus","arr":["411","461"],"angle":-43.4}},{"type":"Feature","geometry":{"type":"Point","coordinates":[23.788793,38.001613]},"properties":{"lines":"416, 418","color":"#0059a9","mode":"bus","arr":["416","418"],"angle":-22.6}},{"type":"Feature","geometry":{"type":"Point","coordinates":[23.806206,37.998861]},"properties":{"lines":"416","color":"#0059a9","mode":"bus","arr":["416"],"angle":-1}},{"type":"Feature","geometry":{"type":"Point","coordinates":[23.800977,38.007286]},"properties":{"lines":"416","color":"#0059a9","mode":"bus","arr":["416"],"angle":-19}},{"type":"Feature","geometry":{"type":"Point","coordinates":[23.793594,38.004168]},"properties":{"lines":"416","color":"#0059a9","mode":"bus","arr":["416"],"angle":-43.9,"extra":1}},{"type":"Feature","geometry":{"type":"Point","coordinates":[23.80545,38.000719]},"properties":{"lines":"416","color":"#0059a9","mode":"bus","arr":["416"],"angle":59.4,"extra":1}},{"type":"Feature","geometry":{"type":"Point","coordinates":[23.789329,37.994802]},"properties":{"lines":"Χ21","color":"#0059a9","mode":"bus","arr":["Χ21"],"angle":53.7}},{"type":"Feature","geometry":{"type":"Point","coordinates":[23.786786,37.997152]},"properties":{"lines":"Χ21","color":"#0059a9","mode":"bus","arr":["Χ21"],"angle":46.1,"extra":1}},{"type":"Feature","geometry":{"type":"Point","coordinates":[23.756866,37.984543]},"properties":{"lines":"Χ21","color":"#0059a9","mode":"bus","arr":["Χ21"],"angle":-75.5}},{"type":"Feature","geometry":{"type":"Point","coordinates":[23.757846,37.987733]},"properties":{"lines":"Χ21","color":"#0059a9","mode":"bus","arr":["Χ21"],"angle":-76.3}},{"type":"Feature","geometry":{"type":"Point","coordinates":[23.760627,37.985265]},"properties":{"lines":"Χ21","color":"#0059a9","mode":"bus","arr":["Χ21"],"angle":59.1}},{"type":"Feature","geometry":{"type":"Point","coordinates":[23.622311,37.942234]},"properties":{"lines":"420, 703","color":"#0059a9","mode":"bus","arr":["420","703"],"angle":-12.6}},{"type":"Feature","geometry":{"type":"Point","coordinates":[23.621933,37.942224]},"properties":{"lines":"420, 703, Χ96","color":"#0059a9","mode":"bus","arr":["420","703","Χ96"],"angle":86.3}},{"type":"Feature","geometry":{"type":"Point","coordinates":[23.623935,37.942314]},"properties":{"lines":"420, Χ96","color":"#0059a9","mode":"bus","arr":["420","Χ96"],"angle":-28.6}},{"type":"Feature","geometry":{"type":"Point","coordinates":[23.62925,37.944383]},"properties":{"lines":"420, 859","color":"#0059a9","mode":"bus","arr":["420","859"],"angle":-17.2}},{"type":"Feature","geometry":{"type":"Point","coordinates":[23.63516,37.945265]},"properties":{"lines":"420, 859","color":"#0059a9","mode":"bus","arr":["420","859"],"angle":-33.5}},{"type":"Feature","geometry":{"type":"Point","coordinates":[23.6321,37.944771]},"properties":{"lines":"420, 703, 859","color":"#0059a9","mode":"bus","arr":["420","703","859"],"angle":-8}},{"type":"Feature","geometry":{"type":"Point","coordinates":[23.636055,37.947533]},"properties":{"lines":"420, 859, Χ96","color":"#0059a9","mode":"bus","arr":["420","859","Χ96"],"angle":84}},{"type":"Feature","geometry":{"type":"Point","coordinates":[23.654358,37.948536]},"properties":{"lines":"420, 828","color":"#0059a9","mode":"bus","arr":["420","828"],"angle":0.5}},{"type":"Feature","geometry":{"type":"Point","coordinates":[23.672071,37.954155]},"properties":{"lines":"420, 914","color":"#0059a9","mode":"bus","arr":["420","914"],"angle":-20.9}},{"type":"Feature","geometry":{"type":"Point","coordinates":[23.675691,37.958846]},"properties":{"lines":"420, 838","color":"#0059a9","mode":"bus","arr":["420","838"],"angle":-71.9}},{"type":"Feature","geometry":{"type":"Point","coordinates":[23.678329,37.967489]},"properties":{"lines":"420, 838","color":"#0059a9","mode":"bus","arr":["420","838"],"angle":-86.3}},{"type":"Feature","geometry":{"type":"Point","coordinates":[23.704133,38.000897]},"properties":{"lines":"420, Χ93","color":"#0059a9","mode":"bus","arr":["420","Χ93"],"angle":-24.7}},{"type":"Feature","geometry":{"type":"Point","coordinates":[23.716396,38.00681]},"properties":{"lines":"420, 732, 891, Χ93","color":"#0059a9","mode":"bus","arr":["420","732","891","Χ93"],"angle":54.9}},{"type":"Feature","geometry":{"type":"Point","coordinates":[23.7186,38.00327]},"properties":{"lines":"420, 732, 891, Χ93","color":"#0059a9","mode":"bus","arr":["420","732","891","Χ93"],"angle":71.4}},{"type":"Feature","geometry":{"type":"Point","coordinates":[23.717818,38.005011]},"properties":{"lines":"420, 732, 790, 891, Χ93","color":"#0059a9","mode":"bus","arr":["420","732","790","891","Χ93"],"angle":65.1}},{"type":"Feature","geometry":{"type":"Point","coordinates":[23.720637,38.00172]},"properties":{"lines":"420, 891, Χ93","color":"#0059a9","mode":"bus","arr":["420","891","Χ93"],"angle":8.7}},{"type":"Feature","geometry":{"type":"Point","coordinates":[23.722248,38.007519]},"properties":{"lines":"420, 711, 719, 720, Α10, Α11, Β10, Β11, Β12, Γ12, Χ93","color":"#0059a9","mode":"bus","arr":["420","711","719","720","Α10","Α11","Β10","Β11","Β12","Γ12","Χ93"],"angle":74.2}},{"type":"Feature","geometry":{"type":"Point","coordinates":[23.721955,38.003949]},"properties":{"lines":"420, 711, 719, 720, Α10, Α11, Β10, Β11, Β12, Γ12, Χ93","color":"#0059a9","mode":"bus","arr":["420","711","719","720","Α10","Α11","Β10","Β11","Β12","Γ12","Χ93"],"angle":-81.7,"extra":1}},{"type":"Feature","geometry":{"type":"Point","coordinates":[23.719898,38.013567]},"properties":{"lines":"420, 719, 720, Γ12, Χ93","color":"#0059a9","mode":"bus","arr":["420","719","720","Γ12","Χ93"],"angle":-72.8}},{"type":"Feature","geometry":{"type":"Point","coordinates":[23.719141,38.014745]},"properties":{"lines":"420, 719, 720, 735, Β12, Γ12","color":"#0059a9","mode":"bus","arr":["420","719","720","735","Β12","Γ12"],"angle":65.9}},{"type":"Feature","geometry":{"type":"Point","coordinates":[23.718063,38.017515]},"properties":{"lines":"420, 719, 735, Β12, Γ12","color":"#0059a9","mode":"bus","arr":["420","719","735","Β12","Γ12"],"angle":88.3}},{"type":"Feature","geometry":{"type":"Point","coordinates":[23.717805,38.02282]},"properties":{"lines":"420, 711, 719, 735, Α10, Α11, Β10, Β11, Β12, Γ12","color":"#0059a9","mode":"bus","arr":["420","711","719","735","Α10","Α11","Β10","Β11","Β12","Γ12"],"angle":89.4}},{"type":"Feature","geometry":{"type":"Point","coordinates":[23.718284,38.027196]},"properties":{"lines":"420, 703, 704, 735, 892","color":"#0059a9","mode":"bus","arr":["420","703","704","735","892"],"angle":-63.9}},{"type":"Feature","geometry":{"type":"Point","coordinates":[23.720022,38.029876]},"properties":{"lines":"420, 421, 735, 892, Α10, Β10","color":"#0059a9","mode":"bus","arr":["420","421","735","892","Α10","Β10"],"angle":-62.8}},{"type":"Feature","geometry":{"type":"Point","coordinates":[23.717884,38.033244]},"properties":{"lines":"420, 421","color":"#0059a9","mode":"bus","arr":["420","421"],"angle":89.6}},{"type":"Feature","geometry":{"type":"Point","coordinates":[23.725196,38.027113]},"properties":{"lines":"421, 703","color":"#0059a9","mode":"bus","arr":["421","703"],"angle":26.5}},{"type":"Feature","geometry":{"type":"Point","coordinates":[23.721681,38.027626]},"properties":{"lines":"421, 703","color":"#0059a9","mode":"bus","arr":["421","703"],"angle":-3.6,"extra":1}},{"type":"Feature","geometry":{"type":"Point","coordinates":[23.732098,38.026776]},"properties":{"lines":"421, 755, 755Β","color":"#0059a9","mode":"bus","arr":["421","755","755Β"],"angle":-61.4}},{"type":"Feature","geometry":{"type":"Point","coordinates":[23.753806,38.038859]},"properties":{"lines":"421, 605","color":"#0059a9","mode":"bus","arr":["421","605"],"angle":39.6}},{"type":"Feature","geometry":{"type":"Point","coordinates":[23.769327,38.034941]},"properties":{"lines":"421, 444, 602","color":"#0059a9","mode":"bus","arr":["421","444","602"],"angle":-5}},{"type":"Feature","geometry":{"type":"Point","coordinates":[23.782451,38.027974]},"properties":{"lines":"421, 602","color":"#0059a9","mode":"bus","arr":["421","602"],"angle":37.2}},{"type":"Feature","geometry":{"type":"Point","coordinates":[23.785227,38.026317]},"properties":{"lines":"421, 602","color":"#0059a9","mode":"bus","arr":["421","602"],"angle":37.1,"extra":1}},{"type":"Feature","geometry":{"type":"Point","coordinates":[23.784639,38.042377]},"properties":{"lines":"444, 500","color":"#0059a9","mode":"bus","arr":["444","500"],"angle":19.6}},{"type":"Feature","geometry":{"type":"Point","coordinates":[23.788327,38.042059]},"properties":{"lines":"444","color":"#0059a9","mode":"bus","arr":["444"],"angle":-11.6}},{"type":"Feature","geometry":{"type":"Point","coordinates":[23.785971,38.034294]},"properties":{"lines":"444","color":"#0059a9","mode":"bus","arr":["444"],"angle":7.9}},{"type":"Feature","geometry":{"type":"Point","coordinates":[23.791212,38.03841]},"properties":{"lines":"444","color":"#0059a9","mode":"bus","arr":["444"],"angle":-52.9,"extra":1}},{"type":"Feature","geometry":{"type":"Point","coordinates":[23.779379,38.03854]},"properties":{"lines":"444","color":"#0059a9","mode":"bus","arr":["444"],"angle":43.9,"extra":1}},{"type":"Feature","geometry":{"type":"Point","coordinates":[23.772554,38.036042]},"properties":{"lines":"444","color":"#0059a9","mode":"bus","arr":["444"],"angle":-51.2}},{"type":"Feature","geometry":{"type":"Point","coordinates":[23.765748,38.034603]},"properties":{"lines":"444","color":"#0059a9","mode":"bus","arr":["444"],"angle":-78.4}},{"type":"Feature","geometry":{"type":"Point","coordinates":[23.761217,38.031986]},"properties":{"lines":"444","color":"#0059a9","mode":"bus","arr":["444"],"angle":65.8}},{"type":"Feature","geometry":{"type":"Point","coordinates":[23.759528,38.023738]},"properties":{"lines":"444","color":"#0059a9","mode":"bus","arr":["444"],"angle":-57.1}},{"type":"Feature","geometry":{"type":"Point","coordinates":[23.754321,38.01525]},"properties":{"lines":"444","color":"#0059a9","mode":"bus","arr":["444"],"angle":-68.6,"extra":1}},{"type":"Feature","geometry":{"type":"Point","coordinates":[23.756675,38.019832]},"properties":{"lines":"444","color":"#0059a9","mode":"bus","arr":["444"],"angle":-64,"extra":1}},{"type":"Feature","geometry":{"type":"Point","coordinates":[23.763532,38.028071]},"properties":{"lines":"444","color":"#0059a9","mode":"bus","arr":["444"],"angle":-46.2,"extra":1}},{"type":"Feature","geometry":{"type":"Point","coordinates":[23.762186,38.031463]},"properties":{"lines":"444","color":"#0059a9","mode":"bus","arr":["444"],"angle":89.6,"extra":1}},{"type":"Feature","geometry":{"type":"Point","coordinates":[23.746247,38.014529]},"properties":{"lines":"444","color":"#0059a9","mode":"bus","arr":["444"],"angle":30.6}},{"type":"Feature","geometry":{"type":"Point","coordinates":[23.742408,38.015522]},"properties":{"lines":"444","color":"#0059a9","mode":"bus","arr":["444"],"angle":7.5,"extra":1}},{"type":"Feature","geometry":{"type":"Point","coordinates":[23.778205,38.041682]},"properties":{"lines":"444","color":"#0059a9","mode":"bus","arr":["444"],"angle":-48.1}},{"type":"Feature","geometry":{"type":"Point","coordinates":[23.7805,38.043743]},"properties":{"lines":"444","color":"#0059a9","mode":"bus","arr":["444"],"angle":-45.8,"extra":1}},{"type":"Feature","geometry":{"type":"Point","coordinates":[23.766421,38.036229]},"properties":{"lines":"444, 602","color":"#0059a9","mode":"bus","arr":["444","602"],"angle":-55.8}},{"type":"Feature","geometry":{"type":"Point","coordinates":[23.772221,38.035394]},"properties":{"lines":"444, 602","color":"#0059a9","mode":"bus","arr":["444","602"],"angle":-57}},{"type":"Feature","geometry":{"type":"Point","coordinates":[23.753069,38.01304]},"properties":{"lines":"444, 608","color":"#0059a9","mode":"bus","arr":["444","608"],"angle":-33.1}},{"type":"Feature","geometry":{"type":"Point","coordinates":[23.759612,38.024001]},"properties":{"lines":"444, 608","color":"#0059a9","mode":"bus","arr":["444","608"],"angle":-57.2,"extra":1}},{"type":"Feature","geometry":{"type":"Point","coordinates":[23.756436,38.01974]},"properties":{"lines":"444, 608","color":"#0059a9","mode":"bus","arr":["444","608"],"angle":-64,"extra":1}},{"type":"Feature","geometry":{"type":"Point","coordinates":[23.744135,38.015405]},"properties":{"lines":"444, 608","color":"#0059a9","mode":"bus","arr":["444","608"],"angle":8.3,"extra":1}},{"type":"Feature","geometry":{"type":"Point","coordinates":[23.737916,38.016068]},"properties":{"lines":"444, 608","color":"#0059a9","mode":"bus","arr":["444","608"],"angle":7.2,"extra":1}},{"type":"Feature","geometry":{"type":"Point","coordinates":[23.800734,38.057373]},"properties":{"lines":"446","color":"#0059a9","mode":"bus","arr":["446"],"angle":47.7}},{"type":"Feature","geometry":{"type":"Point","coordinates":[23.831593,38.050902]},"properties":{"lines":"446","color":"#0059a9","mode":"bus","arr":["446"],"angle":-4.4}},{"type":"Feature","geometry":{"type":"Point","coordinates":[23.853228,38.06247]},"properties":{"lines":"446","color":"#0059a9","mode":"bus","arr":["446"],"angle":-49.8}},{"type":"Feature","geometry":{"type":"Point","coordinates":[23.850567,38.059726]},"properties":{"lines":"446","color":"#0059a9","mode":"bus","arr":["446"],"angle":-60.9,"extra":1}},{"type":"Feature","geometry":{"type":"Point","coordinates":[23.804859,38.05424]},"properties":{"lines":"446, 501, 541, Α8","color":"#0059a9","mode":"bus","arr":["446","501","541","Α8"],"angle":42.8}},{"type":"Feature","geometry":{"type":"Point","coordinates":[23.809549,38.052851]},"properties":{"lines":"446, Α8","color":"#0059a9","mode":"bus","arr":["446","Α8"],"angle":21.4}},{"type":"Feature","geometry":{"type":"Point","coordinates":[23.834076,38.054998]},"properties":{"lines":"446, 530","color":"#0059a9","mode":"bus","arr":["446","530"],"angle":-53.5}},{"type":"Feature","geometry":{"type":"Point","coordinates":[23.83542,38.05816]},"properties":{"lines":"446, 530","color":"#0059a9","mode":"bus","arr":["446","530"],"angle":-74.8,"extra":1}},{"type":"Feature","geometry":{"type":"Point","coordinates":[23.846555,38.05616]},"properties":{"lines":"446, 451, 530","color":"#0059a9","mode":"bus","arr":["446","451","530"],"angle":-11.8}},{"type":"Feature","geometry":{"type":"Point","coordinates":[23.856609,38.06072]},"properties":{"lines":"446, 450, 451, 530","color":"#0059a9","mode":"bus","arr":["446","450","451","530"],"angle":60.6}},{"type":"Feature","geometry":{"type":"Point","coordinates":[23.857703,38.058098]},"properties":{"lines":"446, 450, 451, 530","color":"#0059a9","mode":"bus","arr":["446","450","451","530"],"angle":-79.7,"extra":1}},{"type":"Feature","geometry":{"type":"Point","coordinates":[23.856283,38.055152]},"properties":{"lines":"446, 450, 451","color":"#0059a9","mode":"bus","arr":["446","450","451"],"angle":-39.9}},{"type":"Feature","geometry":{"type":"Point","coordinates":[23.862634,38.052289]},"properties":{"lines":"446, 460, 461","color":"#0059a9","mode":"bus","arr":["446","460","461"],"angle":2.7}},{"type":"Feature","geometry":{"type":"Point","coordinates":[23.857634,38.052596]},"properties":{"lines":"446, 460, 461","color":"#0059a9","mode":"bus","arr":["446","460","461"],"angle":6.2,"extra":1}},{"type":"Feature","geometry":{"type":"Point","coordinates":[23.868621,38.049937]},"properties":{"lines":"446, 460, 461","color":"#0059a9","mode":"bus","arr":["446","460","461"],"angle":83,"extra":1}},{"type":"Feature","geometry":{"type":"Point","coordinates":[23.870582,38.054702]},"properties":{"lines":"446, 460, 461","color":"#0059a9","mode":"bus","arr":["446","460","461"],"angle":-71.3}},{"type":"Feature","geometry":{"type":"Point","coordinates":[23.876304,38.058312]},"properties":{"lines":"446, 460, 461","color":"#0059a9","mode":"bus","arr":["446","460","461"],"angle":75.8,"extra":1}},{"type":"Feature","geometry":{"type":"Point","coordinates":[23.870206,38.051152]},"properties":{"lines":"446, 460, 461","color":"#0059a9","mode":"bus","arr":["446","460","461"],"angle":-81.9,"extra":1}},{"type":"Feature","geometry":{"type":"Point","coordinates":[23.874352,38.051099]},"properties":{"lines":"446, 460, 461","color":"#0059a9","mode":"bus","arr":["446","460","461"],"angle":84.5,"extra":1}},{"type":"Feature","geometry":{"type":"Point","coordinates":[23.874279,38.052858]},"properties":{"lines":"446, 460, 461","color":"#0059a9","mode":"bus","arr":["446","460","461"],"angle":-3.1}},{"type":"Feature","geometry":{"type":"Point","coordinates":[23.800321,38.022474]},"properties":{"lines":"447, 460","color":"#0059a9","mode":"bus","arr":["447","460"],"angle":-12.8}},{"type":"Feature","geometry":{"type":"Point","coordinates":[23.807995,38.024867]},"properties":{"lines":"447, 451, 460, 461","color":"#0059a9","mode":"bus","arr":["447","451","460","461"],"angle":-16.3}},{"type":"Feature","geometry":{"type":"Point","coordinates":[23.80389,38.023591]},"properties":{"lines":"447, 451, 460, 461","color":"#0059a9","mode":"bus","arr":["447","451","460","461"],"angle":-24.8,"extra":1}},{"type":"Feature","geometry":{"type":"Point","coordinates":[23.81705,38.026952]},"properties":{"lines":"447","color":"#0059a9","mode":"bus","arr":["447"],"angle":33}},{"type":"Feature","geometry":{"type":"Point","coordinates":[23.832295,38.028597]},"properties":{"lines":"447","color":"#0059a9","mode":"bus","arr":["447"],"angle":33}},{"type":"Feature","geometry":{"type":"Point","coordinates":[23.835703,38.027568]},"properties":{"lines":"447","color":"#0059a9","mode":"bus","arr":["447"],"angle":-55.3,"extra":1}},{"type":"Feature","geometry":{"type":"Point","coordinates":[23.840821,38.037359]},"properties":{"lines":"447","color":"#0059a9","mode":"bus","arr":["447"],"angle":34.3}},{"type":"Feature","geometry":{"type":"Point","coordinates":[23.836481,38.035341]},"properties":{"lines":"447","color":"#0059a9","mode":"bus","arr":["447"],"angle":-44.2,"extra":1}},{"type":"Feature","geometry":{"type":"Point","coordinates":[23.845749,38.040442]},"properties":{"lines":"447","color":"#0059a9","mode":"bus","arr":["447"],"angle":-39.8,"extra":1}},{"type":"Feature","geometry":{"type":"Point","coordinates":[23.843417,38.047716]},"properties":{"lines":"447","color":"#0059a9","mode":"bus","arr":["447"],"angle":-27.9}},{"type":"Feature","geometry":{"type":"Point","coordinates":[23.823278,38.025441]},"properties":{"lines":"447, 461","color":"#0059a9","mode":"bus","arr":["447","461"],"angle":41.6}},{"type":"Feature","geometry":{"type":"Point","coordinates":[23.846297,38.051684]},"properties":{"lines":"450, 451, 460, 461","color":"#0059a9","mode":"bus","arr":["450","451","460","461"],"angle":-44}},{"type":"Feature","geometry":{"type":"Point","coordinates":[23.851669,38.052431]},"properties":{"lines":"450, 451, 460, 461","color":"#0059a9","mode":"bus","arr":["450","451","460","461"],"angle":-29.4,"extra":1}},{"type":"Feature","geometry":{"type":"Point","coordinates":[23.841563,38.047885]},"properties":{"lines":"450, 451, 460, 461","color":"#0059a9","mode":"bus","arr":["450","451","460","461"],"angle":-45.3,"extra":1}},{"type":"Feature","geometry":{"type":"Point","coordinates":[23.822163,38.033582]},"properties":{"lines":"451, 461","color":"#0059a9","mode":"bus","arr":["451","461"],"angle":-38.9}},{"type":"Feature","geometry":{"type":"Point","coordinates":[23.833568,38.042226]},"properties":{"lines":"451, 460, 461","color":"#0059a9","mode":"bus","arr":["451","460","461"],"angle":-44.1}},{"type":"Feature","geometry":{"type":"Point","coordinates":[23.818311,38.030917]},"properties":{"lines":"451, 460, 461","color":"#0059a9","mode":"bus","arr":["451","460","461"],"angle":-35.4,"extra":1}},{"type":"Feature","geometry":{"type":"Point","coordinates":[23.858313,38.058098]},"properties":{"lines":"451","color":"#0059a9","mode":"bus","arr":["451"],"angle":-80.3}},{"type":"Feature","geometry":{"type":"Point","coordinates":[23.859233,38.063962]},"properties":{"lines":"451","color":"#0059a9","mode":"bus","arr":["451"],"angle":-37.1}},{"type":"Feature","geometry":{"type":"Point","coordinates":[23.853084,38.055647]},"properties":{"lines":"451, 530","color":"#0059a9","mode":"bus","arr":["451","530"],"angle":-31.2}},{"type":"Feature","geometry":{"type":"Point","coordinates":[23.849853,38.057259]},"properties":{"lines":"451, 530","color":"#0059a9","mode":"bus","arr":["451","530"],"angle":43.1,"extra":1}},{"type":"Feature","geometry":{"type":"Point","coordinates":[23.816895,38.021001]},"properties":{"lines":"451, 460","color":"#0059a9","mode":"bus","arr":["451","460"],"angle":-13.9}},{"type":"Feature","geometry":{"type":"Point","coordinates":[23.804807,38.018485]},"properties":{"lines":"460","color":"#0059a9","mode":"bus","arr":["460"],"angle":-15.2}},{"type":"Feature","geometry":{"type":"Point","coordinates":[23.810722,38.019744]},"properties":{"lines":"460","color":"#0059a9","mode":"bus","arr":["460"],"angle":-15,"extra":1}},{"type":"Feature","geometry":{"type":"Point","coordinates":[23.79855,38.017351]},"properties":{"lines":"460","color":"#0059a9","mode":"bus","arr":["460"],"angle":-6.3,"extra":1}},{"type":"Feature","geometry":{"type":"Point","coordinates":[23.822246,38.033504]},"properties":{"lines":"460, 461","color":"#0059a9","mode":"bus","arr":["460","461"],"angle":-38.8}},{"type":"Feature","geometry":{"type":"Point","coordinates":[23.728428,38.015683]},"properties":{"lines":"500, 755, 755Β","color":"#0059a9","mode":"bus","arr":["500","755","755Β"],"angle":85.7}},{"type":"Feature","geometry":{"type":"Point","coordinates":[23.741295,38.02453]},"properties":{"lines":"500, 605, Α8","color":"#0059a9","mode":"bus","arr":["500","605","Α8"],"angle":-57.9}},{"type":"Feature","geometry":{"type":"Point","coordinates":[23.743733,38.031382]},"properties":{"lines":"500, Α8","color":"#0059a9","mode":"bus","arr":["500","Α8"],"angle":-69.6}},{"type":"Feature","geometry":{"type":"Point","coordinates":[23.745557,38.033861]},"properties":{"lines":"500, Α8","color":"#0059a9","mode":"bus","arr":["500","Α8"],"angle":-39.4,"extra":1}},{"type":"Feature","geometry":{"type":"Point","coordinates":[23.751714,38.041598]},"properties":{"lines":"500, 602, Α8","color":"#0059a9","mode":"bus","arr":["500","602","Α8"],"angle":-46.4}},{"type":"Feature","geometry":{"type":"Point","coordinates":[23.754117,38.043275]},"properties":{"lines":"500, 604, 724, Α8","color":"#0059a9","mode":"bus","arr":["500","604","724","Α8"],"angle":-53}},{"type":"Feature","geometry":{"type":"Point","coordinates":[23.761709,38.048555]},"properties":{"lines":"500, 642, Α8","color":"#0059a9","mode":"bus","arr":["500","642","Α8"],"angle":-40.6}},{"type":"Feature","geometry":{"type":"Point","coordinates":[23.768412,38.053744]},"properties":{"lines":"500, 640, 642, Α8","color":"#0059a9","mode":"bus","arr":["500","640","642","Α8"],"angle":-59.7}},{"type":"Feature","geometry":{"type":"Point","coordinates":[23.770651,38.056173]},"properties":{"lines":"500, 640, Α8","color":"#0059a9","mode":"bus","arr":["500","640","Α8"],"angle":-51.5}},{"type":"Feature","geometry":{"type":"Point","coordinates":[23.771617,38.057878]},"properties":{"lines":"500, 640","color":"#0059a9","mode":"bus","arr":["500","640"],"angle":-68.1}},{"type":"Feature","geometry":{"type":"Point","coordinates":[23.776685,38.05905]},"properties":{"lines":"500, 640, 642","color":"#0059a9","mode":"bus","arr":["500","640","642"],"angle":63.9}},{"type":"Feature","geometry":{"type":"Point","coordinates":[23.779774,38.055066]},"properties":{"lines":"500, 642","color":"#0059a9","mode":"bus","arr":["500","642"],"angle":62.6}},{"type":"Feature","geometry":{"type":"Point","coordinates":[23.783064,38.052546]},"properties":{"lines":"500, 642","color":"#0059a9","mode":"bus","arr":["500","642"],"angle":29.9,"extra":1}},{"type":"Feature","geometry":{"type":"Point","coordinates":[23.808837,38.059715]},"properties":{"lines":"500, 550, Χ14","color":"#0059a9","mode":"bus","arr":["500","550","Χ14"],"angle":-81.7}},{"type":"Feature","geometry":{"type":"Point","coordinates":[23.811805,38.056277]},"properties":{"lines":"500, 550, Χ14","color":"#0059a9","mode":"bus","arr":["500","550","Χ14"],"angle":48.9,"extra":1}},{"type":"Feature","geometry":{"type":"Point","coordinates":[23.809621,38.06481]},"properties":{"lines":"500, 550, Χ14","color":"#0059a9","mode":"bus","arr":["500","550","Χ14"],"angle":-81.8,"extra":1}},{"type":"Feature","geometry":{"type":"Point","coordinates":[23.811162,38.069445]},"properties":{"lines":"500, 504, 507, 509, 509Β, 535, 535Α, 536, 550, 721, Χ14","color":"#0059a9","mode":"bus","arr":["500","504","507","509","509Β","535","535Α","536","550","721","Χ14"],"angle":-89.2}},{"type":"Feature","geometry":{"type":"Point","coordinates":[23.811854,38.072442]},"properties":{"lines":"500, 504, 507, 509, 509Β, 522, 523, 524, 526, 535, 535Α, 536 +4","color":"#0059a9","mode":"bus","arr":["500","504","507","509","509Β","522","523","524","526","535","535Α","536","550","560","721","Χ14"],"angle":-57}},{"type":"Feature","geometry":{"type":"Point","coordinates":[23.793031,38.031059]},"properties":{"lines":"Α7","color":"#0059a9","mode":"bus","arr":["Α7"],"angle":-55}},{"type":"Feature","geometry":{"type":"Point","coordinates":[23.809626,38.065563]},"properties":{"lines":"Α7","color":"#0059a9","mode":"bus","arr":["Α7"],"angle":-77.7,"extra":1}},{"type":"Feature","geometry":{"type":"Point","coordinates":[23.808801,38.060661]},"properties":{"lines":"Α7","color":"#0059a9","mode":"bus","arr":["Α7"],"angle":-83.1,"extra":1}},{"type":"Feature","geometry":{"type":"Point","coordinates":[23.810741,38.056627]},"properties":{"lines":"Α7","color":"#0059a9","mode":"bus","arr":["Α7"],"angle":23.8,"extra":1}},{"type":"Feature","geometry":{"type":"Point","coordinates":[23.79708,38.03563]},"properties":{"lines":"Α7","color":"#0059a9","mode":"bus","arr":["Α7"],"angle":-57.9,"extra":1}},{"type":"Feature","geometry":{"type":"Point","coordinates":[23.789975,38.027481]},"properties":{"lines":"Α7","color":"#0059a9","mode":"bus","arr":["Α7"],"angle":-63.1,"extra":1}},{"type":"Feature","geometry":{"type":"Point","coordinates":[23.791588,38.066723]},"properties":{"lines":"501","color":"#0059a9","mode":"bus","arr":["501"],"angle":49.5}},{"type":"Feature","geometry":{"type":"Point","coordinates":[23.800532,38.069997]},"properties":{"lines":"501","color":"#0059a9","mode":"bus","arr":["501"],"angle":2.4}},{"type":"Feature","geometry":{"type":"Point","coordinates":[23.802238,38.062997]},"properties":{"lines":"501","color":"#0059a9","mode":"bus","arr":["501"],"angle":-81.7}},{"type":"Feature","geometry":{"type":"Point","coordinates":[23.800323,38.06626]},"properties":{"lines":"501","color":"#0059a9","mode":"bus","arr":["501"],"angle":14.1,"extra":1}},{"type":"Feature","geometry":{"type":"Point","coordinates":[23.804578,38.060712]},"properties":{"lines":"501","color":"#0059a9","mode":"bus","arr":["501"],"angle":22.2,"extra":1}},{"type":"Feature","geometry":{"type":"Point","coordinates":[23.79569,38.06694]},"properties":{"lines":"501, 527","color":"#0059a9","mode":"bus","arr":["501","527"],"angle":78.9}},{"type":"Feature","geometry":{"type":"Point","coordinates":[23.793222,38.063604]},"properties":{"lines":"501, 527","color":"#0059a9","mode":"bus","arr":["501","527"],"angle":9.2,"extra":1}},{"type":"Feature","geometry":{"type":"Point","coordinates":[23.791595,38.069132]},"properties":{"lines":"501, 527","color":"#0059a9","mode":"bus","arr":["501","527"],"angle":3.3,"extra":1}},{"type":"Feature","geometry":{"type":"Point","coordinates":[23.796472,38.062441]},"properties":{"lines":"501, 527","color":"#0059a9","mode":"bus","arr":["501","527"],"angle":-64.7}},{"type":"Feature","geometry":{"type":"Point","coordinates":[23.795534,38.059588]},"properties":{"lines":"501, 541","color":"#0059a9","mode":"bus","arr":["501","541"],"angle":-25.7}},{"type":"Feature","geometry":{"type":"Point","coordinates":[23.807746,38.055512]},"properties":{"lines":"501, 541","color":"#0059a9","mode":"bus","arr":["501","541"],"angle":-68}},{"type":"Feature","geometry":{"type":"Point","coordinates":[23.800693,38.058405]},"properties":{"lines":"501, 541, Α8","color":"#0059a9","mode":"bus","arr":["501","541","Α8"],"angle":30.1}},{"type":"Feature","geometry":{"type":"Point","coordinates":[23.803357,38.056683]},"properties":{"lines":"501, 541, Α8","color":"#0059a9","mode":"bus","arr":["501","541","Α8"],"angle":-46.5,"extra":1}},{"type":"Feature","geometry":{"type":"Point","coordinates":[23.787104,38.125314]},"properties":{"lines":"503, 537","color":"#0059a9","mode":"bus","arr":["503","537"],"angle":78.2}},{"type":"Feature","geometry":{"type":"Point","coordinates":[23.794324,38.129988]},"properties":{"lines":"503, 537","color":"#0059a9","mode":"bus","arr":["503","537"],"angle":16.2}},{"type":"Feature","geometry":{"type":"Point","coordinates":[23.803702,38.110118]},"properties":{"lines":"503","color":"#0059a9","mode":"bus","arr":["503"],"angle":66.6}},{"type":"Feature","geometry":{"type":"Point","coordinates":[23.795731,38.124519]},"properties":{"lines":"503","color":"#0059a9","mode":"bus","arr":["503"],"angle":66.4,"extra":1}},{"type":"Feature","geometry":{"type":"Point","coordinates":[23.798247,38.119988]},"properties":{"lines":"503","color":"#0059a9","mode":"bus","arr":["503"],"angle":66.4,"extra":1}},{"type":"Feature","geometry":{"type":"Point","coordinates":[23.800757,38.115454]},"properties":{"lines":"503","color":"#0059a9","mode":"bus","arr":["503"],"angle":66.4,"extra":1}},{"type":"Feature","geometry":{"type":"Point","coordinates":[23.805772,38.106386]},"properties":{"lines":"503","color":"#0059a9","mode":"bus","arr":["503"],"angle":64.6,"extra":1}},{"type":"Feature","geometry":{"type":"Point","coordinates":[23.810652,38.106]},"properties":{"lines":"503","color":"#0059a9","mode":"bus","arr":["503"],"angle":-19.7,"extra":1}},{"type":"Feature","geometry":{"type":"Point","coordinates":[23.809149,38.093294]},"properties":{"lines":"503","color":"#0059a9","mode":"bus","arr":["503"],"angle":-80.9}},{"type":"Feature","geometry":{"type":"Point","coordinates":[23.815165,38.103887]},"properties":{"lines":"503, 560","color":"#0059a9","mode":"bus","arr":["503","560"],"angle":69}},{"type":"Feature","geometry":{"type":"Point","coordinates":[23.810522,38.098341]},"properties":{"lines":"503, 522","color":"#0059a9","mode":"bus","arr":["503","522"],"angle":-75.9}},{"type":"Feature","geometry":{"type":"Point","coordinates":[23.813498,38.088314]},"properties":{"lines":"503, 523","color":"#0059a9","mode":"bus","arr":["503","523"],"angle":-12.7}},{"type":"Feature","geometry":{"type":"Point","coordinates":[23.815496,38.082861]},"properties":{"lines":"503, 507, 509, 509Β, 510, 523, 535, 535Α, 536, 560","color":"#0059a9","mode":"bus","arr":["503","507","509","509Β","510","523","535","535Α","536","560"],"angle":-53.3}},{"type":"Feature","geometry":{"type":"Point","coordinates":[23.816457,38.085692]},"properties":{"lines":"503, 507, 509, 509Β, 510, 523, 535, 535Α, 536, 560","color":"#0059a9","mode":"bus","arr":["503","507","509","509Β","510","523","535","535Α","536","560"],"angle":83.2,"extra":1}},{"type":"Feature","geometry":{"type":"Point","coordinates":[23.812226,38.076391]},"properties":{"lines":"503, 504, 507, 509, 509Β, 510, 522, 523, 524, 526, 535, 535Α +3","color":"#0059a9","mode":"bus","arr":["503","504","507","509","509Β","510","522","523","524","526","535","535Α","536","560","721"],"angle":-71.8}},{"type":"Feature","geometry":{"type":"Point","coordinates":[23.812384,38.074417]},"properties":{"lines":"503, 504, 507, 509, 509Β, 510, 522, 523, 524, 526, 530, 535 +4","color":"#0059a9","mode":"bus","arr":["503","504","507","509","509Β","510","522","523","524","526","530","535","535Α","536","560","721"],"angle":78.6}},{"type":"Feature","geometry":{"type":"Point","coordinates":[23.811764,38.072481]},"properties":{"lines":"503, 510, 535, 535Α","color":"#0059a9","mode":"bus","arr":["503","510","535","535Α"],"angle":-55.3}},{"type":"Feature","geometry":{"type":"Point","coordinates":[23.810211,38.068087]},"properties":{"lines":"503, 510, 535, 535Α","color":"#0059a9","mode":"bus","arr":["503","510","535","535Α"],"angle":22.7}},{"type":"Feature","geometry":{"type":"Point","coordinates":[23.811078,38.070266]},"properties":{"lines":"503, 510, 535, 535Α, Α7","color":"#0059a9","mode":"bus","arr":["503","510","535","535Α","Α7"],"angle":-89.8}},{"type":"Feature","geometry":{"type":"Point","coordinates":[23.758058,38.128206]},"properties":{"lines":"504","color":"#0059a9","mode":"bus","arr":["504"],"angle":67.2}},{"type":"Feature","geometry":{"type":"Point","coordinates":[23.767437,38.126862]},"properties":{"lines":"504","color":"#0059a9","mode":"bus","arr":["504"],"angle":-78}},{"type":"Feature","geometry":{"type":"Point","coordinates":[23.767369,38.130729]},"properties":{"lines":"504","color":"#0059a9","mode":"bus","arr":["504"],"angle":-8.7,"extra":1}},{"type":"Feature","geometry":{"type":"Point","coordinates":[23.764927,38.122626]},"properties":{"lines":"504","color":"#0059a9","mode":"bus","arr":["504"],"angle":-41.8,"extra":1}},{"type":"Feature","geometry":{"type":"Point","coordinates":[23.776156,38.095165]},"properties":{"lines":"504","color":"#0059a9","mode":"bus","arr":["504"],"angle":38.1}},{"type":"Feature","geometry":{"type":"Point","coordinates":[23.7624,38.113924]},"properties":{"lines":"504","color":"#0059a9","mode":"bus","arr":["504"],"angle":88.8,"extra":1}},{"type":"Feature","geometry":{"type":"Point","coordinates":[23.76198,38.118855]},"properties":{"lines":"504","color":"#0059a9","mode":"bus","arr":["504"],"angle":-87.8,"extra":1}},{"type":"Feature","geometry":{"type":"Point","coordinates":[23.767668,38.09855]},"properties":{"lines":"504","color":"#0059a9","mode":"bus","arr":["504"],"angle":31.3,"extra":1}},{"type":"Feature","geometry":{"type":"Point","coordinates":[23.772792,38.096509]},"properties":{"lines":"504","color":"#0059a9","mode":"bus","arr":["504"],"angle":14.8,"extra":1}},{"type":"Feature","geometry":{"type":"Point","coordinates":[23.782641,38.090566]},"properties":{"lines":"504","color":"#0059a9","mode":"bus","arr":["504"],"angle":41.9,"extra":1}},{"type":"Feature","geometry":{"type":"Point","coordinates":[23.779008,38.093251]},"properties":{"lines":"504","color":"#0059a9","mode":"bus","arr":["504"],"angle":50.9,"extra":1}},{"type":"Feature","geometry":{"type":"Point","coordinates":[23.766841,38.114372]},"properties":{"lines":"504","color":"#0059a9","mode":"bus","arr":["504"],"angle":-36.7}},{"type":"Feature","geometry":{"type":"Point","coordinates":[23.76463,38.104793]},"properties":{"lines":"504","color":"#0059a9","mode":"bus","arr":["504"],"angle":16.5}},{"type":"Feature","geometry":{"type":"Point","coordinates":[23.795186,38.093466]},"properties":{"lines":"504","color":"#0059a9","mode":"bus","arr":["504"],"angle":57.5}},{"type":"Feature","geometry":{"type":"Point","coordinates":[23.759761,38.125872]},"properties":{"lines":"504, 725, 726","color":"#0059a9","mode":"bus","arr":["504","725","726"],"angle":50.7}},{"type":"Feature","geometry":{"type":"Point","coordinates":[23.764275,38.129424]},"properties":{"lines":"504, 725, 726","color":"#0059a9","mode":"bus","arr":["504","725","726"],"angle":-87}},{"type":"Feature","geometry":{"type":"Point","coordinates":[23.756874,38.132701]},"properties":{"lines":"504, 725","color":"#0059a9","mode":"bus","arr":["504","725"],"angle":81.8}},{"type":"Feature","geometry":{"type":"Point","coordinates":[23.752838,38.139908]},"properties":{"lines":"726","color":"#0059a9","mode":"bus","arr":["726"],"angle":-19.3}},{"type":"Feature","geometry":{"type":"Point","coordinates":[23.753907,38.13459]},"properties":{"lines":"726","color":"#0059a9","mode":"bus","arr":["726"],"angle":-6.7,"extra":1}},{"type":"Feature","geometry":{"type":"Point","coordinates":[23.756364,38.140278]},"properties":{"lines":"726","color":"#0059a9","mode":"bus","arr":["726"],"angle":-73.4,"extra":1}},{"type":"Feature","geometry":{"type":"Point","coordinates":[23.761013,38.128337]},"properties":{"lines":"726","color":"#0059a9","mode":"bus","arr":["726"],"angle":25.7}},{"type":"Feature","geometry":{"type":"Point","coordinates":[23.752511,38.144691]},"properties":{"lines":"726","color":"#0059a9","mode":"bus","arr":["726"],"angle":-7}},{"type":"Feature","geometry":{"type":"Point","coordinates":[23.757901,38.144045]},"properties":{"lines":"726","color":"#0059a9","mode":"bus","arr":["726"],"angle":58.5,"extra":1}},{"type":"Feature","geometry":{"type":"Point","coordinates":[23.746428,38.144266]},"properties":{"lines":"726","color":"#0059a9","mode":"bus","arr":["726"],"angle":19.3,"extra":1}},{"type":"Feature","geometry":{"type":"Point","coordinates":[23.749279,38.142142]},"properties":{"lines":"726","color":"#0059a9","mode":"bus","arr":["726"],"angle":11.5,"extra":1}},{"type":"Feature","geometry":{"type":"Point","coordinates":[23.759431,38.1348]},"properties":{"lines":"725, 726","color":"#0059a9","mode":"bus","arr":["725","726"],"angle":16.5}},{"type":"Feature","geometry":{"type":"Point","coordinates":[23.743867,38.110558]},"properties":{"lines":"725, 726","color":"#0059a9","mode":"bus","arr":["725","726"],"angle":-71.6}},{"type":"Feature","geometry":{"type":"Point","coordinates":[23.742929,38.104285]},"properties":{"lines":"725, 726","color":"#0059a9","mode":"bus","arr":["725","726"],"angle":-73,"extra":1}},{"type":"Feature","geometry":{"type":"Point","coordinates":[23.744795,38.113996]},"properties":{"lines":"725, 726","color":"#0059a9","mode":"bus","arr":["725","726"],"angle":-80,"extra":1}},{"type":"Feature","geometry":{"type":"Point","coordinates":[23.745214,38.118915]},"properties":{"lines":"725, 726","color":"#0059a9","mode":"bus","arr":["725","726"],"angle":89.6,"extra":1}},{"type":"Feature","geometry":{"type":"Point","coordinates":[23.756336,38.12379]},"properties":{"lines":"725, 726","color":"#0059a9","mode":"bus","arr":["725","726"],"angle":-64.3}},{"type":"Feature","geometry":{"type":"Point","coordinates":[23.754425,38.120691]},"properties":{"lines":"725, 726","color":"#0059a9","mode":"bus","arr":["725","726"],"angle":-64,"extra":1}},{"type":"Feature","geometry":{"type":"Point","coordinates":[23.764188,38.129569]},"properties":{"lines":"725, 726","color":"#0059a9","mode":"bus","arr":["725","726"],"angle":-89.6}},{"type":"Feature","geometry":{"type":"Point","coordinates":[23.759908,38.125963]},"properties":{"lines":"725, 726","color":"#0059a9","mode":"bus","arr":["725","726"],"angle":51.3}},{"type":"Feature","geometry":{"type":"Point","coordinates":[23.76436,38.111297]},"properties":{"lines":"504, 740","color":"#0059a9","mode":"bus","arr":["504","740"],"angle":5.4}},{"type":"Feature","geometry":{"type":"Point","coordinates":[23.770725,38.112465]},"properties":{"lines":"504, 740","color":"#0059a9","mode":"bus","arr":["504","740"],"angle":-84.7}},{"type":"Feature","geometry":{"type":"Point","coordinates":[23.767717,38.104535]},"properties":{"lines":"504, 740","color":"#0059a9","mode":"bus","arr":["504","740"],"angle":5.4}},{"type":"Feature","geometry":{"type":"Point","coordinates":[23.76375,38.102134]},"properties":{"lines":"504, 740","color":"#0059a9","mode":"bus","arr":["504","740"],"angle":83.4}},{"type":"Feature","geometry":{"type":"Point","coordinates":[23.764085,38.102324]},"properties":{"lines":"504, 740","color":"#0059a9","mode":"bus","arr":["504","740"],"angle":87.6}},{"type":"Feature","geometry":{"type":"Point","coordinates":[23.786962,38.087684]},"properties":{"lines":"504, 543, 543Α, 734","color":"#0059a9","mode":"bus","arr":["504","543","543Α","734"],"angle":34.3}},{"type":"Feature","geometry":{"type":"Point","coordinates":[23.790753,38.090854]},"properties":{"lines":"504, 543, 543Α, 721","color":"#0059a9","mode":"bus","arr":["504","543","543Α","721"],"angle":-58.5}},{"type":"Feature","geometry":{"type":"Point","coordinates":[23.792707,38.093924]},"properties":{"lines":"504, 543, 543Α, 721","color":"#0059a9","mode":"bus","arr":["504","543","543Α","721"],"angle":-58}},{"type":"Feature","geometry":{"type":"Point","coordinates":[23.798334,38.089391]},"properties":{"lines":"504, 523, 543, 543Α, 721","color":"#0059a9","mode":"bus","arr":["504","523","543","543Α","721"],"angle":57.9}},{"type":"Feature","geometry":{"type":"Point","coordinates":[23.798235,38.089319]},"properties":{"lines":"504, 522, 523, 543, 543Α, 721, Β9","color":"#0059a9","mode":"bus","arr":["504","522","523","543","543Α","721","Β9"],"angle":57.4}},{"type":"Feature","geometry":{"type":"Point","coordinates":[23.804702,38.084115]},"properties":{"lines":"504, 522","color":"#0059a9","mode":"bus","arr":["504","522"],"angle":25.6}},{"type":"Feature","geometry":{"type":"Point","coordinates":[23.807171,38.079708]},"properties":{"lines":"504, 522, 721","color":"#0059a9","mode":"bus","arr":["504","522","721"],"angle":84.7}},{"type":"Feature","geometry":{"type":"Point","coordinates":[23.80876,38.074858]},"properties":{"lines":"504, 522, 721","color":"#0059a9","mode":"bus","arr":["504","522","721"],"angle":-80.3}},{"type":"Feature","geometry":{"type":"Point","coordinates":[23.810391,38.082002]},"properties":{"lines":"504, 522, 721","color":"#0059a9","mode":"bus","arr":["504","522","721"],"angle":64.4}},{"type":"Feature","geometry":{"type":"Point","coordinates":[23.811652,38.078925]},"properties":{"lines":"504, 522, 721","color":"#0059a9","mode":"bus","arr":["504","522","721"],"angle":-79.5,"extra":1}},{"type":"Feature","geometry":{"type":"Point","coordinates":[23.807546,38.076476]},"properties":{"lines":"504, 522, 721, Β9","color":"#0059a9","mode":"bus","arr":["504","522","721","Β9"],"angle":85}},{"type":"Feature","geometry":{"type":"Point","coordinates":[23.807404,38.070166]},"properties":{"lines":"504, 721","color":"#0059a9","mode":"bus","arr":["504","721"],"angle":63.9}},{"type":"Feature","geometry":{"type":"Point","coordinates":[23.804847,38.087289]},"properties":{"lines":"504, 523, 721","color":"#0059a9","mode":"bus","arr":["504","523","721"],"angle":-2.7}},{"type":"Feature","geometry":{"type":"Point","coordinates":[23.793974,38.094947]},"properties":{"lines":"504, 523, 721","color":"#0059a9","mode":"bus","arr":["504","523","721"],"angle":60.2}},{"type":"Feature","geometry":{"type":"Point","coordinates":[23.804841,38.087225]},"properties":{"lines":"523, 721","color":"#0059a9","mode":"bus","arr":["523","721"],"angle":-2.2}},{"type":"Feature","geometry":{"type":"Point","coordinates":[23.809527,38.087466]},"properties":{"lines":"523, 721","color":"#0059a9","mode":"bus","arr":["523","721"],"angle":-5.2,"extra":1}},{"type":"Feature","geometry":{"type":"Point","coordinates":[23.789513,38.089885]},"properties":{"lines":"504, 543, 543Α, 721, 734","color":"#0059a9","mode":"bus","arr":["504","543","543Α","721","734"],"angle":-56.7}},{"type":"Feature","geometry":{"type":"Point","coordinates":[23.771115,38.115764]},"properties":{"lines":"740","color":"#0059a9","mode":"bus","arr":["740"],"angle":-84.6}},{"type":"Feature","geometry":{"type":"Point","coordinates":[23.765868,38.106301]},"properties":{"lines":"740","color":"#0059a9","mode":"bus","arr":["740"],"angle":-84.6}},{"type":"Feature","geometry":{"type":"Point","coordinates":[23.763073,38.108132]},"properties":{"lines":"740","color":"#0059a9","mode":"bus","arr":["740"],"angle":85.6}},{"type":"Feature","geometry":{"type":"Point","coordinates":[23.761287,38.095652]},"properties":{"lines":"740","color":"#0059a9","mode":"bus","arr":["740"],"angle":-53.1}},{"type":"Feature","geometry":{"type":"Point","coordinates":[23.75879,38.092898]},"properties":{"lines":"740","color":"#0059a9","mode":"bus","arr":["740"],"angle":-50.3,"extra":1}},{"type":"Feature","geometry":{"type":"Point","coordinates":[23.751526,38.093689]},"properties":{"lines":"740","color":"#0059a9","mode":"bus","arr":["740"],"angle":-58.3}},{"type":"Feature","geometry":{"type":"Point","coordinates":[23.750941,38.092875]},"properties":{"lines":"740","color":"#0059a9","mode":"bus","arr":["740"],"angle":-87.3}},{"type":"Feature","geometry":{"type":"Point","coordinates":[23.739056,38.069756]},"properties":{"lines":"740","color":"#0059a9","mode":"bus","arr":["740"],"angle":88.9}},{"type":"Feature","geometry":{"type":"Point","coordinates":[23.735296,38.067918]},"properties":{"lines":"740","color":"#0059a9","mode":"bus","arr":["740"],"angle":63.8}},{"type":"Feature","geometry":{"type":"Point","coordinates":[23.730127,38.066909]},"properties":{"lines":"740","color":"#0059a9","mode":"bus","arr":["740"],"angle":19.1}},{"type":"Feature","geometry":{"type":"Point","coordinates":[23.72863,38.061869]},"properties":{"lines":"740","color":"#0059a9","mode":"bus","arr":["740"],"angle":19.3,"extra":1}},{"type":"Feature","geometry":{"type":"Point","coordinates":[23.725166,38.064149]},"properties":{"lines":"740","color":"#0059a9","mode":"bus","arr":["740"],"angle":-23,"extra":1}},{"type":"Feature","geometry":{"type":"Point","coordinates":[23.735137,38.067982]},"properties":{"lines":"740","color":"#0059a9","mode":"bus","arr":["740"],"angle":58.5,"extra":1}},{"type":"Feature","geometry":{"type":"Point","coordinates":[23.727306,38.062432]},"properties":{"lines":"740","color":"#0059a9","mode":"bus","arr":["740"],"angle":25.9}},{"type":"Feature","geometry":{"type":"Point","coordinates":[23.737838,38.079519]},"properties":{"lines":"740","color":"#0059a9","mode":"bus","arr":["740"],"angle":78.3}},{"type":"Feature","geometry":{"type":"Point","coordinates":[23.763451,38.108053]},"properties":{"lines":"740","color":"#0059a9","mode":"bus","arr":["740"],"angle":74.1}},{"type":"Feature","geometry":{"type":"Point","coordinates":[23.759408,38.134736]},"properties":{"lines":"504, 726","color":"#0059a9","mode":"bus","arr":["504","726"],"angle":16.2}},{"type":"Feature","geometry":{"type":"Point","coordinates":[23.818266,38.088958]},"properties":{"lines":"507, 509, 509Β, 510, 535, 535Α, 536, 560","color":"#0059a9","mode":"bus","arr":["507","509","509Β","510","535","535Α","536","560"],"angle":-46.9}},{"type":"Feature","geometry":{"type":"Point","coordinates":[23.827562,38.101426]},"properties":{"lines":"507, 509, 509Β, 510, 535, 535Α, 536","color":"#0059a9","mode":"bus","arr":["507","509","509Β","510","535","535Α","536"],"angle":-47.1}},{"type":"Feature","geometry":{"type":"Point","coordinates":[23.821028,38.091231]},"properties":{"lines":"507, 509, 509Β, 510, 535, 535Α, 536","color":"#0059a9","mode":"bus","arr":["507","509","509Β","510","535","535Α","536"],"angle":-42.9,"extra":1}},{"type":"Feature","geometry":{"type":"Point","coordinates":[23.823838,38.095612]},"properties":{"lines":"507, 509, 509Β, 510, 535, 535Α, 536","color":"#0059a9","mode":"bus","arr":["507","509","509Β","510","535","535Α","536"],"angle":-73.8,"extra":1}},{"type":"Feature","geometry":{"type":"Point","coordinates":[23.830527,38.103567]},"properties":{"lines":"507, 509, 509Β, 510, 535, 535Α, 536","color":"#0059a9","mode":"bus","arr":["507","509","509Β","510","535","535Α","536"],"angle":-46.1,"extra":1}},{"type":"Feature","geometry":{"type":"Point","coordinates":[23.835004,38.107009]},"properties":{"lines":"507, 509, 509Β, 510, 535, 535Α, 536","color":"#0059a9","mode":"bus","arr":["507","509","509Β","510","535","535Α","536"],"angle":-39.5,"extra":1}},{"type":"Feature","geometry":{"type":"Point","coordinates":[23.840377,38.109534]},"properties":{"lines":"507, 509, 509Β, 510, 535, 535Α, 536","color":"#0059a9","mode":"bus","arr":["507","509","509Β","510","535","535Α","536"],"angle":-35.1,"extra":1}},{"type":"Feature","geometry":{"type":"Point","coordinates":[23.84183,38.110349]},"properties":{"lines":"507, 509, 509Β, 536","color":"#0059a9","mode":"bus","arr":["507","509","509Β","536"],"angle":-35.8}},{"type":"Feature","geometry":{"type":"Point","coordinates":[23.845643,38.112842]},"properties":{"lines":"507, 509, 509Β, 510, 536","color":"#0059a9","mode":"bus","arr":["507","509","509Β","510","536"],"angle":-44.4}},{"type":"Feature","geometry":{"type":"Point","coordinates":[23.854362,38.116615]},"properties":{"lines":"507, 509, 509Β, 510","color":"#0059a9","mode":"bus","arr":["507","509","509Β","510"],"angle":-42.3}},{"type":"Feature","geometry":{"type":"Point","coordinates":[23.856828,38.118906]},"properties":{"lines":"507, 509, 509Β, 510","color":"#0059a9","mode":"bus","arr":["507","509","509Β","510"],"angle":-36.4,"extra":1}},{"type":"Feature","geometry":{"type":"Point","coordinates":[23.863282,38.117927]},"properties":{"lines":"507","color":"#0059a9","mode":"bus","arr":["507"],"angle":-9.4}},{"type":"Feature","geometry":{"type":"Point","coordinates":[23.877644,38.124082]},"properties":{"lines":"507","color":"#0059a9","mode":"bus","arr":["507"],"angle":-37}},{"type":"Feature","geometry":{"type":"Point","coordinates":[23.871394,38.116911]},"properties":{"lines":"507","color":"#0059a9","mode":"bus","arr":["507"],"angle":0.1,"extra":1}},{"type":"Feature","geometry":{"type":"Point","coordinates":[23.87461,38.115849]},"properties":{"lines":"507","color":"#0059a9","mode":"bus","arr":["507"],"angle":-0.7,"extra":1}},{"type":"Feature","geometry":{"type":"Point","coordinates":[23.870412,38.123109]},"properties":{"lines":"507","color":"#0059a9","mode":"bus","arr":["507"],"angle":-8.7,"extra":1}},{"type":"Feature","geometry":{"type":"Point","coordinates":[23.878744,38.127681]},"properties":{"lines":"507","color":"#0059a9","mode":"bus","arr":["507"],"angle":-63.2,"extra":1}},{"type":"Feature","geometry":{"type":"Point","coordinates":[23.881915,38.131834]},"properties":{"lines":"507","color":"#0059a9","mode":"bus","arr":["507"],"angle":-45.6,"extra":1}},{"type":"Feature","geometry":{"type":"Point","coordinates":[23.886165,38.135447]},"properties":{"lines":"507","color":"#0059a9","mode":"bus","arr":["507"],"angle":-63.2,"extra":1}},{"type":"Feature","geometry":{"type":"Point","coordinates":[23.886017,38.140307]},"properties":{"lines":"507","color":"#0059a9","mode":"bus","arr":["507"],"angle":82.9,"extra":1}},{"type":"Feature","geometry":{"type":"Point","coordinates":[23.856335,38.125216]},"properties":{"lines":"509, 509Β, 510","color":"#0059a9","mode":"bus","arr":["509","509Β","510"],"angle":-81.2}},{"type":"Feature","geometry":{"type":"Point","coordinates":[23.854849,38.145753]},"properties":{"lines":"509, 509Β, 510","color":"#0059a9","mode":"bus","arr":["509","509Β","510"],"angle":-73.8}},{"type":"Feature","geometry":{"type":"Point","coordinates":[23.858929,38.140584]},"properties":{"lines":"509, 509Β, 510","color":"#0059a9","mode":"bus","arr":["509","509Β","510"],"angle":-44.1,"extra":1}},{"type":"Feature","geometry":{"type":"Point","coordinates":[23.857405,38.152703]},"properties":{"lines":"509, 509Β, 510","color":"#0059a9","mode":"bus","arr":["509","509Β","510"],"angle":-73.8,"extra":1}},{"type":"Feature","geometry":{"type":"Point","coordinates":[23.85744,38.122851]},"properties":{"lines":"509, 509Β","color":"#0059a9","mode":"bus","arr":["509","509Β"],"angle":40.9}},{"type":"Feature","geometry":{"type":"Point","coordinates":[23.858767,38.13388]},"properties":{"lines":"509, 509Β, 510, 535, 535Α","color":"#0059a9","mode":"bus","arr":["509","509Β","510","535","535Α"],"angle":54.7}},{"type":"Feature","geometry":{"type":"Point","coordinates":[23.857773,38.129639]},"properties":{"lines":"509, 509Β, 510, 535, 535Α","color":"#0059a9","mode":"bus","arr":["509","509Β","510","535","535Α"],"angle":-59.8,"extra":1}},{"type":"Feature","geometry":{"type":"Point","coordinates":[23.858347,38.138322]},"properties":{"lines":"509, 509Β, 510, 535, 535Α","color":"#0059a9","mode":"bus","arr":["509","509Β","510","535","535Α"],"angle":-66.8,"extra":1}},{"type":"Feature","geometry":{"type":"Point","coordinates":[23.861623,38.170561]},"properties":{"lines":"509Β, 510","color":"#0059a9","mode":"bus","arr":["509Β","510"],"angle":-76.4}},{"type":"Feature","geometry":{"type":"Point","coordinates":[23.859327,38.156397]},"properties":{"lines":"509Β, 510","color":"#0059a9","mode":"bus","arr":["509Β","510"],"angle":-15.1,"extra":1}},{"type":"Feature","geometry":{"type":"Point","coordinates":[23.860522,38.159641]},"properties":{"lines":"509Β, 510","color":"#0059a9","mode":"bus","arr":["509Β","510"],"angle":50.4,"extra":1}},{"type":"Feature","geometry":{"type":"Point","coordinates":[23.861403,38.163571]},"properties":{"lines":"509Β, 510","color":"#0059a9","mode":"bus","arr":["509Β","510"],"angle":72.5,"extra":1}},{"type":"Feature","geometry":{"type":"Point","coordinates":[23.859521,38.177338]},"properties":{"lines":"509Β, 510","color":"#0059a9","mode":"bus","arr":["509Β","510"],"angle":9.7,"extra":1}},{"type":"Feature","geometry":{"type":"Point","coordinates":[23.856663,38.181463]},"properties":{"lines":"509Β, 510","color":"#0059a9","mode":"bus","arr":["509Β","510"],"angle":75,"extra":1}},{"type":"Feature","geometry":{"type":"Point","coordinates":[23.854069,38.185823]},"properties":{"lines":"509Β, 510","color":"#0059a9","mode":"bus","arr":["509Β","510"],"angle":-87.8,"extra":1}},{"type":"Feature","geometry":{"type":"Point","coordinates":[23.855014,38.139811]},"properties":{"lines":"509","color":"#0059a9","mode":"bus","arr":["509"],"angle":85.5}},{"type":"Feature","geometry":{"type":"Point","coordinates":[23.839112,38.140657]},"properties":{"lines":"509","color":"#0059a9","mode":"bus","arr":["509"],"angle":1.9}},{"type":"Feature","geometry":{"type":"Point","coordinates":[23.853173,38.139487]},"properties":{"lines":"509","color":"#0059a9","mode":"bus","arr":["509"],"angle":15,"extra":1}},{"type":"Feature","geometry":{"type":"Point","coordinates":[23.846906,38.139433]},"properties":{"lines":"509","color":"#0059a9","mode":"bus","arr":["509"],"angle":-1.5,"extra":1}},{"type":"Feature","geometry":{"type":"Point","coordinates":[23.835662,38.14075]},"properties":{"lines":"509","color":"#0059a9","mode":"bus","arr":["509"],"angle":-31.1,"extra":1}},{"type":"Feature","geometry":{"type":"Point","coordinates":[23.830581,38.140133]},"properties":{"lines":"509","color":"#0059a9","mode":"bus","arr":["509"],"angle":19.8,"extra":1}},{"type":"Feature","geometry":{"type":"Point","coordinates":[23.824757,38.138776]},"properties":{"lines":"509","color":"#0059a9","mode":"bus","arr":["509"],"angle":-5.4,"extra":1}},{"type":"Feature","geometry":{"type":"Point","coordinates":[23.843303,38.193092]},"properties":{"lines":"509Β","color":"#0059a9","mode":"bus","arr":["509Β"],"angle":84.8}},{"type":"Feature","geometry":{"type":"Point","coordinates":[23.851439,38.188924]},"properties":{"lines":"509Β","color":"#0059a9","mode":"bus","arr":["509Β"],"angle":-0.4,"extra":1}},{"type":"Feature","geometry":{"type":"Point","coordinates":[23.846209,38.191165]},"properties":{"lines":"509Β","color":"#0059a9","mode":"bus","arr":["509Β"],"angle":44.3,"extra":1}},{"type":"Feature","geometry":{"type":"Point","coordinates":[23.840994,38.199411]},"properties":{"lines":"509Β","color":"#0059a9","mode":"bus","arr":["509Β"],"angle":65.3,"extra":1}},{"type":"Feature","geometry":{"type":"Point","coordinates":[23.856513,38.202589]},"properties":{"lines":"509Β","color":"#0059a9","mode":"bus","arr":["509Β"],"angle":-21.5}},{"type":"Feature","geometry":{"type":"Point","coordinates":[23.843467,38.201364]},"properties":{"lines":"509Β","color":"#0059a9","mode":"bus","arr":["509Β"],"angle":35.5,"extra":1}},{"type":"Feature","geometry":{"type":"Point","coordinates":[23.847939,38.19845]},"properties":{"lines":"509Β","color":"#0059a9","mode":"bus","arr":["509Β"],"angle":-44.7,"extra":1}},{"type":"Feature","geometry":{"type":"Point","coordinates":[23.852773,38.20141]},"properties":{"lines":"509Β","color":"#0059a9","mode":"bus","arr":["509Β"],"angle":-26.5,"extra":1}},{"type":"Feature","geometry":{"type":"Point","coordinates":[23.863508,38.206177]},"properties":{"lines":"509Β","color":"#0059a9","mode":"bus","arr":["509Β"],"angle":-32.4,"extra":1}},{"type":"Feature","geometry":{"type":"Point","coordinates":[23.869168,38.20769]},"properties":{"lines":"509Β","color":"#0059a9","mode":"bus","arr":["509Β"],"angle":-50.3,"extra":1}},{"type":"Feature","geometry":{"type":"Point","coordinates":[23.86663,38.212514]},"properties":{"lines":"509Β","color":"#0059a9","mode":"bus","arr":["509Β"],"angle":89.3}},{"type":"Feature","geometry":{"type":"Point","coordinates":[23.864187,38.208775]},"properties":{"lines":"509Β","color":"#0059a9","mode":"bus","arr":["509Β"],"angle":-73.1,"extra":1}},{"type":"Feature","geometry":{"type":"Point","coordinates":[23.867422,38.215554]},"properties":{"lines":"509Β","color":"#0059a9","mode":"bus","arr":["509Β"],"angle":-14.8,"extra":1}},{"type":"Feature","geometry":{"type":"Point","coordinates":[23.902459,38.211719]},"properties":{"lines":"509Β","color":"#0059a9","mode":"bus","arr":["509Β"],"angle":-21.6}},{"type":"Feature","geometry":{"type":"Point","coordinates":[23.874838,38.210458]},"properties":{"lines":"509Β","color":"#0059a9","mode":"bus","arr":["509Β"],"angle":-37.1,"extra":1}},{"type":"Feature","geometry":{"type":"Point","coordinates":[23.880375,38.211211]},"properties":{"lines":"509Β","color":"#0059a9","mode":"bus","arr":["509Β"],"angle":0,"extra":1}},{"type":"Feature","geometry":{"type":"Point","coordinates":[23.885614,38.210608]},"properties":{"lines":"509Β","color":"#0059a9","mode":"bus","arr":["509Β"],"angle":-64,"extra":1}},{"type":"Feature","geometry":{"type":"Point","coordinates":[23.889958,38.209002]},"properties":{"lines":"509Β","color":"#0059a9","mode":"bus","arr":["509Β"],"angle":9.7,"extra":1}},{"type":"Feature","geometry":{"type":"Point","coordinates":[23.896161,38.209213]},"properties":{"lines":"509Β","color":"#0059a9","mode":"bus","arr":["509Β"],"angle":-15.3,"extra":1}},{"type":"Feature","geometry":{"type":"Point","coordinates":[23.909282,38.213122]},"properties":{"lines":"509Β","color":"#0059a9","mode":"bus","arr":["509Β"],"angle":-18.1,"extra":1}},{"type":"Feature","geometry":{"type":"Point","coordinates":[23.913895,38.216169]},"properties":{"lines":"509Β","color":"#0059a9","mode":"bus","arr":["509Β"],"angle":-64.2,"extra":1}},{"type":"Feature","geometry":{"type":"Point","coordinates":[23.918626,38.218997]},"properties":{"lines":"509Β","color":"#0059a9","mode":"bus","arr":["509Β"],"angle":-39.3,"extra":1}},{"type":"Feature","geometry":{"type":"Point","coordinates":[23.923324,38.22323]},"properties":{"lines":"509Β","color":"#0059a9","mode":"bus","arr":["509Β"],"angle":-54.1,"extra":1}},{"type":"Feature","geometry":{"type":"Point","coordinates":[23.874833,38.214437]},"properties":{"lines":"509Β","color":"#0059a9","mode":"bus","arr":["509Β"],"angle":-2}},{"type":"Feature","geometry":{"type":"Point","coordinates":[23.873278,38.211861]},"properties":{"lines":"509Β","color":"#0059a9","mode":"bus","arr":["509Β"],"angle":64.8,"extra":1}},{"type":"Feature","geometry":{"type":"Point","coordinates":[23.822199,38.288291]},"properties":{"lines":"510","color":"#0059a9","mode":"bus","arr":["510"],"angle":82.1}},{"type":"Feature","geometry":{"type":"Point","coordinates":[23.792342,38.321131]},"properties":{"lines":"510","color":"#0059a9","mode":"bus","arr":["510"],"angle":-9.5,"extra":1}},{"type":"Feature","geometry":{"type":"Point","coordinates":[23.798414,38.322139]},"properties":{"lines":"510","color":"#0059a9","mode":"bus","arr":["510"],"angle":-19.5,"extra":1}},{"type":"Feature","geometry":{"type":"Point","coordinates":[23.803707,38.324705]},"properties":{"lines":"510","color":"#0059a9","mode":"bus","arr":["510"],"angle":-45.3,"extra":1}},{"type":"Feature","geometry":{"type":"Point","coordinates":[23.808212,38.327424]},"properties":{"lines":"510","color":"#0059a9","mode":"bus","arr":["510"],"angle":32.4,"extra":1}},{"type":"Feature","geometry":{"type":"Point","coordinates":[23.812362,38.323873]},"properties":{"lines":"510","color":"#0059a9","mode":"bus","arr":["510"],"angle":62.6,"extra":1}},{"type":"Feature","geometry":{"type":"Point","coordinates":[23.815284,38.320145]},"properties":{"lines":"510","color":"#0059a9","mode":"bus","arr":["510"],"angle":-81.1,"extra":1}},{"type":"Feature","geometry":{"type":"Point","coordinates":[23.814215,38.315274]},"properties":{"lines":"510","color":"#0059a9","mode":"bus","arr":["510"],"angle":-82,"extra":1}},{"type":"Feature","geometry":{"type":"Point","coordinates":[23.811464,38.3121]},"properties":{"lines":"510","color":"#0059a9","mode":"bus","arr":["510"],"angle":46,"extra":1}},{"type":"Feature","geometry":{"type":"Point","coordinates":[23.815893,38.308829]},"properties":{"lines":"510","color":"#0059a9","mode":"bus","arr":["510"],"angle":70.4,"extra":1}},{"type":"Feature","geometry":{"type":"Point","coordinates":[23.818411,38.304964]},"properties":{"lines":"510","color":"#0059a9","mode":"bus","arr":["510"],"angle":46.3,"extra":1}},{"type":"Feature","geometry":{"type":"Point","coordinates":[23.819538,38.300302]},"properties":{"lines":"510","color":"#0059a9","mode":"bus","arr":["510"],"angle":-64.1,"extra":1}},{"type":"Feature","geometry":{"type":"Point","coordinates":[23.818823,38.295563]},"properties":{"lines":"510","color":"#0059a9","mode":"bus","arr":["510"],"angle":-86.5,"extra":1}},{"type":"Feature","geometry":{"type":"Point","coordinates":[23.821495,38.291738]},"properties":{"lines":"510","color":"#0059a9","mode":"bus","arr":["510"],"angle":14.5,"extra":1}},{"type":"Feature","geometry":{"type":"Point","coordinates":[23.824588,38.285818]},"properties":{"lines":"510","color":"#0059a9","mode":"bus","arr":["510"],"angle":55.8,"extra":1}},{"type":"Feature","geometry":{"type":"Point","coordinates":[23.82638,38.281465]},"properties":{"lines":"510","color":"#0059a9","mode":"bus","arr":["510"],"angle":-31.4,"extra":1}},{"type":"Feature","geometry":{"type":"Point","coordinates":[23.826661,38.275076]},"properties":{"lines":"510","color":"#0059a9","mode":"bus","arr":["510"],"angle":-89.4,"extra":1}},{"type":"Feature","geometry":{"type":"Point","coordinates":[23.830541,38.272477]},"properties":{"lines":"510","color":"#0059a9","mode":"bus","arr":["510"],"angle":-10.9,"extra":1}},{"type":"Feature","geometry":{"type":"Point","coordinates":[23.833398,38.268514]},"properties":{"lines":"510","color":"#0059a9","mode":"bus","arr":["510"],"angle":68.1,"extra":1}},{"type":"Feature","geometry":{"type":"Point","coordinates":[23.833127,38.264942]},"properties":{"lines":"510","color":"#0059a9","mode":"bus","arr":["510"],"angle":-48.4,"extra":1}},{"type":"Feature","geometry":{"type":"Point","coordinates":[23.828934,38.261437]},"properties":{"lines":"510","color":"#0059a9","mode":"bus","arr":["510"],"angle":-71.2,"extra":1}},{"type":"Feature","geometry":{"type":"Point","coordinates":[23.826375,38.256965]},"properties":{"lines":"510","color":"#0059a9","mode":"bus","arr":["510"],"angle":-82.3,"extra":1}},{"type":"Feature","geometry":{"type":"Point","coordinates":[23.825322,38.252458]},"properties":{"lines":"510","color":"#0059a9","mode":"bus","arr":["510"],"angle":-58.5,"extra":1}},{"type":"Feature","geometry":{"type":"Point","coordinates":[23.826217,38.247767]},"properties":{"lines":"510","color":"#0059a9","mode":"bus","arr":["510"],"angle":72.6,"extra":1}},{"type":"Feature","geometry":{"type":"Point","coordinates":[23.828505,38.243173]},"properties":{"lines":"510","color":"#0059a9","mode":"bus","arr":["510"],"angle":56.1,"extra":1}},{"type":"Feature","geometry":{"type":"Point","coordinates":[23.829569,38.238532]},"properties":{"lines":"510","color":"#0059a9","mode":"bus","arr":["510"],"angle":77.8,"extra":1}},{"type":"Feature","geometry":{"type":"Point","coordinates":[23.832298,38.234086]},"properties":{"lines":"510","color":"#0059a9","mode":"bus","arr":["510"],"angle":61.8,"extra":1}},{"type":"Feature","geometry":{"type":"Point","coordinates":[23.854696,38.214061]},"properties":{"lines":"510","color":"#0059a9","mode":"bus","arr":["510"],"angle":60.6}},{"type":"Feature","geometry":{"type":"Point","coordinates":[23.835647,38.231954]},"properties":{"lines":"510","color":"#0059a9","mode":"bus","arr":["510"],"angle":60.8,"extra":1}},{"type":"Feature","geometry":{"type":"Point","coordinates":[23.840843,38.229635]},"properties":{"lines":"510","color":"#0059a9","mode":"bus","arr":["510"],"angle":14.9,"extra":1}},{"type":"Feature","geometry":{"type":"Point","coordinates":[23.846831,38.228205]},"properties":{"lines":"510","color":"#0059a9","mode":"bus","arr":["510"],"angle":29,"extra":1}},{"type":"Feature","geometry":{"type":"Point","coordinates":[23.850965,38.224605]},"properties":{"lines":"510","color":"#0059a9","mode":"bus","arr":["510"],"angle":66.9,"extra":1}},{"type":"Feature","geometry":{"type":"Point","coordinates":[23.852606,38.219885]},"properties":{"lines":"510","color":"#0059a9","mode":"bus","arr":["510"],"angle":78,"extra":1}},{"type":"Feature","geometry":{"type":"Point","coordinates":[23.855543,38.21052]},"properties":{"lines":"510","color":"#0059a9","mode":"bus","arr":["510"],"angle":85.5,"extra":1}},{"type":"Feature","geometry":{"type":"Point","coordinates":[23.855463,38.205577]},"properties":{"lines":"510","color":"#0059a9","mode":"bus","arr":["510"],"angle":89.8,"extra":1}},{"type":"Feature","geometry":{"type":"Point","coordinates":[23.857458,38.200988]},"properties":{"lines":"510","color":"#0059a9","mode":"bus","arr":["510"],"angle":-79,"extra":1}},{"type":"Feature","geometry":{"type":"Point","coordinates":[23.853196,38.197773]},"properties":{"lines":"510","color":"#0059a9","mode":"bus","arr":["510"],"angle":-75.4,"extra":1}},{"type":"Feature","geometry":{"type":"Point","coordinates":[23.853843,38.193025]},"properties":{"lines":"510","color":"#0059a9","mode":"bus","arr":["510"],"angle":80.6,"extra":1}},{"type":"Feature","geometry":{"type":"Point","coordinates":[23.857329,38.122831]},"properties":{"lines":"510","color":"#0059a9","mode":"bus","arr":["510"],"angle":46.9}},{"type":"Feature","geometry":{"type":"Point","coordinates":[23.841561,38.110641]},"properties":{"lines":"510, 535, 535Α","color":"#0059a9","mode":"bus","arr":["510","535","535Α"],"angle":-35.6}},{"type":"Feature","geometry":{"type":"Point","coordinates":[23.810004,38.072464]},"properties":{"lines":"522, 523, 524, 526, 560","color":"#0059a9","mode":"bus","arr":["522","523","524","526","560"],"angle":13.5}},{"type":"Feature","geometry":{"type":"Point","coordinates":[23.805674,38.091471]},"properties":{"lines":"522","color":"#0059a9","mode":"bus","arr":["522"],"angle":16.9}},{"type":"Feature","geometry":{"type":"Point","coordinates":[23.809409,38.095855]},"properties":{"lines":"522","color":"#0059a9","mode":"bus","arr":["522"],"angle":-17.8}},{"type":"Feature","geometry":{"type":"Point","coordinates":[23.807493,38.100916]},"properties":{"lines":"522","color":"#0059a9","mode":"bus","arr":["522"],"angle":-25.8}},{"type":"Feature","geometry":{"type":"Point","coordinates":[23.804127,38.098509]},"properties":{"lines":"522","color":"#0059a9","mode":"bus","arr":["522"],"angle":30}},{"type":"Feature","geometry":{"type":"Point","coordinates":[23.801913,38.099173]},"properties":{"lines":"522","color":"#0059a9","mode":"bus","arr":["522"],"angle":-26.2}},{"type":"Feature","geometry":{"type":"Point","coordinates":[23.792177,38.099808]},"properties":{"lines":"522","color":"#0059a9","mode":"bus","arr":["522"],"angle":26.5}},{"type":"Feature","geometry":{"type":"Point","coordinates":[23.795268,38.098432]},"properties":{"lines":"522","color":"#0059a9","mode":"bus","arr":["522"],"angle":29.1,"extra":1}},{"type":"Feature","geometry":{"type":"Point","coordinates":[23.789643,38.095395]},"properties":{"lines":"522","color":"#0059a9","mode":"bus","arr":["522"],"angle":40.4}},{"type":"Feature","geometry":{"type":"Point","coordinates":[23.805614,38.094255]},"properties":{"lines":"522, 523","color":"#0059a9","mode":"bus","arr":["522","523"],"angle":-25.5}},{"type":"Feature","geometry":{"type":"Point","coordinates":[23.804193,38.103606]},"properties":{"lines":"522, 523","color":"#0059a9","mode":"bus","arr":["522","523"],"angle":-58.6}},{"type":"Feature","geometry":{"type":"Point","coordinates":[23.801591,38.10004]},"properties":{"lines":"522, 523","color":"#0059a9","mode":"bus","arr":["522","523"],"angle":-60.1,"extra":1}},{"type":"Feature","geometry":{"type":"Point","coordinates":[23.805467,38.100558]},"properties":{"lines":"522, 523","color":"#0059a9","mode":"bus","arr":["522","523"],"angle":-27,"extra":1}},{"type":"Feature","geometry":{"type":"Point","coordinates":[23.79824,38.098972]},"properties":{"lines":"522, 523","color":"#0059a9","mode":"bus","arr":["522","523"],"angle":30}},{"type":"Feature","geometry":{"type":"Point","coordinates":[23.792268,38.096468]},"properties":{"lines":"522, 523","color":"#0059a9","mode":"bus","arr":["522","523"],"angle":40.7}},{"type":"Feature","geometry":{"type":"Point","coordinates":[23.791369,38.097046]},"properties":{"lines":"523","color":"#0059a9","mode":"bus","arr":["523"],"angle":37}},{"type":"Feature","geometry":{"type":"Point","coordinates":[23.794102,38.097677]},"properties":{"lines":"523","color":"#0059a9","mode":"bus","arr":["523"],"angle":-49.7}},{"type":"Feature","geometry":{"type":"Point","coordinates":[23.796554,38.099739]},"properties":{"lines":"523","color":"#0059a9","mode":"bus","arr":["523"],"angle":30.3,"extra":1}},{"type":"Feature","geometry":{"type":"Point","coordinates":[23.79982,38.100118]},"properties":{"lines":"523","color":"#0059a9","mode":"bus","arr":["523"],"angle":81.3}},{"type":"Feature","geometry":{"type":"Point","coordinates":[23.803469,38.100675]},"properties":{"lines":"523","color":"#0059a9","mode":"bus","arr":["523"],"angle":29.4}},{"type":"Feature","geometry":{"type":"Point","coordinates":[23.807642,38.096827]},"properties":{"lines":"523","color":"#0059a9","mode":"bus","arr":["523"],"angle":30.3}},{"type":"Feature","geometry":{"type":"Point","coordinates":[23.798414,38.092145]},"properties":{"lines":"523","color":"#0059a9","mode":"bus","arr":["523"],"angle":-4.9}},{"type":"Feature","geometry":{"type":"Point","coordinates":[23.793941,38.094875]},"properties":{"lines":"522, 543, 543Α","color":"#0059a9","mode":"bus","arr":["522","543","543Α"],"angle":60.2}},{"type":"Feature","geometry":{"type":"Point","coordinates":[23.807746,38.074818]},"properties":{"lines":"543, 543Α","color":"#0059a9","mode":"bus","arr":["543","543Α"],"angle":83.3}},{"type":"Feature","geometry":{"type":"Point","coordinates":[23.797428,38.07637]},"properties":{"lines":"543, 543Α","color":"#0059a9","mode":"bus","arr":["543","543Α"],"angle":21.6}},{"type":"Feature","geometry":{"type":"Point","coordinates":[23.794409,38.076701]},"properties":{"lines":"543, 543Α","color":"#0059a9","mode":"bus","arr":["543","543Α"],"angle":-89.9}},{"type":"Feature","geometry":{"type":"Point","coordinates":[23.783791,38.089894]},"properties":{"lines":"543, 543Α","color":"#0059a9","mode":"bus","arr":["543","543Α"],"angle":-49.3}},{"type":"Feature","geometry":{"type":"Point","coordinates":[23.771657,38.080416]},"properties":{"lines":"543, 543Α","color":"#0059a9","mode":"bus","arr":["543","543Α"],"angle":-18.1}},{"type":"Feature","geometry":{"type":"Point","coordinates":[23.779769,38.077354]},"properties":{"lines":"543, 543Α","color":"#0059a9","mode":"bus","arr":["543","543Α"],"angle":47.3}},{"type":"Feature","geometry":{"type":"Point","coordinates":[23.780902,38.07809]},"properties":{"lines":"543, 543Α","color":"#0059a9","mode":"bus","arr":["543","543Α"],"angle":-53.9}},{"type":"Feature","geometry":{"type":"Point","coordinates":[23.804093,38.073922]},"properties":{"lines":"543, 543Α","color":"#0059a9","mode":"bus","arr":["543","543Α"],"angle":1.3}},{"type":"Feature","geometry":{"type":"Point","coordinates":[23.794095,38.094549]},"properties":{"lines":"Β9","color":"#0059a9","mode":"bus","arr":["Β9"],"angle":42.3}},{"type":"Feature","geometry":{"type":"Point","coordinates":[23.726788,37.989925]},"properties":{"lines":"Β9","color":"#0059a9","mode":"bus","arr":["Β9"],"angle":-86.4}},{"type":"Feature","geometry":{"type":"Point","coordinates":[23.801201,38.078072]},"properties":{"lines":"Β9","color":"#0059a9","mode":"bus","arr":["Β9"],"angle":-1}},{"type":"Feature","geometry":{"type":"Point","coordinates":[23.800394,38.07487]},"properties":{"lines":"Β9","color":"#0059a9","mode":"bus","arr":["Β9"],"angle":-86.3}},{"type":"Feature","geometry":{"type":"Point","coordinates":[23.787935,38.072438]},"properties":{"lines":"Β9","color":"#0059a9","mode":"bus","arr":["Β9"],"angle":-34.7}},{"type":"Feature","geometry":{"type":"Point","coordinates":[23.764918,38.065177]},"properties":{"lines":"Β9","color":"#0059a9","mode":"bus","arr":["Β9"],"angle":24.8}},{"type":"Feature","geometry":{"type":"Point","coordinates":[23.759721,38.06208]},"properties":{"lines":"Β9","color":"#0059a9","mode":"bus","arr":["Β9"],"angle":-45.4}},{"type":"Feature","geometry":{"type":"Point","coordinates":[23.745626,38.046782]},"properties":{"lines":"Β9","color":"#0059a9","mode":"bus","arr":["Β9"],"angle":-56.5}},{"type":"Feature","geometry":{"type":"Point","coordinates":[23.743598,38.044322]},"properties":{"lines":"Β9","color":"#0059a9","mode":"bus","arr":["Β9"],"angle":-57.5,"extra":1}},{"type":"Feature","geometry":{"type":"Point","coordinates":[23.726311,37.988495]},"properties":{"lines":"Β9","color":"#0059a9","mode":"bus","arr":["Β9"],"angle":-61.6}},{"type":"Feature","geometry":{"type":"Point","coordinates":[23.79543,38.092849]},"properties":{"lines":"522, Β9","color":"#0059a9","mode":"bus","arr":["522","Β9"],"angle":57.5}},{"type":"Feature","geometry":{"type":"Point","coordinates":[23.79515,38.093347]},"properties":{"lines":"523, 543, 543Α, 721","color":"#0059a9","mode":"bus","arr":["523","543","543Α","721"],"angle":56.4}},{"type":"Feature","geometry":{"type":"Point","coordinates":[23.810349,38.073266]},"properties":{"lines":"523, 524, 526, 530","color":"#0059a9","mode":"bus","arr":["523","524","526","530"],"angle":15.9}},{"type":"Feature","geometry":{"type":"Point","coordinates":[23.816608,38.075569]},"properties":{"lines":"524, 526, 530","color":"#0059a9","mode":"bus","arr":["524","526","530"],"angle":5.5}},{"type":"Feature","geometry":{"type":"Point","coordinates":[23.816735,38.078179]},"properties":{"lines":"524, 526","color":"#0059a9","mode":"bus","arr":["524","526"],"angle":7.4}},{"type":"Feature","geometry":{"type":"Point","coordinates":[23.823886,38.080205]},"properties":{"lines":"524, 526","color":"#0059a9","mode":"bus","arr":["524","526"],"angle":-49.3}},{"type":"Feature","geometry":{"type":"Point","coordinates":[23.828922,38.082861]},"properties":{"lines":"524, 526","color":"#0059a9","mode":"bus","arr":["524","526"],"angle":-66.2}},{"type":"Feature","geometry":{"type":"Point","coordinates":[23.832044,38.079867]},"properties":{"lines":"524, 526","color":"#0059a9","mode":"bus","arr":["524","526"],"angle":-51.6}},{"type":"Feature","geometry":{"type":"Point","coordinates":[23.831028,38.084035]},"properties":{"lines":"524","color":"#0059a9","mode":"bus","arr":["524"],"angle":-21.7}},{"type":"Feature","geometry":{"type":"Point","coordinates":[23.825328,38.074933]},"properties":{"lines":"524","color":"#0059a9","mode":"bus","arr":["524"],"angle":5.3}},{"type":"Feature","geometry":{"type":"Point","coordinates":[23.831014,38.084273]},"properties":{"lines":"526","color":"#0059a9","mode":"bus","arr":["526"],"angle":-38.6}},{"type":"Feature","geometry":{"type":"Point","coordinates":[23.824751,38.075895]},"properties":{"lines":"526","color":"#0059a9","mode":"bus","arr":["526"],"angle":5.9}},{"type":"Feature","geometry":{"type":"Point","coordinates":[23.820981,38.076648]},"properties":{"lines":"526","color":"#0059a9","mode":"bus","arr":["526"],"angle":75.8}},{"type":"Feature","geometry":{"type":"Point","coordinates":[23.791264,38.054876]},"properties":{"lines":"527","color":"#0059a9","mode":"bus","arr":["527"],"angle":-57.7}},{"type":"Feature","geometry":{"type":"Point","coordinates":[23.789617,38.052402]},"properties":{"lines":"527","color":"#0059a9","mode":"bus","arr":["527"],"angle":-64.2,"extra":1}},{"type":"Feature","geometry":{"type":"Point","coordinates":[23.797089,38.065687]},"properties":{"lines":"527","color":"#0059a9","mode":"bus","arr":["527"],"angle":24}},{"type":"Feature","geometry":{"type":"Point","coordinates":[23.786731,38.048686]},"properties":{"lines":"527","color":"#0059a9","mode":"bus","arr":["527"],"angle":51.8}},{"type":"Feature","geometry":{"type":"Point","coordinates":[23.794721,38.049016]},"properties":{"lines":"527","color":"#0059a9","mode":"bus","arr":["527"],"angle":10,"extra":1}},{"type":"Feature","geometry":{"type":"Point","coordinates":[23.793786,38.046094]},"properties":{"lines":"527","color":"#0059a9","mode":"bus","arr":["527"],"angle":-50,"extra":1}},{"type":"Feature","geometry":{"type":"Point","coordinates":[23.791846,38.053946]},"properties":{"lines":"527","color":"#0059a9","mode":"bus","arr":["527"],"angle":-65.4,"extra":1}},{"type":"Feature","geometry":{"type":"Point","coordinates":[23.794454,38.058445]},"properties":{"lines":"527","color":"#0059a9","mode":"bus","arr":["527"],"angle":-65.7,"extra":1}},{"type":"Feature","geometry":{"type":"Point","coordinates":[23.794377,38.061252]},"properties":{"lines":"527","color":"#0059a9","mode":"bus","arr":["527"],"angle":-73.9}},{"type":"Feature","geometry":{"type":"Point","coordinates":[23.794084,38.059332]},"properties":{"lines":"527, 541","color":"#0059a9","mode":"bus","arr":["527","541"],"angle":-11.9}},{"type":"Feature","geometry":{"type":"Point","coordinates":[23.790785,38.050262]},"properties":{"lines":"527, 642","color":"#0059a9","mode":"bus","arr":["527","642"],"angle":14.2}},{"type":"Feature","geometry":{"type":"Point","coordinates":[23.794304,38.059306]},"properties":{"lines":"527, 541, Α8","color":"#0059a9","mode":"bus","arr":["527","541","Α8"],"angle":-12.4}},{"type":"Feature","geometry":{"type":"Point","coordinates":[23.830404,38.06329]},"properties":{"lines":"530","color":"#0059a9","mode":"bus","arr":["530"],"angle":32.8}},{"type":"Feature","geometry":{"type":"Point","coordinates":[23.83351,38.061699]},"properties":{"lines":"530","color":"#0059a9","mode":"bus","arr":["530"],"angle":32.1,"extra":1}},{"type":"Feature","geometry":{"type":"Point","coordinates":[23.821011,38.06868]},"properties":{"lines":"530","color":"#0059a9","mode":"bus","arr":["530"],"angle":85.4}},{"type":"Feature","geometry":{"type":"Point","coordinates":[23.823478,38.066599]},"properties":{"lines":"530","color":"#0059a9","mode":"bus","arr":["530"],"angle":4.7,"extra":1}},{"type":"Feature","geometry":{"type":"Point","coordinates":[23.82115,38.074447]},"properties":{"lines":"530","color":"#0059a9","mode":"bus","arr":["530"],"angle":-84.8,"extra":1}},{"type":"Feature","geometry":{"type":"Point","coordinates":[23.842091,38.110064]},"properties":{"lines":"535, 535Α","color":"#0059a9","mode":"bus","arr":["535","535Α"],"angle":-36}},{"type":"Feature","geometry":{"type":"Point","coordinates":[23.83781,38.114692]},"properties":{"lines":"535, 535Α","color":"#0059a9","mode":"bus","arr":["535","535Α"],"angle":54.3}},{"type":"Feature","geometry":{"type":"Point","coordinates":[23.845653,38.122724]},"properties":{"lines":"535, 535Α","color":"#0059a9","mode":"bus","arr":["535","535Α"],"angle":-29}},{"type":"Feature","geometry":{"type":"Point","coordinates":[23.853755,38.126824]},"properties":{"lines":"535, 535Α","color":"#0059a9","mode":"bus","arr":["535","535Α"],"angle":-10.5,"extra":1}},{"type":"Feature","geometry":{"type":"Point","coordinates":[23.848676,38.124038]},"properties":{"lines":"535, 535Α","color":"#0059a9","mode":"bus","arr":["535","535Α"],"angle":-24.8,"extra":1}},{"type":"Feature","geometry":{"type":"Point","coordinates":[23.839608,38.11785]},"properties":{"lines":"535, 535Α","color":"#0059a9","mode":"bus","arr":["535","535Α"],"angle":-24.6,"extra":1}},{"type":"Feature","geometry":{"type":"Point","coordinates":[23.866723,38.137916]},"properties":{"lines":"535, 535Α","color":"#0059a9","mode":"bus","arr":["535","535Α"],"angle":21.5}},{"type":"Feature","geometry":{"type":"Point","coordinates":[23.8626,38.13987]},"properties":{"lines":"535, 535Α","color":"#0059a9","mode":"bus","arr":["535","535Α"],"angle":43.4,"extra":1}},{"type":"Feature","geometry":{"type":"Point","coordinates":[23.873833,38.136201]},"properties":{"lines":"535, 535Α","color":"#0059a9","mode":"bus","arr":["535","535Α"],"angle":12.2,"extra":1}},{"type":"Feature","geometry":{"type":"Point","coordinates":[23.873227,38.131955]},"properties":{"lines":"535, 535Α","color":"#0059a9","mode":"bus","arr":["535","535Α"],"angle":-79.2}},{"type":"Feature","geometry":{"type":"Point","coordinates":[23.877675,38.133167]},"properties":{"lines":"535, 535Α","color":"#0059a9","mode":"bus","arr":["535","535Α"],"angle":67.5,"extra":1}},{"type":"Feature","geometry":{"type":"Point","coordinates":[23.876368,38.129088]},"properties":{"lines":"535, 535Α","color":"#0059a9","mode":"bus","arr":["535","535Α"],"angle":8.5,"extra":1}},{"type":"Feature","geometry":{"type":"Point","coordinates":[23.875523,38.135743]},"properties":{"lines":"535, 535Α","color":"#0059a9","mode":"bus","arr":["535","535Α"],"angle":22.6,"extra":1}},{"type":"Feature","geometry":{"type":"Point","coordinates":[23.880082,38.137232]},"properties":{"lines":"535, 535Α","color":"#0059a9","mode":"bus","arr":["535","535Α"],"angle":76,"extra":1}},{"type":"Feature","geometry":{"type":"Point","coordinates":[23.896615,38.154069]},"properties":{"lines":"535Α","color":"#0059a9","mode":"bus","arr":["535Α"],"angle":88.7}},{"type":"Feature","geometry":{"type":"Point","coordinates":[23.879857,38.140195]},"properties":{"lines":"535Α","color":"#0059a9","mode":"bus","arr":["535Α"],"angle":-82.5,"extra":1}},{"type":"Feature","geometry":{"type":"Point","coordinates":[23.881413,38.144908]},"properties":{"lines":"535Α","color":"#0059a9","mode":"bus","arr":["535Α"],"angle":-60.3,"extra":1}},{"type":"Feature","geometry":{"type":"Point","coordinates":[23.88494,38.148918]},"properties":{"lines":"535Α","color":"#0059a9","mode":"bus","arr":["535Α"],"angle":-73.5,"extra":1}},{"type":"Feature","geometry":{"type":"Point","coordinates":[23.889674,38.150853]},"properties":{"lines":"535Α","color":"#0059a9","mode":"bus","arr":["535Α"],"angle":23.1,"extra":1}},{"type":"Feature","geometry":{"type":"Point","coordinates":[23.895773,38.160873]},"properties":{"lines":"535Α","color":"#0059a9","mode":"bus","arr":["535Α"],"angle":-51.7,"extra":1}},{"type":"Feature","geometry":{"type":"Point","coordinates":[23.900603,38.161931]},"properties":{"lines":"535Α","color":"#0059a9","mode":"bus","arr":["535Α"],"angle":-55.9,"extra":1}},{"type":"Feature","geometry":{"type":"Point","coordinates":[23.903824,38.1637]},"properties":{"lines":"535Α","color":"#0059a9","mode":"bus","arr":["535Α"],"angle":-58.1,"extra":1}},{"type":"Feature","geometry":{"type":"Point","coordinates":[23.917366,38.173577]},"properties":{"lines":"535Α","color":"#0059a9","mode":"bus","arr":["535Α"],"angle":-36.4}},{"type":"Feature","geometry":{"type":"Point","coordinates":[23.92172,38.174882]},"properties":{"lines":"535Α","color":"#0059a9","mode":"bus","arr":["535Α"],"angle":73.3,"extra":1}},{"type":"Feature","geometry":{"type":"Point","coordinates":[23.909207,38.170663]},"properties":{"lines":"535Α","color":"#0059a9","mode":"bus","arr":["535Α"],"angle":-41.3,"extra":1}},{"type":"Feature","geometry":{"type":"Point","coordinates":[23.837763,38.116334]},"properties":{"lines":"535","color":"#0059a9","mode":"bus","arr":["535"],"angle":-17.9}},{"type":"Feature","geometry":{"type":"Point","coordinates":[23.878595,38.136327]},"properties":{"lines":"535","color":"#0059a9","mode":"bus","arr":["535"],"angle":-41}},{"type":"Feature","geometry":{"type":"Point","coordinates":[23.865644,38.106099]},"properties":{"lines":"536","color":"#0059a9","mode":"bus","arr":["536"],"angle":23.4}},{"type":"Feature","geometry":{"type":"Point","coordinates":[23.852496,38.113275]},"properties":{"lines":"536","color":"#0059a9","mode":"bus","arr":["536"],"angle":45.1,"extra":1}},{"type":"Feature","geometry":{"type":"Point","coordinates":[23.857611,38.110533]},"properties":{"lines":"536","color":"#0059a9","mode":"bus","arr":["536"],"angle":25.5,"extra":1}},{"type":"Feature","geometry":{"type":"Point","coordinates":[23.862583,38.107582]},"properties":{"lines":"536","color":"#0059a9","mode":"bus","arr":["536"],"angle":27.7,"extra":1}},{"type":"Feature","geometry":{"type":"Point","coordinates":[23.873909,38.103444]},"properties":{"lines":"536","color":"#0059a9","mode":"bus","arr":["536"],"angle":37.9,"extra":1}},{"type":"Feature","geometry":{"type":"Point","coordinates":[23.879565,38.102394]},"properties":{"lines":"536","color":"#0059a9","mode":"bus","arr":["536"],"angle":10.7,"extra":1}},{"type":"Feature","geometry":{"type":"Point","coordinates":[23.881665,38.108274]},"properties":{"lines":"536","color":"#0059a9","mode":"bus","arr":["536"],"angle":-66.3}},{"type":"Feature","geometry":{"type":"Point","coordinates":[23.891649,38.093841]},"properties":{"lines":"536","color":"#0059a9","mode":"bus","arr":["536"],"angle":-12.9}},{"type":"Feature","geometry":{"type":"Point","coordinates":[23.902099,38.093449]},"properties":{"lines":"536","color":"#0059a9","mode":"bus","arr":["536"],"angle":10.7,"extra":1}},{"type":"Feature","geometry":{"type":"Point","coordinates":[23.897507,38.09585]},"properties":{"lines":"536","color":"#0059a9","mode":"bus","arr":["536"],"angle":-29,"extra":1}},{"type":"Feature","geometry":{"type":"Point","coordinates":[23.887976,38.094333]},"properties":{"lines":"536","color":"#0059a9","mode":"bus","arr":["536"],"angle":29.2,"extra":1}},{"type":"Feature","geometry":{"type":"Point","coordinates":[23.886981,38.097444]},"properties":{"lines":"536","color":"#0059a9","mode":"bus","arr":["536"],"angle":-42.6,"extra":1}},{"type":"Feature","geometry":{"type":"Point","coordinates":[23.885037,38.100958]},"properties":{"lines":"536","color":"#0059a9","mode":"bus","arr":["536"],"angle":36.7,"extra":1}},{"type":"Feature","geometry":{"type":"Point","coordinates":[23.732929,38.077792]},"properties":{"lines":"537, 712, 728, 733, 734, 735, 752","color":"#0059a9","mode":"bus","arr":["537","712","728","733","734","735","752"],"angle":4.7}},{"type":"Feature","geometry":{"type":"Point","coordinates":[23.733401,38.078828]},"properties":{"lines":"537, 712, 721, 728, 733, 734, 735, 740, 752, Α10, Β10","color":"#0059a9","mode":"bus","arr":["537","712","721","728","733","734","735","740","752","Α10","Β10"],"angle":82.6}},{"type":"Feature","geometry":{"type":"Point","coordinates":[23.732166,38.079022]},"properties":{"lines":"537, 712, 728, 733, 734, 735, 752, 878, 879","color":"#0059a9","mode":"bus","arr":["537","712","728","733","734","735","752","878","879"],"angle":-13.3}},{"type":"Feature","geometry":{"type":"Point","coordinates":[23.730622,38.079007]},"properties":{"lines":"537, 734","color":"#0059a9","mode":"bus","arr":["537","734"],"angle":28}},{"type":"Feature","geometry":{"type":"Point","coordinates":[23.730204,38.081276]},"properties":{"lines":"537, 728, 733, 734, 735","color":"#0059a9","mode":"bus","arr":["537","728","733","734","735"],"angle":-88.4}},{"type":"Feature","geometry":{"type":"Point","coordinates":[23.732816,38.081931]},"properties":{"lines":"537, 712, 721, 728, 733, 734, 735, 740, 752, 878, 879, Α10, Β10","color":"#0059a9","mode":"bus","arr":["537","712","721","728","733","734","735","740","752","878","879","Α10","Β10"],"angle":80.8}},{"type":"Feature","geometry":{"type":"Point","coordinates":[23.733988,38.07846]},"properties":{"lines":"537, 721, 734, 740, Α10, Β10","color":"#0059a9","mode":"bus","arr":["537","721","734","740","Α10","Β10"],"angle":-5.1}},{"type":"Feature","geometry":{"type":"Point","coordinates":[23.789702,38.107823]},"properties":{"lines":"537","color":"#0059a9","mode":"bus","arr":["537"],"angle":-63.1}},{"type":"Feature","geometry":{"type":"Point","coordinates":[23.775915,38.094639]},"properties":{"lines":"537","color":"#0059a9","mode":"bus","arr":["537"],"angle":-51.4,"extra":1}},{"type":"Feature","geometry":{"type":"Point","coordinates":[23.778632,38.099063]},"properties":{"lines":"537","color":"#0059a9","mode":"bus","arr":["537"],"angle":-64.9,"extra":1}},{"type":"Feature","geometry":{"type":"Point","coordinates":[23.783232,38.102146]},"properties":{"lines":"537","color":"#0059a9","mode":"bus","arr":["537"],"angle":-36.8,"extra":1}},{"type":"Feature","geometry":{"type":"Point","coordinates":[23.787924,38.105409]},"properties":{"lines":"537","color":"#0059a9","mode":"bus","arr":["537"],"angle":-49.6,"extra":1}},{"type":"Feature","geometry":{"type":"Point","coordinates":[23.789672,38.11464]},"properties":{"lines":"537","color":"#0059a9","mode":"bus","arr":["537"],"angle":78.7,"extra":1}},{"type":"Feature","geometry":{"type":"Point","coordinates":[23.790446,38.119324]},"properties":{"lines":"537","color":"#0059a9","mode":"bus","arr":["537"],"angle":-66.5,"extra":1}},{"type":"Feature","geometry":{"type":"Point","coordinates":[23.793046,38.123825]},"properties":{"lines":"537","color":"#0059a9","mode":"bus","arr":["537"],"angle":-65.6,"extra":1}},{"type":"Feature","geometry":{"type":"Point","coordinates":[23.782952,38.121532]},"properties":{"lines":"537","color":"#0059a9","mode":"bus","arr":["537"],"angle":23.6}},{"type":"Feature","geometry":{"type":"Point","coordinates":[23.735844,38.078912]},"properties":{"lines":"537, 721, 734, 740","color":"#0059a9","mode":"bus","arr":["537","721","734","740"],"angle":-37.1}},{"type":"Feature","geometry":{"type":"Point","coordinates":[23.737213,38.079205]},"properties":{"lines":"537, 721, 734, 740, 755","color":"#0059a9","mode":"bus","arr":["537","721","734","740","755"],"angle":47.2}},{"type":"Feature","geometry":{"type":"Point","coordinates":[23.741432,38.080267]},"properties":{"lines":"537, 721, 734, 755","color":"#0059a9","mode":"bus","arr":["537","721","734","755"],"angle":-18}},{"type":"Feature","geometry":{"type":"Point","coordinates":[23.74527,38.082387]},"properties":{"lines":"537, 721, 734, 755, 755Β","color":"#0059a9","mode":"bus","arr":["537","721","734","755","755Β"],"angle":-88.9}},{"type":"Feature","geometry":{"type":"Point","coordinates":[23.766246,38.091719]},"properties":{"lines":"537, 721, 734","color":"#0059a9","mode":"bus","arr":["537","721","734"],"angle":-9.6}},{"type":"Feature","geometry":{"type":"Point","coordinates":[23.748044,38.085324]},"properties":{"lines":"537, 721, 734","color":"#0059a9","mode":"bus","arr":["537","721","734"],"angle":-29.7,"extra":1}},{"type":"Feature","geometry":{"type":"Point","coordinates":[23.75352,38.087738]},"properties":{"lines":"537, 721, 734","color":"#0059a9","mode":"bus","arr":["537","721","734"],"angle":-29.2,"extra":1}},{"type":"Feature","geometry":{"type":"Point","coordinates":[23.761333,38.091075]},"properties":{"lines":"537, 721, 734","color":"#0059a9","mode":"bus","arr":["537","721","734"],"angle":-14.1,"extra":1}},{"type":"Feature","geometry":{"type":"Point","coordinates":[23.77371,38.092713]},"properties":{"lines":"537, 721, 734","color":"#0059a9","mode":"bus","arr":["537","721","734"],"angle":6,"extra":1}},{"type":"Feature","geometry":{"type":"Point","coordinates":[23.760477,38.06381]},"properties":{"lines":"541","color":"#0059a9","mode":"bus","arr":["541"],"angle":-14.2}},{"type":"Feature","geometry":{"type":"Point","coordinates":[23.755908,38.061225]},"properties":{"lines":"541","color":"#0059a9","mode":"bus","arr":["541"],"angle":-50.2}},{"type":"Feature","geometry":{"type":"Point","coordinates":[23.762347,38.062246]},"properties":{"lines":"541","color":"#0059a9","mode":"bus","arr":["541"],"angle":-30.8}},{"type":"Feature","geometry":{"type":"Point","coordinates":[23.765024,38.064833]},"properties":{"lines":"541","color":"#0059a9","mode":"bus","arr":["541"],"angle":-42.5,"extra":1}},{"type":"Feature","geometry":{"type":"Point","coordinates":[23.7854,38.068402]},"properties":{"lines":"541","color":"#0059a9","mode":"bus","arr":["541"],"angle":16.7}},{"type":"Feature","geometry":{"type":"Point","coordinates":[23.785833,38.062874]},"properties":{"lines":"541","color":"#0059a9","mode":"bus","arr":["541"],"angle":-80.2,"extra":1}},{"type":"Feature","geometry":{"type":"Point","coordinates":[23.781451,38.064371]},"properties":{"lines":"541","color":"#0059a9","mode":"bus","arr":["541"],"angle":-54.4,"extra":1}},{"type":"Feature","geometry":{"type":"Point","coordinates":[23.804347,38.056519]},"properties":{"lines":"541","color":"#0059a9","mode":"bus","arr":["541"],"angle":54.2}},{"type":"Feature","geometry":{"type":"Point","coordinates":[23.789164,38.059353]},"properties":{"lines":"541","color":"#0059a9","mode":"bus","arr":["541"],"angle":13.2}},{"type":"Feature","geometry":{"type":"Point","coordinates":[23.764894,38.065109]},"properties":{"lines":"541","color":"#0059a9","mode":"bus","arr":["541"],"angle":24.8}},{"type":"Feature","geometry":{"type":"Point","coordinates":[23.757969,38.063437]},"properties":{"lines":"541, 604, 724","color":"#0059a9","mode":"bus","arr":["541","604","724"],"angle":-58.6}},{"type":"Feature","geometry":{"type":"Point","coordinates":[23.755592,38.059473]},"properties":{"lines":"541, 604","color":"#0059a9","mode":"bus","arr":["541","604"],"angle":50.1}},{"type":"Feature","geometry":{"type":"Point","coordinates":[23.757053,38.060029]},"properties":{"lines":"541, 604","color":"#0059a9","mode":"bus","arr":["541","604"],"angle":-25.9}},{"type":"Feature","geometry":{"type":"Point","coordinates":[23.773086,38.068684]},"properties":{"lines":"541, Β9","color":"#0059a9","mode":"bus","arr":["541","Β9"],"angle":-6}},{"type":"Feature","geometry":{"type":"Point","coordinates":[23.767259,38.066775]},"properties":{"lines":"541, Β9","color":"#0059a9","mode":"bus","arr":["541","Β9"],"angle":-27.9,"extra":1}},{"type":"Feature","geometry":{"type":"Point","coordinates":[23.779261,38.069088]},"properties":{"lines":"541, Β9","color":"#0059a9","mode":"bus","arr":["541","Β9"],"angle":-10.9,"extra":1}},{"type":"Feature","geometry":{"type":"Point","coordinates":[23.76286,38.065163]},"properties":{"lines":"541, Β9","color":"#0059a9","mode":"bus","arr":["541","Β9"],"angle":-24.9}},{"type":"Feature","geometry":{"type":"Point","coordinates":[23.78626,38.060017]},"properties":{"lines":"541, Α8","color":"#0059a9","mode":"bus","arr":["541","Α8"],"angle":25.6}},{"type":"Feature","geometry":{"type":"Point","coordinates":[23.790457,38.059093]},"properties":{"lines":"541, Α8","color":"#0059a9","mode":"bus","arr":["541","Α8"],"angle":4,"extra":1}},{"type":"Feature","geometry":{"type":"Point","coordinates":[23.804074,38.07548]},"properties":{"lines":"543, 543Α, Β9","color":"#0059a9","mode":"bus","arr":["543","543Α","Β9"],"angle":5.1}},{"type":"Feature","geometry":{"type":"Point","coordinates":[23.79718,38.082895]},"properties":{"lines":"543, 543Α, Β9","color":"#0059a9","mode":"bus","arr":["543","543Α","Β9"],"angle":-64.6}},{"type":"Feature","geometry":{"type":"Point","coordinates":[23.799043,38.085236]},"properties":{"lines":"543, 543Α, Β9","color":"#0059a9","mode":"bus","arr":["543","543Α","Β9"],"angle":-67.8,"extra":1}},{"type":"Feature","geometry":{"type":"Point","coordinates":[23.797067,38.074411]},"properties":{"lines":"543, 543Α, Β9","color":"#0059a9","mode":"bus","arr":["543","543Α","Β9"],"angle":7.2}},{"type":"Feature","geometry":{"type":"Point","coordinates":[23.785063,38.089162]},"properties":{"lines":"543, 543Α, 734","color":"#0059a9","mode":"bus","arr":["543","543Α","734"],"angle":41.2}},{"type":"Feature","geometry":{"type":"Point","coordinates":[23.784864,38.088875]},"properties":{"lines":"543, 543Α, 734","color":"#0059a9","mode":"bus","arr":["543","543Α","734"],"angle":42.2}},{"type":"Feature","geometry":{"type":"Point","coordinates":[23.787116,38.087203]},"properties":{"lines":"543, 543Α, 734","color":"#0059a9","mode":"bus","arr":["543","543Α","734"],"angle":68.4}},{"type":"Feature","geometry":{"type":"Point","coordinates":[23.78529,38.084301]},"properties":{"lines":"543, 543Α, 604, 734","color":"#0059a9","mode":"bus","arr":["543","543Α","604","734"],"angle":-60.1}},{"type":"Feature","geometry":{"type":"Point","coordinates":[23.783031,38.081365]},"properties":{"lines":"543, 543Α, 604, 734","color":"#0059a9","mode":"bus","arr":["543","543Α","604","734"],"angle":-58.5}},{"type":"Feature","geometry":{"type":"Point","coordinates":[23.776043,38.081495]},"properties":{"lines":"543, 543Α, 604, 734","color":"#0059a9","mode":"bus","arr":["543","543Α","604","734"],"angle":-18.8}},{"type":"Feature","geometry":{"type":"Point","coordinates":[23.787587,38.086516]},"properties":{"lines":"543, 543Α, 604, 734","color":"#0059a9","mode":"bus","arr":["543","543Α","604","734"],"angle":-57.7}},{"type":"Feature","geometry":{"type":"Point","coordinates":[23.784433,38.082612]},"properties":{"lines":"543, 543Α, 604","color":"#0059a9","mode":"bus","arr":["543","543Α","604"],"angle":-58.8}},{"type":"Feature","geometry":{"type":"Point","coordinates":[23.786648,38.085335]},"properties":{"lines":"543, 543Α, 604","color":"#0059a9","mode":"bus","arr":["543","543Α","604"],"angle":-56.6,"extra":1}},{"type":"Feature","geometry":{"type":"Point","coordinates":[23.779834,38.08781]},"properties":{"lines":"543Α","color":"#0059a9","mode":"bus","arr":["543Α"],"angle":36.1}},{"type":"Feature","geometry":{"type":"Point","coordinates":[23.774698,38.086052]},"properties":{"lines":"543Α","color":"#0059a9","mode":"bus","arr":["543Α"],"angle":84.7}},{"type":"Feature","geometry":{"type":"Point","coordinates":[23.686881,37.931275]},"properties":{"lines":"550","color":"#0059a9","mode":"bus","arr":["550"],"angle":-64.4}},{"type":"Feature","geometry":{"type":"Point","coordinates":[23.69509,37.937685]},"properties":{"lines":"550","color":"#0059a9","mode":"bus","arr":["550"],"angle":86.3}},{"type":"Feature","geometry":{"type":"Point","coordinates":[23.730995,37.965879]},"properties":{"lines":"550","color":"#0059a9","mode":"bus","arr":["550"],"angle":-46.7}},{"type":"Feature","geometry":{"type":"Point","coordinates":[23.748515,37.975589]},"properties":{"lines":"550","color":"#0059a9","mode":"bus","arr":["550"],"angle":-41}},{"type":"Feature","geometry":{"type":"Point","coordinates":[23.694414,37.93333]},"properties":{"lines":"550, Β2","color":"#0059a9","mode":"bus","arr":["550","Β2"],"angle":-45.9}},{"type":"Feature","geometry":{"type":"Point","coordinates":[23.72618,37.96404]},"properties":{"lines":"550, Β2, Ε90","color":"#0059a9","mode":"bus","arr":["550","Β2","Ε90"],"angle":-45.4}},{"type":"Feature","geometry":{"type":"Point","coordinates":[23.727756,37.965283]},"properties":{"lines":"550, Ε90","color":"#0059a9","mode":"bus","arr":["550","Ε90"],"angle":-44.1}},{"type":"Feature","geometry":{"type":"Point","coordinates":[23.744562,37.972883]},"properties":{"lines":"550, Ε90","color":"#0059a9","mode":"bus","arr":["550","Ε90"],"angle":-41}},{"type":"Feature","geometry":{"type":"Point","coordinates":[23.76077,37.985518]},"properties":{"lines":"550, Ε14, Χ14","color":"#0059a9","mode":"bus","arr":["550","Ε14","Χ14"],"angle":-55.3}},{"type":"Feature","geometry":{"type":"Point","coordinates":[23.795482,38.033614]},"properties":{"lines":"550, Ε14, Χ14","color":"#0059a9","mode":"bus","arr":["550","Ε14","Χ14"],"angle":-55.1}},{"type":"Feature","geometry":{"type":"Point","coordinates":[23.797683,38.035847]},"properties":{"lines":"550, Ε14, Χ14","color":"#0059a9","mode":"bus","arr":["550","Ε14","Χ14"],"angle":-47.1,"extra":1}},{"type":"Feature","geometry":{"type":"Point","coordinates":[23.789491,38.023693]},"properties":{"lines":"550, Ε14","color":"#0059a9","mode":"bus","arr":["550","Ε14"],"angle":89.7}},{"type":"Feature","geometry":{"type":"Point","coordinates":[23.801483,38.039222]},"properties":{"lines":"550, Χ14","color":"#0059a9","mode":"bus","arr":["550","Χ14"],"angle":-60.1}},{"type":"Feature","geometry":{"type":"Point","coordinates":[23.805733,38.044667]},"properties":{"lines":"550, Χ14","color":"#0059a9","mode":"bus","arr":["550","Χ14"],"angle":-45.2,"extra":1}},{"type":"Feature","geometry":{"type":"Point","coordinates":[23.814133,38.0952]},"properties":{"lines":"560","color":"#0059a9","mode":"bus","arr":["560"],"angle":68.7}},{"type":"Feature","geometry":{"type":"Point","coordinates":[23.816252,38.090601]},"properties":{"lines":"560","color":"#0059a9","mode":"bus","arr":["560"],"angle":30.3,"extra":1}},{"type":"Feature","geometry":{"type":"Point","coordinates":[23.81474,38.098819]},"properties":{"lines":"560","color":"#0059a9","mode":"bus","arr":["560"],"angle":-75.1,"extra":1}},{"type":"Feature","geometry":{"type":"Point","coordinates":[23.812137,38.104032]},"properties":{"lines":"560","color":"#0059a9","mode":"bus","arr":["560"],"angle":26.5}},{"type":"Feature","geometry":{"type":"Point","coordinates":[23.756831,38.03854]},"properties":{"lines":"602","color":"#0059a9","mode":"bus","arr":["602"],"angle":-13.5}},{"type":"Feature","geometry":{"type":"Point","coordinates":[23.753217,38.041612]},"properties":{"lines":"602","color":"#0059a9","mode":"bus","arr":["602"],"angle":66.2}},{"type":"Feature","geometry":{"type":"Point","coordinates":[23.756561,38.040432]},"properties":{"lines":"602","color":"#0059a9","mode":"bus","arr":["602"],"angle":-40.4}},{"type":"Feature","geometry":{"type":"Point","coordinates":[23.759884,38.042233]},"properties":{"lines":"602","color":"#0059a9","mode":"bus","arr":["602"],"angle":52.5,"extra":1}},{"type":"Feature","geometry":{"type":"Point","coordinates":[23.76437,38.041421]},"properties":{"lines":"602","color":"#0059a9","mode":"bus","arr":["602"],"angle":24.9}},{"type":"Feature","geometry":{"type":"Point","coordinates":[23.764477,38.038378]},"properties":{"lines":"602","color":"#0059a9","mode":"bus","arr":["602"],"angle":34.3,"extra":1}},{"type":"Feature","geometry":{"type":"Point","coordinates":[23.760237,38.04187]},"properties":{"lines":"602","color":"#0059a9","mode":"bus","arr":["602"],"angle":-84.8,"extra":1}},{"type":"Feature","geometry":{"type":"Point","coordinates":[23.771087,38.037964]},"properties":{"lines":"602","color":"#0059a9","mode":"bus","arr":["602"],"angle":34.3,"extra":1}},{"type":"Feature","geometry":{"type":"Point","coordinates":[23.775957,38.037268]},"properties":{"lines":"602","color":"#0059a9","mode":"bus","arr":["602"],"angle":85.5}},{"type":"Feature","geometry":{"type":"Point","coordinates":[23.778168,38.034559]},"properties":{"lines":"602","color":"#0059a9","mode":"bus","arr":["602"],"angle":-4.9}},{"type":"Feature","geometry":{"type":"Point","coordinates":[23.778849,38.030845]},"properties":{"lines":"602","color":"#0059a9","mode":"bus","arr":["602"],"angle":-11.4}},{"type":"Feature","geometry":{"type":"Point","coordinates":[23.788596,38.024023]},"properties":{"lines":"602","color":"#0059a9","mode":"bus","arr":["602"],"angle":57.9}},{"type":"Feature","geometry":{"type":"Point","coordinates":[23.779304,38.009457]},"properties":{"lines":"602","color":"#0059a9","mode":"bus","arr":["602"],"angle":-52.8}},{"type":"Feature","geometry":{"type":"Point","coordinates":[23.781739,38.011612]},"properties":{"lines":"602","color":"#0059a9","mode":"bus","arr":["602"],"angle":-55.2}},{"type":"Feature","geometry":{"type":"Point","coordinates":[23.785782,38.028232]},"properties":{"lines":"602","color":"#0059a9","mode":"bus","arr":["602"],"angle":79.1}},{"type":"Feature","geometry":{"type":"Point","coordinates":[23.787066,38.025462]},"properties":{"lines":"602","color":"#0059a9","mode":"bus","arr":["602"],"angle":38.8,"extra":1}},{"type":"Feature","geometry":{"type":"Point","coordinates":[23.780895,38.031028]},"properties":{"lines":"602","color":"#0059a9","mode":"bus","arr":["602"],"angle":-5.7,"extra":1}},{"type":"Feature","geometry":{"type":"Point","coordinates":[23.779907,38.031008]},"properties":{"lines":"602","color":"#0059a9","mode":"bus","arr":["602"],"angle":48.8}},{"type":"Feature","geometry":{"type":"Point","coordinates":[23.779585,38.033905]},"properties":{"lines":"602","color":"#0059a9","mode":"bus","arr":["602"],"angle":85,"extra":1}},{"type":"Feature","geometry":{"type":"Point","coordinates":[23.779201,38.036537]},"properties":{"lines":"602","color":"#0059a9","mode":"bus","arr":["602"],"angle":-23.4}},{"type":"Feature","geometry":{"type":"Point","coordinates":[23.75284,38.040723]},"properties":{"lines":"602, 605","color":"#0059a9","mode":"bus","arr":["602","605"],"angle":-38.7}},{"type":"Feature","geometry":{"type":"Point","coordinates":[23.764282,37.99206]},"properties":{"lines":"602, 653","color":"#0059a9","mode":"bus","arr":["602","653"],"angle":31.8}},{"type":"Feature","geometry":{"type":"Point","coordinates":[23.783442,38.013507]},"properties":{"lines":"602, 610","color":"#0059a9","mode":"bus","arr":["602","610"],"angle":-54.6}},{"type":"Feature","geometry":{"type":"Point","coordinates":[23.76735,38.07171]},"properties":{"lines":"604","color":"#0059a9","mode":"bus","arr":["604"],"angle":-27.1}},{"type":"Feature","geometry":{"type":"Point","coordinates":[23.777167,38.075773]},"properties":{"lines":"604","color":"#0059a9","mode":"bus","arr":["604"],"angle":-36.2,"extra":1}},{"type":"Feature","geometry":{"type":"Point","coordinates":[23.771647,38.073428]},"properties":{"lines":"604","color":"#0059a9","mode":"bus","arr":["604"],"angle":-26.7,"extra":1}},{"type":"Feature","geometry":{"type":"Point","coordinates":[23.76045,38.068958]},"properties":{"lines":"604","color":"#0059a9","mode":"bus","arr":["604"],"angle":-26.6,"extra":1}},{"type":"Feature","geometry":{"type":"Point","coordinates":[23.75423,38.059206]},"properties":{"lines":"604","color":"#0059a9","mode":"bus","arr":["604"],"angle":-13.9}},{"type":"Feature","geometry":{"type":"Point","coordinates":[23.76168,38.060343]},"properties":{"lines":"604","color":"#0059a9","mode":"bus","arr":["604"],"angle":11.1}},{"type":"Feature","geometry":{"type":"Point","coordinates":[23.758858,38.058804]},"properties":{"lines":"604","color":"#0059a9","mode":"bus","arr":["604"],"angle":18.4}},{"type":"Feature","geometry":{"type":"Point","coordinates":[23.787457,38.087015]},"properties":{"lines":"604","color":"#0059a9","mode":"bus","arr":["604"],"angle":-10.4}},{"type":"Feature","geometry":{"type":"Point","coordinates":[23.761497,38.056723]},"properties":{"lines":"604","color":"#0059a9","mode":"bus","arr":["604"],"angle":-88}},{"type":"Feature","geometry":{"type":"Point","coordinates":[23.759078,38.056798]},"properties":{"lines":"604","color":"#0059a9","mode":"bus","arr":["604"],"angle":87.6}},{"type":"Feature","geometry":{"type":"Point","coordinates":[23.757468,38.056467]},"properties":{"lines":"604","color":"#0059a9","mode":"bus","arr":["604"],"angle":31.8}},{"type":"Feature","geometry":{"type":"Point","coordinates":[23.757866,38.054915]},"properties":{"lines":"604","color":"#0059a9","mode":"bus","arr":["604"],"angle":36.3}},{"type":"Feature","geometry":{"type":"Point","coordinates":[23.750336,38.049478]},"properties":{"lines":"604","color":"#0059a9","mode":"bus","arr":["604"],"angle":-12.7}},{"type":"Feature","geometry":{"type":"Point","coordinates":[23.759604,38.065452]},"properties":{"lines":"604, 724","color":"#0059a9","mode":"bus","arr":["604","724"],"angle":-60.8}},{"type":"Feature","geometry":{"type":"Point","coordinates":[23.756915,38.061433]},"properties":{"lines":"604, 724","color":"#0059a9","mode":"bus","arr":["604","724"],"angle":-74.3}},{"type":"Feature","geometry":{"type":"Point","coordinates":[23.751653,38.045273]},"properties":{"lines":"604, 724","color":"#0059a9","mode":"bus","arr":["604","724"],"angle":-22.7}},{"type":"Feature","geometry":{"type":"Point","coordinates":[23.756381,38.059953]},"properties":{"lines":"604, 724, Β9","color":"#0059a9","mode":"bus","arr":["604","724","Β9"],"angle":-73.2}},{"type":"Feature","geometry":{"type":"Point","coordinates":[23.75178,38.059014]},"properties":{"lines":"604, 619","color":"#0059a9","mode":"bus","arr":["604","619"],"angle":-42.6}},{"type":"Feature","geometry":{"type":"Point","coordinates":[23.749553,38.056673]},"properties":{"lines":"604, 619","color":"#0059a9","mode":"bus","arr":["604","619"],"angle":-8.1}},{"type":"Feature","geometry":{"type":"Point","coordinates":[23.759528,38.03619]},"properties":{"lines":"605","color":"#0059a9","mode":"bus","arr":["605"],"angle":66.4}},{"type":"Feature","geometry":{"type":"Point","coordinates":[23.755491,38.040246]},"properties":{"lines":"605","color":"#0059a9","mode":"bus","arr":["605"],"angle":75.4}},{"type":"Feature","geometry":{"type":"Point","coordinates":[23.751852,38.039369]},"properties":{"lines":"605","color":"#0059a9","mode":"bus","arr":["605"],"angle":-85.6}},{"type":"Feature","geometry":{"type":"Point","coordinates":[23.756047,38.03779]},"properties":{"lines":"605","color":"#0059a9","mode":"bus","arr":["605"],"angle":52.2}},{"type":"Feature","geometry":{"type":"Point","coordinates":[23.743293,38.028516]},"properties":{"lines":"605","color":"#0059a9","mode":"bus","arr":["605"],"angle":16.9}},{"type":"Feature","geometry":{"type":"Point","coordinates":[23.737011,38.021778]},"properties":{"lines":"605","color":"#0059a9","mode":"bus","arr":["605"],"angle":22}},{"type":"Feature","geometry":{"type":"Point","coordinates":[23.754306,38.033673]},"properties":{"lines":"605","color":"#0059a9","mode":"bus","arr":["605"],"angle":-38}},{"type":"Feature","geometry":{"type":"Point","coordinates":[23.75742,38.035965]},"properties":{"lines":"605","color":"#0059a9","mode":"bus","arr":["605"],"angle":22.3,"extra":1}},{"type":"Feature","geometry":{"type":"Point","coordinates":[23.747876,38.032069]},"properties":{"lines":"605","color":"#0059a9","mode":"bus","arr":["605"],"angle":-40.9,"extra":1}},{"type":"Feature","geometry":{"type":"Point","coordinates":[23.74627,38.027711]},"properties":{"lines":"605","color":"#0059a9","mode":"bus","arr":["605"],"angle":24.4}},{"type":"Feature","geometry":{"type":"Point","coordinates":[23.747875,38.030474]},"properties":{"lines":"605","color":"#0059a9","mode":"bus","arr":["605"],"angle":-89.6,"extra":1}},{"type":"Feature","geometry":{"type":"Point","coordinates":[23.737319,38.020518]},"properties":{"lines":"619, Α8","color":"#0059a9","mode":"bus","arr":["619","Α8"],"angle":-59.9}},{"type":"Feature","geometry":{"type":"Point","coordinates":[23.761499,38.026537]},"properties":{"lines":"608","color":"#0059a9","mode":"bus","arr":["608"],"angle":-61.1}},{"type":"Feature","geometry":{"type":"Point","coordinates":[23.776743,37.975515]},"properties":{"lines":"608","color":"#0059a9","mode":"bus","arr":["608"],"angle":50.9}},{"type":"Feature","geometry":{"type":"Point","coordinates":[23.772943,37.97705]},"properties":{"lines":"608","color":"#0059a9","mode":"bus","arr":["608"],"angle":18.8,"extra":1}},{"type":"Feature","geometry":{"type":"Point","coordinates":[23.775533,38.01968]},"properties":{"lines":"610","color":"#0059a9","mode":"bus","arr":["610"],"angle":-41}},{"type":"Feature","geometry":{"type":"Point","coordinates":[23.777966,38.021287]},"properties":{"lines":"610","color":"#0059a9","mode":"bus","arr":["610"],"angle":42.5}},{"type":"Feature","geometry":{"type":"Point","coordinates":[23.777149,38.025929]},"properties":{"lines":"610","color":"#0059a9","mode":"bus","arr":["610"],"angle":-80.2}},{"type":"Feature","geometry":{"type":"Point","coordinates":[23.785382,38.02262]},"properties":{"lines":"610","color":"#0059a9","mode":"bus","arr":["610"],"angle":37.8}},{"type":"Feature","geometry":{"type":"Point","coordinates":[23.782893,38.025423]},"properties":{"lines":"610","color":"#0059a9","mode":"bus","arr":["610"],"angle":-28.4,"extra":1}},{"type":"Feature","geometry":{"type":"Point","coordinates":[23.784668,38.019132]},"properties":{"lines":"610","color":"#0059a9","mode":"bus","arr":["610"],"angle":-85.9}},{"type":"Feature","geometry":{"type":"Point","coordinates":[23.758398,37.989453]},"properties":{"lines":"610","color":"#0059a9","mode":"bus","arr":["610"],"angle":-74.7}},{"type":"Feature","geometry":{"type":"Point","coordinates":[23.777373,38.029308]},"properties":{"lines":"610","color":"#0059a9","mode":"bus","arr":["610"],"angle":46.5}},{"type":"Feature","geometry":{"type":"Point","coordinates":[23.774756,38.026579]},"properties":{"lines":"610","color":"#0059a9","mode":"bus","arr":["610"],"angle":76.1}},{"type":"Feature","geometry":{"type":"Point","coordinates":[23.774665,38.02388]},"properties":{"lines":"610","color":"#0059a9","mode":"bus","arr":["610"],"angle":-88.6,"extra":1}},{"type":"Feature","geometry":{"type":"Point","coordinates":[23.772528,38.021454]},"properties":{"lines":"610","color":"#0059a9","mode":"bus","arr":["610"],"angle":14.1}},{"type":"Feature","geometry":{"type":"Point","coordinates":[23.778427,38.019794]},"properties":{"lines":"610","color":"#0059a9","mode":"bus","arr":["610"],"angle":-24.3}},{"type":"Feature","geometry":{"type":"Point","coordinates":[23.757975,37.987734]},"properties":{"lines":"610, 653","color":"#0059a9","mode":"bus","arr":["610","653"],"angle":-76.4}},{"type":"Feature","geometry":{"type":"Point","coordinates":[23.752462,38.060169]},"properties":{"lines":"619","color":"#0059a9","mode":"bus","arr":["619"],"angle":-14}},{"type":"Feature","geometry":{"type":"Point","coordinates":[23.749252,38.054018]},"properties":{"lines":"619","color":"#0059a9","mode":"bus","arr":["619"],"angle":-64.5}},{"type":"Feature","geometry":{"type":"Point","coordinates":[23.749334,38.051203]},"properties":{"lines":"619","color":"#0059a9","mode":"bus","arr":["619"],"angle":53.8,"extra":1}},{"type":"Feature","geometry":{"type":"Point","coordinates":[23.747238,38.05011]},"properties":{"lines":"619","color":"#0059a9","mode":"bus","arr":["619"],"angle":-21.8}},{"type":"Feature","geometry":{"type":"Point","coordinates":[23.739898,38.044587]},"properties":{"lines":"619","color":"#0059a9","mode":"bus","arr":["619"],"angle":-53}},{"type":"Feature","geometry":{"type":"Point","coordinates":[23.738587,38.022327]},"properties":{"lines":"619","color":"#0059a9","mode":"bus","arr":["619"],"angle":65.6}},{"type":"Feature","geometry":{"type":"Point","coordinates":[23.744636,38.049619]},"properties":{"lines":"619","color":"#0059a9","mode":"bus","arr":["619"],"angle":-83.9}},{"type":"Feature","geometry":{"type":"Point","coordinates":[23.741725,38.044669]},"properties":{"lines":"619","color":"#0059a9","mode":"bus","arr":["619"],"angle":34.2,"extra":1}},{"type":"Feature","geometry":{"type":"Point","coordinates":[23.746338,38.0521]},"properties":{"lines":"619","color":"#0059a9","mode":"bus","arr":["619"],"angle":-59.9,"extra":1}},{"type":"Feature","geometry":{"type":"Point","coordinates":[23.747541,38.055659]},"properties":{"lines":"619","color":"#0059a9","mode":"bus","arr":["619"],"angle":-43.4,"extra":1}},{"type":"Feature","geometry":{"type":"Point","coordinates":[23.740415,38.039955]},"properties":{"lines":"619, Β9","color":"#0059a9","mode":"bus","arr":["619","Β9"],"angle":-71.4}},{"type":"Feature","geometry":{"type":"Point","coordinates":[23.737927,38.034077]},"properties":{"lines":"619, 755, 755Β","color":"#0059a9","mode":"bus","arr":["619","755","755Β"],"angle":-73.6}},{"type":"Feature","geometry":{"type":"Point","coordinates":[23.75385,38.012603]},"properties":{"lines":"622","color":"#0059a9","mode":"bus","arr":["622"],"angle":24.7}},{"type":"Feature","geometry":{"type":"Point","coordinates":[23.759536,37.979875]},"properties":{"lines":"622","color":"#0059a9","mode":"bus","arr":["622"],"angle":-89.1}},{"type":"Feature","geometry":{"type":"Point","coordinates":[23.76506,37.981867]},"properties":{"lines":"622","color":"#0059a9","mode":"bus","arr":["622"],"angle":-29.8}},{"type":"Feature","geometry":{"type":"Point","coordinates":[23.772796,37.981292]},"properties":{"lines":"622","color":"#0059a9","mode":"bus","arr":["622"],"angle":-1.2}},{"type":"Feature","geometry":{"type":"Point","coordinates":[23.76926,37.982881]},"properties":{"lines":"622, 815","color":"#0059a9","mode":"bus","arr":["622","815"],"angle":52.6}},{"type":"Feature","geometry":{"type":"Point","coordinates":[23.774638,38.04656]},"properties":{"lines":"640","color":"#0059a9","mode":"bus","arr":["640"],"angle":34}},{"type":"Feature","geometry":{"type":"Point","coordinates":[23.768014,38.047361]},"properties":{"lines":"640","color":"#0059a9","mode":"bus","arr":["640"],"angle":26.1,"extra":1}},{"type":"Feature","geometry":{"type":"Point","coordinates":[23.776034,38.051738]},"properties":{"lines":"640","color":"#0059a9","mode":"bus","arr":["640"],"angle":28.4,"extra":1}},{"type":"Feature","geometry":{"type":"Point","coordinates":[23.778963,38.05557]},"properties":{"lines":"640","color":"#0059a9","mode":"bus","arr":["640"],"angle":-30.5}},{"type":"Feature","geometry":{"type":"Point","coordinates":[23.777949,38.057547]},"properties":{"lines":"640","color":"#0059a9","mode":"bus","arr":["640"],"angle":55.7}},{"type":"Feature","geometry":{"type":"Point","coordinates":[23.774334,38.059694]},"properties":{"lines":"640","color":"#0059a9","mode":"bus","arr":["640"],"angle":31.8}},{"type":"Feature","geometry":{"type":"Point","coordinates":[23.755975,38.048811]},"properties":{"lines":"640","color":"#0059a9","mode":"bus","arr":["640"],"angle":-52.2}},{"type":"Feature","geometry":{"type":"Point","coordinates":[23.775351,38.053447]},"properties":{"lines":"640, 642","color":"#0059a9","mode":"bus","arr":["640","642"],"angle":-58.1}},{"type":"Feature","geometry":{"type":"Point","coordinates":[23.778991,38.056327]},"properties":{"lines":"640, 642","color":"#0059a9","mode":"bus","arr":["640","642"],"angle":57.9}},{"type":"Feature","geometry":{"type":"Point","coordinates":[23.775847,38.05943]},"properties":{"lines":"640, 642","color":"#0059a9","mode":"bus","arr":["640","642"],"angle":-57.7}},{"type":"Feature","geometry":{"type":"Point","coordinates":[23.762358,38.054698]},"properties":{"lines":"640, 642","color":"#0059a9","mode":"bus","arr":["640","642"],"angle":40.2}},{"type":"Feature","geometry":{"type":"Point","coordinates":[23.760383,38.04698]},"properties":{"lines":"640, 642","color":"#0059a9","mode":"bus","arr":["640","642"],"angle":-0.6}},{"type":"Feature","geometry":{"type":"Point","coordinates":[23.759506,38.048741]},"properties":{"lines":"642","color":"#0059a9","mode":"bus","arr":["642"],"angle":80.8}},{"type":"Feature","geometry":{"type":"Point","coordinates":[23.772995,38.056005]},"properties":{"lines":"642","color":"#0059a9","mode":"bus","arr":["642"],"angle":-54.5}},{"type":"Feature","geometry":{"type":"Point","coordinates":[23.781606,38.053462]},"properties":{"lines":"642","color":"#0059a9","mode":"bus","arr":["642"],"angle":39.6}},{"type":"Feature","geometry":{"type":"Point","coordinates":[23.786708,38.051115]},"properties":{"lines":"642","color":"#0059a9","mode":"bus","arr":["642"],"angle":29.2}},{"type":"Feature","geometry":{"type":"Point","coordinates":[23.78935,38.051539]},"properties":{"lines":"642","color":"#0059a9","mode":"bus","arr":["642"],"angle":24.3}},{"type":"Feature","geometry":{"type":"Point","coordinates":[23.785902,38.052899]},"properties":{"lines":"642","color":"#0059a9","mode":"bus","arr":["642"],"angle":-38.4,"extra":1}},{"type":"Feature","geometry":{"type":"Point","coordinates":[23.777332,38.056205]},"properties":{"lines":"642","color":"#0059a9","mode":"bus","arr":["642"],"angle":81.3}},{"type":"Feature","geometry":{"type":"Point","coordinates":[23.77341,38.047567]},"properties":{"lines":"642","color":"#0059a9","mode":"bus","arr":["642"],"angle":-1}},{"type":"Feature","geometry":{"type":"Point","coordinates":[23.775812,38.051131]},"properties":{"lines":"642","color":"#0059a9","mode":"bus","arr":["642"],"angle":29.6,"extra":1}},{"type":"Feature","geometry":{"type":"Point","coordinates":[23.769139,38.049174]},"properties":{"lines":"642","color":"#0059a9","mode":"bus","arr":["642"],"angle":28.5,"extra":1}},{"type":"Feature","geometry":{"type":"Point","coordinates":[23.761535,38.00132]},"properties":{"lines":"651","color":"#0059a9","mode":"bus","arr":["651"],"angle":14.9}},{"type":"Feature","geometry":{"type":"Point","coordinates":[23.765856,37.996239]},"properties":{"lines":"651","color":"#0059a9","mode":"bus","arr":["651"],"angle":38.9}},{"type":"Feature","geometry":{"type":"Point","coordinates":[23.776446,38.007879]},"properties":{"lines":"653","color":"#0059a9","mode":"bus","arr":["653"],"angle":84.6}},{"type":"Feature","geometry":{"type":"Point","coordinates":[23.76928,38.000953]},"properties":{"lines":"653","color":"#0059a9","mode":"bus","arr":["653"],"angle":-59.3,"extra":1}},{"type":"Feature","geometry":{"type":"Point","coordinates":[23.772946,38.005909]},"properties":{"lines":"653","color":"#0059a9","mode":"bus","arr":["653"],"angle":-59.9,"extra":1}},{"type":"Feature","geometry":{"type":"Point","coordinates":[23.774309,38.01337]},"properties":{"lines":"653","color":"#0059a9","mode":"bus","arr":["653"],"angle":73.7,"extra":1}},{"type":"Feature","geometry":{"type":"Point","coordinates":[23.777167,38.012784]},"properties":{"lines":"653","color":"#0059a9","mode":"bus","arr":["653"],"angle":30.7}},{"type":"Feature","geometry":{"type":"Point","coordinates":[23.774954,38.013817]},"properties":{"lines":"653","color":"#0059a9","mode":"bus","arr":["653"],"angle":5.5}},{"type":"Feature","geometry":{"type":"Point","coordinates":[23.770507,38.01729]},"properties":{"lines":"653","color":"#0059a9","mode":"bus","arr":["653"],"angle":72.9}},{"type":"Feature","geometry":{"type":"Point","coordinates":[23.769718,38.009086]},"properties":{"lines":"653","color":"#0059a9","mode":"bus","arr":["653"],"angle":42}},{"type":"Feature","geometry":{"type":"Point","coordinates":[23.767817,38.013384]},"properties":{"lines":"653","color":"#0059a9","mode":"bus","arr":["653"],"angle":26.7,"extra":1}},{"type":"Feature","geometry":{"type":"Point","coordinates":[23.774941,38.006222]},"properties":{"lines":"653","color":"#0059a9","mode":"bus","arr":["653"],"angle":71.8}},{"type":"Feature","geometry":{"type":"Point","coordinates":[23.67494,38.044948]},"properties":{"lines":"700","color":"#0059a9","mode":"bus","arr":["700"],"angle":-60.7}},{"type":"Feature","geometry":{"type":"Point","coordinates":[23.695508,38.031795]},"properties":{"lines":"700","color":"#0059a9","mode":"bus","arr":["700"],"angle":-18.1}},{"type":"Feature","geometry":{"type":"Point","coordinates":[23.675207,38.04431]},"properties":{"lines":"700","color":"#0059a9","mode":"bus","arr":["700"],"angle":-60.6}},{"type":"Feature","geometry":{"type":"Point","coordinates":[23.668022,38.037446]},"properties":{"lines":"700, 719, Α13","color":"#0059a9","mode":"bus","arr":["700","719","Α13"],"angle":-38.2}},{"type":"Feature","geometry":{"type":"Point","coordinates":[23.673165,38.04252]},"properties":{"lines":"700, 719","color":"#0059a9","mode":"bus","arr":["700","719"],"angle":-60}},{"type":"Feature","geometry":{"type":"Point","coordinates":[23.67074,38.039738]},"properties":{"lines":"700, 719","color":"#0059a9","mode":"bus","arr":["700","719"],"angle":-38.2}},{"type":"Feature","geometry":{"type":"Point","coordinates":[23.667473,38.037671]},"properties":{"lines":"700, 719","color":"#0059a9","mode":"bus","arr":["700","719"],"angle":-38.9,"extra":1}},{"type":"Feature","geometry":{"type":"Point","coordinates":[23.679552,38.044407]},"properties":{"lines":"700, 747, Α11, Β11","color":"#0059a9","mode":"bus","arr":["700","747","Α11","Β11"],"angle":30.5}},{"type":"Feature","geometry":{"type":"Point","coordinates":[23.693282,38.036862]},"properties":{"lines":"700, Α11, Β11","color":"#0059a9","mode":"bus","arr":["700","Α11","Β11"],"angle":54.1}},{"type":"Feature","geometry":{"type":"Point","coordinates":[23.686807,38.041065]},"properties":{"lines":"700, Α11, Β11","color":"#0059a9","mode":"bus","arr":["700","Α11","Β11"],"angle":29.6,"extra":1}},{"type":"Feature","geometry":{"type":"Point","coordinates":[23.695683,38.034381]},"properties":{"lines":"700, Α11, Β11","color":"#0059a9","mode":"bus","arr":["700","Α11","Β11"],"angle":65.7,"extra":1}},{"type":"Feature","geometry":{"type":"Point","coordinates":[23.698039,38.029806]},"properties":{"lines":"700, Α11, Β11","color":"#0059a9","mode":"bus","arr":["700","Α11","Β11"],"angle":69.9,"extra":1}},{"type":"Feature","geometry":{"type":"Point","coordinates":[23.691261,38.019203]},"properties":{"lines":"700, 701, 705, 747","color":"#0059a9","mode":"bus","arr":["700","701","705","747"],"angle":-27.9}},{"type":"Feature","geometry":{"type":"Point","coordinates":[23.692762,38.054212]},"properties":{"lines":"701, 704, 705, Γ12","color":"#0059a9","mode":"bus","arr":["701","704","705","Γ12"],"angle":52.9}},{"type":"Feature","geometry":{"type":"Point","coordinates":[23.696553,38.055146]},"properties":{"lines":"701, 704, 705","color":"#0059a9","mode":"bus","arr":["701","704","705"],"angle":-48.6}},{"type":"Feature","geometry":{"type":"Point","coordinates":[23.699968,38.05453]},"properties":{"lines":"701, 705","color":"#0059a9","mode":"bus","arr":["701","705"],"angle":54.6}},{"type":"Feature","geometry":{"type":"Point","coordinates":[23.707436,38.042584]},"properties":{"lines":"701, 705","color":"#0059a9","mode":"bus","arr":["701","705"],"angle":83.6}},{"type":"Feature","geometry":{"type":"Point","coordinates":[23.703777,38.045846]},"properties":{"lines":"701, 705","color":"#0059a9","mode":"bus","arr":["701","705"],"angle":25.3,"extra":1}},{"type":"Feature","geometry":{"type":"Point","coordinates":[23.709585,38.040049]},"properties":{"lines":"701, 705","color":"#0059a9","mode":"bus","arr":["701","705"],"angle":7.4}},{"type":"Feature","geometry":{"type":"Point","coordinates":[23.710382,38.034444]},"properties":{"lines":"701, 705","color":"#0059a9","mode":"bus","arr":["701","705"],"angle":-87.5}},{"type":"Feature","geometry":{"type":"Point","coordinates":[23.710584,38.037666]},"properties":{"lines":"701, 705","color":"#0059a9","mode":"bus","arr":["701","705"],"angle":79.9}},{"type":"Feature","geometry":{"type":"Point","coordinates":[23.703845,38.052638]},"properties":{"lines":"701, 705","color":"#0059a9","mode":"bus","arr":["701","705"],"angle":23.9}},{"type":"Feature","geometry":{"type":"Point","coordinates":[23.701615,38.050237]},"properties":{"lines":"701, 705","color":"#0059a9","mode":"bus","arr":["701","705"],"angle":-45.2,"extra":1}},{"type":"Feature","geometry":{"type":"Point","coordinates":[23.701871,38.049153]},"properties":{"lines":"701, 705","color":"#0059a9","mode":"bus","arr":["701","705"],"angle":37.1}},{"type":"Feature","geometry":{"type":"Point","coordinates":[23.707338,38.038932]},"properties":{"lines":"701, 705, 732","color":"#0059a9","mode":"bus","arr":["701","705","732"],"angle":78.8}},{"type":"Feature","geometry":{"type":"Point","coordinates":[23.710894,38.032384]},"properties":{"lines":"701","color":"#0059a9","mode":"bus","arr":["701"],"angle":78.6}},{"type":"Feature","geometry":{"type":"Point","coordinates":[23.711731,38.032925]},"properties":{"lines":"701","color":"#0059a9","mode":"bus","arr":["701"],"angle":78.1}},{"type":"Feature","geometry":{"type":"Point","coordinates":[23.708229,38.031893]},"properties":{"lines":"701, 705, 719","color":"#0059a9","mode":"bus","arr":["701","705","719"],"angle":-10.2}},{"type":"Feature","geometry":{"type":"Point","coordinates":[23.709996,38.031989]},"properties":{"lines":"701, 719","color":"#0059a9","mode":"bus","arr":["701","719"],"angle":22.8}},{"type":"Feature","geometry":{"type":"Point","coordinates":[23.710801,38.031689]},"properties":{"lines":"701, 703, 705, 719, 892, Α11, Β11","color":"#0059a9","mode":"bus","arr":["701","703","705","719","892","Α11","Β11"],"angle":24.7}},{"type":"Feature","geometry":{"type":"Point","coordinates":[23.621644,37.941838]},"properties":{"lines":"703","color":"#0059a9","mode":"bus","arr":["703"],"angle":61.5}},{"type":"Feature","geometry":{"type":"Point","coordinates":[23.62294,37.942228]},"properties":{"lines":"703","color":"#0059a9","mode":"bus","arr":["703"],"angle":-28.1}},{"type":"Feature","geometry":{"type":"Point","coordinates":[23.629254,37.944254]},"properties":{"lines":"703","color":"#0059a9","mode":"bus","arr":["703"],"angle":-20.1}},{"type":"Feature","geometry":{"type":"Point","coordinates":[23.688993,38.012557]},"properties":{"lines":"703","color":"#0059a9","mode":"bus","arr":["703"],"angle":-58.5}},{"type":"Feature","geometry":{"type":"Point","coordinates":[23.690717,38.015108]},"properties":{"lines":"703","color":"#0059a9","mode":"bus","arr":["703"],"angle":-64.4,"extra":1}},{"type":"Feature","geometry":{"type":"Point","coordinates":[23.641765,37.948795]},"properties":{"lines":"703","color":"#0059a9","mode":"bus","arr":["703"],"angle":87.4}},{"type":"Feature","geometry":{"type":"Point","coordinates":[23.621774,37.942014]},"properties":{"lines":"703, Χ96","color":"#0059a9","mode":"bus","arr":["703","Χ96"],"angle":64.8}},{"type":"Feature","geometry":{"type":"Point","coordinates":[23.624622,37.942928]},"properties":{"lines":"703, Χ96","color":"#0059a9","mode":"bus","arr":["703","Χ96"],"angle":-27.7}},{"type":"Feature","geometry":{"type":"Point","coordinates":[23.628799,37.944694]},"properties":{"lines":"Χ96","color":"#0059a9","mode":"bus","arr":["Χ96"],"angle":-3.7}},{"type":"Feature","geometry":{"type":"Point","coordinates":[23.624585,37.943434]},"properties":{"lines":"Χ96","color":"#0059a9","mode":"bus","arr":["Χ96"],"angle":-10,"extra":1}},{"type":"Feature","geometry":{"type":"Point","coordinates":[23.779028,37.833109]},"properties":{"lines":"Χ96","color":"#0059a9","mode":"bus","arr":["Χ96"],"angle":12}},{"type":"Feature","geometry":{"type":"Point","coordinates":[23.775337,37.833677]},"properties":{"lines":"Χ96","color":"#0059a9","mode":"bus","arr":["Χ96"],"angle":7.6,"extra":1}},{"type":"Feature","geometry":{"type":"Point","coordinates":[23.626693,37.943308]},"properties":{"lines":"703, 859","color":"#0059a9","mode":"bus","arr":["703","859"],"angle":-28.3}},{"type":"Feature","geometry":{"type":"Point","coordinates":[23.635942,37.946254]},"properties":{"lines":"703, 859","color":"#0059a9","mode":"bus","arr":["703","859"],"angle":-67.7}},{"type":"Feature","geometry":{"type":"Point","coordinates":[23.648122,37.951399]},"properties":{"lines":"703, 814, 827, 838, 845","color":"#0059a9","mode":"bus","arr":["703","814","827","838","845"],"angle":-88.6}},{"type":"Feature","geometry":{"type":"Point","coordinates":[23.647946,37.953605]},"properties":{"lines":"814, 827, 838, 845","color":"#0059a9","mode":"bus","arr":["814","827","838","845"],"angle":-70.8}},{"type":"Feature","geometry":{"type":"Point","coordinates":[23.647871,37.953721]},"properties":{"lines":"703, 827, 838","color":"#0059a9","mode":"bus","arr":["703","827","838"],"angle":-71}},{"type":"Feature","geometry":{"type":"Point","coordinates":[23.647211,37.951487]},"properties":{"lines":"827, 838","color":"#0059a9","mode":"bus","arr":["827","838"],"angle":-89.4}},{"type":"Feature","geometry":{"type":"Point","coordinates":[23.649435,37.958115]},"properties":{"lines":"827, 838","color":"#0059a9","mode":"bus","arr":["827","838"],"angle":82}},{"type":"Feature","geometry":{"type":"Point","coordinates":[23.648955,37.955064]},"properties":{"lines":"703, 803, 827, 838","color":"#0059a9","mode":"bus","arr":["703","803","827","838"],"angle":-42.4}},{"type":"Feature","geometry":{"type":"Point","coordinates":[23.650075,37.956206]},"properties":{"lines":"703, 803, 838, 845","color":"#0059a9","mode":"bus","arr":["703","803","838","845"],"angle":-53.4}},{"type":"Feature","geometry":{"type":"Point","coordinates":[23.651353,37.957086]},"properties":{"lines":"703, 838, 845","color":"#0059a9","mode":"bus","arr":["703","838","845"],"angle":-36.4}},{"type":"Feature","geometry":{"type":"Point","coordinates":[23.654524,37.95947]},"properties":{"lines":"703, 845","color":"#0059a9","mode":"bus","arr":["703","845"],"angle":-48.6}},{"type":"Feature","geometry":{"type":"Point","coordinates":[23.659642,37.965027]},"properties":{"lines":"703, 828, 831, 845","color":"#0059a9","mode":"bus","arr":["703","828","831","845"],"angle":-56.6}},{"type":"Feature","geometry":{"type":"Point","coordinates":[23.663551,37.969201]},"properties":{"lines":"703, 828, 831, 845, 860","color":"#0059a9","mode":"bus","arr":["703","828","831","845","860"],"angle":-72}},{"type":"Feature","geometry":{"type":"Point","coordinates":[23.66916,37.977122]},"properties":{"lines":"703, 845, 852","color":"#0059a9","mode":"bus","arr":["703","845","852"],"angle":-73.8}},{"type":"Feature","geometry":{"type":"Point","coordinates":[23.673387,37.984433]},"properties":{"lines":"703, 829, 845, 852","color":"#0059a9","mode":"bus","arr":["703","829","845","852"],"angle":-64.4}},{"type":"Feature","geometry":{"type":"Point","coordinates":[23.670987,37.980572]},"properties":{"lines":"703, 829, 845, 852","color":"#0059a9","mode":"bus","arr":["703","829","845","852"],"angle":-63.5,"extra":1}},{"type":"Feature","geometry":{"type":"Point","coordinates":[23.676443,37.989481]},"properties":{"lines":"703, 829, 845, 852","color":"#0059a9","mode":"bus","arr":["703","829","845","852"],"angle":-64,"extra":1}},{"type":"Feature","geometry":{"type":"Point","coordinates":[23.677632,37.991443]},"properties":{"lines":"703, 829, 845, 852, 891","color":"#0059a9","mode":"bus","arr":["703","829","845","852","891"],"angle":-65}},{"type":"Feature","geometry":{"type":"Point","coordinates":[23.678482,37.992789]},"properties":{"lines":"703, 750, 829, 845, 891","color":"#0059a9","mode":"bus","arr":["703","750","829","845","891"],"angle":-58}},{"type":"Feature","geometry":{"type":"Point","coordinates":[23.680393,37.995116]},"properties":{"lines":"703, 750, 845, 891","color":"#0059a9","mode":"bus","arr":["703","750","845","891"],"angle":-56.6}},{"type":"Feature","geometry":{"type":"Point","coordinates":[23.683699,37.999171]},"properties":{"lines":"703, 845, 891","color":"#0059a9","mode":"bus","arr":["703","845","891"],"angle":-57.5}},{"type":"Feature","geometry":{"type":"Point","coordinates":[23.687298,38.004589]},"properties":{"lines":"703, 891","color":"#0059a9","mode":"bus","arr":["703","891"],"angle":-72.2}},{"type":"Feature","geometry":{"type":"Point","coordinates":[23.715234,38.029147]},"properties":{"lines":"703, 705, 719, 892, Α11, Β11","color":"#0059a9","mode":"bus","arr":["703","705","719","892","Α11","Β11"],"angle":46}},{"type":"Feature","geometry":{"type":"Point","coordinates":[23.717364,38.027402]},"properties":{"lines":"703, 719, 892, Α11, Β11","color":"#0059a9","mode":"bus","arr":["703","719","892","Α11","Β11"],"angle":46.4}},{"type":"Feature","geometry":{"type":"Point","coordinates":[23.730258,38.022439]},"properties":{"lines":"703, 755, 755Β","color":"#0059a9","mode":"bus","arr":["703","755","755Β"],"angle":-72.5}},{"type":"Feature","geometry":{"type":"Point","coordinates":[23.707112,38.061619]},"properties":{"lines":"704","color":"#0059a9","mode":"bus","arr":["704"],"angle":-21.5}},{"type":"Feature","geometry":{"type":"Point","coordinates":[23.700698,38.057879]},"properties":{"lines":"704","color":"#0059a9","mode":"bus","arr":["704"],"angle":-40.3,"extra":1}},{"type":"Feature","geometry":{"type":"Point","coordinates":[23.712159,38.042659]},"properties":{"lines":"704","color":"#0059a9","mode":"bus","arr":["704"],"angle":18.7}},{"type":"Feature","geometry":{"type":"Point","coordinates":[23.716336,38.038024]},"properties":{"lines":"704","color":"#0059a9","mode":"bus","arr":["704"],"angle":85.5,"extra":1}},{"type":"Feature","geometry":{"type":"Point","coordinates":[23.707759,38.048098]},"properties":{"lines":"704","color":"#0059a9","mode":"bus","arr":["704"],"angle":78.2,"extra":1}},{"type":"Feature","geometry":{"type":"Point","coordinates":[23.707772,38.051664]},"properties":{"lines":"704","color":"#0059a9","mode":"bus","arr":["704"],"angle":-51.3}},{"type":"Feature","geometry":{"type":"Point","coordinates":[23.706915,38.057686]},"properties":{"lines":"704","color":"#0059a9","mode":"bus","arr":["704"],"angle":-65.2,"extra":1}},{"type":"Feature","geometry":{"type":"Point","coordinates":[23.716116,38.038983]},"properties":{"lines":"704, 711, Β12","color":"#0059a9","mode":"bus","arr":["704","711","Β12"],"angle":86.2}},{"type":"Feature","geometry":{"type":"Point","coordinates":[23.716722,38.034115]},"properties":{"lines":"704, 705, 711, Β12, Γ12","color":"#0059a9","mode":"bus","arr":["704","705","711","Β12","Γ12"],"angle":84.3}},{"type":"Feature","geometry":{"type":"Point","coordinates":[23.717252,38.030224]},"properties":{"lines":"704, 705, 711, 719, Β12, Γ12","color":"#0059a9","mode":"bus","arr":["704","705","711","719","Β12","Γ12"],"angle":83.3}},{"type":"Feature","geometry":{"type":"Point","coordinates":[23.717646,38.027428]},"properties":{"lines":"704, 711, 719, 735, Α10, Β10, Β12, Γ12","color":"#0059a9","mode":"bus","arr":["704","711","719","735","Α10","Β10","Β12","Γ12"],"angle":83.2}},{"type":"Feature","geometry":{"type":"Point","coordinates":[23.718086,38.027684]},"properties":{"lines":"704, 735, Α10, Β10","color":"#0059a9","mode":"bus","arr":["704","735","Α10","Β10"],"angle":5.9}},{"type":"Feature","geometry":{"type":"Point","coordinates":[23.713686,38.033779]},"properties":{"lines":"705, Γ12","color":"#0059a9","mode":"bus","arr":["705","Γ12"],"angle":-11.8}},{"type":"Feature","geometry":{"type":"Point","coordinates":[23.713903,38.035091]},"properties":{"lines":"705, Γ12","color":"#0059a9","mode":"bus","arr":["705","Γ12"],"angle":-11.5}},{"type":"Feature","geometry":{"type":"Point","coordinates":[23.710164,38.032169]},"properties":{"lines":"705","color":"#0059a9","mode":"bus","arr":["705"],"angle":14.9}},{"type":"Feature","geometry":{"type":"Point","coordinates":[23.714531,38.03251]},"properties":{"lines":"705, 719","color":"#0059a9","mode":"bus","arr":["705","719"],"angle":-17.9}},{"type":"Feature","geometry":{"type":"Point","coordinates":[23.7034,38.023255]},"properties":{"lines":"706","color":"#0059a9","mode":"bus","arr":["706"],"angle":65.5}},{"type":"Feature","geometry":{"type":"Point","coordinates":[23.708236,38.021512]},"properties":{"lines":"706","color":"#0059a9","mode":"bus","arr":["706"],"angle":80.2,"extra":1}},{"type":"Feature","geometry":{"type":"Point","coordinates":[23.701088,38.0275]},"properties":{"lines":"706","color":"#0059a9","mode":"bus","arr":["706"],"angle":5.5,"extra":1}},{"type":"Feature","geometry":{"type":"Point","coordinates":[23.707399,38.013848]},"properties":{"lines":"706","color":"#0059a9","mode":"bus","arr":["706"],"angle":-68.7}},{"type":"Feature","geometry":{"type":"Point","coordinates":[23.703233,38.005749]},"properties":{"lines":"706, 730, 822, 823","color":"#0059a9","mode":"bus","arr":["706","730","822","823"],"angle":-46.9}},{"type":"Feature","geometry":{"type":"Point","coordinates":[23.704571,38.011906]},"properties":{"lines":"706, 891, 892","color":"#0059a9","mode":"bus","arr":["706","891","892"],"angle":-25.8}},{"type":"Feature","geometry":{"type":"Point","coordinates":[23.707647,38.013552]},"properties":{"lines":"706, 892","color":"#0059a9","mode":"bus","arr":["706","892"],"angle":-35.8}},{"type":"Feature","geometry":{"type":"Point","coordinates":[23.70808,38.014547]},"properties":{"lines":"706, 732, 892","color":"#0059a9","mode":"bus","arr":["706","732","892"],"angle":59.1}},{"type":"Feature","geometry":{"type":"Point","coordinates":[23.708224,38.017117]},"properties":{"lines":"706, 732","color":"#0059a9","mode":"bus","arr":["706","732"],"angle":-76.8}},{"type":"Feature","geometry":{"type":"Point","coordinates":[23.704533,38.012881]},"properties":{"lines":"706, 891","color":"#0059a9","mode":"bus","arr":["706","891"],"angle":2.3}},{"type":"Feature","geometry":{"type":"Point","coordinates":[23.698763,38.082037]},"properties":{"lines":"709, 712, Β12","color":"#0059a9","mode":"bus","arr":["709","712","Β12"],"angle":-33.5}},{"type":"Feature","geometry":{"type":"Point","coordinates":[23.701157,38.086473]},"properties":{"lines":"709, 712","color":"#0059a9","mode":"bus","arr":["709","712"],"angle":77.9}},{"type":"Feature","geometry":{"type":"Point","coordinates":[23.702201,38.082204]},"properties":{"lines":"709, 712","color":"#0059a9","mode":"bus","arr":["709","712"],"angle":-6.6,"extra":1}},{"type":"Feature","geometry":{"type":"Point","coordinates":[23.700111,38.091325]},"properties":{"lines":"709, 712","color":"#0059a9","mode":"bus","arr":["709","712"],"angle":-88.3,"extra":1}},{"type":"Feature","geometry":{"type":"Point","coordinates":[23.704672,38.092073]},"properties":{"lines":"709, 712","color":"#0059a9","mode":"bus","arr":["709","712"],"angle":27.5}},{"type":"Feature","geometry":{"type":"Point","coordinates":[23.708012,38.090731]},"properties":{"lines":"709, 712","color":"#0059a9","mode":"bus","arr":["709","712"],"angle":41.2,"extra":1}},{"type":"Feature","geometry":{"type":"Point","coordinates":[23.700217,38.095266]},"properties":{"lines":"709","color":"#0059a9","mode":"bus","arr":["709"],"angle":58.1}},{"type":"Feature","geometry":{"type":"Point","coordinates":[23.699571,38.096341]},"properties":{"lines":"709","color":"#0059a9","mode":"bus","arr":["709"],"angle":-21.1}},{"type":"Feature","geometry":{"type":"Point","coordinates":[23.707455,38.085536]},"properties":{"lines":"709","color":"#0059a9","mode":"bus","arr":["709"],"angle":-61.2}},{"type":"Feature","geometry":{"type":"Point","coordinates":[23.70502,38.083321]},"properties":{"lines":"709","color":"#0059a9","mode":"bus","arr":["709"],"angle":31.3,"extra":1}},{"type":"Feature","geometry":{"type":"Point","coordinates":[23.710825,38.094965]},"properties":{"lines":"709","color":"#0059a9","mode":"bus","arr":["709"],"angle":-30.6}},{"type":"Feature","geometry":{"type":"Point","coordinates":[23.677368,38.071287]},"properties":{"lines":"711","color":"#0059a9","mode":"bus","arr":["711"],"angle":-25.8}},{"type":"Feature","geometry":{"type":"Point","coordinates":[23.710689,38.068951]},"properties":{"lines":"711","color":"#0059a9","mode":"bus","arr":["711"],"angle":0.1}},{"type":"Feature","geometry":{"type":"Point","coordinates":[23.712809,38.066146]},"properties":{"lines":"711","color":"#0059a9","mode":"bus","arr":["711"],"angle":66.2,"extra":1}},{"type":"Feature","geometry":{"type":"Point","coordinates":[23.677825,38.068595]},"properties":{"lines":"711, 878","color":"#0059a9","mode":"bus","arr":["711","878"],"angle":-22.7}},{"type":"Feature","geometry":{"type":"Point","coordinates":[23.692133,38.070935]},"properties":{"lines":"711, 878, 879","color":"#0059a9","mode":"bus","arr":["711","878","879"],"angle":-1.8}},{"type":"Feature","geometry":{"type":"Point","coordinates":[23.68171,38.06973]},"properties":{"lines":"711, 878, 879","color":"#0059a9","mode":"bus","arr":["711","878","879"],"angle":-19.6,"extra":1}},{"type":"Feature","geometry":{"type":"Point","coordinates":[23.687731,38.07105]},"properties":{"lines":"711, 878, 879","color":"#0059a9","mode":"bus","arr":["711","878","879"],"angle":-8.1,"extra":1}},{"type":"Feature","geometry":{"type":"Point","coordinates":[23.700208,38.070609]},"properties":{"lines":"711, 878, 879","color":"#0059a9","mode":"bus","arr":["711","878","879"],"angle":7.3,"extra":1}},{"type":"Feature","geometry":{"type":"Point","coordinates":[23.71395,38.053977]},"properties":{"lines":"711, Β12","color":"#0059a9","mode":"bus","arr":["711","Β12"],"angle":76.3}},{"type":"Feature","geometry":{"type":"Point","coordinates":[23.713881,38.063215]},"properties":{"lines":"711, Β12","color":"#0059a9","mode":"bus","arr":["711","Β12"],"angle":-85.7,"extra":1}},{"type":"Feature","geometry":{"type":"Point","coordinates":[23.713791,38.058279]},"properties":{"lines":"711, Β12","color":"#0059a9","mode":"bus","arr":["711","Β12"],"angle":-82.8,"extra":1}},{"type":"Feature","geometry":{"type":"Point","coordinates":[23.715788,38.048864]},"properties":{"lines":"711, Β12","color":"#0059a9","mode":"bus","arr":["711","Β12"],"angle":-82.2,"extra":1}},{"type":"Feature","geometry":{"type":"Point","coordinates":[23.715894,38.043933]},"properties":{"lines":"711, Β12","color":"#0059a9","mode":"bus","arr":["711","Β12"],"angle":88.6,"extra":1}},{"type":"Feature","geometry":{"type":"Point","coordinates":[23.717998,38.017233]},"properties":{"lines":"711, 719, 735, Α10, Α11, Β10, Β11, Γ12","color":"#0059a9","mode":"bus","arr":["711","719","735","Α10","Α11","Β10","Β11","Γ12"],"angle":77.7}},{"type":"Feature","geometry":{"type":"Point","coordinates":[23.719102,38.014601]},"properties":{"lines":"711, 719, 720, 735, Α10, Α11, Β10, Β11, Γ12","color":"#0059a9","mode":"bus","arr":["711","719","720","735","Α10","Α11","Β10","Β11","Γ12"],"angle":62}},{"type":"Feature","geometry":{"type":"Point","coordinates":[23.722381,37.999141]},"properties":{"lines":"711, 719, 720, 891, Α10, Α11, Β10, Β11, Β12, Γ12","color":"#0059a9","mode":"bus","arr":["711","719","720","891","Α10","Α11","Β10","Β11","Β12","Γ12"],"angle":88.9}},{"type":"Feature","geometry":{"type":"Point","coordinates":[23.72222,37.996089]},"properties":{"lines":"711, 719, 732, 790, Α11, Β12, Γ12","color":"#0059a9","mode":"bus","arr":["711","719","732","790","Α11","Β12","Γ12"],"angle":83.9}},{"type":"Feature","geometry":{"type":"Point","coordinates":[23.73737,38.084704]},"properties":{"lines":"721","color":"#0059a9","mode":"bus","arr":["721"],"angle":89.3}},{"type":"Feature","geometry":{"type":"Point","coordinates":[23.787756,38.087529]},"properties":{"lines":"721","color":"#0059a9","mode":"bus","arr":["721"],"angle":-62}},{"type":"Feature","geometry":{"type":"Point","coordinates":[23.809161,38.082488]},"properties":{"lines":"721","color":"#0059a9","mode":"bus","arr":["721"],"angle":-49.6}},{"type":"Feature","geometry":{"type":"Point","coordinates":[23.724233,38.084726]},"properties":{"lines":"712","color":"#0059a9","mode":"bus","arr":["712"],"angle":-2.2}},{"type":"Feature","geometry":{"type":"Point","coordinates":[23.722771,38.085008]},"properties":{"lines":"712","color":"#0059a9","mode":"bus","arr":["712"],"angle":56.8}},{"type":"Feature","geometry":{"type":"Point","coordinates":[23.713148,38.090187]},"properties":{"lines":"712","color":"#0059a9","mode":"bus","arr":["712"],"angle":3.4}},{"type":"Feature","geometry":{"type":"Point","coordinates":[23.728152,38.0836]},"properties":{"lines":"712, 733, 752, 878, 879","color":"#0059a9","mode":"bus","arr":["712","733","752","878","879"],"angle":14.9}},{"type":"Feature","geometry":{"type":"Point","coordinates":[23.725447,38.084561]},"properties":{"lines":"712, 728","color":"#0059a9","mode":"bus","arr":["712","728"],"angle":45.9}},{"type":"Feature","geometry":{"type":"Point","coordinates":[23.723405,38.114309]},"properties":{"lines":"752","color":"#0059a9","mode":"bus","arr":["752"],"angle":-57.5}},{"type":"Feature","geometry":{"type":"Point","coordinates":[23.722404,38.110035]},"properties":{"lines":"752","color":"#0059a9","mode":"bus","arr":["752"],"angle":81.4,"extra":1}},{"type":"Feature","geometry":{"type":"Point","coordinates":[23.728405,38.115598]},"properties":{"lines":"752","color":"#0059a9","mode":"bus","arr":["752"],"angle":51.4,"extra":1}},{"type":"Feature","geometry":{"type":"Point","coordinates":[23.726099,38.091723]},"properties":{"lines":"752","color":"#0059a9","mode":"bus","arr":["752"],"angle":75.2,"extra":1}},{"type":"Feature","geometry":{"type":"Point","coordinates":[23.726397,38.086881]},"properties":{"lines":"752","color":"#0059a9","mode":"bus","arr":["752"],"angle":-77.6,"extra":1}},{"type":"Feature","geometry":{"type":"Point","coordinates":[23.722691,38.087896]},"properties":{"lines":"728","color":"#0059a9","mode":"bus","arr":["728"],"angle":67.3}},{"type":"Feature","geometry":{"type":"Point","coordinates":[23.722614,38.092896]},"properties":{"lines":"728","color":"#0059a9","mode":"bus","arr":["728"],"angle":-35.7}},{"type":"Feature","geometry":{"type":"Point","coordinates":[23.731234,38.107472]},"properties":{"lines":"728","color":"#0059a9","mode":"bus","arr":["728"],"angle":-14.7}},{"type":"Feature","geometry":{"type":"Point","coordinates":[23.734356,38.10532]},"properties":{"lines":"728","color":"#0059a9","mode":"bus","arr":["728"],"angle":46.3,"extra":1}},{"type":"Feature","geometry":{"type":"Point","coordinates":[23.724167,38.106011]},"properties":{"lines":"728","color":"#0059a9","mode":"bus","arr":["728"],"angle":-14.7,"extra":1}},{"type":"Feature","geometry":{"type":"Point","coordinates":[23.719874,38.096925]},"properties":{"lines":"728","color":"#0059a9","mode":"bus","arr":["728"],"angle":-56.9}},{"type":"Feature","geometry":{"type":"Point","coordinates":[23.720264,38.092476]},"properties":{"lines":"728","color":"#0059a9","mode":"bus","arr":["728"],"angle":-83.4,"extra":1}},{"type":"Feature","geometry":{"type":"Point","coordinates":[23.715876,38.085777]},"properties":{"lines":"712, 878, 879","color":"#0059a9","mode":"bus","arr":["712","878","879"],"angle":10.7}},{"type":"Feature","geometry":{"type":"Point","coordinates":[23.714527,38.08757]},"properties":{"lines":"712, 733","color":"#0059a9","mode":"bus","arr":["712","733"],"angle":-40}},{"type":"Feature","geometry":{"type":"Point","coordinates":[23.718196,38.088256]},"properties":{"lines":"733","color":"#0059a9","mode":"bus","arr":["733"],"angle":69.3}},{"type":"Feature","geometry":{"type":"Point","coordinates":[23.702834,38.088236]},"properties":{"lines":"733","color":"#0059a9","mode":"bus","arr":["733"],"angle":21.3}},{"type":"Feature","geometry":{"type":"Point","coordinates":[23.708408,38.086368]},"properties":{"lines":"733","color":"#0059a9","mode":"bus","arr":["733"],"angle":22.5,"extra":1}},{"type":"Feature","geometry":{"type":"Point","coordinates":[23.69662,38.089628]},"properties":{"lines":"733","color":"#0059a9","mode":"bus","arr":["733"],"angle":21.5,"extra":1}},{"type":"Feature","geometry":{"type":"Point","coordinates":[23.693849,38.093177]},"properties":{"lines":"733","color":"#0059a9","mode":"bus","arr":["733"],"angle":-4.6}},{"type":"Feature","geometry":{"type":"Point","coordinates":[23.694073,38.094371]},"properties":{"lines":"733","color":"#0059a9","mode":"bus","arr":["733"],"angle":-70.5}},{"type":"Feature","geometry":{"type":"Point","coordinates":[23.697953,38.081613]},"properties":{"lines":"712, Β12","color":"#0059a9","mode":"bus","arr":["712","Β12"],"angle":-34.4}},{"type":"Feature","geometry":{"type":"Point","coordinates":[23.701571,38.077652]},"properties":{"lines":"712, 723, 749, Β12","color":"#0059a9","mode":"bus","arr":["712","723","749","Β12"],"angle":36.8}},{"type":"Feature","geometry":{"type":"Point","coordinates":[23.707076,38.073839]},"properties":{"lines":"712, 723, 749, 878, 879, Β12","color":"#0059a9","mode":"bus","arr":["712","723","749","878","879","Β12"],"angle":44.3}},{"type":"Feature","geometry":{"type":"Point","coordinates":[23.709878,38.070366]},"properties":{"lines":"712, 723, 749","color":"#0059a9","mode":"bus","arr":["712","723","749"],"angle":10.9}},{"type":"Feature","geometry":{"type":"Point","coordinates":[23.694821,38.084594]},"properties":{"lines":"723, 749","color":"#0059a9","mode":"bus","arr":["723","749"],"angle":61.2}},{"type":"Feature","geometry":{"type":"Point","coordinates":[23.697256,38.081602]},"properties":{"lines":"723, 749","color":"#0059a9","mode":"bus","arr":["723","749"],"angle":55.5,"extra":1}},{"type":"Feature","geometry":{"type":"Point","coordinates":[23.719911,38.084737]},"properties":{"lines":"712, 733, 878, 879","color":"#0059a9","mode":"bus","arr":["712","733","878","879"],"angle":78.6}},{"type":"Feature","geometry":{"type":"Point","coordinates":[23.678973,38.04192]},"properties":{"lines":"719","color":"#0059a9","mode":"bus","arr":["719"],"angle":30.3}},{"type":"Feature","geometry":{"type":"Point","coordinates":[23.682107,38.040263]},"properties":{"lines":"719","color":"#0059a9","mode":"bus","arr":["719"],"angle":-70.3,"extra":1}},{"type":"Feature","geometry":{"type":"Point","coordinates":[23.687826,38.033053]},"properties":{"lines":"719","color":"#0059a9","mode":"bus","arr":["719"],"angle":28}},{"type":"Feature","geometry":{"type":"Point","coordinates":[23.722678,37.992133]},"properties":{"lines":"719","color":"#0059a9","mode":"bus","arr":["719"],"angle":5}},{"type":"Feature","geometry":{"type":"Point","coordinates":[23.691162,38.030387]},"properties":{"lines":"719","color":"#0059a9","mode":"bus","arr":["719"],"angle":45.9}},{"type":"Feature","geometry":{"type":"Point","coordinates":[23.688552,38.03335]},"properties":{"lines":"719","color":"#0059a9","mode":"bus","arr":["719"],"angle":71.5,"extra":1}},{"type":"Feature","geometry":{"type":"Point","coordinates":[23.683166,38.036615]},"properties":{"lines":"719","color":"#0059a9","mode":"bus","arr":["719"],"angle":45.4}},{"type":"Feature","geometry":{"type":"Point","coordinates":[23.67695,38.041484]},"properties":{"lines":"719","color":"#0059a9","mode":"bus","arr":["719"],"angle":30.3}},{"type":"Feature","geometry":{"type":"Point","coordinates":[23.722864,37.993698]},"properties":{"lines":"719, 732, Α11, Β11, Γ12","color":"#0059a9","mode":"bus","arr":["719","732","Α11","Β11","Γ12"],"angle":77.6}},{"type":"Feature","geometry":{"type":"Point","coordinates":[23.717886,38.02332]},"properties":{"lines":"719, 735, Γ12","color":"#0059a9","mode":"bus","arr":["719","735","Γ12"],"angle":89.3}},{"type":"Feature","geometry":{"type":"Point","coordinates":[23.731343,38.04777]},"properties":{"lines":"720","color":"#0059a9","mode":"bus","arr":["720"],"angle":-81.9}},{"type":"Feature","geometry":{"type":"Point","coordinates":[23.718402,38.016717]},"properties":{"lines":"720","color":"#0059a9","mode":"bus","arr":["720"],"angle":89.8}},{"type":"Feature","geometry":{"type":"Point","coordinates":[23.724586,38.026357]},"properties":{"lines":"720","color":"#0059a9","mode":"bus","arr":["720"],"angle":-51.5}},{"type":"Feature","geometry":{"type":"Point","coordinates":[23.731294,38.039647]},"properties":{"lines":"720","color":"#0059a9","mode":"bus","arr":["720"],"angle":46.8}},{"type":"Feature","geometry":{"type":"Point","coordinates":[23.730072,38.043943]},"properties":{"lines":"720","color":"#0059a9","mode":"bus","arr":["720"],"angle":-66.6,"extra":1}},{"type":"Feature","geometry":{"type":"Point","coordinates":[23.726565,38.033531]},"properties":{"lines":"720","color":"#0059a9","mode":"bus","arr":["720"],"angle":-52.7,"extra":1}},{"type":"Feature","geometry":{"type":"Point","coordinates":[23.727392,38.036997]},"properties":{"lines":"720","color":"#0059a9","mode":"bus","arr":["720"],"angle":-64.6}},{"type":"Feature","geometry":{"type":"Point","coordinates":[23.72127,38.024849]},"properties":{"lines":"720","color":"#0059a9","mode":"bus","arr":["720"],"angle":-69.6}},{"type":"Feature","geometry":{"type":"Point","coordinates":[23.723144,38.029134]},"properties":{"lines":"720","color":"#0059a9","mode":"bus","arr":["720"],"angle":-72.1,"extra":1}},{"type":"Feature","geometry":{"type":"Point","coordinates":[23.719728,38.020619]},"properties":{"lines":"720","color":"#0059a9","mode":"bus","arr":["720"],"angle":-71.1,"extra":1}},{"type":"Feature","geometry":{"type":"Point","coordinates":[23.718899,38.017989]},"properties":{"lines":"720","color":"#0059a9","mode":"bus","arr":["720"],"angle":46.9}},{"type":"Feature","geometry":{"type":"Point","coordinates":[23.721187,37.992624]},"properties":{"lines":"Β10","color":"#0059a9","mode":"bus","arr":["Β10"],"angle":78.4}},{"type":"Feature","geometry":{"type":"Point","coordinates":[23.737749,38.103842]},"properties":{"lines":"Β10","color":"#0059a9","mode":"bus","arr":["Β10"],"angle":80.4}},{"type":"Feature","geometry":{"type":"Point","coordinates":[23.732753,38.065412]},"properties":{"lines":"Β10","color":"#0059a9","mode":"bus","arr":["Β10"],"angle":-77.7}},{"type":"Feature","geometry":{"type":"Point","coordinates":[23.731889,38.062143]},"properties":{"lines":"Β10","color":"#0059a9","mode":"bus","arr":["Β10"],"angle":-80.8,"extra":1}},{"type":"Feature","geometry":{"type":"Point","coordinates":[23.737009,38.103203]},"properties":{"lines":"721, 724, 725, 726, 727, 755, 755Β, Α10, Β10","color":"#0059a9","mode":"bus","arr":["721","724","725","726","727","755","755Β","Α10","Β10"],"angle":74.8}},{"type":"Feature","geometry":{"type":"Point","coordinates":[23.746935,38.09819]},"properties":{"lines":"724, 727","color":"#0059a9","mode":"bus","arr":["724","727"],"angle":42.9}},{"type":"Feature","geometry":{"type":"Point","coordinates":[23.744064,38.100269]},"properties":{"lines":"724, 727","color":"#0059a9","mode":"bus","arr":["724","727"],"angle":42.9,"extra":1}},{"type":"Feature","geometry":{"type":"Point","coordinates":[23.739283,38.102333]},"properties":{"lines":"721, 724, 725, 726, 727, 755, 755Β","color":"#0059a9","mode":"bus","arr":["721","724","725","726","727","755","755Β"],"angle":-1.2}},{"type":"Feature","geometry":{"type":"Point","coordinates":[23.736576,38.103508]},"properties":{"lines":"721, 724, 725, 726, 727, 755, 755Β, Α10","color":"#0059a9","mode":"bus","arr":["721","724","725","726","727","755","755Β","Α10"],"angle":-43.1}},{"type":"Feature","geometry":{"type":"Point","coordinates":[23.739975,38.099296]},"properties":{"lines":"721, 755, 755Β, Α10","color":"#0059a9","mode":"bus","arr":["721","755","755Β","Α10"],"angle":-71.8}},{"type":"Feature","geometry":{"type":"Point","coordinates":[23.738667,38.095512]},"properties":{"lines":"721, 728, 752, 755, 755Β, Α10, Β10","color":"#0059a9","mode":"bus","arr":["721","728","752","755","755Β","Α10","Β10"],"angle":-83.1}},{"type":"Feature","geometry":{"type":"Point","coordinates":[23.738217,38.093242]},"properties":{"lines":"721, 740, 755, 755Β, Α10, Β10","color":"#0059a9","mode":"bus","arr":["721","740","755","755Β","Α10","Β10"],"angle":-81.4}},{"type":"Feature","geometry":{"type":"Point","coordinates":[23.738444,38.094309]},"properties":{"lines":"721, 755, 755Β, Α10, Β10","color":"#0059a9","mode":"bus","arr":["721","755","755Β","Α10","Β10"],"angle":-80}},{"type":"Feature","geometry":{"type":"Point","coordinates":[23.732928,38.089233]},"properties":{"lines":"721, 740, Α10, Β10","color":"#0059a9","mode":"bus","arr":["721","740","Α10","Β10"],"angle":-27.6}},{"type":"Feature","geometry":{"type":"Point","coordinates":[23.737634,38.090473]},"properties":{"lines":"721, 740, Α10, Β10","color":"#0059a9","mode":"bus","arr":["721","740","Α10","Β10"],"angle":-80.2,"extra":1}},{"type":"Feature","geometry":{"type":"Point","coordinates":[23.730247,38.084581]},"properties":{"lines":"721, 740, Α10, Β10","color":"#0059a9","mode":"bus","arr":["721","740","Α10","Β10"],"angle":-89.8,"extra":1}},{"type":"Feature","geometry":{"type":"Point","coordinates":[23.77592,38.091479]},"properties":{"lines":"721, 734","color":"#0059a9","mode":"bus","arr":["721","734"],"angle":46.2}},{"type":"Feature","geometry":{"type":"Point","coordinates":[23.788042,38.091403]},"properties":{"lines":"721, 734","color":"#0059a9","mode":"bus","arr":["721","734"],"angle":11.8,"extra":1}},{"type":"Feature","geometry":{"type":"Point","coordinates":[23.782294,38.091548]},"properties":{"lines":"721, 734","color":"#0059a9","mode":"bus","arr":["721","734"],"angle":30.8,"extra":1}},{"type":"Feature","geometry":{"type":"Point","coordinates":[23.770815,38.092408]},"properties":{"lines":"721, 734","color":"#0059a9","mode":"bus","arr":["721","734"],"angle":-9.5,"extra":1}},{"type":"Feature","geometry":{"type":"Point","coordinates":[23.764626,38.091587]},"properties":{"lines":"721, 734","color":"#0059a9","mode":"bus","arr":["721","734"],"angle":-9.4,"extra":1}},{"type":"Feature","geometry":{"type":"Point","coordinates":[23.742919,38.082815]},"properties":{"lines":"721, 734, 755","color":"#0059a9","mode":"bus","arr":["721","734","755"],"angle":-80}},{"type":"Feature","geometry":{"type":"Point","coordinates":[23.739736,38.080277]},"properties":{"lines":"721, 734, 755","color":"#0059a9","mode":"bus","arr":["721","734","755"],"angle":-3.3}},{"type":"Feature","geometry":{"type":"Point","coordinates":[23.737115,38.079855]},"properties":{"lines":"721, 734, 740, 755","color":"#0059a9","mode":"bus","arr":["721","734","740","755"],"angle":-27.5}},{"type":"Feature","geometry":{"type":"Point","coordinates":[23.737522,38.099303]},"properties":{"lines":"721, 728, 752, Β10","color":"#0059a9","mode":"bus","arr":["721","728","752","Β10"],"angle":76.1}},{"type":"Feature","geometry":{"type":"Point","coordinates":[23.736523,38.102755]},"properties":{"lines":"721, 724, 725, 726, 727, 728, 752, 755, 755Β, Α10","color":"#0059a9","mode":"bus","arr":["721","724","725","726","727","728","752","755","755Β","Α10"],"angle":77.7}},{"type":"Feature","geometry":{"type":"Point","coordinates":[23.689343,38.090816]},"properties":{"lines":"723","color":"#0059a9","mode":"bus","arr":["723"],"angle":53.2}},{"type":"Feature","geometry":{"type":"Point","coordinates":[23.687648,38.094168]},"properties":{"lines":"723","color":"#0059a9","mode":"bus","arr":["723"],"angle":84.4,"extra":1}},{"type":"Feature","geometry":{"type":"Point","coordinates":[23.67987,38.106415]},"properties":{"lines":"723","color":"#0059a9","mode":"bus","arr":["723"],"angle":74.6}},{"type":"Feature","geometry":{"type":"Point","coordinates":[23.6731,38.107814]},"properties":{"lines":"723","color":"#0059a9","mode":"bus","arr":["723"],"angle":23.4,"extra":1}},{"type":"Feature","geometry":{"type":"Point","coordinates":[23.681796,38.102758]},"properties":{"lines":"723","color":"#0059a9","mode":"bus","arr":["723"],"angle":60.6,"extra":1}},{"type":"Feature","geometry":{"type":"Point","coordinates":[23.66914,38.108381]},"properties":{"lines":"723","color":"#0059a9","mode":"bus","arr":["723"],"angle":-33.8}},{"type":"Feature","geometry":{"type":"Point","coordinates":[23.686051,38.096266]},"properties":{"lines":"723, Β12","color":"#0059a9","mode":"bus","arr":["723","Β12"],"angle":57.9}},{"type":"Feature","geometry":{"type":"Point","coordinates":[23.75452,38.092668]},"properties":{"lines":"724, 740","color":"#0059a9","mode":"bus","arr":["724","740"],"angle":42.8}},{"type":"Feature","geometry":{"type":"Point","coordinates":[23.761426,38.07721]},"properties":{"lines":"724","color":"#0059a9","mode":"bus","arr":["724"],"angle":-82.7}},{"type":"Feature","geometry":{"type":"Point","coordinates":[23.760651,38.088199]},"properties":{"lines":"724","color":"#0059a9","mode":"bus","arr":["724"],"angle":42,"extra":1}},{"type":"Feature","geometry":{"type":"Point","coordinates":[23.763733,38.084121]},"properties":{"lines":"724","color":"#0059a9","mode":"bus","arr":["724"],"angle":84.4,"extra":1}},{"type":"Feature","geometry":{"type":"Point","coordinates":[23.759725,38.072593]},"properties":{"lines":"724","color":"#0059a9","mode":"bus","arr":["724"],"angle":-85.8,"extra":1}},{"type":"Feature","geometry":{"type":"Point","coordinates":[23.760074,38.069089]},"properties":{"lines":"724","color":"#0059a9","mode":"bus","arr":["724"],"angle":3}},{"type":"Feature","geometry":{"type":"Point","coordinates":[23.752361,38.053789]},"properties":{"lines":"724","color":"#0059a9","mode":"bus","arr":["724"],"angle":-66}},{"type":"Feature","geometry":{"type":"Point","coordinates":[23.750399,38.051352]},"properties":{"lines":"724","color":"#0059a9","mode":"bus","arr":["724"],"angle":-48.6,"extra":1}},{"type":"Feature","geometry":{"type":"Point","coordinates":[23.756799,38.061395]},"properties":{"lines":"724, Β9","color":"#0059a9","mode":"bus","arr":["724","Β9"],"angle":-73.7}},{"type":"Feature","geometry":{"type":"Point","coordinates":[23.752535,38.05425]},"properties":{"lines":"724, Β9","color":"#0059a9","mode":"bus","arr":["724","Β9"],"angle":-65.3}},{"type":"Feature","geometry":{"type":"Point","coordinates":[23.745853,38.121842]},"properties":{"lines":"725","color":"#0059a9","mode":"bus","arr":["725"],"angle":-75.3}},{"type":"Feature","geometry":{"type":"Point","coordinates":[23.753307,38.120049]},"properties":{"lines":"725","color":"#0059a9","mode":"bus","arr":["725"],"angle":-70.9}},{"type":"Feature","geometry":{"type":"Point","coordinates":[23.752635,38.119676]},"properties":{"lines":"725","color":"#0059a9","mode":"bus","arr":["725"],"angle":24.6}},{"type":"Feature","geometry":{"type":"Point","coordinates":[23.745909,38.120967]},"properties":{"lines":"725","color":"#0059a9","mode":"bus","arr":["725"],"angle":-38.7}},{"type":"Feature","geometry":{"type":"Point","coordinates":[23.753719,38.119564]},"properties":{"lines":"725, 726, 727","color":"#0059a9","mode":"bus","arr":["725","726","727"],"angle":-57}},{"type":"Feature","geometry":{"type":"Point","coordinates":[23.755001,38.120232]},"properties":{"lines":"725, 727","color":"#0059a9","mode":"bus","arr":["725","727"],"angle":-1.2}},{"type":"Feature","geometry":{"type":"Point","coordinates":[23.740885,38.102574]},"properties":{"lines":"725, 726, Α10","color":"#0059a9","mode":"bus","arr":["725","726","Α10"],"angle":42.3}},{"type":"Feature","geometry":{"type":"Point","coordinates":[23.739283,38.103721]},"properties":{"lines":"Α10","color":"#0059a9","mode":"bus","arr":["Α10"],"angle":42.3}},{"type":"Feature","geometry":{"type":"Point","coordinates":[23.733602,38.069096]},"properties":{"lines":"Α10","color":"#0059a9","mode":"bus","arr":["Α10"],"angle":-74.2}},{"type":"Feature","geometry":{"type":"Point","coordinates":[23.760737,38.108325]},"properties":{"lines":"727","color":"#0059a9","mode":"bus","arr":["727"],"angle":-87.5}},{"type":"Feature","geometry":{"type":"Point","coordinates":[23.753638,38.096724]},"properties":{"lines":"727","color":"#0059a9","mode":"bus","arr":["727"],"angle":-61.9,"extra":1}},{"type":"Feature","geometry":{"type":"Point","coordinates":[23.756696,38.101038]},"properties":{"lines":"727","color":"#0059a9","mode":"bus","arr":["727"],"angle":-57.5,"extra":1}},{"type":"Feature","geometry":{"type":"Point","coordinates":[23.759631,38.105385]},"properties":{"lines":"727","color":"#0059a9","mode":"bus","arr":["727"],"angle":-61,"extra":1}},{"type":"Feature","geometry":{"type":"Point","coordinates":[23.760916,38.114906]},"properties":{"lines":"727","color":"#0059a9","mode":"bus","arr":["727"],"angle":15.2,"extra":1}},{"type":"Feature","geometry":{"type":"Point","coordinates":[23.7564,38.116464]},"properties":{"lines":"727","color":"#0059a9","mode":"bus","arr":["727"],"angle":83.8,"extra":1}},{"type":"Feature","geometry":{"type":"Point","coordinates":[23.749481,38.108579]},"properties":{"lines":"727","color":"#0059a9","mode":"bus","arr":["727"],"angle":-87.4}},{"type":"Feature","geometry":{"type":"Point","coordinates":[23.752873,38.116896]},"properties":{"lines":"727","color":"#0059a9","mode":"bus","arr":["727"],"angle":-60.3,"extra":1}},{"type":"Feature","geometry":{"type":"Point","coordinates":[23.750247,38.112481]},"properties":{"lines":"727","color":"#0059a9","mode":"bus","arr":["727"],"angle":-81.7,"extra":1}},{"type":"Feature","geometry":{"type":"Point","coordinates":[23.750189,38.103086]},"properties":{"lines":"727","color":"#0059a9","mode":"bus","arr":["727"],"angle":82.5,"extra":1}},{"type":"Feature","geometry":{"type":"Point","coordinates":[23.748875,38.09832]},"properties":{"lines":"727","color":"#0059a9","mode":"bus","arr":["727"],"angle":-69.5,"extra":1}},{"type":"Feature","geometry":{"type":"Point","coordinates":[23.734309,38.120678]},"properties":{"lines":"727","color":"#0059a9","mode":"bus","arr":["727"],"angle":78.8}},{"type":"Feature","geometry":{"type":"Point","coordinates":[23.729888,38.11691]},"properties":{"lines":"727","color":"#0059a9","mode":"bus","arr":["727"],"angle":-89.7,"extra":1}},{"type":"Feature","geometry":{"type":"Point","coordinates":[23.730966,38.121736]},"properties":{"lines":"727","color":"#0059a9","mode":"bus","arr":["727"],"angle":83.1,"extra":1}},{"type":"Feature","geometry":{"type":"Point","coordinates":[23.733672,38.123831]},"properties":{"lines":"727","color":"#0059a9","mode":"bus","arr":["727"],"angle":81.5,"extra":1}},{"type":"Feature","geometry":{"type":"Point","coordinates":[23.735737,38.114085]},"properties":{"lines":"727","color":"#0059a9","mode":"bus","arr":["727"],"angle":89.8,"extra":1}},{"type":"Feature","geometry":{"type":"Point","coordinates":[23.735753,38.109139]},"properties":{"lines":"727","color":"#0059a9","mode":"bus","arr":["727"],"angle":89.2,"extra":1}},{"type":"Feature","geometry":{"type":"Point","coordinates":[23.732728,38.108957]},"properties":{"lines":"727, 752","color":"#0059a9","mode":"bus","arr":["727","752"],"angle":63.5}},{"type":"Feature","geometry":{"type":"Point","coordinates":[23.734652,38.105873]},"properties":{"lines":"727, 752","color":"#0059a9","mode":"bus","arr":["727","752"],"angle":47.2,"extra":1}},{"type":"Feature","geometry":{"type":"Point","coordinates":[23.725729,38.078659]},"properties":{"lines":"728, 733, 735","color":"#0059a9","mode":"bus","arr":["728","733","735"],"angle":-2.7}},{"type":"Feature","geometry":{"type":"Point","coordinates":[23.725662,38.081981]},"properties":{"lines":"728, 733, 878, 879","color":"#0059a9","mode":"bus","arr":["728","733","878","879"],"angle":-65.2}},{"type":"Feature","geometry":{"type":"Point","coordinates":[23.724762,38.095947]},"properties":{"lines":"728, 752","color":"#0059a9","mode":"bus","arr":["728","752"],"angle":88.7}},{"type":"Feature","geometry":{"type":"Point","coordinates":[23.724517,38.098769]},"properties":{"lines":"728, 752","color":"#0059a9","mode":"bus","arr":["728","752"],"angle":85.6}},{"type":"Feature","geometry":{"type":"Point","coordinates":[23.728371,38.095239]},"properties":{"lines":"728, 752","color":"#0059a9","mode":"bus","arr":["728","752"],"angle":15,"extra":1}},{"type":"Feature","geometry":{"type":"Point","coordinates":[23.723827,38.10207]},"properties":{"lines":"728, 752","color":"#0059a9","mode":"bus","arr":["728","752"],"angle":82.7,"extra":1}},{"type":"Feature","geometry":{"type":"Point","coordinates":[23.723006,38.106942]},"properties":{"lines":"728, 752","color":"#0059a9","mode":"bus","arr":["728","752"],"angle":81.5,"extra":1}},{"type":"Feature","geometry":{"type":"Point","coordinates":[23.735481,38.095118]},"properties":{"lines":"728, 752","color":"#0059a9","mode":"bus","arr":["728","752"],"angle":-2.1,"extra":1}},{"type":"Feature","geometry":{"type":"Point","coordinates":[23.698116,38.022548]},"properties":{"lines":"730","color":"#0059a9","mode":"bus","arr":["730"],"angle":-5.5}},{"type":"Feature","geometry":{"type":"Point","coordinates":[23.700126,38.014141]},"properties":{"lines":"730","color":"#0059a9","mode":"bus","arr":["730"],"angle":-88.2}},{"type":"Feature","geometry":{"type":"Point","coordinates":[23.706684,38.007413]},"properties":{"lines":"730","color":"#0059a9","mode":"bus","arr":["730"],"angle":79.5}},{"type":"Feature","geometry":{"type":"Point","coordinates":[23.692884,38.00651]},"properties":{"lines":"730","color":"#0059a9","mode":"bus","arr":["730"],"angle":23.2}},{"type":"Feature","geometry":{"type":"Point","coordinates":[23.677325,38.008672]},"properties":{"lines":"730","color":"#0059a9","mode":"bus","arr":["730"],"angle":-71.9}},{"type":"Feature","geometry":{"type":"Point","coordinates":[23.684127,38.00292]},"properties":{"lines":"730","color":"#0059a9","mode":"bus","arr":["730"],"angle":23.1}},{"type":"Feature","geometry":{"type":"Point","coordinates":[23.677462,38.005966]},"properties":{"lines":"730","color":"#0059a9","mode":"bus","arr":["730"],"angle":42.5}},{"type":"Feature","geometry":{"type":"Point","coordinates":[23.68043,38.004069]},"properties":{"lines":"730","color":"#0059a9","mode":"bus","arr":["730"],"angle":28,"extra":1}},{"type":"Feature","geometry":{"type":"Point","coordinates":[23.701493,38.011182]},"properties":{"lines":"730, 891, 892","color":"#0059a9","mode":"bus","arr":["730","891","892"],"angle":-12.4}},{"type":"Feature","geometry":{"type":"Point","coordinates":[23.701083,38.005108]},"properties":{"lines":"730, 790","color":"#0059a9","mode":"bus","arr":["730","790"],"angle":46.4}},{"type":"Feature","geometry":{"type":"Point","coordinates":[23.697417,38.006522]},"properties":{"lines":"730, 821","color":"#0059a9","mode":"bus","arr":["730","821"],"angle":-5.3}},{"type":"Feature","geometry":{"type":"Point","coordinates":[23.682621,38.007432]},"properties":{"lines":"730, 821","color":"#0059a9","mode":"bus","arr":["730","821"],"angle":46.7}},{"type":"Feature","geometry":{"type":"Point","coordinates":[23.688855,38.007962]},"properties":{"lines":"730, 891","color":"#0059a9","mode":"bus","arr":["730","891"],"angle":30.7}},{"type":"Feature","geometry":{"type":"Point","coordinates":[23.687859,38.006263]},"properties":{"lines":"730, 731","color":"#0059a9","mode":"bus","arr":["730","731"],"angle":-80.6}},{"type":"Feature","geometry":{"type":"Point","coordinates":[23.685536,38.00152]},"properties":{"lines":"Α15","color":"#0059a9","mode":"bus","arr":["Α15"],"angle":26}},{"type":"Feature","geometry":{"type":"Point","coordinates":[23.72007,37.989365]},"properties":{"lines":"Α15","color":"#0059a9","mode":"bus","arr":["Α15"],"angle":-79.7}},{"type":"Feature","geometry":{"type":"Point","coordinates":[23.70248,37.990874]},"properties":{"lines":"Α15","color":"#0059a9","mode":"bus","arr":["Α15"],"angle":40.4}},{"type":"Feature","geometry":{"type":"Point","coordinates":[23.716568,37.984331]},"properties":{"lines":"Α15","color":"#0059a9","mode":"bus","arr":["Α15"],"angle":-15.5,"extra":1}},{"type":"Feature","geometry":{"type":"Point","coordinates":[23.710648,37.985399]},"properties":{"lines":"Α15","color":"#0059a9","mode":"bus","arr":["Α15"],"angle":36.7,"extra":1}},{"type":"Feature","geometry":{"type":"Point","coordinates":[23.705979,37.988535]},"properties":{"lines":"Α15","color":"#0059a9","mode":"bus","arr":["Α15"],"angle":40.3,"extra":1}},{"type":"Feature","geometry":{"type":"Point","coordinates":[23.696398,37.994925]},"properties":{"lines":"Α15","color":"#0059a9","mode":"bus","arr":["Α15"],"angle":40.4,"extra":1}},{"type":"Feature","geometry":{"type":"Point","coordinates":[23.691642,37.998151]},"properties":{"lines":"Α15","color":"#0059a9","mode":"bus","arr":["Α15"],"angle":43.1,"extra":1}},{"type":"Feature","geometry":{"type":"Point","coordinates":[23.683805,38.002124]},"properties":{"lines":"730, 731, 845, Α15","color":"#0059a9","mode":"bus","arr":["730","731","845","Α15"],"angle":23.8}},{"type":"Feature","geometry":{"type":"Point","coordinates":[23.677617,38.010525]},"properties":{"lines":"730, 821, 892","color":"#0059a9","mode":"bus","arr":["730","821","892"],"angle":-69.4}},{"type":"Feature","geometry":{"type":"Point","coordinates":[23.676499,38.010918]},"properties":{"lines":"730, 821, 892","color":"#0059a9","mode":"bus","arr":["730","821","892"],"angle":-66.5}},{"type":"Feature","geometry":{"type":"Point","coordinates":[23.676923,38.009998]},"properties":{"lines":"821, 892","color":"#0059a9","mode":"bus","arr":["821","892"],"angle":21.5}},{"type":"Feature","geometry":{"type":"Point","coordinates":[23.688709,38.025415]},"properties":{"lines":"731","color":"#0059a9","mode":"bus","arr":["731"],"angle":7.8}},{"type":"Feature","geometry":{"type":"Point","coordinates":[23.688907,38.012592]},"properties":{"lines":"731","color":"#0059a9","mode":"bus","arr":["731"],"angle":-58.5}},{"type":"Feature","geometry":{"type":"Point","coordinates":[23.688192,38.009856]},"properties":{"lines":"731","color":"#0059a9","mode":"bus","arr":["731"],"angle":-87.9,"extra":1}},{"type":"Feature","geometry":{"type":"Point","coordinates":[23.692363,38.022932]},"properties":{"lines":"731, 748","color":"#0059a9","mode":"bus","arr":["731","748"],"angle":20.1}},{"type":"Feature","geometry":{"type":"Point","coordinates":[23.672716,38.007911]},"properties":{"lines":"731, 845, Α15","color":"#0059a9","mode":"bus","arr":["731","845","Α15"],"angle":40.2}},{"type":"Feature","geometry":{"type":"Point","coordinates":[23.679668,38.003489]},"properties":{"lines":"731, 845, Α15","color":"#0059a9","mode":"bus","arr":["731","845","Α15"],"angle":26.6,"extra":1}},{"type":"Feature","geometry":{"type":"Point","coordinates":[23.669968,38.009747]},"properties":{"lines":"731, 845, Α15","color":"#0059a9","mode":"bus","arr":["731","845","Α15"],"angle":41.6,"extra":1}},{"type":"Feature","geometry":{"type":"Point","coordinates":[23.664895,38.012587]},"properties":{"lines":"731, 845, Α15","color":"#0059a9","mode":"bus","arr":["731","845","Α15"],"angle":15,"extra":1}},{"type":"Feature","geometry":{"type":"Point","coordinates":[23.657747,38.012612]},"properties":{"lines":"731, 845, Α15","color":"#0059a9","mode":"bus","arr":["731","845","Α15"],"angle":-1,"extra":1}},{"type":"Feature","geometry":{"type":"Point","coordinates":[23.661941,38.012682]},"properties":{"lines":"731, 845, 892, Α15","color":"#0059a9","mode":"bus","arr":["731","845","892","Α15"],"angle":-1.7}},{"type":"Feature","geometry":{"type":"Point","coordinates":[23.661976,38.015018]},"properties":{"lines":"731, 892","color":"#0059a9","mode":"bus","arr":["731","892"],"angle":-65.2}},{"type":"Feature","geometry":{"type":"Point","coordinates":[23.661895,38.015068]},"properties":{"lines":"731, 750, 892","color":"#0059a9","mode":"bus","arr":["731","750","892"],"angle":-64.9}},{"type":"Feature","geometry":{"type":"Point","coordinates":[23.651108,38.011115]},"properties":{"lines":"731, 845, 866, Α15","color":"#0059a9","mode":"bus","arr":["731","845","866","Α15"],"angle":-21.2}},{"type":"Feature","geometry":{"type":"Point","coordinates":[23.648361,38.011304]},"properties":{"lines":"731, Α15","color":"#0059a9","mode":"bus","arr":["731","Α15"],"angle":-69.3}},{"type":"Feature","geometry":{"type":"Point","coordinates":[23.648596,38.01571]},"properties":{"lines":"731, Α15","color":"#0059a9","mode":"bus","arr":["731","Α15"],"angle":20.5}},{"type":"Feature","geometry":{"type":"Point","coordinates":[23.647342,38.01942]},"properties":{"lines":"731, Α15","color":"#0059a9","mode":"bus","arr":["731","Α15"],"angle":-68}},{"type":"Feature","geometry":{"type":"Point","coordinates":[23.649424,38.013547]},"properties":{"lines":"731, 803, Α15","color":"#0059a9","mode":"bus","arr":["731","803","Α15"],"angle":-69.8}},{"type":"Feature","geometry":{"type":"Point","coordinates":[23.646408,38.016354]},"properties":{"lines":"731, 803, Α15","color":"#0059a9","mode":"bus","arr":["731","803","Α15"],"angle":20.8}},{"type":"Feature","geometry":{"type":"Point","coordinates":[23.645951,38.019371]},"properties":{"lines":"803","color":"#0059a9","mode":"bus","arr":["803"],"angle":-61.8}},{"type":"Feature","geometry":{"type":"Point","coordinates":[23.652523,38.014571]},"properties":{"lines":"803","color":"#0059a9","mode":"bus","arr":["803"],"angle":57.8,"extra":1}},{"type":"Feature","geometry":{"type":"Point","coordinates":[23.645474,38.013235]},"properties":{"lines":"803","color":"#0059a9","mode":"bus","arr":["803"],"angle":-68.1}},{"type":"Feature","geometry":{"type":"Point","coordinates":[23.657419,38.012396]},"properties":{"lines":"803","color":"#0059a9","mode":"bus","arr":["803"],"angle":-1.5}},{"type":"Feature","geometry":{"type":"Point","coordinates":[23.662262,38.006845]},"properties":{"lines":"803","color":"#0059a9","mode":"bus","arr":["803"],"angle":0.6}},{"type":"Feature","geometry":{"type":"Point","coordinates":[23.667319,37.97579]},"properties":{"lines":"803","color":"#0059a9","mode":"bus","arr":["803"],"angle":-51.6}},{"type":"Feature","geometry":{"type":"Point","coordinates":[23.712649,38.009823]},"properties":{"lines":"732, 891","color":"#0059a9","mode":"bus","arr":["732","891"],"angle":27.9}},{"type":"Feature","geometry":{"type":"Point","coordinates":[23.712841,38.009829]},"properties":{"lines":"732, 891","color":"#0059a9","mode":"bus","arr":["732","891"],"angle":27.6}},{"type":"Feature","geometry":{"type":"Point","coordinates":[23.71965,38.001136]},"properties":{"lines":"732, 790, 891","color":"#0059a9","mode":"bus","arr":["732","790","891"],"angle":68.7}},{"type":"Feature","geometry":{"type":"Point","coordinates":[23.716477,38.006853]},"properties":{"lines":"732, 790, 891","color":"#0059a9","mode":"bus","arr":["732","790","891"],"angle":54.8}},{"type":"Feature","geometry":{"type":"Point","coordinates":[23.724337,37.989887]},"properties":{"lines":"732, Α11, Β11, Γ12","color":"#0059a9","mode":"bus","arr":["732","Α11","Β11","Γ12"],"angle":64}},{"type":"Feature","geometry":{"type":"Point","coordinates":[23.726287,37.987529]},"properties":{"lines":"732, Α11, Β11, Β9, Γ12","color":"#0059a9","mode":"bus","arr":["732","Α11","Β11","Β9","Γ12"],"angle":49.4}},{"type":"Feature","geometry":{"type":"Point","coordinates":[23.727747,37.986269]},"properties":{"lines":"732, Α11, Β11, Β9","color":"#0059a9","mode":"bus","arr":["732","Α11","Β11","Β9"],"angle":10.4}},{"type":"Feature","geometry":{"type":"Point","coordinates":[23.72716,37.988011]},"properties":{"lines":"732, Γ12","color":"#0059a9","mode":"bus","arr":["732","Γ12"],"angle":10.8}},{"type":"Feature","geometry":{"type":"Point","coordinates":[23.725847,37.989129]},"properties":{"lines":"732, Γ12","color":"#0059a9","mode":"bus","arr":["732","Γ12"],"angle":-15.6}},{"type":"Feature","geometry":{"type":"Point","coordinates":[23.721955,38.081064]},"properties":{"lines":"733, 735, 878, 879","color":"#0059a9","mode":"bus","arr":["733","735","878","879"],"angle":-2.6}},{"type":"Feature","geometry":{"type":"Point","coordinates":[23.719204,38.082511]},"properties":{"lines":"733, 878, 879","color":"#0059a9","mode":"bus","arr":["733","878","879"],"angle":-60.5}},{"type":"Feature","geometry":{"type":"Point","coordinates":[23.711873,38.085895]},"properties":{"lines":"733, 878, 879","color":"#0059a9","mode":"bus","arr":["733","878","879"],"angle":-42.1}},{"type":"Feature","geometry":{"type":"Point","coordinates":[23.693557,38.091731]},"properties":{"lines":"733, Β12","color":"#0059a9","mode":"bus","arr":["733","Β12"],"angle":74.9}},{"type":"Feature","geometry":{"type":"Point","coordinates":[23.779721,38.077262]},"properties":{"lines":"734","color":"#0059a9","mode":"bus","arr":["734"],"angle":41.1}},{"type":"Feature","geometry":{"type":"Point","coordinates":[23.783792,38.081591]},"properties":{"lines":"734","color":"#0059a9","mode":"bus","arr":["734"],"angle":-58.5}},{"type":"Feature","geometry":{"type":"Point","coordinates":[23.781978,38.079136]},"properties":{"lines":"734","color":"#0059a9","mode":"bus","arr":["734"],"angle":-57.1,"extra":1}},{"type":"Feature","geometry":{"type":"Point","coordinates":[23.787248,38.087459]},"properties":{"lines":"734","color":"#0059a9","mode":"bus","arr":["734"],"angle":44.3}},{"type":"Feature","geometry":{"type":"Point","coordinates":[23.786888,38.090161]},"properties":{"lines":"734","color":"#0059a9","mode":"bus","arr":["734"],"angle":-2.4}},{"type":"Feature","geometry":{"type":"Point","coordinates":[23.720553,38.080356]},"properties":{"lines":"735","color":"#0059a9","mode":"bus","arr":["735"],"angle":-4.4}},{"type":"Feature","geometry":{"type":"Point","coordinates":[23.715332,38.063944]},"properties":{"lines":"735","color":"#0059a9","mode":"bus","arr":["735"],"angle":57.4}},{"type":"Feature","geometry":{"type":"Point","coordinates":[23.722816,38.077157]},"properties":{"lines":"735","color":"#0059a9","mode":"bus","arr":["735"],"angle":-45.4,"extra":1}},{"type":"Feature","geometry":{"type":"Point","coordinates":[23.718784,38.073417]},"properties":{"lines":"735","color":"#0059a9","mode":"bus","arr":["735"],"angle":-55,"extra":1}},{"type":"Feature","geometry":{"type":"Point","coordinates":[23.71638,38.068909]},"properties":{"lines":"735","color":"#0059a9","mode":"bus","arr":["735"],"angle":-56.1,"extra":1}},{"type":"Feature","geometry":{"type":"Point","coordinates":[23.717143,38.059939]},"properties":{"lines":"735","color":"#0059a9","mode":"bus","arr":["735"],"angle":73.2,"extra":1}},{"type":"Feature","geometry":{"type":"Point","coordinates":[23.719936,38.055703]},"properties":{"lines":"735","color":"#0059a9","mode":"bus","arr":["735"],"angle":26.3,"extra":1}},{"type":"Feature","geometry":{"type":"Point","coordinates":[23.725518,38.053531]},"properties":{"lines":"735","color":"#0059a9","mode":"bus","arr":["735"],"angle":17.3,"extra":1}},{"type":"Feature","geometry":{"type":"Point","coordinates":[23.72914,38.047878]},"properties":{"lines":"735, Α10, Β10","color":"#0059a9","mode":"bus","arr":["735","Α10","Β10"],"angle":-81.1}},{"type":"Feature","geometry":{"type":"Point","coordinates":[23.728281,38.044947]},"properties":{"lines":"735, Α10, Β10","color":"#0059a9","mode":"bus","arr":["735","Α10","Β10"],"angle":-65.9,"extra":1}},{"type":"Feature","geometry":{"type":"Point","coordinates":[23.725768,38.040339]},"properties":{"lines":"735, 892","color":"#0059a9","mode":"bus","arr":["735","892"],"angle":-66.2}},{"type":"Feature","geometry":{"type":"Point","coordinates":[23.722835,38.034509]},"properties":{"lines":"735, 892, Α10, Β10","color":"#0059a9","mode":"bus","arr":["735","892","Α10","Β10"],"angle":-66}},{"type":"Feature","geometry":{"type":"Point","coordinates":[23.742173,38.092971]},"properties":{"lines":"740, 755, 755Β","color":"#0059a9","mode":"bus","arr":["740","755","755Β"],"angle":11.4}},{"type":"Feature","geometry":{"type":"Point","coordinates":[23.738931,38.066831]},"properties":{"lines":"740, 755, 755Β","color":"#0059a9","mode":"bus","arr":["740","755","755Β"],"angle":29.2}},{"type":"Feature","geometry":{"type":"Point","coordinates":[23.739674,38.074743]},"properties":{"lines":"740, 755","color":"#0059a9","mode":"bus","arr":["740","755"],"angle":-65.2}},{"type":"Feature","geometry":{"type":"Point","coordinates":[23.732522,38.065105]},"properties":{"lines":"740, Α10","color":"#0059a9","mode":"bus","arr":["740","Α10"],"angle":-78.7}},{"type":"Feature","geometry":{"type":"Point","coordinates":[23.731675,38.061494]},"properties":{"lines":"740, Α10","color":"#0059a9","mode":"bus","arr":["740","Α10"],"angle":-89,"extra":1}},{"type":"Feature","geometry":{"type":"Point","coordinates":[23.67372,38.044758]},"properties":{"lines":"747","color":"#0059a9","mode":"bus","arr":["747"],"angle":-54.2}},{"type":"Feature","geometry":{"type":"Point","coordinates":[23.684654,38.045908]},"properties":{"lines":"747","color":"#0059a9","mode":"bus","arr":["747"],"angle":-87.3}},{"type":"Feature","geometry":{"type":"Point","coordinates":[23.702999,38.032525]},"properties":{"lines":"747","color":"#0059a9","mode":"bus","arr":["747"],"angle":78.6}},{"type":"Feature","geometry":{"type":"Point","coordinates":[23.696078,38.041391]},"properties":{"lines":"747","color":"#0059a9","mode":"bus","arr":["747"],"angle":50.2}},{"type":"Feature","geometry":{"type":"Point","coordinates":[23.703306,38.033692]},"properties":{"lines":"747","color":"#0059a9","mode":"bus","arr":["747"],"angle":80.1,"extra":1}},{"type":"Feature","geometry":{"type":"Point","coordinates":[23.700247,38.037949]},"properties":{"lines":"747","color":"#0059a9","mode":"bus","arr":["747"],"angle":49.3,"extra":1}},{"type":"Feature","geometry":{"type":"Point","coordinates":[23.695212,38.045165]},"properties":{"lines":"747","color":"#0059a9","mode":"bus","arr":["747"],"angle":36.2,"extra":1}},{"type":"Feature","geometry":{"type":"Point","coordinates":[23.690423,38.048357]},"properties":{"lines":"747","color":"#0059a9","mode":"bus","arr":["747"],"angle":45.4,"extra":1}},{"type":"Feature","geometry":{"type":"Point","coordinates":[23.68279,38.047602]},"properties":{"lines":"747","color":"#0059a9","mode":"bus","arr":["747"],"angle":-60}},{"type":"Feature","geometry":{"type":"Point","coordinates":[23.679044,38.047509]},"properties":{"lines":"747","color":"#0059a9","mode":"bus","arr":["747"],"angle":-60.2,"extra":1}},{"type":"Feature","geometry":{"type":"Point","coordinates":[23.687249,38.048429]},"properties":{"lines":"747","color":"#0059a9","mode":"bus","arr":["747"],"angle":48.7,"extra":1}},{"type":"Feature","geometry":{"type":"Point","coordinates":[23.688276,38.046859]},"properties":{"lines":"747","color":"#0059a9","mode":"bus","arr":["747"],"angle":-37.1}},{"type":"Feature","geometry":{"type":"Point","coordinates":[23.674856,38.04578]},"properties":{"lines":"747, Α11, Β11","color":"#0059a9","mode":"bus","arr":["747","Α11","Β11"],"angle":-46.3}},{"type":"Feature","geometry":{"type":"Point","coordinates":[23.672686,38.02778]},"properties":{"lines":"748","color":"#0059a9","mode":"bus","arr":["748"],"angle":-56.2}},{"type":"Feature","geometry":{"type":"Point","coordinates":[23.674012,38.024982]},"properties":{"lines":"748","color":"#0059a9","mode":"bus","arr":["748"],"angle":-9.1,"extra":1}},{"type":"Feature","geometry":{"type":"Point","coordinates":[23.675951,38.029012]},"properties":{"lines":"748","color":"#0059a9","mode":"bus","arr":["748"],"angle":31.3,"extra":1}},{"type":"Feature","geometry":{"type":"Point","coordinates":[23.681328,38.026462]},"properties":{"lines":"748","color":"#0059a9","mode":"bus","arr":["748"],"angle":19.3,"extra":1}},{"type":"Feature","geometry":{"type":"Point","coordinates":[23.687598,38.022894]},"properties":{"lines":"748","color":"#0059a9","mode":"bus","arr":["748"],"angle":-5.6}},{"type":"Feature","geometry":{"type":"Point","coordinates":[23.69886,38.010125]},"properties":{"lines":"748","color":"#0059a9","mode":"bus","arr":["748"],"angle":-58.5}},{"type":"Feature","geometry":{"type":"Point","coordinates":[23.689806,38.022403]},"properties":{"lines":"748","color":"#0059a9","mode":"bus","arr":["748"],"angle":-3.8}},{"type":"Feature","geometry":{"type":"Point","coordinates":[23.698093,38.011239]},"properties":{"lines":"748, 891, 892","color":"#0059a9","mode":"bus","arr":["748","891","892"],"angle":16.4}},{"type":"Feature","geometry":{"type":"Point","coordinates":[23.684038,38.087556]},"properties":{"lines":"749","color":"#0059a9","mode":"bus","arr":["749"],"angle":76.7}},{"type":"Feature","geometry":{"type":"Point","coordinates":[23.689388,38.087482]},"properties":{"lines":"749","color":"#0059a9","mode":"bus","arr":["749"],"angle":-8.3,"extra":1}},{"type":"Feature","geometry":{"type":"Point","coordinates":[23.687865,38.08349]},"properties":{"lines":"749","color":"#0059a9","mode":"bus","arr":["749"],"angle":23.8}},{"type":"Feature","geometry":{"type":"Point","coordinates":[23.691307,38.084632]},"properties":{"lines":"749","color":"#0059a9","mode":"bus","arr":["749"],"angle":-14.7,"extra":1}},{"type":"Feature","geometry":{"type":"Point","coordinates":[23.682942,38.084859]},"properties":{"lines":"749","color":"#0059a9","mode":"bus","arr":["749"],"angle":61,"extra":1}},{"type":"Feature","geometry":{"type":"Point","coordinates":[23.678582,38.08172]},"properties":{"lines":"749","color":"#0059a9","mode":"bus","arr":["749"],"angle":-51.6}},{"type":"Feature","geometry":{"type":"Point","coordinates":[23.680312,38.085801]},"properties":{"lines":"749","color":"#0059a9","mode":"bus","arr":["749"],"angle":56.3}},{"type":"Feature","geometry":{"type":"Point","coordinates":[23.682899,38.087479]},"properties":{"lines":"749","color":"#0059a9","mode":"bus","arr":["749"],"angle":-74.2}},{"type":"Feature","geometry":{"type":"Point","coordinates":[23.634679,37.968081]},"properties":{"lines":"750","color":"#0059a9","mode":"bus","arr":["750"],"angle":-40.8}},{"type":"Feature","geometry":{"type":"Point","coordinates":[23.661795,38.01248]},"properties":{"lines":"750, 803, 892","color":"#0059a9","mode":"bus","arr":["750","803","892"],"angle":-1.3}},{"type":"Feature","geometry":{"type":"Point","coordinates":[23.66443,38.012465]},"properties":{"lines":"750, 811, 892","color":"#0059a9","mode":"bus","arr":["750","811","892"],"angle":8.7}},{"type":"Feature","geometry":{"type":"Point","coordinates":[23.675263,38.005959]},"properties":{"lines":"750, Β15","color":"#0059a9","mode":"bus","arr":["750","Β15"],"angle":40.2}},{"type":"Feature","geometry":{"type":"Point","coordinates":[23.668994,38.010137]},"properties":{"lines":"750, Β15","color":"#0059a9","mode":"bus","arr":["750","Β15"],"angle":40.6,"extra":1}},{"type":"Feature","geometry":{"type":"Point","coordinates":[23.67859,38.003761]},"properties":{"lines":"750, Β15","color":"#0059a9","mode":"bus","arr":["750","Β15"],"angle":35.7,"extra":1}},{"type":"Feature","geometry":{"type":"Point","coordinates":[23.684254,38.001645]},"properties":{"lines":"750, Β15","color":"#0059a9","mode":"bus","arr":["750","Β15"],"angle":25.4,"extra":1}},{"type":"Feature","geometry":{"type":"Point","coordinates":[23.68349,37.999106]},"properties":{"lines":"750, 891","color":"#0059a9","mode":"bus","arr":["750","891"],"angle":-57.1}},{"type":"Feature","geometry":{"type":"Point","coordinates":[23.681791,37.991378]},"properties":{"lines":"750, 807, 829","color":"#0059a9","mode":"bus","arr":["750","807","829"],"angle":17.4}},{"type":"Feature","geometry":{"type":"Point","coordinates":[23.681888,37.990393]},"properties":{"lines":"750, 807, 852, 856","color":"#0059a9","mode":"bus","arr":["750","807","852","856"],"angle":-72.4}},{"type":"Feature","geometry":{"type":"Point","coordinates":[23.675804,37.984102]},"properties":{"lines":"750, 856","color":"#0059a9","mode":"bus","arr":["750","856"],"angle":61}},{"type":"Feature","geometry":{"type":"Point","coordinates":[23.68069,37.987131]},"properties":{"lines":"750, 856","color":"#0059a9","mode":"bus","arr":["750","856"],"angle":-73.8,"extra":1}},{"type":"Feature","geometry":{"type":"Point","coordinates":[23.668049,37.987924]},"properties":{"lines":"750, 856","color":"#0059a9","mode":"bus","arr":["750","856"],"angle":24,"extra":1}},{"type":"Feature","geometry":{"type":"Point","coordinates":[23.662977,37.986047]},"properties":{"lines":"750, 831, 837, 856","color":"#0059a9","mode":"bus","arr":["750","831","837","856"],"angle":-27.1}},{"type":"Feature","geometry":{"type":"Point","coordinates":[23.659585,37.985886]},"properties":{"lines":"750, 831, 837","color":"#0059a9","mode":"bus","arr":["750","831","837"],"angle":19}},{"type":"Feature","geometry":{"type":"Point","coordinates":[23.657619,37.985591]},"properties":{"lines":"750, 807, 830","color":"#0059a9","mode":"bus","arr":["750","807","830"],"angle":-61.3}},{"type":"Feature","geometry":{"type":"Point","coordinates":[23.655772,37.982719]},"properties":{"lines":"750, 810, 830","color":"#0059a9","mode":"bus","arr":["750","810","830"],"angle":-65.2}},{"type":"Feature","geometry":{"type":"Point","coordinates":[23.651928,37.981138]},"properties":{"lines":"750, 830, 842, 860","color":"#0059a9","mode":"bus","arr":["750","830","842","860"],"angle":-13.1}},{"type":"Feature","geometry":{"type":"Point","coordinates":[23.647918,37.980386]},"properties":{"lines":"750, 810, 830, 842, 860","color":"#0059a9","mode":"bus","arr":["750","810","830","842","860"],"angle":-14}},{"type":"Feature","geometry":{"type":"Point","coordinates":[23.644967,37.97985]},"properties":{"lines":"750, 810, 842, 860","color":"#0059a9","mode":"bus","arr":["750","810","842","860"],"angle":-13}},{"type":"Feature","geometry":{"type":"Point","coordinates":[23.641857,37.979162]},"properties":{"lines":"750, 807, 842","color":"#0059a9","mode":"bus","arr":["750","807","842"],"angle":-13.4}},{"type":"Feature","geometry":{"type":"Point","coordinates":[23.64087,37.977516]},"properties":{"lines":"750, 800, 846","color":"#0059a9","mode":"bus","arr":["750","800","846"],"angle":76.7}},{"type":"Feature","geometry":{"type":"Point","coordinates":[23.640834,37.975363]},"properties":{"lines":"750, 800, 814, 846, 852","color":"#0059a9","mode":"bus","arr":["750","800","814","846","852"],"angle":31.1}},{"type":"Feature","geometry":{"type":"Point","coordinates":[23.643223,37.972171]},"properties":{"lines":"750, 800, 846, 852","color":"#0059a9","mode":"bus","arr":["750","800","846","852"],"angle":67.5}},{"type":"Feature","geometry":{"type":"Point","coordinates":[23.6442,37.968548]},"properties":{"lines":"750, 820, 841, 909","color":"#0059a9","mode":"bus","arr":["750","820","841","909"],"angle":-21.9}},{"type":"Feature","geometry":{"type":"Point","coordinates":[23.640986,37.96753]},"properties":{"lines":"750, 814, 820, 841, 909","color":"#0059a9","mode":"bus","arr":["750","814","820","841","909"],"angle":-21.8}},{"type":"Feature","geometry":{"type":"Point","coordinates":[23.638207,37.96665]},"properties":{"lines":"750, 814, 820, 825, 841, 909","color":"#0059a9","mode":"bus","arr":["750","814","820","825","841","909"],"angle":-22.1}},{"type":"Feature","geometry":{"type":"Point","coordinates":[23.637373,37.96638]},"properties":{"lines":"750, 814","color":"#0059a9","mode":"bus","arr":["750","814"],"angle":-22.5}},{"type":"Feature","geometry":{"type":"Point","coordinates":[23.743721,38.088341]},"properties":{"lines":"755, 755Β","color":"#0059a9","mode":"bus","arr":["755","755Β"],"angle":50.3}},{"type":"Feature","geometry":{"type":"Point","coordinates":[23.737571,38.056031]},"properties":{"lines":"755, 755Β","color":"#0059a9","mode":"bus","arr":["755","755Β"],"angle":-84.2}},{"type":"Feature","geometry":{"type":"Point","coordinates":[23.7379,38.049177]},"properties":{"lines":"755, 755Β","color":"#0059a9","mode":"bus","arr":["755","755Β"],"angle":73.7,"extra":1}},{"type":"Feature","geometry":{"type":"Point","coordinates":[23.739102,38.063135]},"properties":{"lines":"755, 755Β","color":"#0059a9","mode":"bus","arr":["755","755Β"],"angle":78,"extra":1}},{"type":"Feature","geometry":{"type":"Point","coordinates":[23.73339,38.032165]},"properties":{"lines":"755, 755Β","color":"#0059a9","mode":"bus","arr":["755","755Β"],"angle":-5.9}},{"type":"Feature","geometry":{"type":"Point","coordinates":[23.736228,38.035865]},"properties":{"lines":"755, 755Β","color":"#0059a9","mode":"bus","arr":["755","755Β"],"angle":-69.7,"extra":1}},{"type":"Feature","geometry":{"type":"Point","coordinates":[23.73043,38.028459]},"properties":{"lines":"755, 755Β","color":"#0059a9","mode":"bus","arr":["755","755Β"],"angle":-74.3,"extra":1}},{"type":"Feature","geometry":{"type":"Point","coordinates":[23.731175,38.025062]},"properties":{"lines":"755, 755Β","color":"#0059a9","mode":"bus","arr":["755","755Β"],"angle":-78}},{"type":"Feature","geometry":{"type":"Point","coordinates":[23.744807,38.077462]},"properties":{"lines":"755Β","color":"#0059a9","mode":"bus","arr":["755Β"],"angle":-68.3}},{"type":"Feature","geometry":{"type":"Point","coordinates":[23.743818,38.068595]},"properties":{"lines":"755Β","color":"#0059a9","mode":"bus","arr":["755Β"],"angle":-7.9}},{"type":"Feature","geometry":{"type":"Point","coordinates":[23.739934,38.070092]},"properties":{"lines":"755Β","color":"#0059a9","mode":"bus","arr":["755Β"],"angle":11}},{"type":"Feature","geometry":{"type":"Point","coordinates":[23.742277,38.070272]},"properties":{"lines":"755Β","color":"#0059a9","mode":"bus","arr":["755Β"],"angle":-6.5}},{"type":"Feature","geometry":{"type":"Point","coordinates":[23.74393,38.07097]},"properties":{"lines":"755Β","color":"#0059a9","mode":"bus","arr":["755Β"],"angle":80.9}},{"type":"Feature","geometry":{"type":"Point","coordinates":[23.743932,38.071257]},"properties":{"lines":"755Β","color":"#0059a9","mode":"bus","arr":["755Β"],"angle":-7.6}},{"type":"Feature","geometry":{"type":"Point","coordinates":[23.745511,37.907028]},"properties":{"lines":"790, Α3","color":"#0059a9","mode":"bus","arr":["790","Α3"],"angle":84.3}},{"type":"Feature","geometry":{"type":"Point","coordinates":[23.739313,37.948857]},"properties":{"lines":"790, Α3","color":"#0059a9","mode":"bus","arr":["790","Α3"],"angle":79}},{"type":"Feature","geometry":{"type":"Point","coordinates":[23.740699,37.943219]},"properties":{"lines":"790, Α3","color":"#0059a9","mode":"bus","arr":["790","Α3"],"angle":79,"extra":1}},{"type":"Feature","geometry":{"type":"Point","coordinates":[23.73888,37.952926]},"properties":{"lines":"790, Α3","color":"#0059a9","mode":"bus","arr":["790","Α3"],"angle":-85,"extra":1}},{"type":"Feature","geometry":{"type":"Point","coordinates":[23.735381,37.96287]},"properties":{"lines":"790, 856, Α3","color":"#0059a9","mode":"bus","arr":["790","856","Α3"],"angle":59}},{"type":"Feature","geometry":{"type":"Point","coordinates":[23.733703,37.965275]},"properties":{"lines":"790, 856, Α3","color":"#0059a9","mode":"bus","arr":["790","856","Α3"],"angle":65.5,"extra":1}},{"type":"Feature","geometry":{"type":"Point","coordinates":[23.73271,37.967909]},"properties":{"lines":"790, 856, Α3","color":"#0059a9","mode":"bus","arr":["790","856","Α3"],"angle":31.7}},{"type":"Feature","geometry":{"type":"Point","coordinates":[23.708314,38.00423]},"properties":{"lines":"790","color":"#0059a9","mode":"bus","arr":["790"],"angle":-44.7}},{"type":"Feature","geometry":{"type":"Point","coordinates":[23.713095,38.007043]},"properties":{"lines":"790","color":"#0059a9","mode":"bus","arr":["790"],"angle":-50.6,"extra":1}},{"type":"Feature","geometry":{"type":"Point","coordinates":[23.703617,38.003022]},"properties":{"lines":"790","color":"#0059a9","mode":"bus","arr":["790"],"angle":46.1,"extra":1}},{"type":"Feature","geometry":{"type":"Point","coordinates":[23.630465,37.977433]},"properties":{"lines":"825","color":"#0059a9","mode":"bus","arr":["825"],"angle":-4.5}},{"type":"Feature","geometry":{"type":"Point","coordinates":[23.62961,37.97504]},"properties":{"lines":"825","color":"#0059a9","mode":"bus","arr":["825"],"angle":87.9}},{"type":"Feature","geometry":{"type":"Point","coordinates":[23.624511,37.967971]},"properties":{"lines":"825","color":"#0059a9","mode":"bus","arr":["825"],"angle":-60.2}},{"type":"Feature","geometry":{"type":"Point","coordinates":[23.638759,37.966404]},"properties":{"lines":"825","color":"#0059a9","mode":"bus","arr":["825"],"angle":67.3}},{"type":"Feature","geometry":{"type":"Point","coordinates":[23.625806,37.967532]},"properties":{"lines":"825","color":"#0059a9","mode":"bus","arr":["825"],"angle":89.9}},{"type":"Feature","geometry":{"type":"Point","coordinates":[23.628676,37.97513]},"properties":{"lines":"825","color":"#0059a9","mode":"bus","arr":["825"],"angle":-88.3}},{"type":"Feature","geometry":{"type":"Point","coordinates":[23.626321,37.970564]},"properties":{"lines":"825","color":"#0059a9","mode":"bus","arr":["825"],"angle":48.1}},{"type":"Feature","geometry":{"type":"Point","coordinates":[23.628316,37.986814]},"properties":{"lines":"800, 824, 825, 846, 852","color":"#0059a9","mode":"bus","arr":["800","824","825","846","852"],"angle":30.7}},{"type":"Feature","geometry":{"type":"Point","coordinates":[23.628911,37.986865]},"properties":{"lines":"800, 825, 852","color":"#0059a9","mode":"bus","arr":["800","825","852"],"angle":32.7}},{"type":"Feature","geometry":{"type":"Point","coordinates":[23.634458,37.984166]},"properties":{"lines":"800, 824, 825, 852","color":"#0059a9","mode":"bus","arr":["800","824","825","852"],"angle":31.6}},{"type":"Feature","geometry":{"type":"Point","coordinates":[23.637938,37.982477]},"properties":{"lines":"800, 824, 825, 852","color":"#0059a9","mode":"bus","arr":["800","824","825","852"],"angle":11,"extra":1}},{"type":"Feature","geometry":{"type":"Point","coordinates":[23.640093,37.984338]},"properties":{"lines":"807, 814","color":"#0059a9","mode":"bus","arr":["807","814"],"angle":-58.4}},{"type":"Feature","geometry":{"type":"Point","coordinates":[23.639105,37.982478]},"properties":{"lines":"800, 807, 814, 824, 825, 852","color":"#0059a9","mode":"bus","arr":["800","807","814","824","825","852"],"angle":71.6}},{"type":"Feature","geometry":{"type":"Point","coordinates":[23.639679,37.981652]},"properties":{"lines":"800, 807","color":"#0059a9","mode":"bus","arr":["800","807"],"angle":-87.1}},{"type":"Feature","geometry":{"type":"Point","coordinates":[23.640118,37.980004]},"properties":{"lines":"800, 807, 824, 825, 846","color":"#0059a9","mode":"bus","arr":["800","807","824","825","846"],"angle":77}},{"type":"Feature","geometry":{"type":"Point","coordinates":[23.638394,37.978611]},"properties":{"lines":"800, 824, 842, 860","color":"#0059a9","mode":"bus","arr":["800","824","842","860"],"angle":-13.5}},{"type":"Feature","geometry":{"type":"Point","coordinates":[23.633893,37.978012]},"properties":{"lines":"800, 824, 825, 842, 860","color":"#0059a9","mode":"bus","arr":["800","824","825","842","860"],"angle":-3.9}},{"type":"Feature","geometry":{"type":"Point","coordinates":[23.632501,37.97533]},"properties":{"lines":"800","color":"#0059a9","mode":"bus","arr":["800"],"angle":-30.4}},{"type":"Feature","geometry":{"type":"Point","coordinates":[23.648016,37.964441]},"properties":{"lines":"800","color":"#0059a9","mode":"bus","arr":["800"],"angle":68}},{"type":"Feature","geometry":{"type":"Point","coordinates":[23.638431,37.978518]},"properties":{"lines":"800, 825, 842","color":"#0059a9","mode":"bus","arr":["800","825","842"],"angle":-13.4}},{"type":"Feature","geometry":{"type":"Point","coordinates":[23.635247,37.977978]},"properties":{"lines":"800, 824, 825, 842","color":"#0059a9","mode":"bus","arr":["800","824","825","842"],"angle":-4.3}},{"type":"Feature","geometry":{"type":"Point","coordinates":[23.646803,37.965219]},"properties":{"lines":"800, 809, 820, 827, 828, 841, 846","color":"#0059a9","mode":"bus","arr":["800","809","820","827","828","841","846"],"angle":67.9}},{"type":"Feature","geometry":{"type":"Point","coordinates":[23.648532,37.963329]},"properties":{"lines":"800, 809, 820, 827, 828, 841, 846","color":"#0059a9","mode":"bus","arr":["800","809","820","827","828","841","846"],"angle":-6.6}},{"type":"Feature","geometry":{"type":"Point","coordinates":[23.6493,37.962738]},"properties":{"lines":"800, 827","color":"#0059a9","mode":"bus","arr":["800","827"],"angle":74.7}},{"type":"Feature","geometry":{"type":"Point","coordinates":[23.646884,37.961477]},"properties":{"lines":"800, 827","color":"#0059a9","mode":"bus","arr":["800","827"],"angle":38.2}},{"type":"Feature","geometry":{"type":"Point","coordinates":[23.646949,37.963193]},"properties":{"lines":"800, 827","color":"#0059a9","mode":"bus","arr":["800","827"],"angle":-5.1}},{"type":"Feature","geometry":{"type":"Point","coordinates":[23.649411,37.961172]},"properties":{"lines":"800, 827, 838","color":"#0059a9","mode":"bus","arr":["800","827","838"],"angle":-86.5}},{"type":"Feature","geometry":{"type":"Point","coordinates":[23.645555,37.963099]},"properties":{"lines":"800, 814, 827","color":"#0059a9","mode":"bus","arr":["800","814","827"],"angle":-5.9}},{"type":"Feature","geometry":{"type":"Point","coordinates":[23.648556,37.964771]},"properties":{"lines":"800, 809, 820, 827, 828, 841, 846, 909","color":"#0059a9","mode":"bus","arr":["800","809","820","827","828","841","846","909"],"angle":68.1}},{"type":"Feature","geometry":{"type":"Point","coordinates":[23.646451,37.968874]},"properties":{"lines":"800, 820, 828, 841, 846, 909","color":"#0059a9","mode":"bus","arr":["800","820","828","841","846","909"],"angle":67.8}},{"type":"Feature","geometry":{"type":"Point","coordinates":[23.644376,37.972877]},"properties":{"lines":"800, 846, 852","color":"#0059a9","mode":"bus","arr":["800","846","852"],"angle":67.7}},{"type":"Feature","geometry":{"type":"Point","coordinates":[23.642598,37.975932]},"properties":{"lines":"800, 846, 852","color":"#0059a9","mode":"bus","arr":["800","846","852"],"angle":-5.2,"extra":1}},{"type":"Feature","geometry":{"type":"Point","coordinates":[23.64179,37.976085]},"properties":{"lines":"800, 814, 846, 852","color":"#0059a9","mode":"bus","arr":["800","814","846","852"],"angle":30.1}},{"type":"Feature","geometry":{"type":"Point","coordinates":[23.634642,37.983519]},"properties":{"lines":"800, 824, 825, 846","color":"#0059a9","mode":"bus","arr":["800","824","825","846"],"angle":31.5}},{"type":"Feature","geometry":{"type":"Point","coordinates":[23.661727,38.010185]},"properties":{"lines":"803, 811, 892","color":"#0059a9","mode":"bus","arr":["803","811","892"],"angle":-73.1}},{"type":"Feature","geometry":{"type":"Point","coordinates":[23.663935,38.003597]},"properties":{"lines":"803, 811, 892","color":"#0059a9","mode":"bus","arr":["803","811","892"],"angle":-74.1}},{"type":"Feature","geometry":{"type":"Point","coordinates":[23.664046,37.999603]},"properties":{"lines":"803, 866, 876","color":"#0059a9","mode":"bus","arr":["803","866","876"],"angle":35.8}},{"type":"Feature","geometry":{"type":"Point","coordinates":[23.667508,37.997427]},"properties":{"lines":"803, 837, 866, 876, 891","color":"#0059a9","mode":"bus","arr":["803","837","866","876","891"],"angle":44}},{"type":"Feature","geometry":{"type":"Point","coordinates":[23.676571,37.993222]},"properties":{"lines":"803, 807, 829, 865, 891","color":"#0059a9","mode":"bus","arr":["803","807","829","865","891"],"angle":35.1}},{"type":"Feature","geometry":{"type":"Point","coordinates":[23.677614,37.992683]},"properties":{"lines":"803, 807, 829, 865","color":"#0059a9","mode":"bus","arr":["803","807","829","865"],"angle":32.1}},{"type":"Feature","geometry":{"type":"Point","coordinates":[23.673276,37.984466]},"properties":{"lines":"803, 852","color":"#0059a9","mode":"bus","arr":["803","852"],"angle":-64.5}},{"type":"Feature","geometry":{"type":"Point","coordinates":[23.676767,37.990218]},"properties":{"lines":"803, 852","color":"#0059a9","mode":"bus","arr":["803","852"],"angle":-64.3,"extra":1}},{"type":"Feature","geometry":{"type":"Point","coordinates":[23.671328,37.981303]},"properties":{"lines":"803, 852","color":"#0059a9","mode":"bus","arr":["803","852"],"angle":-65.1,"extra":1}},{"type":"Feature","geometry":{"type":"Point","coordinates":[23.668814,37.976823]},"properties":{"lines":"803, 852","color":"#0059a9","mode":"bus","arr":["803","852"],"angle":-46.9,"extra":1}},{"type":"Feature","geometry":{"type":"Point","coordinates":[23.665568,37.973679]},"properties":{"lines":"803, 909","color":"#0059a9","mode":"bus","arr":["803","909"],"angle":-59.6}},{"type":"Feature","geometry":{"type":"Point","coordinates":[23.662033,37.967713]},"properties":{"lines":"803, 828","color":"#0059a9","mode":"bus","arr":["803","828"],"angle":-44.5}},{"type":"Feature","geometry":{"type":"Point","coordinates":[23.663815,37.970072]},"properties":{"lines":"803, 828","color":"#0059a9","mode":"bus","arr":["803","828"],"angle":-72.5,"extra":1}},{"type":"Feature","geometry":{"type":"Point","coordinates":[23.656185,37.961026]},"properties":{"lines":"803, 828, 838, 914","color":"#0059a9","mode":"bus","arr":["803","828","838","914"],"angle":-44.4}},{"type":"Feature","geometry":{"type":"Point","coordinates":[23.652952,37.958263]},"properties":{"lines":"803, 828, 838","color":"#0059a9","mode":"bus","arr":["803","828","838"],"angle":-45.1}},{"type":"Feature","geometry":{"type":"Point","coordinates":[23.645802,37.954327]},"properties":{"lines":"803, 814","color":"#0059a9","mode":"bus","arr":["803","814"],"angle":-3.8}},{"type":"Feature","geometry":{"type":"Point","coordinates":[23.642349,37.954712]},"properties":{"lines":"803, 814, 909, 915","color":"#0059a9","mode":"bus","arr":["803","814","909","915"],"angle":20.5}},{"type":"Feature","geometry":{"type":"Point","coordinates":[23.641118,37.95225]},"properties":{"lines":"803, 814, 909, 915","color":"#0059a9","mode":"bus","arr":["803","814","909","915"],"angle":89.7}},{"type":"Feature","geometry":{"type":"Point","coordinates":[23.588156,38.056874]},"properties":{"lines":"805, 865, 866, 878, 881","color":"#0059a9","mode":"bus","arr":["805","865","866","878","881"],"angle":-78.6}},{"type":"Feature","geometry":{"type":"Point","coordinates":[23.58594,38.048608]},"properties":{"lines":"805, 865, 866, 881","color":"#0059a9","mode":"bus","arr":["805","865","866","881"],"angle":-78.4}},{"type":"Feature","geometry":{"type":"Point","coordinates":[23.591954,38.037959]},"properties":{"lines":"805, 866, 871, 876","color":"#0059a9","mode":"bus","arr":["805","866","871","876"],"angle":48.3}},{"type":"Feature","geometry":{"type":"Point","coordinates":[23.587039,38.041453]},"properties":{"lines":"805, 866, 871, 876","color":"#0059a9","mode":"bus","arr":["805","866","871","876"],"angle":41.2,"extra":1}},{"type":"Feature","geometry":{"type":"Point","coordinates":[23.594764,38.033905]},"properties":{"lines":"805, 866, 871, 876","color":"#0059a9","mode":"bus","arr":["805","866","871","876"],"angle":65.3,"extra":1}},{"type":"Feature","geometry":{"type":"Point","coordinates":[23.615373,38.028871]},"properties":{"lines":"805","color":"#0059a9","mode":"bus","arr":["805"],"angle":-33}},{"type":"Feature","geometry":{"type":"Point","coordinates":[23.597649,38.029817]},"properties":{"lines":"805","color":"#0059a9","mode":"bus","arr":["805"],"angle":71.7,"extra":1}},{"type":"Feature","geometry":{"type":"Point","coordinates":[23.603135,38.027654]},"properties":{"lines":"805","color":"#0059a9","mode":"bus","arr":["805"],"angle":7.3,"extra":1}},{"type":"Feature","geometry":{"type":"Point","coordinates":[23.609092,38.029039]},"properties":{"lines":"805","color":"#0059a9","mode":"bus","arr":["805"],"angle":-20.3,"extra":1}},{"type":"Feature","geometry":{"type":"Point","coordinates":[23.619943,38.031304]},"properties":{"lines":"805","color":"#0059a9","mode":"bus","arr":["805"],"angle":-20.7,"extra":1}},{"type":"Feature","geometry":{"type":"Point","coordinates":[23.625844,38.032819]},"properties":{"lines":"805","color":"#0059a9","mode":"bus","arr":["805"],"angle":-2.4,"extra":1}},{"type":"Feature","geometry":{"type":"Point","coordinates":[23.631736,38.033621]},"properties":{"lines":"805","color":"#0059a9","mode":"bus","arr":["805"],"angle":-6.1,"extra":1}},{"type":"Feature","geometry":{"type":"Point","coordinates":[23.630394,38.040464]},"properties":{"lines":"805","color":"#0059a9","mode":"bus","arr":["805"],"angle":-51.4}},{"type":"Feature","geometry":{"type":"Point","coordinates":[23.631677,38.037815]},"properties":{"lines":"805","color":"#0059a9","mode":"bus","arr":["805"],"angle":32.8,"extra":1}},{"type":"Feature","geometry":{"type":"Point","coordinates":[23.635099,38.043807]},"properties":{"lines":"805","color":"#0059a9","mode":"bus","arr":["805"],"angle":-47.7,"extra":1}},{"type":"Feature","geometry":{"type":"Point","coordinates":[23.639073,38.000447]},"properties":{"lines":"806, 807, 809, 810, 814","color":"#0059a9","mode":"bus","arr":["806","807","809","810","814"],"angle":5.9}},{"type":"Feature","geometry":{"type":"Point","coordinates":[23.643352,38.000039]},"properties":{"lines":"806, 807, 809, 810, 814","color":"#0059a9","mode":"bus","arr":["806","807","809","810","814"],"angle":23.8,"extra":1}},{"type":"Feature","geometry":{"type":"Point","coordinates":[23.643766,37.999793]},"properties":{"lines":"806, 807, 809, 810, 814","color":"#0059a9","mode":"bus","arr":["806","807","809","810","814"],"angle":-75.6}},{"type":"Feature","geometry":{"type":"Point","coordinates":[23.641884,37.98947]},"properties":{"lines":"806, 807, 809, 810, 814","color":"#0059a9","mode":"bus","arr":["806","807","809","810","814"],"angle":87.8,"extra":1}},{"type":"Feature","geometry":{"type":"Point","coordinates":[23.64315,37.994276]},"properties":{"lines":"806, 807, 809, 810, 814","color":"#0059a9","mode":"bus","arr":["806","807","809","810","814"],"angle":-83.1,"extra":1}},{"type":"Feature","geometry":{"type":"Point","coordinates":[23.642311,37.981268]},"properties":{"lines":"806, 809, 810","color":"#0059a9","mode":"bus","arr":["806","809","810"],"angle":67.8}},{"type":"Feature","geometry":{"type":"Point","coordinates":[23.6438,37.986458]},"properties":{"lines":"806, 809, 810","color":"#0059a9","mode":"bus","arr":["806","809","810"],"angle":31.6}},{"type":"Feature","geometry":{"type":"Point","coordinates":[23.641993,37.986791]},"properties":{"lines":"806, 807, 814","color":"#0059a9","mode":"bus","arr":["806","807","814"],"angle":-68.5}},{"type":"Feature","geometry":{"type":"Point","coordinates":[23.642221,37.986754]},"properties":{"lines":"806, 807, 814","color":"#0059a9","mode":"bus","arr":["806","807","814"],"angle":-89.7}},{"type":"Feature","geometry":{"type":"Point","coordinates":[23.637623,37.988463]},"properties":{"lines":"806, 807, 814","color":"#0059a9","mode":"bus","arr":["806","807","814"],"angle":-10.1}},{"type":"Feature","geometry":{"type":"Point","coordinates":[23.642165,37.985792]},"properties":{"lines":"806, 807","color":"#0059a9","mode":"bus","arr":["806","807"],"angle":-85.9}},{"type":"Feature","geometry":{"type":"Point","coordinates":[23.64181,37.98224]},"properties":{"lines":"806, 807, 809, 810","color":"#0059a9","mode":"bus","arr":["806","807","809","810"],"angle":68.8}},{"type":"Feature","geometry":{"type":"Point","coordinates":[23.648072,37.984959]},"properties":{"lines":"806, 807, 809, 810","color":"#0059a9","mode":"bus","arr":["806","807","809","810"],"angle":-36.6}},{"type":"Feature","geometry":{"type":"Point","coordinates":[23.64316,37.981932]},"properties":{"lines":"806, 807, 809, 810","color":"#0059a9","mode":"bus","arr":["806","807","809","810"],"angle":-58.3,"extra":1}},{"type":"Feature","geometry":{"type":"Point","coordinates":[23.641838,37.9835]},"properties":{"lines":"806, 807, 810","color":"#0059a9","mode":"bus","arr":["806","807","810"],"angle":-83.5}},{"type":"Feature","geometry":{"type":"Point","coordinates":[23.645615,37.98347]},"properties":{"lines":"807","color":"#0059a9","mode":"bus","arr":["807"],"angle":-13.1}},{"type":"Feature","geometry":{"type":"Point","coordinates":[23.657248,37.984382]},"properties":{"lines":"807","color":"#0059a9","mode":"bus","arr":["807"],"angle":24.8}},{"type":"Feature","geometry":{"type":"Point","coordinates":[23.640656,38.00026]},"properties":{"lines":"807","color":"#0059a9","mode":"bus","arr":["807"],"angle":-7.1}},{"type":"Feature","geometry":{"type":"Point","coordinates":[23.646592,37.985103]},"properties":{"lines":"807, 810","color":"#0059a9","mode":"bus","arr":["807","810"],"angle":31.7}},{"type":"Feature","geometry":{"type":"Point","coordinates":[23.653805,37.985676]},"properties":{"lines":"807, 810","color":"#0059a9","mode":"bus","arr":["807","810"],"angle":26.9}},{"type":"Feature","geometry":{"type":"Point","coordinates":[23.653898,37.9861]},"properties":{"lines":"806, 807, 809","color":"#0059a9","mode":"bus","arr":["806","807","809"],"angle":25.9}},{"type":"Feature","geometry":{"type":"Point","coordinates":[23.643809,37.983593]},"properties":{"lines":"806, 807, 809","color":"#0059a9","mode":"bus","arr":["806","807","809"],"angle":-58.3}},{"type":"Feature","geometry":{"type":"Point","coordinates":[23.647805,37.988767]},"properties":{"lines":"806, 809","color":"#0059a9","mode":"bus","arr":["806","809"],"angle":-59.5}},{"type":"Feature","geometry":{"type":"Point","coordinates":[23.644996,37.979732]},"properties":{"lines":"806, 842","color":"#0059a9","mode":"bus","arr":["806","842"],"angle":-12.9}},{"type":"Feature","geometry":{"type":"Point","coordinates":[23.648416,37.97888]},"properties":{"lines":"806, 830, 842","color":"#0059a9","mode":"bus","arr":["806","830","842"],"angle":44}},{"type":"Feature","geometry":{"type":"Point","coordinates":[23.652773,37.979209]},"properties":{"lines":"810","color":"#0059a9","mode":"bus","arr":["810"],"angle":-48.5}},{"type":"Feature","geometry":{"type":"Point","coordinates":[23.652244,37.970762]},"properties":{"lines":"810","color":"#0059a9","mode":"bus","arr":["810"],"angle":-61.9}},{"type":"Feature","geometry":{"type":"Point","coordinates":[23.647602,37.975666]},"properties":{"lines":"810","color":"#0059a9","mode":"bus","arr":["810"],"angle":88.1}},{"type":"Feature","geometry":{"type":"Point","coordinates":[23.64788,37.972415]},"properties":{"lines":"810","color":"#0059a9","mode":"bus","arr":["810"],"angle":68.1,"extra":1}},{"type":"Feature","geometry":{"type":"Point","coordinates":[23.664615,37.989671]},"properties":{"lines":"807, 831, 892","color":"#0059a9","mode":"bus","arr":["807","831","892"],"angle":-22.4}},{"type":"Feature","geometry":{"type":"Point","coordinates":[23.671076,37.991779]},"properties":{"lines":"807, 831","color":"#0059a9","mode":"bus","arr":["807","831"],"angle":-22.6}},{"type":"Feature","geometry":{"type":"Point","coordinates":[23.679748,37.991891]},"properties":{"lines":"807, 829","color":"#0059a9","mode":"bus","arr":["807","829"],"angle":18.1}},{"type":"Feature","geometry":{"type":"Point","coordinates":[23.680899,37.990252]},"properties":{"lines":"807, 852","color":"#0059a9","mode":"bus","arr":["807","852"],"angle":-73.7}},{"type":"Feature","geometry":{"type":"Point","coordinates":[23.65843,37.986856]},"properties":{"lines":"807, 830, 837","color":"#0059a9","mode":"bus","arr":["807","830","837"],"angle":-64.6}},{"type":"Feature","geometry":{"type":"Point","coordinates":[23.64209,37.985987]},"properties":{"lines":"809, 810","color":"#0059a9","mode":"bus","arr":["809","810"],"angle":-85.9}},{"type":"Feature","geometry":{"type":"Point","coordinates":[23.641748,37.983512]},"properties":{"lines":"809","color":"#0059a9","mode":"bus","arr":["809"],"angle":-82.8}},{"type":"Feature","geometry":{"type":"Point","coordinates":[23.645742,37.974637]},"properties":{"lines":"809","color":"#0059a9","mode":"bus","arr":["809"],"angle":67.6}},{"type":"Feature","geometry":{"type":"Point","coordinates":[23.64745,37.964006]},"properties":{"lines":"809, 820, 827, 828, 841, 846","color":"#0059a9","mode":"bus","arr":["809","820","827","828","841","846"],"angle":66.9}},{"type":"Feature","geometry":{"type":"Point","coordinates":[23.636665,38.016656]},"properties":{"lines":"811","color":"#0059a9","mode":"bus","arr":["811"],"angle":78.5}},{"type":"Feature","geometry":{"type":"Point","coordinates":[23.637281,38.013944]},"properties":{"lines":"811","color":"#0059a9","mode":"bus","arr":["811"],"angle":13.1,"extra":1}},{"type":"Feature","geometry":{"type":"Point","coordinates":[23.656921,38.008855]},"properties":{"lines":"811","color":"#0059a9","mode":"bus","arr":["811"],"angle":16.6}},{"type":"Feature","geometry":{"type":"Point","coordinates":[23.665064,38.010042]},"properties":{"lines":"811","color":"#0059a9","mode":"bus","arr":["811"],"angle":-72.5}},{"type":"Feature","geometry":{"type":"Point","coordinates":[23.666626,38.003032]},"properties":{"lines":"811","color":"#0059a9","mode":"bus","arr":["811"],"angle":22.1}},{"type":"Feature","geometry":{"type":"Point","coordinates":[23.672042,38.001536]},"properties":{"lines":"811","color":"#0059a9","mode":"bus","arr":["811"],"angle":15.1}},{"type":"Feature","geometry":{"type":"Point","coordinates":[23.639777,38.012449]},"properties":{"lines":"811, 866, 876","color":"#0059a9","mode":"bus","arr":["811","866","876"],"angle":17.9}},{"type":"Feature","geometry":{"type":"Point","coordinates":[23.650524,38.010742]},"properties":{"lines":"811, 866","color":"#0059a9","mode":"bus","arr":["811","866"],"angle":-23.4}},{"type":"Feature","geometry":{"type":"Point","coordinates":[23.6436,38.011472]},"properties":{"lines":"811, 866","color":"#0059a9","mode":"bus","arr":["811","866"],"angle":18,"extra":1}},{"type":"Feature","geometry":{"type":"Point","coordinates":[23.663606,38.007775]},"properties":{"lines":"811, 892","color":"#0059a9","mode":"bus","arr":["811","892"],"angle":0.3}},{"type":"Feature","geometry":{"type":"Point","coordinates":[23.669823,38.002008]},"properties":{"lines":"811, 829, 831","color":"#0059a9","mode":"bus","arr":["811","829","831"],"angle":15.1}},{"type":"Feature","geometry":{"type":"Point","coordinates":[23.672122,37.998761]},"properties":{"lines":"811, 829, 891","color":"#0059a9","mode":"bus","arr":["811","829","891"],"angle":-64.3}},{"type":"Feature","geometry":{"type":"Point","coordinates":[23.669776,37.996294]},"properties":{"lines":"811, 865, 891","color":"#0059a9","mode":"bus","arr":["811","865","891"],"angle":30.8}},{"type":"Feature","geometry":{"type":"Point","coordinates":[23.668578,37.996874]},"properties":{"lines":"811, 837, 865, 866, 868, 876, 891","color":"#0059a9","mode":"bus","arr":["811","837","865","866","868","876","891"],"angle":32.7}},{"type":"Feature","geometry":{"type":"Point","coordinates":[23.666352,37.998441]},"properties":{"lines":"811, 837, 865, 866, 868, 876, 890","color":"#0059a9","mode":"bus","arr":["811","837","865","866","868","876","890"],"angle":39.1}},{"type":"Feature","geometry":{"type":"Point","coordinates":[23.66408,37.999731]},"properties":{"lines":"811, 865, 866, 868, 876, 890, 892","color":"#0059a9","mode":"bus","arr":["811","865","866","868","876","890","892"],"angle":34.8}},{"type":"Feature","geometry":{"type":"Point","coordinates":[23.643983,38.010741]},"properties":{"lines":"811, 865, 868, 876, 890","color":"#0059a9","mode":"bus","arr":["811","865","868","876","890"],"angle":25.7}},{"type":"Feature","geometry":{"type":"Point","coordinates":[23.639811,38.012639]},"properties":{"lines":"811, 845, 865, 866, 868, 876, 890","color":"#0059a9","mode":"bus","arr":["811","845","865","866","868","876","890"],"angle":18.3}},{"type":"Feature","geometry":{"type":"Point","coordinates":[23.756445,37.99041]},"properties":{"lines":"813","color":"#0059a9","mode":"bus","arr":["813"],"angle":-79.2}},{"type":"Feature","geometry":{"type":"Point","coordinates":[23.752081,37.989392]},"properties":{"lines":"813","color":"#0059a9","mode":"bus","arr":["813"],"angle":-76.6}},{"type":"Feature","geometry":{"type":"Point","coordinates":[23.706708,37.979719]},"properties":{"lines":"813","color":"#0059a9","mode":"bus","arr":["813"],"angle":-8.3}},{"type":"Feature","geometry":{"type":"Point","coordinates":[23.6891,37.996576]},"properties":{"lines":"813","color":"#0059a9","mode":"bus","arr":["813"],"angle":86.1}},{"type":"Feature","geometry":{"type":"Point","coordinates":[23.68763,37.992612]},"properties":{"lines":"813","color":"#0059a9","mode":"bus","arr":["813"],"angle":-73.6,"extra":1}},{"type":"Feature","geometry":{"type":"Point","coordinates":[23.684149,37.999076]},"properties":{"lines":"813","color":"#0059a9","mode":"bus","arr":["813"],"angle":-73.3,"extra":1}},{"type":"Feature","geometry":{"type":"Point","coordinates":[23.698254,37.986315]},"properties":{"lines":"813, 856, 865","color":"#0059a9","mode":"bus","arr":["813","856","865"],"angle":26.8}},{"type":"Feature","geometry":{"type":"Point","coordinates":[23.63819,37.980674]},"properties":{"lines":"814, 824, 825, 852","color":"#0059a9","mode":"bus","arr":["814","824","825","852"],"angle":-58.4}},{"type":"Feature","geometry":{"type":"Point","coordinates":[23.636659,37.978712]},"properties":{"lines":"814, 824, 825, 846, 852","color":"#0059a9","mode":"bus","arr":["814","824","825","846","852"],"angle":-58.4}},{"type":"Feature","geometry":{"type":"Point","coordinates":[23.638615,37.976983]},"properties":{"lines":"814, 846, 852","color":"#0059a9","mode":"bus","arr":["814","846","852"],"angle":32}},{"type":"Feature","geometry":{"type":"Point","coordinates":[23.639115,37.971378]},"properties":{"lines":"814","color":"#0059a9","mode":"bus","arr":["814"],"angle":-71.1}},{"type":"Feature","geometry":{"type":"Point","coordinates":[23.637786,37.968328]},"properties":{"lines":"814","color":"#0059a9","mode":"bus","arr":["814"],"angle":-71,"extra":1}},{"type":"Feature","geometry":{"type":"Point","coordinates":[23.637324,37.967268]},"properties":{"lines":"814","color":"#0059a9","mode":"bus","arr":["814"],"angle":-57.9}},{"type":"Feature","geometry":{"type":"Point","coordinates":[23.641759,37.957953]},"properties":{"lines":"814","color":"#0059a9","mode":"bus","arr":["814"],"angle":-2}},{"type":"Feature","geometry":{"type":"Point","coordinates":[23.642546,37.96403]},"properties":{"lines":"814","color":"#0059a9","mode":"bus","arr":["814"],"angle":21.1}},{"type":"Feature","geometry":{"type":"Point","coordinates":[23.64472,37.965722]},"properties":{"lines":"814","color":"#0059a9","mode":"bus","arr":["814"],"angle":67.5}},{"type":"Feature","geometry":{"type":"Point","coordinates":[23.641782,37.975658]},"properties":{"lines":"814","color":"#0059a9","mode":"bus","arr":["814"],"angle":-23.9}},{"type":"Feature","geometry":{"type":"Point","coordinates":[23.638335,37.965606]},"properties":{"lines":"814, 909","color":"#0059a9","mode":"bus","arr":["814","909"],"angle":68}},{"type":"Feature","geometry":{"type":"Point","coordinates":[23.639827,37.957565]},"properties":{"lines":"814, 909","color":"#0059a9","mode":"bus","arr":["814","909"],"angle":0.7}},{"type":"Feature","geometry":{"type":"Point","coordinates":[23.638543,37.961301]},"properties":{"lines":"814, 824, 825, 909","color":"#0059a9","mode":"bus","arr":["814","824","825","909"],"angle":88.9}},{"type":"Feature","geometry":{"type":"Point","coordinates":[23.638575,37.957605]},"properties":{"lines":"814, 824, 825, 909","color":"#0059a9","mode":"bus","arr":["814","824","825","909"],"angle":89.6,"extra":1}},{"type":"Feature","geometry":{"type":"Point","coordinates":[23.643481,37.956887]},"properties":{"lines":"814, 909, 915","color":"#0059a9","mode":"bus","arr":["814","909","915"],"angle":11.7}},{"type":"Feature","geometry":{"type":"Point","coordinates":[23.648956,37.954955]},"properties":{"lines":"827, 838, 845","color":"#0059a9","mode":"bus","arr":["827","838","845"],"angle":-42.9}},{"type":"Feature","geometry":{"type":"Point","coordinates":[23.642346,37.955801]},"properties":{"lines":"814, 915","color":"#0059a9","mode":"bus","arr":["814","915"],"angle":89.5}},{"type":"Feature","geometry":{"type":"Point","coordinates":[23.771552,37.982486]},"properties":{"lines":"815","color":"#0059a9","mode":"bus","arr":["815"],"angle":87.3}},{"type":"Feature","geometry":{"type":"Point","coordinates":[23.763862,37.982429]},"properties":{"lines":"815","color":"#0059a9","mode":"bus","arr":["815"],"angle":-29.2}},{"type":"Feature","geometry":{"type":"Point","coordinates":[23.760772,37.98107]},"properties":{"lines":"815","color":"#0059a9","mode":"bus","arr":["815"],"angle":-29.1,"extra":1}},{"type":"Feature","geometry":{"type":"Point","coordinates":[23.695114,37.971885]},"properties":{"lines":"815","color":"#0059a9","mode":"bus","arr":["815"],"angle":12.5}},{"type":"Feature","geometry":{"type":"Point","coordinates":[23.722892,37.934329]},"properties":{"lines":"816","color":"#0059a9","mode":"bus","arr":["816"],"angle":13.4}},{"type":"Feature","geometry":{"type":"Point","coordinates":[23.698202,37.961499]},"properties":{"lines":"816","color":"#0059a9","mode":"bus","arr":["816"],"angle":-45.9}},{"type":"Feature","geometry":{"type":"Point","coordinates":[23.696734,37.965801]},"properties":{"lines":"816","color":"#0059a9","mode":"bus","arr":["816"],"angle":32.8}},{"type":"Feature","geometry":{"type":"Point","coordinates":[23.696599,37.96724]},"properties":{"lines":"816, 914","color":"#0059a9","mode":"bus","arr":["816","914"],"angle":-34.8}},{"type":"Feature","geometry":{"type":"Point","coordinates":[23.690897,37.962112]},"properties":{"lines":"914","color":"#0059a9","mode":"bus","arr":["914"],"angle":-56.9}},{"type":"Feature","geometry":{"type":"Point","coordinates":[23.700496,37.969279]},"properties":{"lines":"914","color":"#0059a9","mode":"bus","arr":["914"],"angle":-26.4,"extra":1}},{"type":"Feature","geometry":{"type":"Point","coordinates":[23.705596,37.972085]},"properties":{"lines":"914","color":"#0059a9","mode":"bus","arr":["914"],"angle":-40.5,"extra":1}},{"type":"Feature","geometry":{"type":"Point","coordinates":[23.676823,37.955711]},"properties":{"lines":"914","color":"#0059a9","mode":"bus","arr":["914"],"angle":-22.4,"extra":1}},{"type":"Feature","geometry":{"type":"Point","coordinates":[23.688638,37.959679]},"properties":{"lines":"914","color":"#0059a9","mode":"bus","arr":["914"],"angle":-25.3,"extra":1}},{"type":"Feature","geometry":{"type":"Point","coordinates":[23.685381,37.959656]},"properties":{"lines":"914","color":"#0059a9","mode":"bus","arr":["914"],"angle":64.9}},{"type":"Feature","geometry":{"type":"Point","coordinates":[23.682498,37.960951]},"properties":{"lines":"914","color":"#0059a9","mode":"bus","arr":["914"],"angle":-71.8}},{"type":"Feature","geometry":{"type":"Point","coordinates":[23.680659,37.958395]},"properties":{"lines":"914","color":"#0059a9","mode":"bus","arr":["914"],"angle":-69.3}},{"type":"Feature","geometry":{"type":"Point","coordinates":[23.68257,37.960861]},"properties":{"lines":"914","color":"#0059a9","mode":"bus","arr":["914"],"angle":-71.1}},{"type":"Feature","geometry":{"type":"Point","coordinates":[23.540324,38.035705]},"properties":{"lines":"817, 845, 861Β, 862, 863, 864, 876, 878, 881","color":"#0059a9","mode":"bus","arr":["817","845","861Β","862","863","864","876","878","881"],"angle":29.6}},{"type":"Feature","geometry":{"type":"Point","coordinates":[23.546815,38.036728]},"properties":{"lines":"845, 861Β, 862, 864, 876, 881","color":"#0059a9","mode":"bus","arr":["845","861Β","862","864","876","881"],"angle":75.5}},{"type":"Feature","geometry":{"type":"Point","coordinates":[23.543889,38.035104]},"properties":{"lines":"845, 861Β, 862, 864, 876, 881","color":"#0059a9","mode":"bus","arr":["845","861Β","862","864","876","881"],"angle":10.6,"extra":1}},{"type":"Feature","geometry":{"type":"Point","coordinates":[23.545324,38.041147]},"properties":{"lines":"845, 861Β, 862, 864, 876, 881","color":"#0059a9","mode":"bus","arr":["845","861Β","862","864","876","881"],"angle":74.7,"extra":1}},{"type":"Feature","geometry":{"type":"Point","coordinates":[23.539546,38.039562]},"properties":{"lines":"817, 861, 863, 864, 871, 876, 878, 879","color":"#0059a9","mode":"bus","arr":["817","861","863","864","871","876","878","879"],"angle":-59.7}},{"type":"Feature","geometry":{"type":"Point","coordinates":[23.541589,38.042336]},"properties":{"lines":"817, 861, 863, 864, 871, 876, 878, 879","color":"#0059a9","mode":"bus","arr":["817","861","863","864","871","876","878","879"],"angle":-60.2,"extra":1}},{"type":"Feature","geometry":{"type":"Point","coordinates":[23.539016,38.043891]},"properties":{"lines":"817, 861, 861Β, 862, 863, 864, 865, 879","color":"#0059a9","mode":"bus","arr":["817","861","861Β","862","863","864","865","879"],"angle":16.9}},{"type":"Feature","geometry":{"type":"Point","coordinates":[23.516678,38.060323]},"properties":{"lines":"817","color":"#0059a9","mode":"bus","arr":["817"],"angle":63.4}},{"type":"Feature","geometry":{"type":"Point","coordinates":[23.53363,38.045591]},"properties":{"lines":"817","color":"#0059a9","mode":"bus","arr":["817"],"angle":34.8,"extra":1}},{"type":"Feature","geometry":{"type":"Point","coordinates":[23.528679,38.048624]},"properties":{"lines":"817","color":"#0059a9","mode":"bus","arr":["817"],"angle":38.3,"extra":1}},{"type":"Feature","geometry":{"type":"Point","coordinates":[23.523969,38.05149]},"properties":{"lines":"817","color":"#0059a9","mode":"bus","arr":["817"],"angle":39.4,"extra":1}},{"type":"Feature","geometry":{"type":"Point","coordinates":[23.520219,38.055338]},"properties":{"lines":"817","color":"#0059a9","mode":"bus","arr":["817"],"angle":65.7,"extra":1}},{"type":"Feature","geometry":{"type":"Point","coordinates":[23.513966,38.063758]},"properties":{"lines":"817","color":"#0059a9","mode":"bus","arr":["817"],"angle":57.5,"extra":1}},{"type":"Feature","geometry":{"type":"Point","coordinates":[23.51172,38.068224]},"properties":{"lines":"817","color":"#0059a9","mode":"bus","arr":["817"],"angle":70.3,"extra":1}},{"type":"Feature","geometry":{"type":"Point","coordinates":[23.505791,38.071871]},"properties":{"lines":"817","color":"#0059a9","mode":"bus","arr":["817"],"angle":-27}},{"type":"Feature","geometry":{"type":"Point","coordinates":[23.496814,38.074631]},"properties":{"lines":"817","color":"#0059a9","mode":"bus","arr":["817"],"angle":-84}},{"type":"Feature","geometry":{"type":"Point","coordinates":[23.497345,38.07047]},"properties":{"lines":"817, 861Β","color":"#0059a9","mode":"bus","arr":["817","861Β"],"angle":36.7}},{"type":"Feature","geometry":{"type":"Point","coordinates":[23.496819,38.073438]},"properties":{"lines":"817, 861Β","color":"#0059a9","mode":"bus","arr":["817","861Β"],"angle":-88.4,"extra":1}},{"type":"Feature","geometry":{"type":"Point","coordinates":[23.496299,38.075403]},"properties":{"lines":"817, 861, 863, 865","color":"#0059a9","mode":"bus","arr":["817","861","863","865"],"angle":52}},{"type":"Feature","geometry":{"type":"Point","coordinates":[23.488114,38.079895]},"properties":{"lines":"817, 863, 865","color":"#0059a9","mode":"bus","arr":["817","863","865"],"angle":9}},{"type":"Feature","geometry":{"type":"Point","coordinates":[23.492815,38.076387]},"properties":{"lines":"817, 863, 865","color":"#0059a9","mode":"bus","arr":["817","863","865"],"angle":7.6,"extra":1}},{"type":"Feature","geometry":{"type":"Point","coordinates":[23.486056,38.082802]},"properties":{"lines":"817, 863, 865","color":"#0059a9","mode":"bus","arr":["817","863","865"],"angle":63.5,"extra":1}},{"type":"Feature","geometry":{"type":"Point","coordinates":[23.484373,38.08569]},"properties":{"lines":"861Β","color":"#0059a9","mode":"bus","arr":["861Β"],"angle":60.4}},{"type":"Feature","geometry":{"type":"Point","coordinates":[23.344794,38.202361]},"properties":{"lines":"861Β","color":"#0059a9","mode":"bus","arr":["861Β"],"angle":36.7}},{"type":"Feature","geometry":{"type":"Point","coordinates":[23.321351,38.217686]},"properties":{"lines":"861Β","color":"#0059a9","mode":"bus","arr":["861Β"],"angle":87.3,"extra":1}},{"type":"Feature","geometry":{"type":"Point","coordinates":[23.322864,38.213247]},"properties":{"lines":"861Β","color":"#0059a9","mode":"bus","arr":["861Β"],"angle":-87.1,"extra":1}},{"type":"Feature","geometry":{"type":"Point","coordinates":[23.324707,38.209225]},"properties":{"lines":"861Β","color":"#0059a9","mode":"bus","arr":["861Β"],"angle":-30.6,"extra":1}},{"type":"Feature","geometry":{"type":"Point","coordinates":[23.330531,38.210931]},"properties":{"lines":"861Β","color":"#0059a9","mode":"bus","arr":["861Β"],"angle":-4.1,"extra":1}},{"type":"Feature","geometry":{"type":"Point","coordinates":[23.33611,38.211691]},"properties":{"lines":"861Β","color":"#0059a9","mode":"bus","arr":["861Β"],"angle":6.5,"extra":1}},{"type":"Feature","geometry":{"type":"Point","coordinates":[23.340178,38.208136]},"properties":{"lines":"861Β","color":"#0059a9","mode":"bus","arr":["861Β"],"angle":79.4,"extra":1}},{"type":"Feature","geometry":{"type":"Point","coordinates":[23.339337,38.205344]},"properties":{"lines":"861Β","color":"#0059a9","mode":"bus","arr":["861Β"],"angle":62.4,"extra":1}},{"type":"Feature","geometry":{"type":"Point","coordinates":[23.341043,38.202894]},"properties":{"lines":"861Β","color":"#0059a9","mode":"bus","arr":["861Β"],"angle":13.6,"extra":1}},{"type":"Feature","geometry":{"type":"Point","coordinates":[23.344012,38.196483]},"properties":{"lines":"861Β","color":"#0059a9","mode":"bus","arr":["861Β"],"angle":77.8,"extra":1}},{"type":"Feature","geometry":{"type":"Point","coordinates":[23.348394,38.193018]},"properties":{"lines":"861Β","color":"#0059a9","mode":"bus","arr":["861Β"],"angle":31.3,"extra":1}},{"type":"Feature","geometry":{"type":"Point","coordinates":[23.353673,38.190405]},"properties":{"lines":"861Β","color":"#0059a9","mode":"bus","arr":["861Β"],"angle":37.3,"extra":1}},{"type":"Feature","geometry":{"type":"Point","coordinates":[23.359518,38.188735]},"properties":{"lines":"861Β","color":"#0059a9","mode":"bus","arr":["861Β"],"angle":34.3,"extra":1}},{"type":"Feature","geometry":{"type":"Point","coordinates":[23.364352,38.185594]},"properties":{"lines":"861Β","color":"#0059a9","mode":"bus","arr":["861Β"],"angle":43,"extra":1}},{"type":"Feature","geometry":{"type":"Point","coordinates":[23.369154,38.182426]},"properties":{"lines":"861Β","color":"#0059a9","mode":"bus","arr":["861Β"],"angle":44.5,"extra":1}},{"type":"Feature","geometry":{"type":"Point","coordinates":[23.373357,38.179421]},"properties":{"lines":"861Β","color":"#0059a9","mode":"bus","arr":["861Β"],"angle":67.6,"extra":1}},{"type":"Feature","geometry":{"type":"Point","coordinates":[23.378287,38.177512]},"properties":{"lines":"861Β","color":"#0059a9","mode":"bus","arr":["861Β"],"angle":0.4,"extra":1}},{"type":"Feature","geometry":{"type":"Point","coordinates":[23.419878,38.141142]},"properties":{"lines":"861Β","color":"#0059a9","mode":"bus","arr":["861Β"],"angle":-15.9}},{"type":"Feature","geometry":{"type":"Point","coordinates":[23.422206,38.137108]},"properties":{"lines":"861Β","color":"#0059a9","mode":"bus","arr":["861Β"],"angle":-21.4}},{"type":"Feature","geometry":{"type":"Point","coordinates":[23.431091,38.156507]},"properties":{"lines":"861Β","color":"#0059a9","mode":"bus","arr":["861Β"],"angle":43.5}},{"type":"Feature","geometry":{"type":"Point","coordinates":[23.422958,38.105407]},"properties":{"lines":"861Β","color":"#0059a9","mode":"bus","arr":["861Β"],"angle":-36,"extra":1}},{"type":"Feature","geometry":{"type":"Point","coordinates":[23.420244,38.108429]},"properties":{"lines":"861Β","color":"#0059a9","mode":"bus","arr":["861Β"],"angle":-88,"extra":1}},{"type":"Feature","geometry":{"type":"Point","coordinates":[23.419121,38.11309]},"properties":{"lines":"861Β","color":"#0059a9","mode":"bus","arr":["861Β"],"angle":58.7,"extra":1}},{"type":"Feature","geometry":{"type":"Point","coordinates":[23.418647,38.117315]},"properties":{"lines":"861Β","color":"#0059a9","mode":"bus","arr":["861Β"],"angle":-78.3,"extra":1}},{"type":"Feature","geometry":{"type":"Point","coordinates":[23.415835,38.121477]},"properties":{"lines":"861Β","color":"#0059a9","mode":"bus","arr":["861Β"],"angle":70.2,"extra":1}},{"type":"Feature","geometry":{"type":"Point","coordinates":[23.416623,38.124989]},"properties":{"lines":"861Β","color":"#0059a9","mode":"bus","arr":["861Β"],"angle":26.6,"extra":1}},{"type":"Feature","geometry":{"type":"Point","coordinates":[23.411177,38.127143]},"properties":{"lines":"861Β","color":"#0059a9","mode":"bus","arr":["861Β"],"angle":10.6,"extra":1}},{"type":"Feature","geometry":{"type":"Point","coordinates":[23.414958,38.129957]},"properties":{"lines":"861Β","color":"#0059a9","mode":"bus","arr":["861Β"],"angle":-39.8,"extra":1}},{"type":"Feature","geometry":{"type":"Point","coordinates":[23.418287,38.133643]},"properties":{"lines":"861Β","color":"#0059a9","mode":"bus","arr":["861Β"],"angle":-14.4,"extra":1}},{"type":"Feature","geometry":{"type":"Point","coordinates":[23.421458,38.136868]},"properties":{"lines":"861Β","color":"#0059a9","mode":"bus","arr":["861Β"],"angle":-40.1,"extra":1}},{"type":"Feature","geometry":{"type":"Point","coordinates":[23.425606,38.139029]},"properties":{"lines":"861Β","color":"#0059a9","mode":"bus","arr":["861Β"],"angle":-70.3,"extra":1}},{"type":"Feature","geometry":{"type":"Point","coordinates":[23.420535,38.141121]},"properties":{"lines":"861Β","color":"#0059a9","mode":"bus","arr":["861Β"],"angle":-31.3,"extra":1}},{"type":"Feature","geometry":{"type":"Point","coordinates":[23.423688,38.147776]},"properties":{"lines":"861Β","color":"#0059a9","mode":"bus","arr":["861Β"],"angle":-31.3,"extra":1}},{"type":"Feature","geometry":{"type":"Point","coordinates":[23.427504,38.150871]},"properties":{"lines":"861Β","color":"#0059a9","mode":"bus","arr":["861Β"],"angle":-83.7,"extra":1}},{"type":"Feature","geometry":{"type":"Point","coordinates":[23.429107,38.158781]},"properties":{"lines":"861Β","color":"#0059a9","mode":"bus","arr":["861Β"],"angle":-83.3,"extra":1}},{"type":"Feature","geometry":{"type":"Point","coordinates":[23.426806,38.162564]},"properties":{"lines":"861Β","color":"#0059a9","mode":"bus","arr":["861Β"],"angle":27.6,"extra":1}},{"type":"Feature","geometry":{"type":"Point","coordinates":[23.421122,38.164554]},"properties":{"lines":"861Β","color":"#0059a9","mode":"bus","arr":["861Β"],"angle":34.2,"extra":1}},{"type":"Feature","geometry":{"type":"Point","coordinates":[23.415147,38.165983]},"properties":{"lines":"861Β","color":"#0059a9","mode":"bus","arr":["861Β"],"angle":13.9,"extra":1}},{"type":"Feature","geometry":{"type":"Point","coordinates":[23.409272,38.165036]},"properties":{"lines":"861Β","color":"#0059a9","mode":"bus","arr":["861Β"],"angle":-31,"extra":1}},{"type":"Feature","geometry":{"type":"Point","coordinates":[23.403277,38.164132]},"properties":{"lines":"861Β","color":"#0059a9","mode":"bus","arr":["861Β"],"angle":9.5,"extra":1}},{"type":"Feature","geometry":{"type":"Point","coordinates":[23.397662,38.166232]},"properties":{"lines":"861Β","color":"#0059a9","mode":"bus","arr":["861Β"],"angle":34,"extra":1}},{"type":"Feature","geometry":{"type":"Point","coordinates":[23.39244,38.168975]},"properties":{"lines":"861Β","color":"#0059a9","mode":"bus","arr":["861Β"],"angle":34.4,"extra":1}},{"type":"Feature","geometry":{"type":"Point","coordinates":[23.387714,38.172107]},"properties":{"lines":"861Β","color":"#0059a9","mode":"bus","arr":["861Β"],"angle":26.8,"extra":1}},{"type":"Feature","geometry":{"type":"Point","coordinates":[23.382941,38.175277]},"properties":{"lines":"861Β","color":"#0059a9","mode":"bus","arr":["861Β"],"angle":40.7,"extra":1}},{"type":"Feature","geometry":{"type":"Point","coordinates":[23.378332,38.172674]},"properties":{"lines":"861Β","color":"#0059a9","mode":"bus","arr":["861Β"],"angle":-18.1,"extra":1}},{"type":"Feature","geometry":{"type":"Point","coordinates":[23.372367,38.171139]},"properties":{"lines":"861Β","color":"#0059a9","mode":"bus","arr":["861Β"],"angle":-18,"extra":1}},{"type":"Feature","geometry":{"type":"Point","coordinates":[23.36623,38.171325]},"properties":{"lines":"861Β","color":"#0059a9","mode":"bus","arr":["861Β"],"angle":19.2,"extra":1}},{"type":"Feature","geometry":{"type":"Point","coordinates":[23.360424,38.173146]},"properties":{"lines":"861Β","color":"#0059a9","mode":"bus","arr":["861Β"],"angle":14.9,"extra":1}},{"type":"Feature","geometry":{"type":"Point","coordinates":[23.354717,38.172557]},"properties":{"lines":"861Β","color":"#0059a9","mode":"bus","arr":["861Β"],"angle":-35.5,"extra":1}},{"type":"Feature","geometry":{"type":"Point","coordinates":[23.348922,38.170777]},"properties":{"lines":"861Β","color":"#0059a9","mode":"bus","arr":["861Β"],"angle":-23.6,"extra":1}},{"type":"Feature","geometry":{"type":"Point","coordinates":[23.496041,38.075078]},"properties":{"lines":"861Β","color":"#0059a9","mode":"bus","arr":["861Β"],"angle":67.7}},{"type":"Feature","geometry":{"type":"Point","coordinates":[23.501247,38.072729]},"properties":{"lines":"861Β","color":"#0059a9","mode":"bus","arr":["861Β"],"angle":63}},{"type":"Feature","geometry":{"type":"Point","coordinates":[23.338412,38.166745]},"properties":{"lines":"861Β","color":"#0059a9","mode":"bus","arr":["861Β"],"angle":23.5}},{"type":"Feature","geometry":{"type":"Point","coordinates":[23.344161,38.169048]},"properties":{"lines":"861Β","color":"#0059a9","mode":"bus","arr":["861Β"],"angle":-18.6,"extra":1}},{"type":"Feature","geometry":{"type":"Point","coordinates":[23.521131,38.070486]},"properties":{"lines":"863","color":"#0059a9","mode":"bus","arr":["863"],"angle":-85.7}},{"type":"Feature","geometry":{"type":"Point","coordinates":[23.524204,38.073532]},"properties":{"lines":"863","color":"#0059a9","mode":"bus","arr":["863"],"angle":-9.8,"extra":1}},{"type":"Feature","geometry":{"type":"Point","coordinates":[23.524523,38.068803]},"properties":{"lines":"863","color":"#0059a9","mode":"bus","arr":["863"],"angle":5.8,"extra":1}},{"type":"Feature","geometry":{"type":"Point","coordinates":[23.557949,37.964085]},"properties":{"lines":"818, 841, 842, 843","color":"#0059a9","mode":"bus","arr":["818","841","842","843"],"angle":-86.4}},{"type":"Feature","geometry":{"type":"Point","coordinates":[23.580267,37.962556]},"properties":{"lines":"818, 841, 842, 843","color":"#0059a9","mode":"bus","arr":["818","841","842","843"],"angle":9.8}},{"type":"Feature","geometry":{"type":"Point","coordinates":[23.562281,37.963741]},"properties":{"lines":"818, 819, 841, 842","color":"#0059a9","mode":"bus","arr":["818","819","841","842"],"angle":8.2}},{"type":"Feature","geometry":{"type":"Point","coordinates":[23.577302,37.963716]},"properties":{"lines":"818","color":"#0059a9","mode":"bus","arr":["818"],"angle":11.8}},{"type":"Feature","geometry":{"type":"Point","coordinates":[23.56647,37.965138]},"properties":{"lines":"818","color":"#0059a9","mode":"bus","arr":["818"],"angle":6.8,"extra":1}},{"type":"Feature","geometry":{"type":"Point","coordinates":[23.572712,37.964635]},"properties":{"lines":"818","color":"#0059a9","mode":"bus","arr":["818"],"angle":13.2,"extra":1}},{"type":"Feature","geometry":{"type":"Point","coordinates":[23.582025,37.96549]},"properties":{"lines":"818","color":"#0059a9","mode":"bus","arr":["818"],"angle":89.8,"extra":1}},{"type":"Feature","geometry":{"type":"Point","coordinates":[23.5758,37.966026]},"properties":{"lines":"818","color":"#0059a9","mode":"bus","arr":["818"],"angle":14.8}},{"type":"Feature","geometry":{"type":"Point","coordinates":[23.578837,37.964664]},"properties":{"lines":"818","color":"#0059a9","mode":"bus","arr":["818"],"angle":-18.4,"extra":1}},{"type":"Feature","geometry":{"type":"Point","coordinates":[23.571768,37.967354]},"properties":{"lines":"818","color":"#0059a9","mode":"bus","arr":["818"],"angle":27.4,"extra":1}},{"type":"Feature","geometry":{"type":"Point","coordinates":[23.56599,37.968197]},"properties":{"lines":"818","color":"#0059a9","mode":"bus","arr":["818"],"angle":0.7,"extra":1}},{"type":"Feature","geometry":{"type":"Point","coordinates":[23.562476,37.965556]},"properties":{"lines":"818","color":"#0059a9","mode":"bus","arr":["818"],"angle":8.7}},{"type":"Feature","geometry":{"type":"Point","coordinates":[23.562857,37.969689]},"properties":{"lines":"818","color":"#0059a9","mode":"bus","arr":["818"],"angle":-51.4}},{"type":"Feature","geometry":{"type":"Point","coordinates":[23.585805,37.962743]},"properties":{"lines":"819, 841, 842","color":"#0059a9","mode":"bus","arr":["819","841","842"],"angle":10.2}},{"type":"Feature","geometry":{"type":"Point","coordinates":[23.568493,37.963171]},"properties":{"lines":"819, 841, 842","color":"#0059a9","mode":"bus","arr":["819","841","842"],"angle":4.7,"extra":1}},{"type":"Feature","geometry":{"type":"Point","coordinates":[23.574719,37.962619]},"properties":{"lines":"819, 841, 842","color":"#0059a9","mode":"bus","arr":["819","841","842"],"angle":16.3,"extra":1}},{"type":"Feature","geometry":{"type":"Point","coordinates":[23.580917,37.962151]},"properties":{"lines":"819, 841, 842","color":"#0059a9","mode":"bus","arr":["819","841","842"],"angle":-3,"extra":1}},{"type":"Feature","geometry":{"type":"Point","coordinates":[23.59319,37.962217]},"properties":{"lines":"819, 841, 842","color":"#0059a9","mode":"bus","arr":["819","841","842"],"angle":-9,"extra":1}},{"type":"Feature","geometry":{"type":"Point","coordinates":[23.599409,37.962073]},"properties":{"lines":"819, 841, 842","color":"#0059a9","mode":"bus","arr":["819","841","842"],"angle":2.3,"extra":1}},{"type":"Feature","geometry":{"type":"Point","coordinates":[23.60563,37.962337]},"properties":{"lines":"819, 841, 842","color":"#0059a9","mode":"bus","arr":["819","841","842"],"angle":11.1,"extra":1}},{"type":"Feature","geometry":{"type":"Point","coordinates":[23.606306,37.967641]},"properties":{"lines":"819","color":"#0059a9","mode":"bus","arr":["819"],"angle":53.6}},{"type":"Feature","geometry":{"type":"Point","coordinates":[23.608603,37.964738]},"properties":{"lines":"819","color":"#0059a9","mode":"bus","arr":["819"],"angle":73.6,"extra":1}},{"type":"Feature","geometry":{"type":"Point","coordinates":[23.60156,37.980871]},"properties":{"lines":"819","color":"#0059a9","mode":"bus","arr":["819"],"angle":-81.5}},{"type":"Feature","geometry":{"type":"Point","coordinates":[23.607662,37.962348]},"properties":{"lines":"819, 841, 842, 843","color":"#0059a9","mode":"bus","arr":["819","841","842","843"],"angle":0.9}},{"type":"Feature","geometry":{"type":"Point","coordinates":[23.589561,37.962562]},"properties":{"lines":"841, 842, 843","color":"#0059a9","mode":"bus","arr":["841","842","843"],"angle":13.3}},{"type":"Feature","geometry":{"type":"Point","coordinates":[23.603247,37.962432]},"properties":{"lines":"841, 842, 843","color":"#0059a9","mode":"bus","arr":["841","842","843"],"angle":-8.9,"extra":1}},{"type":"Feature","geometry":{"type":"Point","coordinates":[23.597005,37.962079]},"properties":{"lines":"841, 842, 843","color":"#0059a9","mode":"bus","arr":["841","842","843"],"angle":-2.5,"extra":1}},{"type":"Feature","geometry":{"type":"Point","coordinates":[23.567198,37.964146]},"properties":{"lines":"841, 842, 843","color":"#0059a9","mode":"bus","arr":["841","842","843"],"angle":-5.6}},{"type":"Feature","geometry":{"type":"Point","coordinates":[23.574055,37.963425]},"properties":{"lines":"841, 842, 843","color":"#0059a9","mode":"bus","arr":["841","842","843"],"angle":10.1,"extra":1}},{"type":"Feature","geometry":{"type":"Point","coordinates":[23.562011,37.96479]},"properties":{"lines":"841, 842, 843","color":"#0059a9","mode":"bus","arr":["841","842","843"],"angle":-70.8,"extra":1}},{"type":"Feature","geometry":{"type":"Point","coordinates":[23.59978,37.973746]},"properties":{"lines":"819, 871, 871Τ","color":"#0059a9","mode":"bus","arr":["819","871","871Τ"],"angle":75.3}},{"type":"Feature","geometry":{"type":"Point","coordinates":[23.598698,37.978243]},"properties":{"lines":"819, 860, 871Τ","color":"#0059a9","mode":"bus","arr":["819","860","871Τ"],"angle":-48.6}},{"type":"Feature","geometry":{"type":"Point","coordinates":[23.601289,37.980251]},"properties":{"lines":"819, 860, 871Τ","color":"#0059a9","mode":"bus","arr":["819","860","871Τ"],"angle":55}},{"type":"Feature","geometry":{"type":"Point","coordinates":[23.600414,37.979325]},"properties":{"lines":"819, 860","color":"#0059a9","mode":"bus","arr":["819","860"],"angle":-35.8}},{"type":"Feature","geometry":{"type":"Point","coordinates":[23.622804,37.954905]},"properties":{"lines":"820, 832, 833","color":"#0059a9","mode":"bus","arr":["820","832","833"],"angle":88.5}},{"type":"Feature","geometry":{"type":"Point","coordinates":[23.623586,37.95363]},"properties":{"lines":"820, 832, 833","color":"#0059a9","mode":"bus","arr":["820","832","833"],"angle":-0.3}},{"type":"Feature","geometry":{"type":"Point","coordinates":[23.622895,37.95215]},"properties":{"lines":"820, 833","color":"#0059a9","mode":"bus","arr":["820","833"],"angle":88.7}},{"type":"Feature","geometry":{"type":"Point","coordinates":[23.625347,37.953627]},"properties":{"lines":"820, 833","color":"#0059a9","mode":"bus","arr":["820","833"],"angle":0.5}},{"type":"Feature","geometry":{"type":"Point","coordinates":[23.623482,37.958418]},"properties":{"lines":"820","color":"#0059a9","mode":"bus","arr":["820"],"angle":-66.6}},{"type":"Feature","geometry":{"type":"Point","coordinates":[23.625801,37.962795]},"properties":{"lines":"820","color":"#0059a9","mode":"bus","arr":["820"],"angle":51.4}},{"type":"Feature","geometry":{"type":"Point","coordinates":[23.626352,37.955654]},"properties":{"lines":"820","color":"#0059a9","mode":"bus","arr":["820"],"angle":-87.6}},{"type":"Feature","geometry":{"type":"Point","coordinates":[23.630054,37.96381]},"properties":{"lines":"820, 824, 825, 826, 841, 871, 871Τ","color":"#0059a9","mode":"bus","arr":["820","824","825","826","841","871","871Τ"],"angle":-8.6}},{"type":"Feature","geometry":{"type":"Point","coordinates":[23.635353,37.964843]},"properties":{"lines":"820, 824, 825, 841","color":"#0059a9","mode":"bus","arr":["820","824","825","841"],"angle":-23.6}},{"type":"Feature","geometry":{"type":"Point","coordinates":[23.63806,37.965754]},"properties":{"lines":"820, 841","color":"#0059a9","mode":"bus","arr":["820","841"],"angle":-22.4}},{"type":"Feature","geometry":{"type":"Point","coordinates":[23.636523,37.965354]},"properties":{"lines":"820, 825, 841","color":"#0059a9","mode":"bus","arr":["820","825","841"],"angle":-23}},{"type":"Feature","geometry":{"type":"Point","coordinates":[23.632218,37.964176]},"properties":{"lines":"820, 824, 825, 841, 871Τ","color":"#0059a9","mode":"bus","arr":["820","824","825","841","871Τ"],"angle":-8.8}},{"type":"Feature","geometry":{"type":"Point","coordinates":[23.628128,37.96403]},"properties":{"lines":"820, 824, 825, 826, 841, 871Τ","color":"#0059a9","mode":"bus","arr":["820","824","825","826","841","871Τ"],"angle":10.1}},{"type":"Feature","geometry":{"type":"Point","coordinates":[23.614017,37.952352]},"properties":{"lines":"832, 833","color":"#0059a9","mode":"bus","arr":["832","833"],"angle":88.7}},{"type":"Feature","geometry":{"type":"Point","coordinates":[23.617893,37.95337]},"properties":{"lines":"832, 833","color":"#0059a9","mode":"bus","arr":["832","833"],"angle":-64.9,"extra":1}},{"type":"Feature","geometry":{"type":"Point","coordinates":[23.62098,37.95629]},"properties":{"lines":"832, 833","color":"#0059a9","mode":"bus","arr":["832","833"],"angle":-18.1}},{"type":"Feature","geometry":{"type":"Point","coordinates":[23.621869,37.951253]},"properties":{"lines":"832, 833","color":"#0059a9","mode":"bus","arr":["832","833"],"angle":-0.8}},{"type":"Feature","geometry":{"type":"Point","coordinates":[23.635713,37.949458]},"properties":{"lines":"832, 833","color":"#0059a9","mode":"bus","arr":["832","833"],"angle":74.3}},{"type":"Feature","geometry":{"type":"Point","coordinates":[23.616978,37.95602]},"properties":{"lines":"832, 833","color":"#0059a9","mode":"bus","arr":["832","833"],"angle":-0.6}},{"type":"Feature","geometry":{"type":"Point","coordinates":[23.616762,37.953044]},"properties":{"lines":"832, 833","color":"#0059a9","mode":"bus","arr":["832","833"],"angle":-0.7,"extra":1}},{"type":"Feature","geometry":{"type":"Point","coordinates":[23.621086,37.954379]},"properties":{"lines":"832, 833","color":"#0059a9","mode":"bus","arr":["832","833"],"angle":89.5,"extra":1}},{"type":"Feature","geometry":{"type":"Point","coordinates":[23.62197,37.953092]},"properties":{"lines":"832, 833","color":"#0059a9","mode":"bus","arr":["832","833"],"angle":-0.7}},{"type":"Feature","geometry":{"type":"Point","coordinates":[23.622826,37.949351]},"properties":{"lines":"820, 832","color":"#0059a9","mode":"bus","arr":["820","832"],"angle":88.8}},{"type":"Feature","geometry":{"type":"Point","coordinates":[23.621643,37.947062]},"properties":{"lines":"820, 832, 859","color":"#0059a9","mode":"bus","arr":["820","832","859"],"angle":-87.3}},{"type":"Feature","geometry":{"type":"Point","coordinates":[23.622981,37.946891]},"properties":{"lines":"820, 832, 859","color":"#0059a9","mode":"bus","arr":["820","832","859"],"angle":88.7}},{"type":"Feature","geometry":{"type":"Point","coordinates":[23.678188,38.011003]},"properties":{"lines":"821","color":"#0059a9","mode":"bus","arr":["821"],"angle":38.5}},{"type":"Feature","geometry":{"type":"Point","coordinates":[23.693214,38.001329]},"properties":{"lines":"821","color":"#0059a9","mode":"bus","arr":["821"],"angle":21.5}},{"type":"Feature","geometry":{"type":"Point","coordinates":[23.688288,38.003859]},"properties":{"lines":"821","color":"#0059a9","mode":"bus","arr":["821"],"angle":23.7,"extra":1}},{"type":"Feature","geometry":{"type":"Point","coordinates":[23.697532,38.004255]},"properties":{"lines":"821","color":"#0059a9","mode":"bus","arr":["821"],"angle":-0.5,"extra":1}},{"type":"Feature","geometry":{"type":"Point","coordinates":[23.700351,38.004889]},"properties":{"lines":"821","color":"#0059a9","mode":"bus","arr":["821"],"angle":66.9}},{"type":"Feature","geometry":{"type":"Point","coordinates":[23.692042,38.003182]},"properties":{"lines":"821","color":"#0059a9","mode":"bus","arr":["821"],"angle":-64.9}},{"type":"Feature","geometry":{"type":"Point","coordinates":[23.694718,38.009366]},"properties":{"lines":"822, 823","color":"#0059a9","mode":"bus","arr":["822","823"],"angle":38.5}},{"type":"Feature","geometry":{"type":"Point","coordinates":[23.691362,38.011084]},"properties":{"lines":"822, 823","color":"#0059a9","mode":"bus","arr":["822","823"],"angle":25.4,"extra":1}},{"type":"Feature","geometry":{"type":"Point","coordinates":[23.687851,38.011838]},"properties":{"lines":"822, 823","color":"#0059a9","mode":"bus","arr":["822","823"],"angle":-80}},{"type":"Feature","geometry":{"type":"Point","coordinates":[23.682376,38.013017]},"properties":{"lines":"822, 892","color":"#0059a9","mode":"bus","arr":["822","892"],"angle":34.7}},{"type":"Feature","geometry":{"type":"Point","coordinates":[23.686885,38.012161]},"properties":{"lines":"823","color":"#0059a9","mode":"bus","arr":["823"],"angle":40.1}},{"type":"Feature","geometry":{"type":"Point","coordinates":[23.671721,38.022323]},"properties":{"lines":"823","color":"#0059a9","mode":"bus","arr":["823"],"angle":23.7}},{"type":"Feature","geometry":{"type":"Point","coordinates":[23.676937,38.021688]},"properties":{"lines":"823","color":"#0059a9","mode":"bus","arr":["823"],"angle":11.7,"extra":1}},{"type":"Feature","geometry":{"type":"Point","coordinates":[23.681178,38.019304]},"properties":{"lines":"823","color":"#0059a9","mode":"bus","arr":["823"],"angle":25.4,"extra":1}},{"type":"Feature","geometry":{"type":"Point","coordinates":[23.682298,38.018973]},"properties":{"lines":"823","color":"#0059a9","mode":"bus","arr":["823"],"angle":16}},{"type":"Feature","geometry":{"type":"Point","coordinates":[23.686198,38.012456]},"properties":{"lines":"823","color":"#0059a9","mode":"bus","arr":["823"],"angle":-65.7}},{"type":"Feature","geometry":{"type":"Point","coordinates":[23.686815,38.013507]},"properties":{"lines":"823, 892","color":"#0059a9","mode":"bus","arr":["823","892"],"angle":-64.9}},{"type":"Feature","geometry":{"type":"Point","coordinates":[23.624399,37.971063]},"properties":{"lines":"824","color":"#0059a9","mode":"bus","arr":["824"],"angle":-80.3}},{"type":"Feature","geometry":{"type":"Point","coordinates":[23.622406,37.967849]},"properties":{"lines":"824","color":"#0059a9","mode":"bus","arr":["824"],"angle":75.2}},{"type":"Feature","geometry":{"type":"Point","coordinates":[23.627766,37.977004]},"properties":{"lines":"824, 842, 860","color":"#0059a9","mode":"bus","arr":["824","842","860"],"angle":-48.1}},{"type":"Feature","geometry":{"type":"Point","coordinates":[23.622981,37.965874]},"properties":{"lines":"824, 825","color":"#0059a9","mode":"bus","arr":["824","825"],"angle":75.9}},{"type":"Feature","geometry":{"type":"Point","coordinates":[23.637866,37.965108]},"properties":{"lines":"824, 825","color":"#0059a9","mode":"bus","arr":["824","825"],"angle":33.2}},{"type":"Feature","geometry":{"type":"Point","coordinates":[23.625011,37.964381]},"properties":{"lines":"824, 825, 826, 841, 871, 871Τ","color":"#0059a9","mode":"bus","arr":["824","825","826","841","871","871Τ"],"angle":10.2}},{"type":"Feature","geometry":{"type":"Point","coordinates":[23.638315,37.949394]},"properties":{"lines":"824, 826, 832, 833, 859, 871Τ","color":"#0059a9","mode":"bus","arr":["824","826","832","833","859","871Τ"],"angle":0.1}},{"type":"Feature","geometry":{"type":"Point","coordinates":[23.636294,37.949401]},"properties":{"lines":"824, 826, 832, 833, 871Τ","color":"#0059a9","mode":"bus","arr":["824","826","832","833","871Τ"],"angle":0.8}},{"type":"Feature","geometry":{"type":"Point","coordinates":[23.635169,37.950852]},"properties":{"lines":"824, 826, 832, 833, 871Τ","color":"#0059a9","mode":"bus","arr":["824","826","832","833","871Τ"],"angle":88.7}},{"type":"Feature","geometry":{"type":"Point","coordinates":[23.63515,37.952505]},"properties":{"lines":"824, 826, 833, 871Τ","color":"#0059a9","mode":"bus","arr":["824","826","833","871Τ"],"angle":89.8}},{"type":"Feature","geometry":{"type":"Point","coordinates":[23.63511,37.957062]},"properties":{"lines":"824, 826, 871Τ","color":"#0059a9","mode":"bus","arr":["824","826","871Τ"],"angle":89.6}},{"type":"Feature","geometry":{"type":"Point","coordinates":[23.635084,37.962626]},"properties":{"lines":"824, 871Τ","color":"#0059a9","mode":"bus","arr":["824","871Τ"],"angle":89.5}},{"type":"Feature","geometry":{"type":"Point","coordinates":[23.626165,37.964307]},"properties":{"lines":"824, 825, 826, 841, 871Τ","color":"#0059a9","mode":"bus","arr":["824","825","826","841","871Τ"],"angle":10.1}},{"type":"Feature","geometry":{"type":"Point","coordinates":[23.624654,37.964521]},"properties":{"lines":"824, 826, 841, 871Τ","color":"#0059a9","mode":"bus","arr":["824","826","841","871Τ"],"angle":10.2}},{"type":"Feature","geometry":{"type":"Point","coordinates":[23.624587,37.974033]},"properties":{"lines":"824, 842","color":"#0059a9","mode":"bus","arr":["824","842"],"angle":-48.8}},{"type":"Feature","geometry":{"type":"Point","coordinates":[23.627523,37.976661]},"properties":{"lines":"824, 842","color":"#0059a9","mode":"bus","arr":["824","842"],"angle":-47.1,"extra":1}},{"type":"Feature","geometry":{"type":"Point","coordinates":[23.630796,37.97775]},"properties":{"lines":"824, 825, 842","color":"#0059a9","mode":"bus","arr":["824","825","842"],"angle":-3.9}},{"type":"Feature","geometry":{"type":"Point","coordinates":[23.632436,37.962158]},"properties":{"lines":"826","color":"#0059a9","mode":"bus","arr":["826"],"angle":89.4}},{"type":"Feature","geometry":{"type":"Point","coordinates":[23.618174,37.967911]},"properties":{"lines":"826","color":"#0059a9","mode":"bus","arr":["826"],"angle":41}},{"type":"Feature","geometry":{"type":"Point","coordinates":[23.61543,37.969694]},"properties":{"lines":"826","color":"#0059a9","mode":"bus","arr":["826"],"angle":70.3,"extra":1}},{"type":"Feature","geometry":{"type":"Point","coordinates":[23.612366,37.967644]},"properties":{"lines":"826","color":"#0059a9","mode":"bus","arr":["826"],"angle":83.8}},{"type":"Feature","geometry":{"type":"Point","coordinates":[23.636972,37.936826]},"properties":{"lines":"826","color":"#0059a9","mode":"bus","arr":["826"],"angle":-4.3}},{"type":"Feature","geometry":{"type":"Point","coordinates":[23.633899,37.938292]},"properties":{"lines":"826","color":"#0059a9","mode":"bus","arr":["826"],"angle":36.7}},{"type":"Feature","geometry":{"type":"Point","coordinates":[23.621498,37.97449]},"properties":{"lines":"826","color":"#0059a9","mode":"bus","arr":["826"],"angle":-32.4}},{"type":"Feature","geometry":{"type":"Point","coordinates":[23.618377,37.972963]},"properties":{"lines":"826","color":"#0059a9","mode":"bus","arr":["826"],"angle":-34.2,"extra":1}},{"type":"Feature","geometry":{"type":"Point","coordinates":[23.622687,37.964515]},"properties":{"lines":"826, 841, 871Τ","color":"#0059a9","mode":"bus","arr":["826","841","871Τ"],"angle":-8.4}},{"type":"Feature","geometry":{"type":"Point","coordinates":[23.617467,37.963926]},"properties":{"lines":"841, 871Τ","color":"#0059a9","mode":"bus","arr":["841","871Τ"],"angle":-8.1}},{"type":"Feature","geometry":{"type":"Point","coordinates":[23.614476,37.965048]},"properties":{"lines":"826, 842, 860","color":"#0059a9","mode":"bus","arr":["826","842","860"],"angle":-48.7}},{"type":"Feature","geometry":{"type":"Point","coordinates":[23.619024,37.964011]},"properties":{"lines":"826, 841, 871, 871Τ","color":"#0059a9","mode":"bus","arr":["826","841","871","871Τ"],"angle":-8.7}},{"type":"Feature","geometry":{"type":"Point","coordinates":[23.614085,37.963759]},"properties":{"lines":"826, 871, 871Τ","color":"#0059a9","mode":"bus","arr":["826","871","871Τ"],"angle":42.4}},{"type":"Feature","geometry":{"type":"Point","coordinates":[23.633739,37.960946]},"properties":{"lines":"826, 871, 871Τ","color":"#0059a9","mode":"bus","arr":["826","871","871Τ"],"angle":89}},{"type":"Feature","geometry":{"type":"Point","coordinates":[23.656431,37.966136]},"properties":{"lines":"828, 909","color":"#0059a9","mode":"bus","arr":["828","909"],"angle":-44.6}},{"type":"Feature","geometry":{"type":"Point","coordinates":[23.652004,37.964696]},"properties":{"lines":"828, 909","color":"#0059a9","mode":"bus","arr":["828","909"],"angle":-33.4,"extra":1}},{"type":"Feature","geometry":{"type":"Point","coordinates":[23.661419,37.970302]},"properties":{"lines":"828, 909","color":"#0059a9","mode":"bus","arr":["828","909"],"angle":-52.4,"extra":1}},{"type":"Feature","geometry":{"type":"Point","coordinates":[23.658167,37.978139]},"properties":{"lines":"827","color":"#0059a9","mode":"bus","arr":["827"],"angle":29.1}},{"type":"Feature","geometry":{"type":"Point","coordinates":[23.660997,37.975032]},"properties":{"lines":"827, 831, 860","color":"#0059a9","mode":"bus","arr":["827","831","860"],"angle":86.3}},{"type":"Feature","geometry":{"type":"Point","coordinates":[23.663809,37.977396]},"properties":{"lines":"827, 842","color":"#0059a9","mode":"bus","arr":["827","842"],"angle":26.6}},{"type":"Feature","geometry":{"type":"Point","coordinates":[23.657538,37.958412]},"properties":{"lines":"828, 831","color":"#0059a9","mode":"bus","arr":["828","831"],"angle":-28.8}},{"type":"Feature","geometry":{"type":"Point","coordinates":[23.655959,37.952114]},"properties":{"lines":"828","color":"#0059a9","mode":"bus","arr":["828"],"angle":68.6}},{"type":"Feature","geometry":{"type":"Point","coordinates":[23.653707,37.956494]},"properties":{"lines":"828","color":"#0059a9","mode":"bus","arr":["828"],"angle":43.3}},{"type":"Feature","geometry":{"type":"Point","coordinates":[23.647911,37.94946]},"properties":{"lines":"828","color":"#0059a9","mode":"bus","arr":["828"],"angle":-0.4}},{"type":"Feature","geometry":{"type":"Point","coordinates":[23.663139,37.971676]},"properties":{"lines":"828, 831, 860, 909","color":"#0059a9","mode":"bus","arr":["828","831","860","909"],"angle":-42.7}},{"type":"Feature","geometry":{"type":"Point","coordinates":[23.671388,37.979053]},"properties":{"lines":"829","color":"#0059a9","mode":"bus","arr":["829"],"angle":30.5}},{"type":"Feature","geometry":{"type":"Point","coordinates":[23.680685,37.992707]},"properties":{"lines":"829","color":"#0059a9","mode":"bus","arr":["829"],"angle":17.2}},{"type":"Feature","geometry":{"type":"Point","coordinates":[23.671362,38.003281]},"properties":{"lines":"829","color":"#0059a9","mode":"bus","arr":["829"],"angle":19}},{"type":"Feature","geometry":{"type":"Point","coordinates":[23.681703,37.983313]},"properties":{"lines":"829","color":"#0059a9","mode":"bus","arr":["829"],"angle":-59.1}},{"type":"Feature","geometry":{"type":"Point","coordinates":[23.685144,37.988068]},"properties":{"lines":"829","color":"#0059a9","mode":"bus","arr":["829"],"angle":-60.5,"extra":1}},{"type":"Feature","geometry":{"type":"Point","coordinates":[23.67896,37.979466]},"properties":{"lines":"829","color":"#0059a9","mode":"bus","arr":["829"],"angle":-60.4,"extra":1}},{"type":"Feature","geometry":{"type":"Point","coordinates":[23.669591,37.976628]},"properties":{"lines":"829","color":"#0059a9","mode":"bus","arr":["829"],"angle":25.8}},{"type":"Feature","geometry":{"type":"Point","coordinates":[23.670543,37.979237]},"properties":{"lines":"829","color":"#0059a9","mode":"bus","arr":["829"],"angle":27.9}},{"type":"Feature","geometry":{"type":"Point","coordinates":[23.682424,37.991801]},"properties":{"lines":"829, 856","color":"#0059a9","mode":"bus","arr":["829","856"],"angle":-73.6}},{"type":"Feature","geometry":{"type":"Point","coordinates":[23.673656,37.994574]},"properties":{"lines":"829, 831, 865, 891","color":"#0059a9","mode":"bus","arr":["829","831","865","891"],"angle":26.9}},{"type":"Feature","geometry":{"type":"Point","coordinates":[23.673064,37.997982]},"properties":{"lines":"829, 831, 891","color":"#0059a9","mode":"bus","arr":["829","831","891"],"angle":-64.7}},{"type":"Feature","geometry":{"type":"Point","coordinates":[23.672138,38.000913]},"properties":{"lines":"829, 831","color":"#0059a9","mode":"bus","arr":["829","831"],"angle":30.7}},{"type":"Feature","geometry":{"type":"Point","coordinates":[23.669316,38.00241]},"properties":{"lines":"829, 831","color":"#0059a9","mode":"bus","arr":["829","831"],"angle":-66.3}},{"type":"Feature","geometry":{"type":"Point","coordinates":[23.665875,37.992703]},"properties":{"lines":"830, 891, 892","color":"#0059a9","mode":"bus","arr":["830","891","892"],"angle":67.3}},{"type":"Feature","geometry":{"type":"Point","coordinates":[23.664006,37.994597]},"properties":{"lines":"830, 891","color":"#0059a9","mode":"bus","arr":["830","891"],"angle":-58.8}},{"type":"Feature","geometry":{"type":"Point","coordinates":[23.666264,37.991965]},"properties":{"lines":"830, 892","color":"#0059a9","mode":"bus","arr":["830","892"],"angle":67.5}},{"type":"Feature","geometry":{"type":"Point","coordinates":[23.65311,37.994281]},"properties":{"lines":"830","color":"#0059a9","mode":"bus","arr":["830"],"angle":-24.1}},{"type":"Feature","geometry":{"type":"Point","coordinates":[23.656546,37.99302]},"properties":{"lines":"830","color":"#0059a9","mode":"bus","arr":["830"],"angle":45.1,"extra":1}},{"type":"Feature","geometry":{"type":"Point","coordinates":[23.658058,37.991939]},"properties":{"lines":"830","color":"#0059a9","mode":"bus","arr":["830"],"angle":6.9}},{"type":"Feature","geometry":{"type":"Point","coordinates":[23.666274,37.994557]},"properties":{"lines":"891","color":"#0059a9","mode":"bus","arr":["891"],"angle":-60}},{"type":"Feature","geometry":{"type":"Point","coordinates":[23.674896,37.991024]},"properties":{"lines":"891","color":"#0059a9","mode":"bus","arr":["891"],"angle":-83}},{"type":"Feature","geometry":{"type":"Point","coordinates":[23.691085,38.011407]},"properties":{"lines":"891","color":"#0059a9","mode":"bus","arr":["891"],"angle":-65.5}},{"type":"Feature","geometry":{"type":"Point","coordinates":[23.692905,38.014539]},"properties":{"lines":"891","color":"#0059a9","mode":"bus","arr":["891"],"angle":-65.4,"extra":1}},{"type":"Feature","geometry":{"type":"Point","coordinates":[23.708434,38.011595]},"properties":{"lines":"891","color":"#0059a9","mode":"bus","arr":["891"],"angle":34.1}},{"type":"Feature","geometry":{"type":"Point","coordinates":[23.688748,38.004298]},"properties":{"lines":"891","color":"#0059a9","mode":"bus","arr":["891"],"angle":-69.6}},{"type":"Feature","geometry":{"type":"Point","coordinates":[23.679325,37.995709]},"properties":{"lines":"891","color":"#0059a9","mode":"bus","arr":["891"],"angle":-57.1}},{"type":"Feature","geometry":{"type":"Point","coordinates":[23.673918,38.001046]},"properties":{"lines":"891","color":"#0059a9","mode":"bus","arr":["891"],"angle":84.6}},{"type":"Feature","geometry":{"type":"Point","coordinates":[23.65752,37.991419]},"properties":{"lines":"830, 837","color":"#0059a9","mode":"bus","arr":["830","837"],"angle":-83.6}},{"type":"Feature","geometry":{"type":"Point","coordinates":[23.654395,37.988271]},"properties":{"lines":"830, 837","color":"#0059a9","mode":"bus","arr":["830","837"],"angle":56.8}},{"type":"Feature","geometry":{"type":"Point","coordinates":[23.652563,37.990914]},"properties":{"lines":"830, 837","color":"#0059a9","mode":"bus","arr":["830","837"],"angle":60.8,"extra":1}},{"type":"Feature","geometry":{"type":"Point","coordinates":[23.656564,37.992488]},"properties":{"lines":"830, 837","color":"#0059a9","mode":"bus","arr":["830","837"],"angle":-78.7}},{"type":"Feature","geometry":{"type":"Point","coordinates":[23.650435,37.991682]},"properties":{"lines":"830, 837","color":"#0059a9","mode":"bus","arr":["830","837"],"angle":13.6}},{"type":"Feature","geometry":{"type":"Point","coordinates":[23.654124,37.953808]},"properties":{"lines":"831","color":"#0059a9","mode":"bus","arr":["831"],"angle":-64.5}},{"type":"Feature","geometry":{"type":"Point","coordinates":[23.660738,37.978243]},"properties":{"lines":"831","color":"#0059a9","mode":"bus","arr":["831"],"angle":88.5}},{"type":"Feature","geometry":{"type":"Point","coordinates":[23.661273,37.971657]},"properties":{"lines":"831, 860","color":"#0059a9","mode":"bus","arr":["831","860"],"angle":86.8}},{"type":"Feature","geometry":{"type":"Point","coordinates":[23.658218,37.979588]},"properties":{"lines":"831, 860","color":"#0059a9","mode":"bus","arr":["831","860"],"angle":25.4}},{"type":"Feature","geometry":{"type":"Point","coordinates":[23.663582,37.987844]},"properties":{"lines":"831, 837","color":"#0059a9","mode":"bus","arr":["831","837"],"angle":30.2}},{"type":"Feature","geometry":{"type":"Point","coordinates":[23.629054,37.950323]},"properties":{"lines":"832","color":"#0059a9","mode":"bus","arr":["832"],"angle":-0.7}},{"type":"Feature","geometry":{"type":"Point","coordinates":[23.629123,37.951323]},"properties":{"lines":"832","color":"#0059a9","mode":"bus","arr":["832"],"angle":-0.5}},{"type":"Feature","geometry":{"type":"Point","coordinates":[23.629681,37.953151]},"properties":{"lines":"833","color":"#0059a9","mode":"bus","arr":["833"],"angle":-0.5}},{"type":"Feature","geometry":{"type":"Point","coordinates":[23.626167,37.953131]},"properties":{"lines":"833","color":"#0059a9","mode":"bus","arr":["833"],"angle":-0.7,"extra":1}},{"type":"Feature","geometry":{"type":"Point","coordinates":[23.630695,37.95365]},"properties":{"lines":"833","color":"#0059a9","mode":"bus","arr":["833"],"angle":-0.1}},{"type":"Feature","geometry":{"type":"Point","coordinates":[23.657011,37.994884]},"properties":{"lines":"837","color":"#0059a9","mode":"bus","arr":["837"],"angle":-68.4}},{"type":"Feature","geometry":{"type":"Point","coordinates":[23.656139,37.989531]},"properties":{"lines":"837","color":"#0059a9","mode":"bus","arr":["837"],"angle":-83.2}},{"type":"Feature","geometry":{"type":"Point","coordinates":[23.66752,37.996373]},"properties":{"lines":"837, 866, 876, 891","color":"#0059a9","mode":"bus","arr":["837","866","876","891"],"angle":-62.1}},{"type":"Feature","geometry":{"type":"Point","coordinates":[23.668346,37.99548]},"properties":{"lines":"837, 866, 876","color":"#0059a9","mode":"bus","arr":["837","866","876"],"angle":-61.1}},{"type":"Feature","geometry":{"type":"Point","coordinates":[23.681565,37.972946]},"properties":{"lines":"838","color":"#0059a9","mode":"bus","arr":["838"],"angle":-44.7}},{"type":"Feature","geometry":{"type":"Point","coordinates":[23.679163,37.970812]},"properties":{"lines":"838","color":"#0059a9","mode":"bus","arr":["838"],"angle":-50.1,"extra":1}},{"type":"Feature","geometry":{"type":"Point","coordinates":[23.677461,37.967346]},"properties":{"lines":"838","color":"#0059a9","mode":"bus","arr":["838"],"angle":60.9}},{"type":"Feature","geometry":{"type":"Point","coordinates":[23.675591,37.962118]},"properties":{"lines":"838","color":"#0059a9","mode":"bus","arr":["838"],"angle":-63.6,"extra":1}},{"type":"Feature","geometry":{"type":"Point","coordinates":[23.650703,37.961004]},"properties":{"lines":"838","color":"#0059a9","mode":"bus","arr":["838"],"angle":41}},{"type":"Feature","geometry":{"type":"Point","coordinates":[23.675449,37.961112]},"properties":{"lines":"838","color":"#0059a9","mode":"bus","arr":["838"],"angle":30.3}},{"type":"Feature","geometry":{"type":"Point","coordinates":[23.674715,37.958212]},"properties":{"lines":"838","color":"#0059a9","mode":"bus","arr":["838"],"angle":-76.5}},{"type":"Feature","geometry":{"type":"Point","coordinates":[23.670962,37.964739]},"properties":{"lines":"838, 860, 914","color":"#0059a9","mode":"bus","arr":["838","860","914"],"angle":-67.7}},{"type":"Feature","geometry":{"type":"Point","coordinates":[23.668689,37.966547]},"properties":{"lines":"838, 860, 914","color":"#0059a9","mode":"bus","arr":["838","860","914"],"angle":-20.1}},{"type":"Feature","geometry":{"type":"Point","coordinates":[23.66691,37.965226]},"properties":{"lines":"838, 914","color":"#0059a9","mode":"bus","arr":["838","914"],"angle":13.6}},{"type":"Feature","geometry":{"type":"Point","coordinates":[23.661614,37.964447]},"properties":{"lines":"838, 914","color":"#0059a9","mode":"bus","arr":["838","914"],"angle":-20.2,"extra":1}},{"type":"Feature","geometry":{"type":"Point","coordinates":[23.670862,37.96591]},"properties":{"lines":"838, 914","color":"#0059a9","mode":"bus","arr":["838","914"],"angle":-40.2,"extra":1}},{"type":"Feature","geometry":{"type":"Point","coordinates":[23.653689,37.96179]},"properties":{"lines":"838, 914","color":"#0059a9","mode":"bus","arr":["838","914"],"angle":-50.7}},{"type":"Feature","geometry":{"type":"Point","coordinates":[23.657479,37.963222]},"properties":{"lines":"838, 914","color":"#0059a9","mode":"bus","arr":["838","914"],"angle":-20.6,"extra":1}},{"type":"Feature","geometry":{"type":"Point","coordinates":[23.673621,37.961577]},"properties":{"lines":"838, 914","color":"#0059a9","mode":"bus","arr":["838","914"],"angle":-88}},{"type":"Feature","geometry":{"type":"Point","coordinates":[23.609172,37.962203]},"properties":{"lines":"841, 842","color":"#0059a9","mode":"bus","arr":["841","842"],"angle":1.9}},{"type":"Feature","geometry":{"type":"Point","coordinates":[23.612298,37.96302]},"properties":{"lines":"841, 842","color":"#0059a9","mode":"bus","arr":["841","842"],"angle":-69.2}},{"type":"Feature","geometry":{"type":"Point","coordinates":[23.613647,37.963381]},"properties":{"lines":"841","color":"#0059a9","mode":"bus","arr":["841"],"angle":-7.3}},{"type":"Feature","geometry":{"type":"Point","coordinates":[23.617507,37.967628]},"properties":{"lines":"842","color":"#0059a9","mode":"bus","arr":["842"],"angle":-48.9}},{"type":"Feature","geometry":{"type":"Point","coordinates":[23.619871,37.969773]},"properties":{"lines":"842","color":"#0059a9","mode":"bus","arr":["842"],"angle":-49.2,"extra":1}},{"type":"Feature","geometry":{"type":"Point","coordinates":[23.620075,37.970084]},"properties":{"lines":"842, 860","color":"#0059a9","mode":"bus","arr":["842","860"],"angle":-49}},{"type":"Feature","geometry":{"type":"Point","coordinates":[23.622965,37.972686]},"properties":{"lines":"842, 860","color":"#0059a9","mode":"bus","arr":["842","860"],"angle":-48.7,"extra":1}},{"type":"Feature","geometry":{"type":"Point","coordinates":[23.619181,37.958937]},"properties":{"lines":"843","color":"#0059a9","mode":"bus","arr":["843"],"angle":0.3}},{"type":"Feature","geometry":{"type":"Point","coordinates":[23.62426,37.958377]},"properties":{"lines":"843","color":"#0059a9","mode":"bus","arr":["843"],"angle":19,"extra":1}},{"type":"Feature","geometry":{"type":"Point","coordinates":[23.612493,37.960847]},"properties":{"lines":"843","color":"#0059a9","mode":"bus","arr":["843"],"angle":51.8,"extra":1}},{"type":"Feature","geometry":{"type":"Point","coordinates":[23.59623,37.962217]},"properties":{"lines":"843","color":"#0059a9","mode":"bus","arr":["843"],"angle":9.5}},{"type":"Feature","geometry":{"type":"Point","coordinates":[23.644323,38.011464]},"properties":{"lines":"845, 866","color":"#0059a9","mode":"bus","arr":["845","866"],"angle":18.2}},{"type":"Feature","geometry":{"type":"Point","coordinates":[23.622903,38.013275]},"properties":{"lines":"845, 865, 866, 868, 876, 890","color":"#0059a9","mode":"bus","arr":["845","865","866","868","876","890"],"angle":-10.5}},{"type":"Feature","geometry":{"type":"Point","coordinates":[23.635998,38.013563]},"properties":{"lines":"845, 865, 866, 868, 876, 890","color":"#0059a9","mode":"bus","arr":["845","865","866","868","876","890"],"angle":10.6,"extra":1}},{"type":"Feature","geometry":{"type":"Point","coordinates":[23.629733,38.013592]},"properties":{"lines":"845, 865, 866, 868, 876, 890","color":"#0059a9","mode":"bus","arr":["845","865","866","868","876","890"],"angle":-0.5,"extra":1}},{"type":"Feature","geometry":{"type":"Point","coordinates":[23.617301,38.012458]},"properties":{"lines":"845, 865, 866, 868, 876, 890","color":"#0059a9","mode":"bus","arr":["845","865","866","868","876","890"],"angle":-10.5,"extra":1}},{"type":"Feature","geometry":{"type":"Point","coordinates":[23.611122,38.011605]},"properties":{"lines":"845, 865, 866, 868, 876, 890","color":"#0059a9","mode":"bus","arr":["845","865","866","868","876","890"],"angle":-3,"extra":1}},{"type":"Feature","geometry":{"type":"Point","coordinates":[23.598627,38.025168]},"properties":{"lines":"845, 865, 866, 868, 876","color":"#0059a9","mode":"bus","arr":["845","865","866","868","876"],"angle":80}},{"type":"Feature","geometry":{"type":"Point","coordinates":[23.603895,38.012879]},"properties":{"lines":"845, 865, 866, 868, 876","color":"#0059a9","mode":"bus","arr":["845","865","866","868","876"],"angle":15.1,"extra":1}},{"type":"Feature","geometry":{"type":"Point","coordinates":[23.598904,38.015374]},"properties":{"lines":"845, 865, 866, 868, 876","color":"#0059a9","mode":"bus","arr":["845","865","866","868","876"],"angle":79.2,"extra":1}},{"type":"Feature","geometry":{"type":"Point","coordinates":[23.599142,38.02028]},"properties":{"lines":"845, 865, 866, 868, 876","color":"#0059a9","mode":"bus","arr":["845","865","866","868","876"],"angle":-87.2,"extra":1}},{"type":"Feature","geometry":{"type":"Point","coordinates":[23.597242,38.030002]},"properties":{"lines":"845, 865, 866, 868, 876","color":"#0059a9","mode":"bus","arr":["845","865","866","868","876"],"angle":65.8,"extra":1}},{"type":"Feature","geometry":{"type":"Point","coordinates":[23.594552,38.03447]},"properties":{"lines":"845, 865, 866, 868, 876","color":"#0059a9","mode":"bus","arr":["845","865","866","868","876"],"angle":66.3,"extra":1}},{"type":"Feature","geometry":{"type":"Point","coordinates":[23.591357,38.038663]},"properties":{"lines":"845, 865, 866, 868, 876","color":"#0059a9","mode":"bus","arr":["845","865","866","868","876"],"angle":47.5,"extra":1}},{"type":"Feature","geometry":{"type":"Point","coordinates":[23.587423,38.041695]},"properties":{"lines":"845, 865, 866, 876","color":"#0059a9","mode":"bus","arr":["845","865","866","876"],"angle":41.1}},{"type":"Feature","geometry":{"type":"Point","coordinates":[23.585047,38.043078]},"properties":{"lines":"845, 876","color":"#0059a9","mode":"bus","arr":["845","876"],"angle":31.7}},{"type":"Feature","geometry":{"type":"Point","coordinates":[23.582715,38.044216]},"properties":{"lines":"845, 865, 876, 881","color":"#0059a9","mode":"bus","arr":["845","865","876","881"],"angle":30.9}},{"type":"Feature","geometry":{"type":"Point","coordinates":[23.552626,38.048029]},"properties":{"lines":"845, 865, 876, 881","color":"#0059a9","mode":"bus","arr":["845","865","876","881"],"angle":-25.7}},{"type":"Feature","geometry":{"type":"Point","coordinates":[23.54936,38.046499]},"properties":{"lines":"845, 865, 876, 881","color":"#0059a9","mode":"bus","arr":["845","865","876","881"],"angle":-29.2,"extra":1}},{"type":"Feature","geometry":{"type":"Point","coordinates":[23.544703,38.044735]},"properties":{"lines":"845, 865, 876, 881","color":"#0059a9","mode":"bus","arr":["845","865","876","881"],"angle":-31.5}},{"type":"Feature","geometry":{"type":"Point","coordinates":[23.570101,38.04939]},"properties":{"lines":"845, 865, 868, 876, 881","color":"#0059a9","mode":"bus","arr":["845","865","868","876","881"],"angle":18.3}},{"type":"Feature","geometry":{"type":"Point","coordinates":[23.578434,38.046113]},"properties":{"lines":"845, 865, 868, 876, 881","color":"#0059a9","mode":"bus","arr":["845","865","868","876","881"],"angle":30.8,"extra":1}},{"type":"Feature","geometry":{"type":"Point","coordinates":[23.560696,38.050259]},"properties":{"lines":"845, 865, 868, 876, 881","color":"#0059a9","mode":"bus","arr":["845","865","868","876","881"],"angle":-1.4,"extra":1}},{"type":"Feature","geometry":{"type":"Point","coordinates":[23.546264,38.045544]},"properties":{"lines":"845, 865, 871, 876, 878, 881","color":"#0059a9","mode":"bus","arr":["845","865","871","876","878","881"],"angle":-17.4}},{"type":"Feature","geometry":{"type":"Point","coordinates":[23.630559,37.984889]},"properties":{"lines":"846, 852","color":"#0059a9","mode":"bus","arr":["846","852"],"angle":55.7}},{"type":"Feature","geometry":{"type":"Point","coordinates":[23.634323,37.981591]},"properties":{"lines":"846","color":"#0059a9","mode":"bus","arr":["846"],"angle":-29.9}},{"type":"Feature","geometry":{"type":"Point","coordinates":[23.667707,37.976408]},"properties":{"lines":"852","color":"#0059a9","mode":"bus","arr":["852"],"angle":-18.7}},{"type":"Feature","geometry":{"type":"Point","coordinates":[23.634425,37.982105]},"properties":{"lines":"852","color":"#0059a9","mode":"bus","arr":["852"],"angle":31.7}},{"type":"Feature","geometry":{"type":"Point","coordinates":[23.567462,38.082989]},"properties":{"lines":"855","color":"#0059a9","mode":"bus","arr":["855"],"angle":61.3}},{"type":"Feature","geometry":{"type":"Point","coordinates":[23.56353,38.088382]},"properties":{"lines":"855","color":"#0059a9","mode":"bus","arr":["855"],"angle":48.3,"extra":1}},{"type":"Feature","geometry":{"type":"Point","coordinates":[23.569658,38.080118]},"properties":{"lines":"855","color":"#0059a9","mode":"bus","arr":["855"],"angle":-46.2,"extra":1}},{"type":"Feature","geometry":{"type":"Point","coordinates":[23.567226,38.076046]},"properties":{"lines":"855","color":"#0059a9","mode":"bus","arr":["855"],"angle":-77,"extra":1}},{"type":"Feature","geometry":{"type":"Point","coordinates":[23.604901,38.075017]},"properties":{"lines":"855","color":"#0059a9","mode":"bus","arr":["855"],"angle":-39.7}},{"type":"Feature","geometry":{"type":"Point","coordinates":[23.612339,38.076646]},"properties":{"lines":"855","color":"#0059a9","mode":"bus","arr":["855"],"angle":35.4}},{"type":"Feature","geometry":{"type":"Point","coordinates":[23.607029,38.079346]},"properties":{"lines":"855","color":"#0059a9","mode":"bus","arr":["855"],"angle":29.6,"extra":1}},{"type":"Feature","geometry":{"type":"Point","coordinates":[23.616631,38.077808]},"properties":{"lines":"855","color":"#0059a9","mode":"bus","arr":["855"],"angle":-59.8,"extra":1}},{"type":"Feature","geometry":{"type":"Point","coordinates":[23.617686,38.080169]},"properties":{"lines":"855","color":"#0059a9","mode":"bus","arr":["855"],"angle":22.1}},{"type":"Feature","geometry":{"type":"Point","coordinates":[23.618922,38.086426]},"properties":{"lines":"855","color":"#0059a9","mode":"bus","arr":["855"],"angle":-50.5}},{"type":"Feature","geometry":{"type":"Point","coordinates":[23.614677,38.081783]},"properties":{"lines":"855","color":"#0059a9","mode":"bus","arr":["855"],"angle":33.1,"extra":1}},{"type":"Feature","geometry":{"type":"Point","coordinates":[23.620395,38.089023]},"properties":{"lines":"855","color":"#0059a9","mode":"bus","arr":["855"],"angle":-76.8,"extra":1}},{"type":"Feature","geometry":{"type":"Point","coordinates":[23.619127,38.09275]},"properties":{"lines":"855","color":"#0059a9","mode":"bus","arr":["855"],"angle":22.1,"extra":1}},{"type":"Feature","geometry":{"type":"Point","coordinates":[23.57129,38.075514]},"properties":{"lines":"855, 879","color":"#0059a9","mode":"bus","arr":["855","879"],"angle":10.6}},{"type":"Feature","geometry":{"type":"Point","coordinates":[23.580069,38.069259]},"properties":{"lines":"855, 879","color":"#0059a9","mode":"bus","arr":["855","879"],"angle":52.9}},{"type":"Feature","geometry":{"type":"Point","coordinates":[23.577595,38.072315]},"properties":{"lines":"855, 879","color":"#0059a9","mode":"bus","arr":["855","879"],"angle":57.1,"extra":1}},{"type":"Feature","geometry":{"type":"Point","coordinates":[23.585756,38.061278]},"properties":{"lines":"855, 866, 879, 881","color":"#0059a9","mode":"bus","arr":["855","866","879","881"],"angle":-74.8}},{"type":"Feature","geometry":{"type":"Point","coordinates":[23.594936,38.063645]},"properties":{"lines":"855, 878, 879","color":"#0059a9","mode":"bus","arr":["855","878","879"],"angle":-73.7}},{"type":"Feature","geometry":{"type":"Point","coordinates":[23.592152,38.05811]},"properties":{"lines":"855, 878, 879","color":"#0059a9","mode":"bus","arr":["855","878","879"],"angle":16.6,"extra":1}},{"type":"Feature","geometry":{"type":"Point","coordinates":[23.596318,38.066817]},"properties":{"lines":"855, 878, 879","color":"#0059a9","mode":"bus","arr":["855","878","879"],"angle":-44.9,"extra":1}},{"type":"Feature","geometry":{"type":"Point","coordinates":[23.599969,38.070803]},"properties":{"lines":"855, 878, 879","color":"#0059a9","mode":"bus","arr":["855","878","879"],"angle":-51.5,"extra":1}},{"type":"Feature","geometry":{"type":"Point","coordinates":[23.604237,38.080564]},"properties":{"lines":"855, 881","color":"#0059a9","mode":"bus","arr":["855","881"],"angle":-89.2}},{"type":"Feature","geometry":{"type":"Point","coordinates":[23.743854,37.945983]},"properties":{"lines":"856","color":"#0059a9","mode":"bus","arr":["856"],"angle":-40.5}},{"type":"Feature","geometry":{"type":"Point","coordinates":[23.740801,37.955345]},"properties":{"lines":"856","color":"#0059a9","mode":"bus","arr":["856"],"angle":6.6}},{"type":"Feature","geometry":{"type":"Point","coordinates":[23.705417,37.983328]},"properties":{"lines":"856","color":"#0059a9","mode":"bus","arr":["856"],"angle":28.8}},{"type":"Feature","geometry":{"type":"Point","coordinates":[23.68319,37.991906]},"properties":{"lines":"856","color":"#0059a9","mode":"bus","arr":["856"],"angle":-80.5}},{"type":"Feature","geometry":{"type":"Point","coordinates":[23.661136,37.986672]},"properties":{"lines":"856","color":"#0059a9","mode":"bus","arr":["856"],"angle":-58.5}},{"type":"Feature","geometry":{"type":"Point","coordinates":[23.68483,37.990707]},"properties":{"lines":"856, 865","color":"#0059a9","mode":"bus","arr":["856","865"],"angle":16.8}},{"type":"Feature","geometry":{"type":"Point","coordinates":[23.636399,37.94931]},"properties":{"lines":"859","color":"#0059a9","mode":"bus","arr":["859"],"angle":-25.2}},{"type":"Feature","geometry":{"type":"Point","coordinates":[23.634379,37.947553]},"properties":{"lines":"859","color":"#0059a9","mode":"bus","arr":["859"],"angle":77}},{"type":"Feature","geometry":{"type":"Point","coordinates":[23.625026,37.945052]},"properties":{"lines":"859","color":"#0059a9","mode":"bus","arr":["859"],"angle":-0.5}},{"type":"Feature","geometry":{"type":"Point","coordinates":[23.6265,37.945767]},"properties":{"lines":"859","color":"#0059a9","mode":"bus","arr":["859"],"angle":-0.3}},{"type":"Feature","geometry":{"type":"Point","coordinates":[23.630703,37.947374]},"properties":{"lines":"859","color":"#0059a9","mode":"bus","arr":["859"],"angle":-69.2}},{"type":"Feature","geometry":{"type":"Point","coordinates":[23.608052,37.949228]},"properties":{"lines":"859","color":"#0059a9","mode":"bus","arr":["859"],"angle":15.7}},{"type":"Feature","geometry":{"type":"Point","coordinates":[23.618592,37.948567]},"properties":{"lines":"859","color":"#0059a9","mode":"bus","arr":["859"],"angle":28.5,"extra":1}},{"type":"Feature","geometry":{"type":"Point","coordinates":[23.612532,37.949252]},"properties":{"lines":"859","color":"#0059a9","mode":"bus","arr":["859"],"angle":-1.9,"extra":1}},{"type":"Feature","geometry":{"type":"Point","coordinates":[23.681462,37.955238]},"properties":{"lines":"860","color":"#0059a9","mode":"bus","arr":["860"],"angle":71.3}},{"type":"Feature","geometry":{"type":"Point","coordinates":[23.673914,37.968019]},"properties":{"lines":"860","color":"#0059a9","mode":"bus","arr":["860"],"angle":67.8}},{"type":"Feature","geometry":{"type":"Point","coordinates":[23.662598,37.965684]},"properties":{"lines":"860","color":"#0059a9","mode":"bus","arr":["860"],"angle":33.2}},{"type":"Feature","geometry":{"type":"Point","coordinates":[23.613507,37.964416]},"properties":{"lines":"860","color":"#0059a9","mode":"bus","arr":["860"],"angle":6}},{"type":"Feature","geometry":{"type":"Point","coordinates":[23.670312,37.955425]},"properties":{"lines":"860, 914","color":"#0059a9","mode":"bus","arr":["860","914"],"angle":-88.2}},{"type":"Feature","geometry":{"type":"Point","coordinates":[23.604511,37.970742]},"properties":{"lines":"860, 871Τ","color":"#0059a9","mode":"bus","arr":["860","871Τ"],"angle":43.2}},{"type":"Feature","geometry":{"type":"Point","coordinates":[23.610841,37.966159]},"properties":{"lines":"860, 871Τ","color":"#0059a9","mode":"bus","arr":["860","871Τ"],"angle":41.4,"extra":1}},{"type":"Feature","geometry":{"type":"Point","coordinates":[23.6012,37.972422]},"properties":{"lines":"860, 871Τ","color":"#0059a9","mode":"bus","arr":["860","871Τ"],"angle":32.3,"extra":1}},{"type":"Feature","geometry":{"type":"Point","coordinates":[23.598781,37.976798]},"properties":{"lines":"860, 871Τ","color":"#0059a9","mode":"bus","arr":["860","871Τ"],"angle":53.2,"extra":1}},{"type":"Feature","geometry":{"type":"Point","coordinates":[23.601209,37.980826]},"properties":{"lines":"860, 871Τ","color":"#0059a9","mode":"bus","arr":["860","871Τ"],"angle":-87.9}},{"type":"Feature","geometry":{"type":"Point","coordinates":[23.536867,38.049018]},"properties":{"lines":"861, 861Β, 862, 863, 864, 865, 879","color":"#0059a9","mode":"bus","arr":["861","861Β","862","863","864","865","879"],"angle":67.3}},{"type":"Feature","geometry":{"type":"Point","coordinates":[23.535806,38.051705]},"properties":{"lines":"861, 861Β, 862, 863, 864, 865, 879","color":"#0059a9","mode":"bus","arr":["861","861Β","862","863","864","865","879"],"angle":74.8,"extra":1}},{"type":"Feature","geometry":{"type":"Point","coordinates":[23.534869,38.0541]},"properties":{"lines":"861, 861Β, 863, 864, 865, 879","color":"#0059a9","mode":"bus","arr":["861","861Β","863","864","865","879"],"angle":71.3}},{"type":"Feature","geometry":{"type":"Point","coordinates":[23.531336,38.062135]},"properties":{"lines":"861, 861Β, 863, 864, 865, 868, 879","color":"#0059a9","mode":"bus","arr":["861","861Β","863","864","865","868","879"],"angle":70.2}},{"type":"Feature","geometry":{"type":"Point","coordinates":[23.530051,38.065182]},"properties":{"lines":"861, 861Β, 863, 864, 865, 868, 879","color":"#0059a9","mode":"bus","arr":["861","861Β","863","864","865","868","879"],"angle":72.5,"extra":1}},{"type":"Feature","geometry":{"type":"Point","coordinates":[23.531478,38.068664]},"properties":{"lines":"861, 861Β, 863, 864, 865, 868, 879","color":"#0059a9","mode":"bus","arr":["861","861Β","863","864","865","868","879"],"angle":-53.7,"extra":1}},{"type":"Feature","geometry":{"type":"Point","coordinates":[23.533794,38.056593]},"properties":{"lines":"861, 861Β, 862, 863, 864, 865, 868, 879","color":"#0059a9","mode":"bus","arr":["861","861Β","862","863","864","865","868","879"],"angle":71.5}},{"type":"Feature","geometry":{"type":"Point","coordinates":[23.494558,38.078778]},"properties":{"lines":"861, 861Β","color":"#0059a9","mode":"bus","arr":["861","861Β"],"angle":63.3}},{"type":"Feature","geometry":{"type":"Point","coordinates":[23.456483,38.098148]},"properties":{"lines":"861, 861Β","color":"#0059a9","mode":"bus","arr":["861","861Β"],"angle":-17.9}},{"type":"Feature","geometry":{"type":"Point","coordinates":[23.490536,38.084295]},"properties":{"lines":"861, 861Β","color":"#0059a9","mode":"bus","arr":["861","861Β"],"angle":36.8,"extra":1}},{"type":"Feature","geometry":{"type":"Point","coordinates":[23.484611,38.085664]},"properties":{"lines":"861, 861Β","color":"#0059a9","mode":"bus","arr":["861","861Β"],"angle":10,"extra":1}},{"type":"Feature","geometry":{"type":"Point","coordinates":[23.481922,38.087725]},"properties":{"lines":"861, 861Β","color":"#0059a9","mode":"bus","arr":["861","861Β"],"angle":46.2,"extra":1}},{"type":"Feature","geometry":{"type":"Point","coordinates":[23.47666,38.08988]},"properties":{"lines":"861, 861Β","color":"#0059a9","mode":"bus","arr":["861","861Β"],"angle":68.2,"extra":1}},{"type":"Feature","geometry":{"type":"Point","coordinates":[23.473771,38.094046]},"properties":{"lines":"861, 861Β","color":"#0059a9","mode":"bus","arr":["861","861Β"],"angle":57,"extra":1}},{"type":"Feature","geometry":{"type":"Point","coordinates":[23.468358,38.095636]},"properties":{"lines":"861, 861Β","color":"#0059a9","mode":"bus","arr":["861","861Β"],"angle":-25.3,"extra":1}},{"type":"Feature","geometry":{"type":"Point","coordinates":[23.462944,38.097344]},"properties":{"lines":"861, 861Β","color":"#0059a9","mode":"bus","arr":["861","861Β"],"angle":16.4,"extra":1}},{"type":"Feature","geometry":{"type":"Point","coordinates":[23.451461,38.098101]},"properties":{"lines":"861, 861Β","color":"#0059a9","mode":"bus","arr":["861","861Β"],"angle":-1.7,"extra":1}},{"type":"Feature","geometry":{"type":"Point","coordinates":[23.447856,38.101078]},"properties":{"lines":"861, 861Β","color":"#0059a9","mode":"bus","arr":["861","861Β"],"angle":-82,"extra":1}},{"type":"Feature","geometry":{"type":"Point","coordinates":[23.44303,38.10323]},"properties":{"lines":"861, 861Β","color":"#0059a9","mode":"bus","arr":["861","861Β"],"angle":12,"extra":1}},{"type":"Feature","geometry":{"type":"Point","coordinates":[23.437425,38.105331]},"properties":{"lines":"861, 861Β","color":"#0059a9","mode":"bus","arr":["861","861Β"],"angle":27.2,"extra":1}},{"type":"Feature","geometry":{"type":"Point","coordinates":[23.431246,38.10602]},"properties":{"lines":"861, 861Β","color":"#0059a9","mode":"bus","arr":["861","861Β"],"angle":0.3,"extra":1}},{"type":"Feature","geometry":{"type":"Point","coordinates":[23.529259,38.073789]},"properties":{"lines":"861, 863","color":"#0059a9","mode":"bus","arr":["861","863"],"angle":21.1}},{"type":"Feature","geometry":{"type":"Point","coordinates":[23.51589,38.077083]},"properties":{"lines":"861, 861Β, 863, 865","color":"#0059a9","mode":"bus","arr":["861","861Β","863","865"],"angle":-20.3}},{"type":"Feature","geometry":{"type":"Point","coordinates":[23.524378,38.075893]},"properties":{"lines":"861, 861Β, 863, 865","color":"#0059a9","mode":"bus","arr":["861","861Β","863","865"],"angle":56.6,"extra":1}},{"type":"Feature","geometry":{"type":"Point","coordinates":[23.520382,38.078482]},"properties":{"lines":"861, 861Β, 863, 865","color":"#0059a9","mode":"bus","arr":["861","861Β","863","865"],"angle":-36.3,"extra":1}},{"type":"Feature","geometry":{"type":"Point","coordinates":[23.508505,38.075505]},"properties":{"lines":"861, 861Β, 863, 865","color":"#0059a9","mode":"bus","arr":["861","861Β","863","865"],"angle":-11.5,"extra":1}},{"type":"Feature","geometry":{"type":"Point","coordinates":[23.502793,38.073903]},"properties":{"lines":"861, 861Β, 863, 865","color":"#0059a9","mode":"bus","arr":["861","861Β","863","865"],"angle":-19.1,"extra":1}},{"type":"Feature","geometry":{"type":"Point","coordinates":[23.499586,38.073981]},"properties":{"lines":"861, 863, 865","color":"#0059a9","mode":"bus","arr":["861","863","865"],"angle":24.3}},{"type":"Feature","geometry":{"type":"Point","coordinates":[23.423163,38.115157]},"properties":{"lines":"861","color":"#0059a9","mode":"bus","arr":["861"],"angle":-3.5}},{"type":"Feature","geometry":{"type":"Point","coordinates":[23.424864,38.108855]},"properties":{"lines":"861","color":"#0059a9","mode":"bus","arr":["861"],"angle":87.5,"extra":1}},{"type":"Feature","geometry":{"type":"Point","coordinates":[23.418754,38.119802]},"properties":{"lines":"861","color":"#0059a9","mode":"bus","arr":["861"],"angle":18.9,"extra":1}},{"type":"Feature","geometry":{"type":"Point","coordinates":[23.529171,38.073684]},"properties":{"lines":"861Β, 865","color":"#0059a9","mode":"bus","arr":["861Β","865"],"angle":20.6}},{"type":"Feature","geometry":{"type":"Point","coordinates":[23.543006,38.043532]},"properties":{"lines":"861Β, 862, 864, 865, 871, 876, 878","color":"#0059a9","mode":"bus","arr":["861Β","862","864","865","871","876","878"],"angle":-31}},{"type":"Feature","geometry":{"type":"Point","coordinates":[23.52863,38.058584]},"properties":{"lines":"862","color":"#0059a9","mode":"bus","arr":["862"],"angle":43.1}},{"type":"Feature","geometry":{"type":"Point","coordinates":[23.520888,38.056744]},"properties":{"lines":"862","color":"#0059a9","mode":"bus","arr":["862"],"angle":17.2}},{"type":"Feature","geometry":{"type":"Point","coordinates":[23.5315,38.055238]},"properties":{"lines":"862","color":"#0059a9","mode":"bus","arr":["862"],"angle":8.3,"extra":1}},{"type":"Feature","geometry":{"type":"Point","coordinates":[23.525308,38.056009]},"properties":{"lines":"862","color":"#0059a9","mode":"bus","arr":["862"],"angle":10.1,"extra":1}},{"type":"Feature","geometry":{"type":"Point","coordinates":[23.530001,38.052159]},"properties":{"lines":"862","color":"#0059a9","mode":"bus","arr":["862"],"angle":-63.3}},{"type":"Feature","geometry":{"type":"Point","coordinates":[23.534285,38.085619]},"properties":{"lines":"864","color":"#0059a9","mode":"bus","arr":["864"],"angle":-72.7}},{"type":"Feature","geometry":{"type":"Point","coordinates":[23.537409,38.095892]},"properties":{"lines":"864","color":"#0059a9","mode":"bus","arr":["864"],"angle":89.7,"extra":1}},{"type":"Feature","geometry":{"type":"Point","coordinates":[23.53646,38.091018]},"properties":{"lines":"864","color":"#0059a9","mode":"bus","arr":["864"],"angle":-77.7,"extra":1}},{"type":"Feature","geometry":{"type":"Point","coordinates":[23.532609,38.081621]},"properties":{"lines":"864","color":"#0059a9","mode":"bus","arr":["864"],"angle":-66.3,"extra":1}},{"type":"Feature","geometry":{"type":"Point","coordinates":[23.532498,38.076814]},"properties":{"lines":"864","color":"#0059a9","mode":"bus","arr":["864"],"angle":-87.3,"extra":1}},{"type":"Feature","geometry":{"type":"Point","coordinates":[23.670939,37.995744]},"properties":{"lines":"865","color":"#0059a9","mode":"bus","arr":["865"],"angle":30.3}},{"type":"Feature","geometry":{"type":"Point","coordinates":[23.588983,38.058472]},"properties":{"lines":"865","color":"#0059a9","mode":"bus","arr":["865"],"angle":-69.8}},{"type":"Feature","geometry":{"type":"Point","coordinates":[23.657471,38.003959]},"properties":{"lines":"865, 866, 868, 876, 890","color":"#0059a9","mode":"bus","arr":["865","866","868","876","890"],"angle":14.4}},{"type":"Feature","geometry":{"type":"Point","coordinates":[23.660705,38.00233]},"properties":{"lines":"865, 866, 868, 876, 890","color":"#0059a9","mode":"bus","arr":["865","866","868","876","890"],"angle":42,"extra":1}},{"type":"Feature","geometry":{"type":"Point","coordinates":[23.585533,38.043325]},"properties":{"lines":"865, 866","color":"#0059a9","mode":"bus","arr":["865","866"],"angle":53.9}},{"type":"Feature","geometry":{"type":"Point","coordinates":[23.586051,38.048603]},"properties":{"lines":"865, 866, 878","color":"#0059a9","mode":"bus","arr":["865","866","878"],"angle":-78.4}},{"type":"Feature","geometry":{"type":"Point","coordinates":[23.588589,38.058565]},"properties":{"lines":"865, 866, 878, 881","color":"#0059a9","mode":"bus","arr":["865","866","878","881"],"angle":-78.6}},{"type":"Feature","geometry":{"type":"Point","coordinates":[23.598062,38.065664]},"properties":{"lines":"866","color":"#0059a9","mode":"bus","arr":["866"],"angle":-23.7}},{"type":"Feature","geometry":{"type":"Point","coordinates":[23.589301,38.06135]},"properties":{"lines":"866","color":"#0059a9","mode":"bus","arr":["866"],"angle":-80,"extra":1}},{"type":"Feature","geometry":{"type":"Point","coordinates":[23.593196,38.064183]},"properties":{"lines":"866","color":"#0059a9","mode":"bus","arr":["866"],"angle":-14.8,"extra":1}},{"type":"Feature","geometry":{"type":"Point","coordinates":[23.601843,38.065192]},"properties":{"lines":"866","color":"#0059a9","mode":"bus","arr":["866"],"angle":-71.2,"extra":1}},{"type":"Feature","geometry":{"type":"Point","coordinates":[23.599457,38.061117]},"properties":{"lines":"866","color":"#0059a9","mode":"bus","arr":["866"],"angle":-2.4,"extra":1}},{"type":"Feature","geometry":{"type":"Point","coordinates":[23.588042,38.064652]},"properties":{"lines":"866, 881","color":"#0059a9","mode":"bus","arr":["866","881"],"angle":13.6}},{"type":"Feature","geometry":{"type":"Point","coordinates":[23.599035,38.02243]},"properties":{"lines":"866, 871, 876","color":"#0059a9","mode":"bus","arr":["866","871","876"],"angle":85.9}},{"type":"Feature","geometry":{"type":"Point","coordinates":[23.597635,38.028852]},"properties":{"lines":"866, 871, 876","color":"#0059a9","mode":"bus","arr":["866","871","876"],"angle":73.5,"extra":1}},{"type":"Feature","geometry":{"type":"Point","coordinates":[23.598872,38.019067]},"properties":{"lines":"866, 871, 876","color":"#0059a9","mode":"bus","arr":["866","871","876"],"angle":-84.1,"extra":1}},{"type":"Feature","geometry":{"type":"Point","coordinates":[23.599482,38.014315]},"properties":{"lines":"866, 871, 876","color":"#0059a9","mode":"bus","arr":["866","871","876"],"angle":48.8,"extra":1}},{"type":"Feature","geometry":{"type":"Point","coordinates":[23.600498,38.013658]},"properties":{"lines":"866, 871","color":"#0059a9","mode":"bus","arr":["866","871"],"angle":29.1}},{"type":"Feature","geometry":{"type":"Point","coordinates":[23.621158,38.012925]},"properties":{"lines":"866, 876","color":"#0059a9","mode":"bus","arr":["866","876"],"angle":-10.5}},{"type":"Feature","geometry":{"type":"Point","coordinates":[23.606545,38.012211]},"properties":{"lines":"866, 876","color":"#0059a9","mode":"bus","arr":["866","876"],"angle":15,"extra":1}},{"type":"Feature","geometry":{"type":"Point","coordinates":[23.612693,38.011687]},"properties":{"lines":"866, 876","color":"#0059a9","mode":"bus","arr":["866","876"],"angle":-10.9,"extra":1}},{"type":"Feature","geometry":{"type":"Point","coordinates":[23.625048,38.013412]},"properties":{"lines":"866, 876","color":"#0059a9","mode":"bus","arr":["866","876"],"angle":-3.4,"extra":1}},{"type":"Feature","geometry":{"type":"Point","coordinates":[23.631321,38.013535]},"properties":{"lines":"866, 876","color":"#0059a9","mode":"bus","arr":["866","876"],"angle":-1,"extra":1}},{"type":"Feature","geometry":{"type":"Point","coordinates":[23.637507,38.013084]},"properties":{"lines":"866, 876","color":"#0059a9","mode":"bus","arr":["866","876"],"angle":20.7,"extra":1}},{"type":"Feature","geometry":{"type":"Point","coordinates":[23.658155,38.003753]},"properties":{"lines":"866, 876","color":"#0059a9","mode":"bus","arr":["866","876"],"angle":16}},{"type":"Feature","geometry":{"type":"Point","coordinates":[23.545888,38.049368]},"properties":{"lines":"868","color":"#0059a9","mode":"bus","arr":["868"],"angle":50}},{"type":"Feature","geometry":{"type":"Point","coordinates":[23.586433,38.042165]},"properties":{"lines":"868","color":"#0059a9","mode":"bus","arr":["868"],"angle":38.9,"extra":1}},{"type":"Feature","geometry":{"type":"Point","coordinates":[23.581137,38.04481]},"properties":{"lines":"868","color":"#0059a9","mode":"bus","arr":["868"],"angle":31.9,"extra":1}},{"type":"Feature","geometry":{"type":"Point","coordinates":[23.555112,38.048432]},"properties":{"lines":"868","color":"#0059a9","mode":"bus","arr":["868"],"angle":-29.6,"extra":1}},{"type":"Feature","geometry":{"type":"Point","coordinates":[23.549286,38.047137]},"properties":{"lines":"868","color":"#0059a9","mode":"bus","arr":["868"],"angle":17,"extra":1}},{"type":"Feature","geometry":{"type":"Point","coordinates":[23.540289,38.053816]},"properties":{"lines":"868","color":"#0059a9","mode":"bus","arr":["868"],"angle":20.1,"extra":1}},{"type":"Feature","geometry":{"type":"Point","coordinates":[23.539405,38.075457]},"properties":{"lines":"868","color":"#0059a9","mode":"bus","arr":["868"],"angle":-5.8}},{"type":"Feature","geometry":{"type":"Point","coordinates":[23.540862,38.075498]},"properties":{"lines":"868","color":"#0059a9","mode":"bus","arr":["868"],"angle":-33.7}},{"type":"Feature","geometry":{"type":"Point","coordinates":[23.538075,38.075224]},"properties":{"lines":"868","color":"#0059a9","mode":"bus","arr":["868"],"angle":-25.8}},{"type":"Feature","geometry":{"type":"Point","coordinates":[23.534896,38.073949]},"properties":{"lines":"868, 879","color":"#0059a9","mode":"bus","arr":["868","879"],"angle":-26.4}},{"type":"Feature","geometry":{"type":"Point","coordinates":[23.553163,38.082815]},"properties":{"lines":"879","color":"#0059a9","mode":"bus","arr":["879"],"angle":-3.2}},{"type":"Feature","geometry":{"type":"Point","coordinates":[23.540542,38.07936]},"properties":{"lines":"879","color":"#0059a9","mode":"bus","arr":["879"],"angle":-79,"extra":1}},{"type":"Feature","geometry":{"type":"Point","coordinates":[23.54526,38.081844]},"properties":{"lines":"879","color":"#0059a9","mode":"bus","arr":["879"],"angle":-9.8,"extra":1}},{"type":"Feature","geometry":{"type":"Point","coordinates":[23.557489,38.08209]},"properties":{"lines":"879","color":"#0059a9","mode":"bus","arr":["879"],"angle":39.3,"extra":1}},{"type":"Feature","geometry":{"type":"Point","coordinates":[23.561764,38.078472]},"properties":{"lines":"879","color":"#0059a9","mode":"bus","arr":["879"],"angle":47.5,"extra":1}},{"type":"Feature","geometry":{"type":"Point","coordinates":[23.566924,38.075786]},"properties":{"lines":"879","color":"#0059a9","mode":"bus","arr":["879"],"angle":15.6,"extra":1}},{"type":"Feature","geometry":{"type":"Point","coordinates":[23.677843,38.068716]},"properties":{"lines":"879","color":"#0059a9","mode":"bus","arr":["879"],"angle":-22.9}},{"type":"Feature","geometry":{"type":"Point","coordinates":[23.566637,38.049728]},"properties":{"lines":"871, 876, 878","color":"#0059a9","mode":"bus","arr":["871","876","878"],"angle":5.7}},{"type":"Feature","geometry":{"type":"Point","coordinates":[23.551184,38.04662]},"properties":{"lines":"871, 876, 878","color":"#0059a9","mode":"bus","arr":["871","876","878"],"angle":-26.4,"extra":1}},{"type":"Feature","geometry":{"type":"Point","coordinates":[23.556678,38.049004]},"properties":{"lines":"871, 876, 878","color":"#0059a9","mode":"bus","arr":["871","876","878"],"angle":-29.5,"extra":1}},{"type":"Feature","geometry":{"type":"Point","coordinates":[23.562637,38.050037]},"properties":{"lines":"871, 876, 878","color":"#0059a9","mode":"bus","arr":["871","876","878"],"angle":5.8,"extra":1}},{"type":"Feature","geometry":{"type":"Point","coordinates":[23.574701,38.047722]},"properties":{"lines":"871, 876, 878","color":"#0059a9","mode":"bus","arr":["871","876","878"],"angle":27.6,"extra":1}},{"type":"Feature","geometry":{"type":"Point","coordinates":[23.579951,38.045081]},"properties":{"lines":"871, 876, 878","color":"#0059a9","mode":"bus","arr":["871","876","878"],"angle":41.6,"extra":1}},{"type":"Feature","geometry":{"type":"Point","coordinates":[23.596674,37.996002]},"properties":{"lines":"871","color":"#0059a9","mode":"bus","arr":["871"],"angle":-60.8}},{"type":"Feature","geometry":{"type":"Point","coordinates":[23.60412,38.0079]},"properties":{"lines":"871","color":"#0059a9","mode":"bus","arr":["871"],"angle":-89.5,"extra":1}},{"type":"Feature","geometry":{"type":"Point","coordinates":[23.603122,38.003055]},"properties":{"lines":"871","color":"#0059a9","mode":"bus","arr":["871"],"angle":-67.1,"extra":1}},{"type":"Feature","geometry":{"type":"Point","coordinates":[23.599531,37.999035]},"properties":{"lines":"871","color":"#0059a9","mode":"bus","arr":["871"],"angle":-48.4,"extra":1}},{"type":"Feature","geometry":{"type":"Point","coordinates":[23.591823,37.991281]},"properties":{"lines":"871","color":"#0059a9","mode":"bus","arr":["871"],"angle":-51,"extra":1}},{"type":"Feature","geometry":{"type":"Point","coordinates":[23.590461,37.986639]},"properties":{"lines":"871","color":"#0059a9","mode":"bus","arr":["871"],"angle":78.6,"extra":1}},{"type":"Feature","geometry":{"type":"Point","coordinates":[23.593534,37.98237]},"properties":{"lines":"871","color":"#0059a9","mode":"bus","arr":["871"],"angle":54.8,"extra":1}},{"type":"Feature","geometry":{"type":"Point","coordinates":[23.608846,37.96739]},"properties":{"lines":"871, 871Τ","color":"#0059a9","mode":"bus","arr":["871","871Τ"],"angle":41.4}},{"type":"Feature","geometry":{"type":"Point","coordinates":[23.595424,37.980188]},"properties":{"lines":"871, 871Τ","color":"#0059a9","mode":"bus","arr":["871","871Τ"],"angle":54.6,"extra":1}},{"type":"Feature","geometry":{"type":"Point","coordinates":[23.600341,37.979373]},"properties":{"lines":"871Τ","color":"#0059a9","mode":"bus","arr":["871Τ"],"angle":-35.5}},{"type":"Feature","geometry":{"type":"Point","coordinates":[23.595714,37.980079]},"properties":{"lines":"871Τ","color":"#0059a9","mode":"bus","arr":["871Τ"],"angle":54.6}},{"type":"Feature","geometry":{"type":"Point","coordinates":[23.597853,37.98063]},"properties":{"lines":"871Τ","color":"#0059a9","mode":"bus","arr":["871Τ"],"angle":-58.5}},{"type":"Feature","geometry":{"type":"Point","coordinates":[23.600332,38.013415]},"properties":{"lines":"876","color":"#0059a9","mode":"bus","arr":["876"],"angle":30.1}},{"type":"Feature","geometry":{"type":"Point","coordinates":[23.640506,38.063937]},"properties":{"lines":"878, 879","color":"#0059a9","mode":"bus","arr":["878","879"],"angle":8.3}},{"type":"Feature","geometry":{"type":"Point","coordinates":[23.603822,38.071066]},"properties":{"lines":"878, 879","color":"#0059a9","mode":"bus","arr":["878","879"],"angle":13.6,"extra":1}},{"type":"Feature","geometry":{"type":"Point","coordinates":[23.609949,38.070003]},"properties":{"lines":"878, 879","color":"#0059a9","mode":"bus","arr":["878","879"],"angle":14.9,"extra":1}},{"type":"Feature","geometry":{"type":"Point","coordinates":[23.616023,38.068762]},"properties":{"lines":"878, 879","color":"#0059a9","mode":"bus","arr":["878","879"],"angle":14.5,"extra":1}},{"type":"Feature","geometry":{"type":"Point","coordinates":[23.6221,38.067527]},"properties":{"lines":"878, 879","color":"#0059a9","mode":"bus","arr":["878","879"],"angle":14.4,"extra":1}},{"type":"Feature","geometry":{"type":"Point","coordinates":[23.628177,38.066291]},"properties":{"lines":"878, 879","color":"#0059a9","mode":"bus","arr":["878","879"],"angle":14.5,"extra":1}},{"type":"Feature","geometry":{"type":"Point","coordinates":[23.634254,38.065055]},"properties":{"lines":"878, 879","color":"#0059a9","mode":"bus","arr":["878","879"],"angle":14.5,"extra":1}},{"type":"Feature","geometry":{"type":"Point","coordinates":[23.646531,38.063078]},"properties":{"lines":"878, 879","color":"#0059a9","mode":"bus","arr":["878","879"],"angle":24,"extra":1}},{"type":"Feature","geometry":{"type":"Point","coordinates":[23.6521,38.061605]},"properties":{"lines":"878, 879","color":"#0059a9","mode":"bus","arr":["878","879"],"angle":19.6,"extra":1}},{"type":"Feature","geometry":{"type":"Point","coordinates":[23.658101,38.060481]},"properties":{"lines":"878, 879","color":"#0059a9","mode":"bus","arr":["878","879"],"angle":-16.3,"extra":1}},{"type":"Feature","geometry":{"type":"Point","coordinates":[23.663896,38.061412]},"properties":{"lines":"878, 879","color":"#0059a9","mode":"bus","arr":["878","879"],"angle":-44.7,"extra":1}},{"type":"Feature","geometry":{"type":"Point","coordinates":[23.668551,38.064558]},"properties":{"lines":"878, 879","color":"#0059a9","mode":"bus","arr":["878","879"],"angle":-43.7,"extra":1}},{"type":"Feature","geometry":{"type":"Point","coordinates":[23.673715,38.067334]},"properties":{"lines":"878, 879","color":"#0059a9","mode":"bus","arr":["878","879"],"angle":-26.9,"extra":1}},{"type":"Feature","geometry":{"type":"Point","coordinates":[23.707078,38.071592]},"properties":{"lines":"878, 879","color":"#0059a9","mode":"bus","arr":["878","879"],"angle":-71.7}},{"type":"Feature","geometry":{"type":"Point","coordinates":[23.710083,38.079801]},"properties":{"lines":"878, 879","color":"#0059a9","mode":"bus","arr":["878","879"],"angle":-82.5}},{"type":"Feature","geometry":{"type":"Point","coordinates":[23.708246,38.076642]},"properties":{"lines":"878, 879","color":"#0059a9","mode":"bus","arr":["878","879"],"angle":-61.5,"extra":1}},{"type":"Feature","geometry":{"type":"Point","coordinates":[23.593716,38.094547]},"properties":{"lines":"881","color":"#0059a9","mode":"bus","arr":["881"],"angle":7.1}},{"type":"Feature","geometry":{"type":"Point","coordinates":[23.591647,38.086631]},"properties":{"lines":"881","color":"#0059a9","mode":"bus","arr":["881"],"angle":61.2}},{"type":"Feature","geometry":{"type":"Point","coordinates":[23.594975,38.090715]},"properties":{"lines":"881","color":"#0059a9","mode":"bus","arr":["881"],"angle":-58.3,"extra":1}},{"type":"Feature","geometry":{"type":"Point","coordinates":[23.59725,38.084437]},"properties":{"lines":"881","color":"#0059a9","mode":"bus","arr":["881"],"angle":33,"extra":1}},{"type":"Feature","geometry":{"type":"Point","coordinates":[23.59548,38.075401]},"properties":{"lines":"881","color":"#0059a9","mode":"bus","arr":["881"],"angle":-55.4}},{"type":"Feature","geometry":{"type":"Point","coordinates":[23.601054,38.082477]},"properties":{"lines":"881","color":"#0059a9","mode":"bus","arr":["881"],"angle":34.6,"extra":1}},{"type":"Feature","geometry":{"type":"Point","coordinates":[23.598494,38.079556]},"properties":{"lines":"881","color":"#0059a9","mode":"bus","arr":["881"],"angle":-59.6,"extra":1}},{"type":"Feature","geometry":{"type":"Point","coordinates":[23.593734,38.070896]},"properties":{"lines":"881","color":"#0059a9","mode":"bus","arr":["881"],"angle":-89.2,"extra":1}},{"type":"Feature","geometry":{"type":"Point","coordinates":[23.592363,38.066098]},"properties":{"lines":"881","color":"#0059a9","mode":"bus","arr":["881"],"angle":-73,"extra":1}},{"type":"Feature","geometry":{"type":"Point","coordinates":[23.604573,38.013126]},"properties":{"lines":"890","color":"#0059a9","mode":"bus","arr":["890"],"angle":-47.8}},{"type":"Feature","geometry":{"type":"Point","coordinates":[23.601115,38.008422]},"properties":{"lines":"890","color":"#0059a9","mode":"bus","arr":["890"],"angle":-55.4}},{"type":"Feature","geometry":{"type":"Point","coordinates":[23.595932,38.004139]},"properties":{"lines":"890","color":"#0059a9","mode":"bus","arr":["890"],"angle":-71.8}},{"type":"Feature","geometry":{"type":"Point","coordinates":[23.69967,38.010989]},"properties":{"lines":"891, 892","color":"#0059a9","mode":"bus","arr":["891","892"],"angle":0.7}},{"type":"Feature","geometry":{"type":"Point","coordinates":[23.686461,38.001106]},"properties":{"lines":"891, Α15","color":"#0059a9","mode":"bus","arr":["891","Α15"],"angle":31.7}},{"type":"Feature","geometry":{"type":"Point","coordinates":[23.666766,37.991024]},"properties":{"lines":"892","color":"#0059a9","mode":"bus","arr":["892"],"angle":76.1}},{"type":"Feature","geometry":{"type":"Point","coordinates":[23.674161,38.013956]},"properties":{"lines":"892","color":"#0059a9","mode":"bus","arr":["892"],"angle":39.5}},{"type":"Feature","geometry":{"type":"Point","coordinates":[23.678562,38.012414]},"properties":{"lines":"892","color":"#0059a9","mode":"bus","arr":["892"],"angle":-77.9}},{"type":"Feature","geometry":{"type":"Point","coordinates":[23.68855,38.016231]},"properties":{"lines":"892","color":"#0059a9","mode":"bus","arr":["892"],"angle":-61.2}},{"type":"Feature","geometry":{"type":"Point","coordinates":[23.705271,38.019424]},"properties":{"lines":"892","color":"#0059a9","mode":"bus","arr":["892"],"angle":49.6}},{"type":"Feature","geometry":{"type":"Point","coordinates":[23.703383,38.022028]},"properties":{"lines":"892","color":"#0059a9","mode":"bus","arr":["892"],"angle":55.8,"extra":1}},{"type":"Feature","geometry":{"type":"Point","coordinates":[23.701974,38.026795]},"properties":{"lines":"892","color":"#0059a9","mode":"bus","arr":["892"],"angle":81.3}},{"type":"Feature","geometry":{"type":"Point","coordinates":[23.725788,38.044252]},"properties":{"lines":"892","color":"#0059a9","mode":"bus","arr":["892"],"angle":21.5}},{"type":"Feature","geometry":{"type":"Point","coordinates":[23.668319,38.012859]},"properties":{"lines":"892, Β15","color":"#0059a9","mode":"bus","arr":["892","Β15"],"angle":-27.7}},{"type":"Feature","geometry":{"type":"Point","coordinates":[23.64409,37.944555]},"properties":{"lines":"906, 915","color":"#0059a9","mode":"bus","arr":["906","915"],"angle":34.6}},{"type":"Feature","geometry":{"type":"Point","coordinates":[23.669227,37.970081]},"properties":{"lines":"909","color":"#0059a9","mode":"bus","arr":["909"],"angle":29.3}},{"type":"Feature","geometry":{"type":"Point","coordinates":[23.66941,37.973555]},"properties":{"lines":"909","color":"#0059a9","mode":"bus","arr":["909"],"angle":28.4}},{"type":"Feature","geometry":{"type":"Point","coordinates":[23.642276,37.932133]},"properties":{"lines":"909","color":"#0059a9","mode":"bus","arr":["909"],"angle":79.8}},{"type":"Feature","geometry":{"type":"Point","coordinates":[23.72178,37.96138]},"properties":{"lines":"910","color":"#0059a9","mode":"bus","arr":["910"],"angle":-9.1}},{"type":"Feature","geometry":{"type":"Point","coordinates":[23.714156,37.960461]},"properties":{"lines":"910","color":"#0059a9","mode":"bus","arr":["910"],"angle":-69.6}},{"type":"Feature","geometry":{"type":"Point","coordinates":[23.709121,37.955378]},"properties":{"lines":"910","color":"#0059a9","mode":"bus","arr":["910"],"angle":-42.1}},{"type":"Feature","geometry":{"type":"Point","coordinates":[23.702962,37.951075]},"properties":{"lines":"910","color":"#0059a9","mode":"bus","arr":["910"],"angle":-41.9,"extra":1}},{"type":"Feature","geometry":{"type":"Point","coordinates":[23.712354,37.957637]},"properties":{"lines":"910","color":"#0059a9","mode":"bus","arr":["910"],"angle":-41.7,"extra":1}},{"type":"Feature","geometry":{"type":"Point","coordinates":[23.715074,37.96198]},"properties":{"lines":"910","color":"#0059a9","mode":"bus","arr":["910"],"angle":-70.8,"extra":1}},{"type":"Feature","geometry":{"type":"Point","coordinates":[23.688712,37.944114]},"properties":{"lines":"910","color":"#0059a9","mode":"bus","arr":["910"],"angle":-55.3}},{"type":"Feature","geometry":{"type":"Point","coordinates":[23.691163,37.946562]},"properties":{"lines":"910","color":"#0059a9","mode":"bus","arr":["910"],"angle":-42.6,"extra":1}},{"type":"Feature","geometry":{"type":"Point","coordinates":[23.723918,37.963392]},"properties":{"lines":"910","color":"#0059a9","mode":"bus","arr":["910"],"angle":45.3}},{"type":"Feature","geometry":{"type":"Point","coordinates":[23.696435,37.946371]},"properties":{"lines":"910, 911, 911Α","color":"#0059a9","mode":"bus","arr":["910","911","911Α"],"angle":-45.2}},{"type":"Feature","geometry":{"type":"Point","coordinates":[23.691254,37.948071]},"properties":{"lines":"911, 911Α","color":"#0059a9","mode":"bus","arr":["911","911Α"],"angle":44.4}},{"type":"Feature","geometry":{"type":"Point","coordinates":[23.699628,37.946413]},"properties":{"lines":"911, 911Α","color":"#0059a9","mode":"bus","arr":["911","911Α"],"angle":45.3}},{"type":"Feature","geometry":{"type":"Point","coordinates":[23.702045,37.94671]},"properties":{"lines":"911, 911Α","color":"#0059a9","mode":"bus","arr":["911","911Α"],"angle":-44.2}},{"type":"Feature","geometry":{"type":"Point","coordinates":[23.70177,37.948413]},"properties":{"lines":"911, 911Α","color":"#0059a9","mode":"bus","arr":["911","911Α"],"angle":48.3}},{"type":"Feature","geometry":{"type":"Point","coordinates":[23.693791,37.947794]},"properties":{"lines":"911, 911Α","color":"#0059a9","mode":"bus","arr":["911","911Α"],"angle":44.4}},{"type":"Feature","geometry":{"type":"Point","coordinates":[23.701874,37.956152]},"properties":{"lines":"911, 911Α","color":"#0059a9","mode":"bus","arr":["911","911Α"],"angle":42.4}},{"type":"Feature","geometry":{"type":"Point","coordinates":[23.700894,37.938865]},"properties":{"lines":"911Α","color":"#0059a9","mode":"bus","arr":["911Α"],"angle":88.2}},{"type":"Feature","geometry":{"type":"Point","coordinates":[23.699457,37.944402]},"properties":{"lines":"911Α","color":"#0059a9","mode":"bus","arr":["911Α"],"angle":20.9,"extra":1}},{"type":"Feature","geometry":{"type":"Point","coordinates":[23.70137,37.935311]},"properties":{"lines":"911Α","color":"#0059a9","mode":"bus","arr":["911Α"],"angle":82.3,"extra":1}},{"type":"Feature","geometry":{"type":"Point","coordinates":[23.702536,37.930468]},"properties":{"lines":"911Α","color":"#0059a9","mode":"bus","arr":["911Α"],"angle":71.3,"extra":1}},{"type":"Feature","geometry":{"type":"Point","coordinates":[23.693619,37.935375]},"properties":{"lines":"911Α","color":"#0059a9","mode":"bus","arr":["911Α"],"angle":14.7}},{"type":"Feature","geometry":{"type":"Point","coordinates":[23.690426,37.937565]},"properties":{"lines":"911Α","color":"#0059a9","mode":"bus","arr":["911Α"],"angle":32}},{"type":"Feature","geometry":{"type":"Point","coordinates":[23.689212,37.938624]},"properties":{"lines":"911Α","color":"#0059a9","mode":"bus","arr":["911Α"],"angle":50.5}},{"type":"Feature","geometry":{"type":"Point","coordinates":[23.687715,37.939479]},"properties":{"lines":"911Α","color":"#0059a9","mode":"bus","arr":["911Α"],"angle":40.7}},{"type":"Feature","geometry":{"type":"Point","coordinates":[23.692417,37.93525]},"properties":{"lines":"911Α","color":"#0059a9","mode":"bus","arr":["911Α"],"angle":-84.3}},{"type":"Feature","geometry":{"type":"Point","coordinates":[23.700179,37.943998]},"properties":{"lines":"911Α, Α2, Β2","color":"#0059a9","mode":"bus","arr":["911Α","Α2","Β2"],"angle":-44.6}},{"type":"Feature","geometry":{"type":"Point","coordinates":[23.695267,37.940221]},"properties":{"lines":"911Α, Β2","color":"#0059a9","mode":"bus","arr":["911Α","Β2"],"angle":-43.9}},{"type":"Feature","geometry":{"type":"Point","coordinates":[23.668667,37.941401]},"properties":{"lines":"912","color":"#0059a9","mode":"bus","arr":["912"],"angle":-61.1}},{"type":"Feature","geometry":{"type":"Point","coordinates":[23.670822,37.943915]},"properties":{"lines":"912","color":"#0059a9","mode":"bus","arr":["912"],"angle":-16.3}},{"type":"Feature","geometry":{"type":"Point","coordinates":[23.663394,37.944018]},"properties":{"lines":"912","color":"#0059a9","mode":"bus","arr":["912"],"angle":-54.4}},{"type":"Feature","geometry":{"type":"Point","coordinates":[23.670701,37.943974]},"properties":{"lines":"912","color":"#0059a9","mode":"bus","arr":["912"],"angle":-11.9}},{"type":"Feature","geometry":{"type":"Point","coordinates":[23.642326,37.960773]},"properties":{"lines":"915","color":"#0059a9","mode":"bus","arr":["915"],"angle":82.7}},{"type":"Feature","geometry":{"type":"Point","coordinates":[23.653834,37.944177]},"properties":{"lines":"915","color":"#0059a9","mode":"bus","arr":["915"],"angle":-56.1}},{"type":"Feature","geometry":{"type":"Point","coordinates":[23.654835,37.94084]},"properties":{"lines":"915","color":"#0059a9","mode":"bus","arr":["915"],"angle":-57.5}},{"type":"Feature","geometry":{"type":"Point","coordinates":[23.642382,37.951764]},"properties":{"lines":"915","color":"#0059a9","mode":"bus","arr":["915"],"angle":-89.5}},{"type":"Feature","geometry":{"type":"Point","coordinates":[23.645082,37.957861]},"properties":{"lines":"915","color":"#0059a9","mode":"bus","arr":["915"],"angle":-88.5}},{"type":"Feature","geometry":{"type":"Point","coordinates":[23.657925,37.940887]},"properties":{"lines":"915","color":"#0059a9","mode":"bus","arr":["915"],"angle":14.2}},{"type":"Feature","geometry":{"type":"Point","coordinates":[23.644204,37.960318]},"properties":{"lines":"915","color":"#0059a9","mode":"bus","arr":["915"],"angle":-74.1}},{"type":"Feature","geometry":{"type":"Point","coordinates":[23.759407,37.84813]},"properties":{"lines":"Α1, Α2","color":"#0059a9","mode":"bus","arr":["Α1","Α2"],"angle":-6.6}},{"type":"Feature","geometry":{"type":"Point","coordinates":[23.755459,37.847778]},"properties":{"lines":"Α1, Α2","color":"#0059a9","mode":"bus","arr":["Α1","Α2"],"angle":-5.2,"extra":1}},{"type":"Feature","geometry":{"type":"Point","coordinates":[23.717896,37.905869]},"properties":{"lines":"Α1","color":"#0059a9","mode":"bus","arr":["Α1"],"angle":56.9}},{"type":"Feature","geometry":{"type":"Point","coordinates":[23.714981,37.908894]},"properties":{"lines":"Α1, Β2","color":"#0059a9","mode":"bus","arr":["Α1","Β2"],"angle":47.2}},{"type":"Feature","geometry":{"type":"Point","coordinates":[23.737229,38.104047]},"properties":{"lines":"Α10, Β10","color":"#0059a9","mode":"bus","arr":["Α10","Β10"],"angle":-47}},{"type":"Feature","geometry":{"type":"Point","coordinates":[23.734518,38.073947]},"properties":{"lines":"Α10, Β10","color":"#0059a9","mode":"bus","arr":["Α10","Β10"],"angle":89.9}},{"type":"Feature","geometry":{"type":"Point","coordinates":[23.73421,38.071148]},"properties":{"lines":"Α10, Β10","color":"#0059a9","mode":"bus","arr":["Α10","Β10"],"angle":-78,"extra":1}},{"type":"Feature","geometry":{"type":"Point","coordinates":[23.730838,38.056817]},"properties":{"lines":"Α10, Β10","color":"#0059a9","mode":"bus","arr":["Α10","Β10"],"angle":-78.6}},{"type":"Feature","geometry":{"type":"Point","coordinates":[23.730349,38.054117]},"properties":{"lines":"Α10, Β10","color":"#0059a9","mode":"bus","arr":["Α10","Β10"],"angle":-81.9,"extra":1}},{"type":"Feature","geometry":{"type":"Point","coordinates":[23.72622,38.041476]},"properties":{"lines":"Α10, Β10","color":"#0059a9","mode":"bus","arr":["Α10","Β10"],"angle":-66.2,"extra":1}},{"type":"Feature","geometry":{"type":"Point","coordinates":[23.721697,37.995323]},"properties":{"lines":"Α10, Β10","color":"#0059a9","mode":"bus","arr":["Α10","Β10"],"angle":-59.6}},{"type":"Feature","geometry":{"type":"Point","coordinates":[23.674968,38.032898]},"properties":{"lines":"Α13","color":"#0059a9","mode":"bus","arr":["Α13"],"angle":85.6}},{"type":"Feature","geometry":{"type":"Point","coordinates":[23.67339,38.038261]},"properties":{"lines":"Α13","color":"#0059a9","mode":"bus","arr":["Α13"],"angle":2.5,"extra":1}},{"type":"Feature","geometry":{"type":"Point","coordinates":[23.677551,38.034941]},"properties":{"lines":"Α13","color":"#0059a9","mode":"bus","arr":["Α13"],"angle":-51,"extra":1}},{"type":"Feature","geometry":{"type":"Point","coordinates":[23.681175,38.032258]},"properties":{"lines":"Α13","color":"#0059a9","mode":"bus","arr":["Α13"],"angle":46,"extra":1}},{"type":"Feature","geometry":{"type":"Point","coordinates":[23.68392,38.028904]},"properties":{"lines":"Α13","color":"#0059a9","mode":"bus","arr":["Α13"],"angle":85}},{"type":"Feature","geometry":{"type":"Point","coordinates":[23.721351,37.981918]},"properties":{"lines":"Α13","color":"#0059a9","mode":"bus","arr":["Α13"],"angle":32.2}},{"type":"Feature","geometry":{"type":"Point","coordinates":[23.720825,37.991455]},"properties":{"lines":"Α15, Β5","color":"#0059a9","mode":"bus","arr":["Α15","Β5"],"angle":-60.4}},{"type":"Feature","geometry":{"type":"Point","coordinates":[23.699312,37.943582]},"properties":{"lines":"Α2","color":"#0059a9","mode":"bus","arr":["Α2"],"angle":16.9}},{"type":"Feature","geometry":{"type":"Point","coordinates":[23.700795,37.942669]},"properties":{"lines":"Α2","color":"#0059a9","mode":"bus","arr":["Α2"],"angle":89.9}},{"type":"Feature","geometry":{"type":"Point","coordinates":[23.753622,37.84762]},"properties":{"lines":"Α2","color":"#0059a9","mode":"bus","arr":["Α2"],"angle":12}},{"type":"Feature","geometry":{"type":"Point","coordinates":[23.765002,37.845326]},"properties":{"lines":"Α2","color":"#0059a9","mode":"bus","arr":["Α2"],"angle":-61.7}},{"type":"Feature","geometry":{"type":"Point","coordinates":[23.708877,37.913192]},"properties":{"lines":"Α2, Β1, Β2, Χ96","color":"#0059a9","mode":"bus","arr":["Α2","Β1","Β2","Χ96"],"angle":64.1}},{"type":"Feature","geometry":{"type":"Point","coordinates":[23.712594,37.909974]},"properties":{"lines":"Α2, Β1, Χ96","color":"#0059a9","mode":"bus","arr":["Α2","Β1","Χ96"],"angle":29.8}},{"type":"Feature","geometry":{"type":"Point","coordinates":[23.727625,37.884258]},"properties":{"lines":"Α2, Χ96","color":"#0059a9","mode":"bus","arr":["Α2","Χ96"],"angle":63.1}},{"type":"Feature","geometry":{"type":"Point","coordinates":[23.719022,37.904229]},"properties":{"lines":"Α2, Χ96","color":"#0059a9","mode":"bus","arr":["Α2","Χ96"],"angle":57.4,"extra":1}},{"type":"Feature","geometry":{"type":"Point","coordinates":[23.71989,37.899415]},"properties":{"lines":"Α2, Χ96","color":"#0059a9","mode":"bus","arr":["Α2","Χ96"],"angle":77.9,"extra":1}},{"type":"Feature","geometry":{"type":"Point","coordinates":[23.721297,37.894595]},"properties":{"lines":"Α2, Χ96","color":"#0059a9","mode":"bus","arr":["Α2","Χ96"],"angle":77,"extra":1}},{"type":"Feature","geometry":{"type":"Point","coordinates":[23.723831,37.890093]},"properties":{"lines":"Α2, Χ96","color":"#0059a9","mode":"bus","arr":["Α2","Χ96"],"angle":62.7,"extra":1}},{"type":"Feature","geometry":{"type":"Point","coordinates":[23.729567,37.881295]},"properties":{"lines":"Α2, Χ96","color":"#0059a9","mode":"bus","arr":["Α2","Χ96"],"angle":62.9,"extra":1}},{"type":"Feature","geometry":{"type":"Point","coordinates":[23.731612,37.876629]},"properties":{"lines":"Α2, Χ96","color":"#0059a9","mode":"bus","arr":["Α2","Χ96"],"angle":66.8,"extra":1}},{"type":"Feature","geometry":{"type":"Point","coordinates":[23.735618,37.872844]},"properties":{"lines":"Α2, Χ96","color":"#0059a9","mode":"bus","arr":["Α2","Χ96"],"angle":47.9,"extra":1}},{"type":"Feature","geometry":{"type":"Point","coordinates":[23.739806,37.86916]},"properties":{"lines":"Α2, Χ96","color":"#0059a9","mode":"bus","arr":["Α2","Χ96"],"angle":48.1,"extra":1}},{"type":"Feature","geometry":{"type":"Point","coordinates":[23.743993,37.865476]},"properties":{"lines":"Α2, Χ96","color":"#0059a9","mode":"bus","arr":["Α2","Χ96"],"angle":48,"extra":1}},{"type":"Feature","geometry":{"type":"Point","coordinates":[23.752538,37.862298]},"properties":{"lines":"Α3","color":"#0059a9","mode":"bus","arr":["Α3"],"angle":-50.7}},{"type":"Feature","geometry":{"type":"Point","coordinates":[23.754996,37.882439]},"properties":{"lines":"Α3","color":"#0059a9","mode":"bus","arr":["Α3"],"angle":47.2}},{"type":"Feature","geometry":{"type":"Point","coordinates":[23.751973,37.884948]},"properties":{"lines":"Α3","color":"#0059a9","mode":"bus","arr":["Α3"],"angle":43.4,"extra":1}},{"type":"Feature","geometry":{"type":"Point","coordinates":[23.870677,38.011282]},"properties":{"lines":"Α5","color":"#0059a9","mode":"bus","arr":["Α5"],"angle":-26.2}},{"type":"Feature","geometry":{"type":"Point","coordinates":[23.869953,38.011104]},"properties":{"lines":"Α5","color":"#0059a9","mode":"bus","arr":["Α5"],"angle":-11}},{"type":"Feature","geometry":{"type":"Point","coordinates":[23.801246,38.03953]},"properties":{"lines":"Α7, Α8","color":"#0059a9","mode":"bus","arr":["Α7","Α8"],"angle":-59.5}},{"type":"Feature","geometry":{"type":"Point","coordinates":[23.805371,38.044552]},"properties":{"lines":"Α7, Α8","color":"#0059a9","mode":"bus","arr":["Α7","Α8"],"angle":-42.9,"extra":1}},{"type":"Feature","geometry":{"type":"Point","coordinates":[23.729653,37.987635]},"properties":{"lines":"Α7, Γ12","color":"#0059a9","mode":"bus","arr":["Α7","Γ12"],"angle":10.8}},{"type":"Feature","geometry":{"type":"Point","coordinates":[23.728161,37.988006]},"properties":{"lines":"Γ12","color":"#0059a9","mode":"bus","arr":["Γ12"],"angle":-37.2}},{"type":"Feature","geometry":{"type":"Point","coordinates":[23.70864,38.032962]},"properties":{"lines":"Γ12","color":"#0059a9","mode":"bus","arr":["Γ12"],"angle":-10.9}},{"type":"Feature","geometry":{"type":"Point","coordinates":[23.70905,38.033818]},"properties":{"lines":"Γ12","color":"#0059a9","mode":"bus","arr":["Γ12"],"angle":-10.7}},{"type":"Feature","geometry":{"type":"Point","coordinates":[23.729972,37.989077]},"properties":{"lines":"Α8, Γ12","color":"#0059a9","mode":"bus","arr":["Α8","Γ12"],"angle":-36.8}},{"type":"Feature","geometry":{"type":"Point","coordinates":[23.717486,37.905806]},"properties":{"lines":"Β1, Β2","color":"#0059a9","mode":"bus","arr":["Β1","Β2"],"angle":-32.3}},{"type":"Feature","geometry":{"type":"Point","coordinates":[23.689489,38.100683]},"properties":{"lines":"Β12","color":"#0059a9","mode":"bus","arr":["Β12"],"angle":72.1}},{"type":"Feature","geometry":{"type":"Point","coordinates":[23.687035,38.098339]},"properties":{"lines":"Β12","color":"#0059a9","mode":"bus","arr":["Β12"],"angle":-80.9}},{"type":"Feature","geometry":{"type":"Point","coordinates":[23.691141,38.096013]},"properties":{"lines":"Β12","color":"#0059a9","mode":"bus","arr":["Β12"],"angle":-16.9}},{"type":"Feature","geometry":{"type":"Point","coordinates":[23.69271,38.093181]},"properties":{"lines":"Β12","color":"#0059a9","mode":"bus","arr":["Β12"],"angle":71.1,"extra":1}},{"type":"Feature","geometry":{"type":"Point","coordinates":[23.698329,38.086042]},"properties":{"lines":"Β12","color":"#0059a9","mode":"bus","arr":["Β12"],"angle":48.8}},{"type":"Feature","geometry":{"type":"Point","coordinates":[23.695926,38.088328]},"properties":{"lines":"Β12","color":"#0059a9","mode":"bus","arr":["Β12"],"angle":51.7,"extra":1}},{"type":"Feature","geometry":{"type":"Point","coordinates":[23.711975,38.067833]},"properties":{"lines":"Β12","color":"#0059a9","mode":"bus","arr":["Β12"],"angle":68.8}},{"type":"Feature","geometry":{"type":"Point","coordinates":[23.670129,38.014065]},"properties":{"lines":"Β15","color":"#0059a9","mode":"bus","arr":["Β15"],"angle":63.9}},{"type":"Feature","geometry":{"type":"Point","coordinates":[23.69807,37.99365]},"properties":{"lines":"Β15","color":"#0059a9","mode":"bus","arr":["Β15"],"angle":40.9}},{"type":"Feature","geometry":{"type":"Point","coordinates":[23.687657,38.000202]},"properties":{"lines":"Β15","color":"#0059a9","mode":"bus","arr":["Β15"],"angle":31.4,"extra":1}},{"type":"Feature","geometry":{"type":"Point","coordinates":[23.69271,37.997286]},"properties":{"lines":"Β15","color":"#0059a9","mode":"bus","arr":["Β15"],"angle":39.6,"extra":1}},{"type":"Feature","geometry":{"type":"Point","coordinates":[23.702243,37.990852]},"properties":{"lines":"Β15","color":"#0059a9","mode":"bus","arr":["Β15"],"angle":40.3,"extra":1}},{"type":"Feature","geometry":{"type":"Point","coordinates":[23.707004,37.98763]},"properties":{"lines":"Β15","color":"#0059a9","mode":"bus","arr":["Β15"],"angle":42.6,"extra":1}},{"type":"Feature","geometry":{"type":"Point","coordinates":[23.717873,37.984528]},"properties":{"lines":"Β15","color":"#0059a9","mode":"bus","arr":["Β15"],"angle":-15.4}},{"type":"Feature","geometry":{"type":"Point","coordinates":[23.723651,37.990736]},"properties":{"lines":"Β5","color":"#0059a9","mode":"bus","arr":["Β5"],"angle":3.7}},{"type":"Feature","geometry":{"type":"Point","coordinates":[23.731601,37.991457]},"properties":{"lines":"Β5","color":"#0059a9","mode":"bus","arr":["Β5"],"angle":-29.9}},{"type":"Feature","geometry":{"type":"Point","coordinates":[23.760172,37.98568]},"properties":{"lines":"Β5","color":"#0059a9","mode":"bus","arr":["Β5"],"angle":-79.3}},{"type":"Feature","geometry":{"type":"Point","coordinates":[23.765421,37.986024]},"properties":{"lines":"Β5","color":"#0059a9","mode":"bus","arr":["Β5"],"angle":-55.8}},{"type":"Feature","geometry":{"type":"Point","coordinates":[23.798779,38.006545]},"properties":{"lines":"Β5","color":"#0059a9","mode":"bus","arr":["Β5"],"angle":-23.7}},{"type":"Feature","geometry":{"type":"Point","coordinates":[23.819264,38.008606]},"properties":{"lines":"Β5","color":"#0059a9","mode":"bus","arr":["Β5"],"angle":51.8}},{"type":"Feature","geometry":{"type":"Point","coordinates":[23.817112,38.011002]},"properties":{"lines":"Β5","color":"#0059a9","mode":"bus","arr":["Β5"],"angle":54.8,"extra":1}},{"type":"Feature","geometry":{"type":"Point","coordinates":[23.796636,38.005793]},"properties":{"lines":"Β5, Χ95","color":"#0059a9","mode":"bus","arr":["Β5","Χ95"],"angle":-23.8}},{"type":"Feature","geometry":{"type":"Point","coordinates":[23.76959,37.998367]},"properties":{"lines":"Ε14","color":"#0059a9","mode":"bus","arr":["Ε14"],"angle":-54.8}},{"type":"Feature","geometry":{"type":"Point","coordinates":[23.791193,38.028549]},"properties":{"lines":"Ε14","color":"#0059a9","mode":"bus","arr":["Ε14"],"angle":-55.4}},{"type":"Feature","geometry":{"type":"Point","coordinates":[23.797028,38.043671]},"properties":{"lines":"Ε14","color":"#0059a9","mode":"bus","arr":["Ε14"],"angle":19.5}},{"type":"Feature","geometry":{"type":"Point","coordinates":[23.799743,38.039978]},"properties":{"lines":"Ε14","color":"#0059a9","mode":"bus","arr":["Ε14"],"angle":-79.9,"extra":1}},{"type":"Feature","geometry":{"type":"Point","coordinates":[23.792266,38.045001]},"properties":{"lines":"Ε14","color":"#0059a9","mode":"bus","arr":["Ε14"],"angle":18.4,"extra":1}},{"type":"Feature","geometry":{"type":"Point","coordinates":[23.789702,38.02539]},"properties":{"lines":"Χ14","color":"#0059a9","mode":"bus","arr":["Χ14"],"angle":81.8}},{"type":"Feature","geometry":{"type":"Point","coordinates":[23.885916,37.951841]},"properties":{"lines":"Χ93, Χ95","color":"#0059a9","mode":"bus","arr":["Χ93","Χ95"],"angle":83.4}},{"type":"Feature","geometry":{"type":"Point","coordinates":[23.871366,37.999314]},"properties":{"lines":"Χ93, Χ95","color":"#0059a9","mode":"bus","arr":["Χ93","Χ95"],"angle":76.7,"extra":1}},{"type":"Feature","geometry":{"type":"Point","coordinates":[23.872548,37.994465]},"properties":{"lines":"Χ93, Χ95","color":"#0059a9","mode":"bus","arr":["Χ93","Χ95"],"angle":87.9,"extra":1}},{"type":"Feature","geometry":{"type":"Point","coordinates":[23.871514,37.989612]},"properties":{"lines":"Χ93, Χ95","color":"#0059a9","mode":"bus","arr":["Χ93","Χ95"],"angle":-75.3,"extra":1}},{"type":"Feature","geometry":{"type":"Point","coordinates":[23.86992,37.984828]},"properties":{"lines":"Χ93, Χ95","color":"#0059a9","mode":"bus","arr":["Χ93","Χ95"],"angle":-75.8,"extra":1}},{"type":"Feature","geometry":{"type":"Point","coordinates":[23.870238,37.979983]},"properties":{"lines":"Χ93, Χ95","color":"#0059a9","mode":"bus","arr":["Χ93","Χ95"],"angle":67.9,"extra":1}},{"type":"Feature","geometry":{"type":"Point","coordinates":[23.873871,37.975978]},"properties":{"lines":"Χ93, Χ95","color":"#0059a9","mode":"bus","arr":["Χ93","Χ95"],"angle":50.5,"extra":1}},{"type":"Feature","geometry":{"type":"Point","coordinates":[23.877663,37.972045]},"properties":{"lines":"Χ93, Χ95","color":"#0059a9","mode":"bus","arr":["Χ93","Χ95"],"angle":54.7,"extra":1}},{"type":"Feature","geometry":{"type":"Point","coordinates":[23.881805,37.968349]},"properties":{"lines":"Χ93, Χ95","color":"#0059a9","mode":"bus","arr":["Χ93","Χ95"],"angle":52,"extra":1}},{"type":"Feature","geometry":{"type":"Point","coordinates":[23.884853,37.964047]},"properties":{"lines":"Χ93, Χ95","color":"#0059a9","mode":"bus","arr":["Χ93","Χ95"],"angle":69.6,"extra":1}},{"type":"Feature","geometry":{"type":"Point","coordinates":[23.886101,37.959222]},"properties":{"lines":"Χ93, Χ95","color":"#0059a9","mode":"bus","arr":["Χ93","Χ95"],"angle":87.3,"extra":1}},{"type":"Feature","geometry":{"type":"Point","coordinates":[23.886107,37.944414]},"properties":{"lines":"Χ93, Χ95","color":"#0059a9","mode":"bus","arr":["Χ93","Χ95"],"angle":-89.9,"extra":1}},{"type":"Feature","geometry":{"type":"Point","coordinates":[23.886096,37.939468]},"properties":{"lines":"Χ93, Χ95","color":"#0059a9","mode":"bus","arr":["Χ93","Χ95"],"angle":-89.9,"extra":1}},{"type":"Feature","geometry":{"type":"Point","coordinates":[23.886118,37.934523]},"properties":{"lines":"Χ93, Χ95","color":"#0059a9","mode":"bus","arr":["Χ93","Χ95"],"angle":86,"extra":1}},{"type":"Feature","geometry":{"type":"Point","coordinates":[23.886884,37.929618]},"properties":{"lines":"Χ93, Χ95","color":"#0059a9","mode":"bus","arr":["Χ93","Χ95"],"angle":78.5,"extra":1}},{"type":"Feature","geometry":{"type":"Point","coordinates":[23.88859,37.924862]},"properties":{"lines":"Χ93, Χ95","color":"#0059a9","mode":"bus","arr":["Χ93","Χ95"],"angle":70.6,"extra":1}},{"type":"Feature","geometry":{"type":"Point","coordinates":[23.891084,37.920325]},"properties":{"lines":"Χ93, Χ95","color":"#0059a9","mode":"bus","arr":["Χ93","Χ95"],"angle":65.4,"extra":1}},{"type":"Feature","geometry":{"type":"Point","coordinates":[23.893763,37.915853]},"properties":{"lines":"Χ93, Χ95","color":"#0059a9","mode":"bus","arr":["Χ93","Χ95"],"angle":64.9,"extra":1}},{"type":"Feature","geometry":{"type":"Point","coordinates":[23.896508,37.911412]},"properties":{"lines":"Χ93, Χ95","color":"#0059a9","mode":"bus","arr":["Χ93","Χ95"],"angle":58.3,"extra":1}},{"type":"Feature","geometry":{"type":"Point","coordinates":[23.89868,37.906877]},"properties":{"lines":"Χ93, Χ95","color":"#0059a9","mode":"bus","arr":["Χ93","Χ95"],"angle":61.8,"extra":1}},{"type":"Feature","geometry":{"type":"Point","coordinates":[23.903226,37.907881]},"properties":{"lines":"Χ93, Χ95","color":"#0059a9","mode":"bus","arr":["Χ93","Χ95"],"angle":-65.3,"extra":1}},{"type":"Feature","geometry":{"type":"Point","coordinates":[23.920178,37.914312]},"properties":{"lines":"Χ93, Χ95, Χ96, Χ97","color":"#0059a9","mode":"bus","arr":["Χ93","Χ95","Χ96","Χ97"],"angle":-14.9}},{"type":"Feature","geometry":{"type":"Point","coordinates":[23.90809,37.910853]},"properties":{"lines":"Χ93, Χ95, Χ96, Χ97","color":"#0059a9","mode":"bus","arr":["Χ93","Χ95","Χ96","Χ97"],"angle":-31.4,"extra":1}},{"type":"Feature","geometry":{"type":"Point","coordinates":[23.913713,37.913008]},"properties":{"lines":"Χ93, Χ95, Χ96, Χ97","color":"#0059a9","mode":"bus","arr":["Χ93","Χ95","Χ96","Χ97"],"angle":-17,"extra":1}},{"type":"Feature","geometry":{"type":"Point","coordinates":[23.925333,37.916437]},"properties":{"lines":"Χ93, Χ95, Χ96, Χ97","color":"#0059a9","mode":"bus","arr":["Χ93","Χ95","Χ96","Χ97"],"angle":-41.8,"extra":1}},{"type":"Feature","geometry":{"type":"Point","coordinates":[23.929407,37.920188]},"properties":{"lines":"Χ93, Χ95, Χ96, Χ97","color":"#0059a9","mode":"bus","arr":["Χ93","Χ95","Χ96","Χ97"],"angle":-47.8,"extra":1}},{"type":"Feature","geometry":{"type":"Point","coordinates":[23.937068,37.928477]},"properties":{"lines":"Χ93, Χ95, Χ96, Χ97","color":"#0059a9","mode":"bus","arr":["Χ93","Χ95","Χ96","Χ97"],"angle":-53.3,"extra":1}},{"type":"Feature","geometry":{"type":"Point","coordinates":[23.932931,37.923625]},"properties":{"lines":"Χ93, Χ95, Χ96","color":"#0059a9","mode":"bus","arr":["Χ93","Χ95","Χ96"],"angle":-23.9}},{"type":"Feature","geometry":{"type":"Point","coordinates":[23.942184,37.933535]},"properties":{"lines":"Χ93, Χ95, Χ96","color":"#0059a9","mode":"bus","arr":["Χ93","Χ95","Χ96"],"angle":-47.4}},{"type":"Feature","geometry":{"type":"Point","coordinates":[23.946581,37.936548]},"properties":{"lines":"Χ93, Χ95, Χ96","color":"#0059a9","mode":"bus","arr":["Χ93","Χ95","Χ96"],"angle":-52}},{"type":"Feature","geometry":{"type":"Point","coordinates":[23.934983,37.924992]},"properties":{"lines":"Χ93, Χ96, Χ97","color":"#0059a9","mode":"bus","arr":["Χ93","Χ96","Χ97"],"angle":-53.3}},{"type":"Feature","geometry":{"type":"Point","coordinates":[23.944841,37.934732]},"properties":{"lines":"Χ95, Χ96","color":"#0059a9","mode":"bus","arr":["Χ95","Χ96"],"angle":-45.1}},{"type":"Feature","geometry":{"type":"Point","coordinates":[23.891767,37.900726]},"properties":{"lines":"Χ96, Χ97","color":"#0059a9","mode":"bus","arr":["Χ96","Χ97"],"angle":-35.8}},{"type":"Feature","geometry":{"type":"Point","coordinates":[23.883259,37.89298]},"properties":{"lines":"Χ96, Χ97","color":"#0059a9","mode":"bus","arr":["Χ96","Χ97"],"angle":-80.5,"extra":1}},{"type":"Feature","geometry":{"type":"Point","coordinates":[23.884651,37.897794]},"properties":{"lines":"Χ96, Χ97","color":"#0059a9","mode":"bus","arr":["Χ96","Χ97"],"angle":-72.5,"extra":1}},{"type":"Feature","geometry":{"type":"Point","coordinates":[23.894636,37.903076]},"properties":{"lines":"Χ96, Χ97","color":"#0059a9","mode":"bus","arr":["Χ96","Χ97"],"angle":-50,"extra":1}},{"type":"Feature","geometry":{"type":"Point","coordinates":[23.899154,37.906472]},"properties":{"lines":"Χ96, Χ97","color":"#0059a9","mode":"bus","arr":["Χ96","Χ97"],"angle":-36.2,"extra":1}},{"type":"Feature","geometry":{"type":"Point","coordinates":[23.904454,37.909117]},"properties":{"lines":"Χ96, Χ97","color":"#0059a9","mode":"bus","arr":["Χ96","Χ97"],"angle":-31.8,"extra":1}},{"type":"Feature","geometry":{"type":"Point","coordinates":[23.948248,37.938469]},"properties":{"lines":"Χ96, Χ97","color":"#0059a9","mode":"bus","arr":["Χ96","Χ97"],"angle":-56.7}},{"type":"Feature","geometry":{"type":"Point","coordinates":[23.700049,37.997546]},"properties":{"lines":"051","color":"#0059a9","mode":"bus","arr":["051"],"angle":7.4}},{"type":"Feature","geometry":{"type":"Point","coordinates":[23.699604,37.998237]},"properties":{"lines":"052","color":"#0059a9","mode":"bus","arr":["052"],"angle":83.4}},{"type":"Feature","geometry":{"type":"Point","coordinates":[23.717686,38.037393]},"properties":{"lines":"420, 421","color":"#0059a9","mode":"bus","arr":["420","421"],"angle":-72.2}},{"type":"Feature","geometry":{"type":"Point","coordinates":[23.598965,38.005431]},"properties":{"lines":"890","color":"#0059a9","mode":"bus","arr":["890"],"angle":78.2}},{"type":"Feature","geometry":{"type":"Point","coordinates":[23.597398,38.004728]},"properties":{"lines":"890","color":"#0059a9","mode":"bus","arr":["890"],"angle":26.4}},{"type":"Feature","geometry":{"type":"Point","coordinates":[23.69524,37.936908]},"properties":{"lines":"Β2","color":"#0059a9","mode":"bus","arr":["Β2"],"angle":89.9}},{"type":"Feature","geometry":{"type":"Point","coordinates":[23.678012,37.942967]},"properties":{"lines":"Χ96","color":"#0059a9","mode":"bus","arr":["Χ96"],"angle":25.1}},{"type":"Feature","geometry":{"type":"Point","coordinates":[23.681781,37.941994]},"properties":{"lines":"Χ96","color":"#0059a9","mode":"bus","arr":["Χ96"],"angle":13.3}},{"type":"Feature","geometry":{"type":"Point","coordinates":[23.725832,38.004415]},"properties":{"lines":"M1","color":"#009550","mode":"tram","arr":["M1"],"angle":-55.7}},{"type":"Feature","geometry":{"type":"Point","coordinates":[23.646384,37.947987]},"properties":{"lines":"M1","color":"#009550","mode":"tram","arr":["M1"],"angle":1.3,"extra":1}},{"type":"Feature","geometry":{"type":"Point","coordinates":[23.652546,37.948634]},"properties":{"lines":"M1","color":"#009550","mode":"tram","arr":["M1"],"angle":9.7,"extra":1}},{"type":"Feature","geometry":{"type":"Point","coordinates":[23.658297,37.946883]},"properties":{"lines":"M1","color":"#009550","mode":"tram","arr":["M1"],"angle":40.9,"extra":1}},{"type":"Feature","geometry":{"type":"Point","coordinates":[23.663484,37.944359]},"properties":{"lines":"M1","color":"#009550","mode":"tram","arr":["M1"],"angle":-5.6,"extra":1}},{"type":"Feature","geometry":{"type":"Point","coordinates":[23.667525,37.947791]},"properties":{"lines":"M1","color":"#009550","mode":"tram","arr":["M1"],"angle":-65.7,"extra":1}},{"type":"Feature","geometry":{"type":"Point","coordinates":[23.670706,37.951988]},"properties":{"lines":"M1","color":"#009550","mode":"tram","arr":["M1"],"angle":-39.2,"extra":1}},{"type":"Feature","geometry":{"type":"Point","coordinates":[23.676424,37.953988]},"properties":{"lines":"M1","color":"#009550","mode":"tram","arr":["M1"],"angle":-21.8,"extra":1}},{"type":"Feature","geometry":{"type":"Point","coordinates":[23.682249,37.955827]},"properties":{"lines":"M1","color":"#009550","mode":"tram","arr":["M1"],"angle":-22,"extra":1}},{"type":"Feature","geometry":{"type":"Point","coordinates":[23.688093,37.957629]},"properties":{"lines":"M1","color":"#009550","mode":"tram","arr":["M1"],"angle":-22,"extra":1}},{"type":"Feature","geometry":{"type":"Point","coordinates":[23.693932,37.959443]},"properties":{"lines":"M1","color":"#009550","mode":"tram","arr":["M1"],"angle":-21,"extra":1}},{"type":"Feature","geometry":{"type":"Point","coordinates":[23.699773,37.961247]},"properties":{"lines":"M1","color":"#009550","mode":"tram","arr":["M1"],"angle":-20.3,"extra":1}},{"type":"Feature","geometry":{"type":"Point","coordinates":[23.705174,37.963597]},"properties":{"lines":"M1","color":"#009550","mode":"tram","arr":["M1"],"angle":-47.7,"extra":1}},{"type":"Feature","geometry":{"type":"Point","coordinates":[23.708686,37.967638]},"properties":{"lines":"M1","color":"#009550","mode":"tram","arr":["M1"],"angle":-66.7,"extra":1}},{"type":"Feature","geometry":{"type":"Point","coordinates":[23.71117,37.972179]},"properties":{"lines":"M1","color":"#009550","mode":"tram","arr":["M1"],"angle":-66.7,"extra":1}},{"type":"Feature","geometry":{"type":"Point","coordinates":[23.7143,37.976402]},"properties":{"lines":"M1","color":"#009550","mode":"tram","arr":["M1"],"angle":-39.1,"extra":1}},{"type":"Feature","geometry":{"type":"Point","coordinates":[23.720155,37.976801]},"properties":{"lines":"M1","color":"#009550","mode":"tram","arr":["M1"],"angle":21.1,"extra":1}},{"type":"Feature","geometry":{"type":"Point","coordinates":[23.725898,37.976394]},"properties":{"lines":"M1","color":"#009550","mode":"tram","arr":["M1"],"angle":-47.8,"extra":1}},{"type":"Feature","geometry":{"type":"Point","coordinates":[23.727302,37.981186]},"properties":{"lines":"M1","color":"#009550","mode":"tram","arr":["M1"],"angle":-78.6,"extra":1}},{"type":"Feature","geometry":{"type":"Point","coordinates":[23.728531,37.986017]},"properties":{"lines":"M1","color":"#009550","mode":"tram","arr":["M1"],"angle":-78.9,"extra":1}},{"type":"Feature","geometry":{"type":"Point","coordinates":[23.729735,37.990871]},"properties":{"lines":"M1","color":"#009550","mode":"tram","arr":["M1"],"angle":-78.9,"extra":1}},{"type":"Feature","geometry":{"type":"Point","coordinates":[23.730182,37.995635]},"properties":{"lines":"M1","color":"#009550","mode":"tram","arr":["M1"],"angle":46.4,"extra":1}},{"type":"Feature","geometry":{"type":"Point","coordinates":[23.724115,37.996599]},"properties":{"lines":"M1","color":"#009550","mode":"tram","arr":["M1"],"angle":8.6,"extra":1}},{"type":"Feature","geometry":{"type":"Point","coordinates":[23.723084,38.000931]},"properties":{"lines":"M1","color":"#009550","mode":"tram","arr":["M1"],"angle":-74.5,"extra":1}},{"type":"Feature","geometry":{"type":"Point","coordinates":[23.728312,38.009736]},"properties":{"lines":"M1","color":"#009550","mode":"tram","arr":["M1"],"angle":-82.3,"extra":1}},{"type":"Feature","geometry":{"type":"Point","coordinates":[23.729115,38.014642]},"properties":{"lines":"M1","color":"#009550","mode":"tram","arr":["M1"],"angle":-82.7,"extra":1}},{"type":"Feature","geometry":{"type":"Point","coordinates":[23.731311,38.019247]},"properties":{"lines":"M1","color":"#009550","mode":"tram","arr":["M1"],"angle":-65.6,"extra":1}},{"type":"Feature","geometry":{"type":"Point","coordinates":[23.734977,38.023146]},"properties":{"lines":"M1","color":"#009550","mode":"tram","arr":["M1"],"angle":-39,"extra":1}},{"type":"Feature","geometry":{"type":"Point","coordinates":[23.739834,38.026274]},"properties":{"lines":"M1","color":"#009550","mode":"tram","arr":["M1"],"angle":-39.7,"extra":1}},{"type":"Feature","geometry":{"type":"Point","coordinates":[23.743369,38.030216]},"properties":{"lines":"M1","color":"#009550","mode":"tram","arr":["M1"],"angle":-70,"extra":1}},{"type":"Feature","geometry":{"type":"Point","coordinates":[23.746548,38.034377]},"properties":{"lines":"M1","color":"#009550","mode":"tram","arr":["M1"],"angle":-43.9,"extra":1}},{"type":"Feature","geometry":{"type":"Point","coordinates":[23.750951,38.03789]},"properties":{"lines":"M1","color":"#009550","mode":"tram","arr":["M1"],"angle":-58,"extra":1}},{"type":"Feature","geometry":{"type":"Point","coordinates":[23.754671,38.041447]},"properties":{"lines":"M1","color":"#009550","mode":"tram","arr":["M1"],"angle":-16.6,"extra":1}},{"type":"Feature","geometry":{"type":"Point","coordinates":[23.759488,38.044108]},"properties":{"lines":"M1","color":"#009550","mode":"tram","arr":["M1"],"angle":-70.2,"extra":1}},{"type":"Feature","geometry":{"type":"Point","coordinates":[23.763614,38.047172]},"properties":{"lines":"M1","color":"#009550","mode":"tram","arr":["M1"],"angle":6.1,"extra":1}},{"type":"Feature","geometry":{"type":"Point","coordinates":[23.769187,38.044983]},"properties":{"lines":"M1","color":"#009550","mode":"tram","arr":["M1"],"angle":14.2,"extra":1}},{"type":"Feature","geometry":{"type":"Point","coordinates":[23.775449,38.045018]},"properties":{"lines":"M1","color":"#009550","mode":"tram","arr":["M1"],"angle":-1.8,"extra":1}},{"type":"Feature","geometry":{"type":"Point","coordinates":[23.78154,38.044479]},"properties":{"lines":"M1","color":"#009550","mode":"tram","arr":["M1"],"angle":38.1,"extra":1}},{"type":"Feature","geometry":{"type":"Point","coordinates":[23.786947,38.042218]},"properties":{"lines":"M1","color":"#009550","mode":"tram","arr":["M1"],"angle":1.2,"extra":1}},{"type":"Feature","geometry":{"type":"Point","coordinates":[23.792354,38.044568]},"properties":{"lines":"M1","color":"#009550","mode":"tram","arr":["M1"],"angle":-43.9,"extra":1}},{"type":"Feature","geometry":{"type":"Point","coordinates":[23.796148,38.048499]},"properties":{"lines":"M1","color":"#009550","mode":"tram","arr":["M1"],"angle":-55.7,"extra":1}},{"type":"Feature","geometry":{"type":"Point","coordinates":[23.799917,38.052444]},"properties":{"lines":"M1","color":"#009550","mode":"tram","arr":["M1"],"angle":-60.5,"extra":1}},{"type":"Feature","geometry":{"type":"Point","coordinates":[23.804264,38.055906]},"properties":{"lines":"M1","color":"#009550","mode":"tram","arr":["M1"],"angle":-31.1,"extra":1}},{"type":"Feature","geometry":{"type":"Point","coordinates":[23.805701,38.060004]},"properties":{"lines":"M1","color":"#009550","mode":"tram","arr":["M1"],"angle":67.5,"extra":1}},{"type":"Feature","geometry":{"type":"Point","coordinates":[23.803752,38.064641]},"properties":{"lines":"M1","color":"#009550","mode":"tram","arr":["M1"],"angle":-80.9,"extra":1}},{"type":"Feature","geometry":{"type":"Point","coordinates":[23.804335,38.069511]},"properties":{"lines":"M1","color":"#009550","mode":"tram","arr":["M1"],"angle":-86.4,"extra":1}},{"type":"Feature","geometry":{"type":"Point","coordinates":[23.808264,38.072859]},"properties":{"lines":"M1","color":"#009550","mode":"tram","arr":["M1"],"angle":-89.2,"extra":1}},{"type":"Feature","geometry":{"type":"Point","coordinates":[23.725837,37.963831]},"properties":{"lines":"M2","color":"#e30613","mode":"tram","arr":["M2"],"angle":-44.9}},{"type":"Feature","geometry":{"type":"Point","coordinates":[23.692831,38.015649]},"properties":{"lines":"M2","color":"#e30613","mode":"tram","arr":["M2"],"angle":45.6,"extra":1}},{"type":"Feature","geometry":{"type":"Point","coordinates":[23.696741,38.011794]},"properties":{"lines":"M2","color":"#e30613","mode":"tram","arr":["M2"],"angle":58.7,"extra":1}},{"type":"Feature","geometry":{"type":"Point","coordinates":[23.698907,38.007165]},"properties":{"lines":"M2","color":"#e30613","mode":"tram","arr":["M2"],"angle":69.1,"extra":1}},{"type":"Feature","geometry":{"type":"Point","coordinates":[23.70404,38.004885]},"properties":{"lines":"M2","color":"#e30613","mode":"tram","arr":["M2"],"angle":3.1,"extra":1}},{"type":"Feature","geometry":{"type":"Point","coordinates":[23.710165,38.004095]},"properties":{"lines":"M2","color":"#e30613","mode":"tram","arr":["M2"],"angle":23.8,"extra":1}},{"type":"Feature","geometry":{"type":"Point","coordinates":[23.715974,38.002478]},"properties":{"lines":"M2","color":"#e30613","mode":"tram","arr":["M2"],"angle":2.2,"extra":1}},{"type":"Feature","geometry":{"type":"Point","coordinates":[23.721732,38.001621]},"properties":{"lines":"M2","color":"#e30613","mode":"tram","arr":["M2"],"angle":56.5,"extra":1}},{"type":"Feature","geometry":{"type":"Point","coordinates":[23.722314,37.996884]},"properties":{"lines":"M2","color":"#e30613","mode":"tram","arr":["M2"],"angle":-83.2,"extra":1}},{"type":"Feature","geometry":{"type":"Point","coordinates":[23.720696,37.992138]},"properties":{"lines":"M2","color":"#e30613","mode":"tram","arr":["M2"],"angle":-76.1,"extra":1}},{"type":"Feature","geometry":{"type":"Point","coordinates":[23.720372,37.987383]},"properties":{"lines":"M2","color":"#e30613","mode":"tram","arr":["M2"],"angle":62.1,"extra":1}},{"type":"Feature","geometry":{"type":"Point","coordinates":[23.72463,37.98422]},"properties":{"lines":"M2","color":"#e30613","mode":"tram","arr":["M2"],"angle":4.8,"extra":1}},{"type":"Feature","geometry":{"type":"Point","coordinates":[23.730482,37.983182]},"properties":{"lines":"M2","color":"#e30613","mode":"tram","arr":["M2"],"angle":53.4,"extra":1}},{"type":"Feature","geometry":{"type":"Point","coordinates":[23.734098,37.979143]},"properties":{"lines":"M2","color":"#e30613","mode":"tram","arr":["M2"],"angle":55.6,"extra":1}},{"type":"Feature","geometry":{"type":"Point","coordinates":[23.735445,37.974587]},"properties":{"lines":"M2","color":"#e30613","mode":"tram","arr":["M2"],"angle":-76.5,"extra":1}},{"type":"Feature","geometry":{"type":"Point","coordinates":[23.731783,37.970981]},"properties":{"lines":"M2","color":"#e30613","mode":"tram","arr":["M2"],"angle":-24.3,"extra":1}},{"type":"Feature","geometry":{"type":"Point","coordinates":[23.72858,37.966929]},"properties":{"lines":"M2","color":"#e30613","mode":"tram","arr":["M2"],"angle":-64.1,"extra":1}},{"type":"Feature","geometry":{"type":"Point","coordinates":[23.724467,37.958727]},"properties":{"lines":"M2","color":"#e30613","mode":"tram","arr":["M2"],"angle":42.3,"extra":1}},{"type":"Feature","geometry":{"type":"Point","coordinates":[23.730437,37.957396]},"properties":{"lines":"M2","color":"#e30613","mode":"tram","arr":["M2"],"angle":10.1,"extra":1}},{"type":"Feature","geometry":{"type":"Point","coordinates":[23.735972,37.955452]},"properties":{"lines":"M2","color":"#e30613","mode":"tram","arr":["M2"],"angle":63.5,"extra":1}},{"type":"Feature","geometry":{"type":"Point","coordinates":[23.737071,37.95062]},"properties":{"lines":"M2","color":"#e30613","mode":"tram","arr":["M2"],"angle":81.9,"extra":1}},{"type":"Feature","geometry":{"type":"Point","coordinates":[23.738531,37.945877]},"properties":{"lines":"M2","color":"#e30613","mode":"tram","arr":["M2"],"angle":54.4,"extra":1}},{"type":"Feature","geometry":{"type":"Point","coordinates":[23.740366,37.941213]},"properties":{"lines":"M2","color":"#e30613","mode":"tram","arr":["M2"],"angle":73.9,"extra":1}},{"type":"Feature","geometry":{"type":"Point","coordinates":[23.742609,37.936631]},"properties":{"lines":"M2","color":"#e30613","mode":"tram","arr":["M2"],"angle":58.2,"extra":1}},{"type":"Feature","geometry":{"type":"Point","coordinates":[23.744632,37.932045]},"properties":{"lines":"M2","color":"#e30613","mode":"tram","arr":["M2"],"angle":85.9,"extra":1}},{"type":"Feature","geometry":{"type":"Point","coordinates":[23.744589,37.927112]},"properties":{"lines":"M2","color":"#e30613","mode":"tram","arr":["M2"],"angle":-83.6,"extra":1}},{"type":"Feature","geometry":{"type":"Point","coordinates":[23.74438,37.922174]},"properties":{"lines":"M2","color":"#e30613","mode":"tram","arr":["M2"],"angle":-88.3,"extra":1}},{"type":"Feature","geometry":{"type":"Point","coordinates":[23.74411,37.917235]},"properties":{"lines":"M2","color":"#e30613","mode":"tram","arr":["M2"],"angle":88.6,"extra":1}},{"type":"Feature","geometry":{"type":"Point","coordinates":[23.744745,37.912317]},"properties":{"lines":"M2","color":"#e30613","mode":"tram","arr":["M2"],"angle":84.3,"extra":1}},{"type":"Feature","geometry":{"type":"Point","coordinates":[23.745352,37.907393]},"properties":{"lines":"M2","color":"#e30613","mode":"tram","arr":["M2"],"angle":84.5,"extra":1}},{"type":"Feature","geometry":{"type":"Point","coordinates":[23.745608,37.902459]},"properties":{"lines":"M2","color":"#e30613","mode":"tram","arr":["M2"],"angle":83,"extra":1}},{"type":"Feature","geometry":{"type":"Point","coordinates":[23.746306,37.897544]},"properties":{"lines":"M2","color":"#e30613","mode":"tram","arr":["M2"],"angle":83.7,"extra":1}},{"type":"Feature","geometry":{"type":"Point","coordinates":[23.747119,37.892669]},"properties":{"lines":"M2","color":"#e30613","mode":"tram","arr":["M2"],"angle":72.9,"extra":1}},{"type":"Feature","geometry":{"type":"Point","coordinates":[23.812476,38.017146]},"properties":{"lines":"M3","color":"#1e9cd7","mode":"tram","arr":["M3"],"angle":-53.8}},{"type":"Feature","geometry":{"type":"Point","coordinates":[23.644673,37.943819]},"properties":{"lines":"M3","color":"#1e9cd7","mode":"tram","arr":["M3"],"angle":23.6,"extra":1}},{"type":"Feature","geometry":{"type":"Point","coordinates":[23.642286,37.947853]},"properties":{"lines":"M3","color":"#1e9cd7","mode":"tram","arr":["M3"],"angle":-89.9,"extra":1}},{"type":"Feature","geometry":{"type":"Point","coordinates":[23.641824,37.95277]},"properties":{"lines":"M3","color":"#1e9cd7","mode":"tram","arr":["M3"],"angle":75.1,"extra":1}},{"type":"Feature","geometry":{"type":"Point","coordinates":[23.639876,37.957451]},"properties":{"lines":"M3","color":"#1e9cd7","mode":"tram","arr":["M3"],"angle":85.1,"extra":1}},{"type":"Feature","geometry":{"type":"Point","coordinates":[23.640422,37.96225]},"properties":{"lines":"M3","color":"#1e9cd7","mode":"tram","arr":["M3"],"angle":-51,"extra":1}},{"type":"Feature","geometry":{"type":"Point","coordinates":[23.645789,37.964715]},"properties":{"lines":"M3","color":"#1e9cd7","mode":"tram","arr":["M3"],"angle":-42.2,"extra":1}},{"type":"Feature","geometry":{"type":"Point","coordinates":[23.649623,37.968418]},"properties":{"lines":"M3","color":"#1e9cd7","mode":"tram","arr":["M3"],"angle":-88.5,"extra":1}},{"type":"Feature","geometry":{"type":"Point","coordinates":[23.647768,37.973109]},"properties":{"lines":"M3","color":"#1e9cd7","mode":"tram","arr":["M3"],"angle":82.9,"extra":1}},{"type":"Feature","geometry":{"type":"Point","coordinates":[23.650627,37.977268]},"properties":{"lines":"M3","color":"#1e9cd7","mode":"tram","arr":["M3"],"angle":-48.6,"extra":1}},{"type":"Feature","geometry":{"type":"Point","coordinates":[23.654647,37.981061]},"properties":{"lines":"M3","color":"#1e9cd7","mode":"tram","arr":["M3"],"angle":-54.1,"extra":1}},{"type":"Feature","geometry":{"type":"Point","coordinates":[23.657481,37.985468]},"properties":{"lines":"M3","color":"#1e9cd7","mode":"tram","arr":["M3"],"angle":-60.8,"extra":1}},{"type":"Feature","geometry":{"type":"Point","coordinates":[23.659338,37.990138]},"properties":{"lines":"M3","color":"#1e9cd7","mode":"tram","arr":["M3"],"angle":-83.3,"extra":1}},{"type":"Feature","geometry":{"type":"Point","coordinates":[23.660837,37.994886]},"properties":{"lines":"M3","color":"#1e9cd7","mode":"tram","arr":["M3"],"angle":-62.5,"extra":1}},{"type":"Feature","geometry":{"type":"Point","coordinates":[23.665795,37.997088]},"properties":{"lines":"M3","color":"#1e9cd7","mode":"tram","arr":["M3"],"angle":8.9,"extra":1}},{"type":"Feature","geometry":{"type":"Point","coordinates":[23.671637,37.995453]},"properties":{"lines":"M3","color":"#1e9cd7","mode":"tram","arr":["M3"],"angle":28.9,"extra":1}},{"type":"Feature","geometry":{"type":"Point","coordinates":[23.677035,37.992937]},"properties":{"lines":"M3","color":"#1e9cd7","mode":"tram","arr":["M3"],"angle":32.8,"extra":1}},{"type":"Feature","geometry":{"type":"Point","coordinates":[23.682899,37.991225]},"properties":{"lines":"M3","color":"#1e9cd7","mode":"tram","arr":["M3"],"angle":19.3,"extra":1}},{"type":"Feature","geometry":{"type":"Point","coordinates":[23.688652,37.989345]},"properties":{"lines":"M3","color":"#1e9cd7","mode":"tram","arr":["M3"],"angle":33.8,"extra":1}},{"type":"Feature","geometry":{"type":"Point","coordinates":[23.694451,37.987517]},"properties":{"lines":"M3","color":"#1e9cd7","mode":"tram","arr":["M3"],"angle":17.1,"extra":1}},{"type":"Feature","geometry":{"type":"Point","coordinates":[23.700171,37.985509]},"properties":{"lines":"M3","color":"#1e9cd7","mode":"tram","arr":["M3"],"angle":27.2,"extra":1}},{"type":"Feature","geometry":{"type":"Point","coordinates":[23.705696,37.983165]},"properties":{"lines":"M3","color":"#1e9cd7","mode":"tram","arr":["M3"],"angle":32.7,"extra":1}},{"type":"Feature","geometry":{"type":"Point","coordinates":[23.709481,37.979381]},"properties":{"lines":"M3","color":"#1e9cd7","mode":"tram","arr":["M3"],"angle":32.9,"extra":1}},{"type":"Feature","geometry":{"type":"Point","coordinates":[23.715302,37.977645]},"properties":{"lines":"M3","color":"#1e9cd7","mode":"tram","arr":["M3"],"angle":-1.8,"extra":1}},{"type":"Feature","geometry":{"type":"Point","coordinates":[23.72153,37.9773]},"properties":{"lines":"M3","color":"#1e9cd7","mode":"tram","arr":["M3"],"angle":9,"extra":1}},{"type":"Feature","geometry":{"type":"Point","coordinates":[23.727725,37.976516]},"properties":{"lines":"M3","color":"#1e9cd7","mode":"tram","arr":["M3"],"angle":9.3,"extra":1}},{"type":"Feature","geometry":{"type":"Point","coordinates":[23.73376,37.975307]},"properties":{"lines":"M3","color":"#1e9cd7","mode":"tram","arr":["M3"],"angle":25.7,"extra":1}},{"type":"Feature","geometry":{"type":"Point","coordinates":[23.739917,37.974472]},"properties":{"lines":"M3","color":"#1e9cd7","mode":"tram","arr":["M3"],"angle":-2,"extra":1}},{"type":"Feature","geometry":{"type":"Point","coordinates":[23.745926,37.975865]},"properties":{"lines":"M3","color":"#1e9cd7","mode":"tram","arr":["M3"],"angle":-16.6,"extra":1}},{"type":"Feature","geometry":{"type":"Point","coordinates":[23.751597,37.977858]},"properties":{"lines":"M3","color":"#1e9cd7","mode":"tram","arr":["M3"],"angle":-41.2,"extra":1}},{"type":"Feature","geometry":{"type":"Point","coordinates":[23.755627,37.98164]},"properties":{"lines":"M3","color":"#1e9cd7","mode":"tram","arr":["M3"],"angle":-55.1,"extra":1}},{"type":"Feature","geometry":{"type":"Point","coordinates":[23.757409,37.986363]},"properties":{"lines":"M3","color":"#1e9cd7","mode":"tram","arr":["M3"],"angle":-76.6,"extra":1}},{"type":"Feature","geometry":{"type":"Point","coordinates":[23.759363,37.991036]},"properties":{"lines":"M3","color":"#1e9cd7","mode":"tram","arr":["M3"],"angle":-55.2,"extra":1}},{"type":"Feature","geometry":{"type":"Point","coordinates":[23.764675,37.993301]},"properties":{"lines":"M3","color":"#1e9cd7","mode":"tram","arr":["M3"],"angle":0.7,"extra":1}},{"type":"Feature","geometry":{"type":"Point","coordinates":[23.770486,37.991677]},"properties":{"lines":"M3","color":"#1e9cd7","mode":"tram","arr":["M3"],"angle":21.9,"extra":1}},{"type":"Feature","geometry":{"type":"Point","coordinates":[23.77608,37.993296]},"properties":{"lines":"M3","color":"#1e9cd7","mode":"tram","arr":["M3"],"angle":-40.5,"extra":1}},{"type":"Feature","geometry":{"type":"Point","coordinates":[23.780891,37.996462]},"properties":{"lines":"M3","color":"#1e9cd7","mode":"tram","arr":["M3"],"angle":-38.8,"extra":1}},{"type":"Feature","geometry":{"type":"Point","coordinates":[23.785434,37.999869]},"properties":{"lines":"M3","color":"#1e9cd7","mode":"tram","arr":["M3"],"angle":-41.2,"extra":1}},{"type":"Feature","geometry":{"type":"Point","coordinates":[23.790862,38.002274]},"properties":{"lines":"M3","color":"#1e9cd7","mode":"tram","arr":["M3"],"angle":-28,"extra":1}},{"type":"Feature","geometry":{"type":"Point","coordinates":[23.795556,38.00554]},"properties":{"lines":"M3","color":"#1e9cd7","mode":"tram","arr":["M3"],"angle":-36.4,"extra":1}},{"type":"Feature","geometry":{"type":"Point","coordinates":[23.801356,38.007357]},"properties":{"lines":"M3","color":"#1e9cd7","mode":"tram","arr":["M3"],"angle":-24.7,"extra":1}},{"type":"Feature","geometry":{"type":"Point","coordinates":[23.806804,38.009759]},"properties":{"lines":"M3","color":"#1e9cd7","mode":"tram","arr":["M3"],"angle":-46.7,"extra":1}},{"type":"Feature","geometry":{"type":"Point","coordinates":[23.810184,38.013917]},"properties":{"lines":"M3","color":"#1e9cd7","mode":"tram","arr":["M3"],"angle":-59.5,"extra":1}},{"type":"Feature","geometry":{"type":"Point","coordinates":[23.81814,38.021241]},"properties":{"lines":"M3","color":"#1e9cd7","mode":"tram","arr":["M3"],"angle":-13.6,"extra":1}},{"type":"Feature","geometry":{"type":"Point","coordinates":[23.824249,38.022375]},"properties":{"lines":"M3","color":"#1e9cd7","mode":"tram","arr":["M3"],"angle":-13.3,"extra":1}},{"type":"Feature","geometry":{"type":"Point","coordinates":[23.830384,38.0234]},"properties":{"lines":"M3","color":"#1e9cd7","mode":"tram","arr":["M3"],"angle":-10,"extra":1}},{"type":"Feature","geometry":{"type":"Point","coordinates":[23.836365,38.024702]},"properties":{"lines":"M3","color":"#1e9cd7","mode":"tram","arr":["M3"],"angle":11.5,"extra":1}},{"type":"Feature","geometry":{"type":"Point","coordinates":[23.842089,38.022818]},"properties":{"lines":"M3","color":"#1e9cd7","mode":"tram","arr":["M3"],"angle":9.7,"extra":1}},{"type":"Feature","geometry":{"type":"Point","coordinates":[23.848251,38.021901]},"properties":{"lines":"M3","color":"#1e9cd7","mode":"tram","arr":["M3"],"angle":5.1,"extra":1}},{"type":"Feature","geometry":{"type":"Point","coordinates":[23.854454,38.021184]},"properties":{"lines":"M3","color":"#1e9cd7","mode":"tram","arr":["M3"],"angle":9.6,"extra":1}},{"type":"Feature","geometry":{"type":"Point","coordinates":[23.860534,38.020018]},"properties":{"lines":"M3","color":"#1e9cd7","mode":"tram","arr":["M3"],"angle":23.8,"extra":1}},{"type":"Feature","geometry":{"type":"Point","coordinates":[23.865411,38.016988]},"properties":{"lines":"M3","color":"#1e9cd7","mode":"tram","arr":["M3"],"angle":53.2,"extra":1}},{"type":"Feature","geometry":{"type":"Point","coordinates":[23.867886,38.012495]},"properties":{"lines":"M3","color":"#1e9cd7","mode":"tram","arr":["M3"],"angle":79.8,"extra":1}},{"type":"Feature","geometry":{"type":"Point","coordinates":[23.868854,38.007611]},"properties":{"lines":"M3","color":"#1e9cd7","mode":"tram","arr":["M3"],"angle":75.1,"extra":1}},{"type":"Feature","geometry":{"type":"Point","coordinates":[23.870449,38.002829]},"properties":{"lines":"M3","color":"#1e9cd7","mode":"tram","arr":["M3"],"angle":77.9,"extra":1}},{"type":"Feature","geometry":{"type":"Point","coordinates":[23.871852,37.998008]},"properties":{"lines":"M3","color":"#1e9cd7","mode":"tram","arr":["M3"],"angle":77,"extra":1}},{"type":"Feature","geometry":{"type":"Point","coordinates":[23.872616,37.993129]},"properties":{"lines":"M3","color":"#1e9cd7","mode":"tram","arr":["M3"],"angle":-84.3,"extra":1}},{"type":"Feature","geometry":{"type":"Point","coordinates":[23.87126,37.988305]},"properties":{"lines":"M3","color":"#1e9cd7","mode":"tram","arr":["M3"],"angle":-75.1,"extra":1}},{"type":"Feature","geometry":{"type":"Point","coordinates":[23.869913,37.983481]},"properties":{"lines":"M3","color":"#1e9cd7","mode":"tram","arr":["M3"],"angle":-86.3,"extra":1}},{"type":"Feature","geometry":{"type":"Point","coordinates":[23.871387,37.978752]},"properties":{"lines":"M3","color":"#1e9cd7","mode":"tram","arr":["M3"],"angle":58.6,"extra":1}},{"type":"Feature","geometry":{"type":"Point","coordinates":[23.875284,37.974879]},"properties":{"lines":"M3","color":"#1e9cd7","mode":"tram","arr":["M3"],"angle":50.8,"extra":1}},{"type":"Feature","geometry":{"type":"Point","coordinates":[23.879268,37.971058]},"properties":{"lines":"M3","color":"#1e9cd7","mode":"tram","arr":["M3"],"angle":50.6,"extra":1}},{"type":"Feature","geometry":{"type":"Point","coordinates":[23.883124,37.96716]},"properties":{"lines":"M3","color":"#1e9cd7","mode":"tram","arr":["M3"],"angle":57.8,"extra":1}},{"type":"Feature","geometry":{"type":"Point","coordinates":[23.885633,37.962647]},"properties":{"lines":"M3","color":"#1e9cd7","mode":"tram","arr":["M3"],"angle":75,"extra":1}},{"type":"Feature","geometry":{"type":"Point","coordinates":[23.886311,37.957748]},"properties":{"lines":"M3","color":"#1e9cd7","mode":"tram","arr":["M3"],"angle":-90,"extra":1}},{"type":"Feature","geometry":{"type":"Point","coordinates":[23.886307,37.952801]},"properties":{"lines":"M3","color":"#1e9cd7","mode":"tram","arr":["M3"],"angle":-90,"extra":1}},{"type":"Feature","geometry":{"type":"Point","coordinates":[23.886303,37.947855]},"properties":{"lines":"M3","color":"#1e9cd7","mode":"tram","arr":["M3"],"angle":-90,"extra":1}},{"type":"Feature","geometry":{"type":"Point","coordinates":[23.886299,37.942909]},"properties":{"lines":"M3","color":"#1e9cd7","mode":"tram","arr":["M3"],"angle":-90,"extra":1}},{"type":"Feature","geometry":{"type":"Point","coordinates":[23.886295,37.937963]},"properties":{"lines":"M3","color":"#1e9cd7","mode":"tram","arr":["M3"],"angle":-90,"extra":1}},{"type":"Feature","geometry":{"type":"Point","coordinates":[23.886516,37.933023]},"properties":{"lines":"M3","color":"#1e9cd7","mode":"tram","arr":["M3"],"angle":84.3,"extra":1}},{"type":"Feature","geometry":{"type":"Point","coordinates":[23.88757,37.928151]},"properties":{"lines":"M3","color":"#1e9cd7","mode":"tram","arr":["M3"],"angle":76.1,"extra":1}},{"type":"Feature","geometry":{"type":"Point","coordinates":[23.88954,37.92346]},"properties":{"lines":"M3","color":"#1e9cd7","mode":"tram","arr":["M3"],"angle":67.7,"extra":1}},{"type":"Feature","geometry":{"type":"Point","coordinates":[23.892175,37.918971]},"properties":{"lines":"M3","color":"#1e9cd7","mode":"tram","arr":["M3"],"angle":64.9,"extra":1}},{"type":"Feature","geometry":{"type":"Point","coordinates":[23.894863,37.914502]},"properties":{"lines":"M3","color":"#1e9cd7","mode":"tram","arr":["M3"],"angle":63.3,"extra":1}},{"type":"Feature","geometry":{"type":"Point","coordinates":[23.89803,37.910234]},"properties":{"lines":"M3","color":"#1e9cd7","mode":"tram","arr":["M3"],"angle":60.5,"extra":1}},{"type":"Feature","geometry":{"type":"Point","coordinates":[23.90334,37.908884]},"properties":{"lines":"M3","color":"#1e9cd7","mode":"tram","arr":["M3"],"angle":-25.9,"extra":1}},{"type":"Feature","geometry":{"type":"Point","coordinates":[23.908758,37.911374]},"properties":{"lines":"M3","color":"#1e9cd7","mode":"tram","arr":["M3"],"angle":-31.5,"extra":1}},{"type":"Feature","geometry":{"type":"Point","coordinates":[23.914453,37.9134]},"properties":{"lines":"M3","color":"#1e9cd7","mode":"tram","arr":["M3"],"angle":-15,"extra":1}},{"type":"Feature","geometry":{"type":"Point","coordinates":[23.920534,37.914623]},"properties":{"lines":"M3","color":"#1e9cd7","mode":"tram","arr":["M3"],"angle":-16.5,"extra":1}},{"type":"Feature","geometry":{"type":"Point","coordinates":[23.925817,37.917176]},"properties":{"lines":"M3","color":"#1e9cd7","mode":"tram","arr":["M3"],"angle":-47.2,"extra":1}},{"type":"Feature","geometry":{"type":"Point","coordinates":[23.929635,37.921099]},"properties":{"lines":"M3","color":"#1e9cd7","mode":"tram","arr":["M3"],"angle":-52.9,"extra":1}},{"type":"Feature","geometry":{"type":"Point","coordinates":[23.933415,37.925048]},"properties":{"lines":"M3","color":"#1e9cd7","mode":"tram","arr":["M3"],"angle":-53.1,"extra":1}},{"type":"Feature","geometry":{"type":"Point","coordinates":[23.937186,37.929001]},"properties":{"lines":"M3","color":"#1e9cd7","mode":"tram","arr":["M3"],"angle":-53.1,"extra":1}},{"type":"Feature","geometry":{"type":"Point","coordinates":[23.940965,37.93295]},"properties":{"lines":"M3","color":"#1e9cd7","mode":"tram","arr":["M3"],"angle":-53.3,"extra":1}},{"type":"Feature","geometry":{"type":"Point","coordinates":[23.701605,37.91754]},"properties":{"lines":"T6","color":"#7d2b8b","mode":"tram","arr":["T6","Β1","Β2","Χ96"],"busLines":"Β1, Β2, Χ96","angle":38.9}},{"type":"Feature","geometry":{"type":"Point","coordinates":[23.704605,37.928031]},"properties":{"lines":"T6","color":"#7d2b8b","mode":"tram","arr":["T6"],"angle":-17.7}},{"type":"Feature","geometry":{"type":"Point","coordinates":[23.724214,37.961437]},"properties":{"lines":"T6","color":"#7d2b8b","mode":"tram","arr":["T6"],"angle":-44.8,"extra":1}},{"type":"Feature","geometry":{"type":"Point","coordinates":[23.726455,37.958021]},"properties":{"lines":"T6","color":"#7d2b8b","mode":"tram","arr":["T6"],"angle":9.7,"extra":1}},{"type":"Feature","geometry":{"type":"Point","coordinates":[23.724917,37.955481]},"properties":{"lines":"T6","color":"#7d2b8b","mode":"tram","arr":["T6"],"angle":-42.3,"extra":1}},{"type":"Feature","geometry":{"type":"Point","coordinates":[23.720859,37.951711]},"properties":{"lines":"T6","color":"#7d2b8b","mode":"tram","arr":["T6"],"angle":-51.3,"extra":1}},{"type":"Feature","geometry":{"type":"Point","coordinates":[23.716483,37.948174]},"properties":{"lines":"T6","color":"#7d2b8b","mode":"tram","arr":["T6"],"angle":-54.4,"extra":1}},{"type":"Feature","geometry":{"type":"Point","coordinates":[23.714207,37.94376]},"properties":{"lines":"T6","color":"#7d2b8b","mode":"tram","arr":["T6"],"angle":-76,"extra":1}},{"type":"Feature","geometry":{"type":"Point","coordinates":[23.712676,37.938965]},"properties":{"lines":"T6","color":"#7d2b8b","mode":"tram","arr":["T6"],"angle":-71.8,"extra":1}},{"type":"Feature","geometry":{"type":"Point","coordinates":[23.711193,37.934161]},"properties":{"lines":"T6","color":"#7d2b8b","mode":"tram","arr":["T6"],"angle":-76.3,"extra":1}},{"type":"Feature","geometry":{"type":"Point","coordinates":[23.709717,37.929356]},"properties":{"lines":"T6","color":"#7d2b8b","mode":"tram","arr":["T6"],"angle":-57,"extra":1}},{"type":"Feature","geometry":{"type":"Point","coordinates":[23.70111,37.923465]},"properties":{"lines":"T6","color":"#7d2b8b","mode":"tram","arr":["T6"],"angle":-53.8,"extra":1}},{"type":"Feature","geometry":{"type":"Point","coordinates":[23.726858,37.964078]},"properties":{"lines":"T6","color":"#7d2b8b","mode":"tram","arr":["T6"],"angle":-67.1,"extra":1}},{"type":"Feature","geometry":{"type":"Point","coordinates":[23.731859,37.966816]},"properties":{"lines":"T6","color":"#7d2b8b","mode":"tram","arr":["T6"],"angle":-42.1,"extra":1}},{"type":"Feature","geometry":{"type":"Point","coordinates":[23.737556,37.968571]},"properties":{"lines":"T6","color":"#7d2b8b","mode":"tram","arr":["T6"],"angle":-47.6,"extra":1}},{"type":"Feature","geometry":{"type":"Point","coordinates":[23.732992,37.971037]},"properties":{"lines":"T6","color":"#7d2b8b","mode":"tram","arr":["T6"],"angle":-66.9,"extra":1}},{"type":"Feature","geometry":{"type":"Point","coordinates":[23.728289,37.882964]},"properties":{"lines":"T7","color":"#7d2b8b","mode":"tram","arr":["T7"],"angle":62.9}},{"type":"Feature","geometry":{"type":"Point","coordinates":[23.752038,37.851744]},"properties":{"lines":"T7","color":"#7d2b8b","mode":"tram","arr":["T7"],"angle":77.4,"extra":1}},{"type":"Feature","geometry":{"type":"Point","coordinates":[23.754061,37.85573]},"properties":{"lines":"T7","color":"#7d2b8b","mode":"tram","arr":["T7"],"angle":-67.7,"extra":1}},{"type":"Feature","geometry":{"type":"Point","coordinates":[23.754006,37.860476]},"properties":{"lines":"T7","color":"#7d2b8b","mode":"tram","arr":["T7"],"angle":65.2,"extra":1}},{"type":"Feature","geometry":{"type":"Point","coordinates":[23.749215,37.863368]},"properties":{"lines":"T7","color":"#7d2b8b","mode":"tram","arr":["T7"],"angle":10.4,"extra":1}},{"type":"Feature","geometry":{"type":"Point","coordinates":[23.744375,37.864134]},"properties":{"lines":"T7","color":"#7d2b8b","mode":"tram","arr":["T7"],"angle":29.8,"extra":1}},{"type":"Feature","geometry":{"type":"Point","coordinates":[23.739506,37.867169]},"properties":{"lines":"T7","color":"#7d2b8b","mode":"tram","arr":["T7"],"angle":49.1,"extra":1}},{"type":"Feature","geometry":{"type":"Point","coordinates":[23.735862,37.870842]},"properties":{"lines":"T7","color":"#7d2b8b","mode":"tram","arr":["T7"],"angle":53.3,"extra":1}},{"type":"Feature","geometry":{"type":"Point","coordinates":[23.732074,37.874759]},"properties":{"lines":"T7","color":"#7d2b8b","mode":"tram","arr":["T7"],"angle":77,"extra":1}},{"type":"Feature","geometry":{"type":"Point","coordinates":[23.730349,37.879451]},"properties":{"lines":"T7","color":"#7d2b8b","mode":"tram","arr":["T7"],"angle":73,"extra":1}},{"type":"Feature","geometry":{"type":"Point","coordinates":[23.7248,37.888311]},"properties":{"lines":"T7","color":"#7d2b8b","mode":"tram","arr":["T7"],"angle":61.8,"extra":1}},{"type":"Feature","geometry":{"type":"Point","coordinates":[23.721905,37.892697]},"properties":{"lines":"T7","color":"#7d2b8b","mode":"tram","arr":["T7"],"angle":62.8,"extra":1}},{"type":"Feature","geometry":{"type":"Point","coordinates":[23.720219,37.897443]},"properties":{"lines":"T7","color":"#7d2b8b","mode":"tram","arr":["T7"],"angle":76.4,"extra":1}},{"type":"Feature","geometry":{"type":"Point","coordinates":[23.719531,37.902329]},"properties":{"lines":"T7","color":"#7d2b8b","mode":"tram","arr":["T7"],"angle":89.4,"extra":1}},{"type":"Feature","geometry":{"type":"Point","coordinates":[23.71679,37.906678]},"properties":{"lines":"T7","color":"#7d2b8b","mode":"tram","arr":["T7"],"angle":57.8,"extra":1}},{"type":"Feature","geometry":{"type":"Point","coordinates":[23.712221,37.909974]},"properties":{"lines":"T7","color":"#7d2b8b","mode":"tram","arr":["T7"],"angle":31.4,"extra":1}},{"type":"Feature","geometry":{"type":"Point","coordinates":[23.708242,37.913691]},"properties":{"lines":"T7","color":"#7d2b8b","mode":"tram","arr":["T7"],"angle":45.2,"extra":1}},{"type":"Feature","geometry":{"type":"Point","coordinates":[23.70365,37.91696]},"properties":{"lines":"T7","color":"#7d2b8b","mode":"tram","arr":["T7"],"angle":16,"extra":1}},{"type":"Feature","geometry":{"type":"Point","coordinates":[23.699308,37.920109]},"properties":{"lines":"T7","color":"#7d2b8b","mode":"tram","arr":["T7"],"angle":42.4,"extra":1}},{"type":"Feature","geometry":{"type":"Point","coordinates":[23.643647,37.944568]},"properties":{"lines":"T7","color":"#7d2b8b","mode":"tram","arr":["T7","17","20","218","420","500","703","814","826","827","828","845","859","904","906","909","915","Ε90","Χ96"],"busLines":"17, 20, 218, 420, 500, 703, 814, 826, 827, 828, 845, 859 +6","angle":33.5}},{"type":"Feature","geometry":{"type":"Point","coordinates":[23.646708,37.943067]},"properties":{"lines":"T7","color":"#7d2b8b","mode":"tram","arr":["T7","040","049","130","217","218","229","300","420","500","703","814","827","828","831","838","845","904","906","909","911Α","912","915","Α1","Β1","Β2","Ε90","Χ96"],"busLines":"040, 049, 130, 217, 218, 229, 300, 420, 500, 703, 814, 827 +15","angle":33.9}},{"type":"Feature","geometry":{"type":"Point","coordinates":[23.69643,37.921522]},"properties":{"lines":"T7","color":"#7d2b8b","mode":"tram","arr":["T7","040","049","130","217","218","229","300","420","500","703","814","827","828","831","838","845","904","906","909","911Α","912","915","Α1","Β1","Β2","Ε90","Χ96"],"busLines":"040, 049, 130, 217, 218, 229, 300, 420, 500, 703, 814, 827 +15","angle":29.2,"extra":1}},{"type":"Feature","geometry":{"type":"Point","coordinates":[23.691722,37.92465]},"properties":{"lines":"T7","color":"#7d2b8b","mode":"tram","arr":["T7","040","049","130","217","218","229","300","420","500","703","814","827","828","831","838","845","904","906","909","911Α","912","915","Α1","Β1","Β2","Ε90","Χ96"],"busLines":"040, 049, 130, 217, 218, 229, 300, 420, 500, 703, 814, 827 +15","angle":59.2,"extra":1}},{"type":"Feature","geometry":{"type":"Point","coordinates":[23.687612,37.928242]},"properties":{"lines":"T7","color":"#7d2b8b","mode":"tram","arr":["T7","040","049","130","217","218","229","300","420","500","703","814","827","828","831","838","845","904","906","909","911Α","912","915","Α1","Β1","Β2","Ε90","Χ96"],"busLines":"040, 049, 130, 217, 218, 229, 300, 420, 500, 703, 814, 827 +15","angle":40,"extra":1}},{"type":"Feature","geometry":{"type":"Point","coordinates":[23.688558,37.932357]},"properties":{"lines":"T7","color":"#7d2b8b","mode":"tram","arr":["T7","040","049","130","217","218","229","300","420","500","703","814","827","828","831","838","845","904","906","909","911Α","912","915","Α1","Β1","Β2","Ε90","Χ96"],"busLines":"040, 049, 130, 217, 218, 229, 300, 420, 500, 703, 814, 827 +15","angle":-21.5,"extra":1}},{"type":"Feature","geometry":{"type":"Point","coordinates":[23.694103,37.934189]},"properties":{"lines":"T7","color":"#7d2b8b","mode":"tram","arr":["T7","040","049","130","217","218","229","300","420","500","703","814","827","828","831","838","845","904","906","909","911Α","912","915","Α1","Β1","Β2","Ε90","Χ96"],"busLines":"040, 049, 130, 217, 218, 229, 300, 420, 500, 703, 814, 827 +15","angle":-52.1,"extra":1}},{"type":"Feature","geometry":{"type":"Point","coordinates":[23.691522,37.937618]},"properties":{"lines":"T7","color":"#7d2b8b","mode":"tram","arr":["T7","040","049","130","217","218","229","300","420","500","703","814","827","828","831","838","845","904","906","909","911Α","912","915","Α1","Β1","Β2","Ε90","Χ96"],"busLines":"040, 049, 130, 217, 218, 229, 300, 420, 500, 703, 814, 827 +15","angle":22.4,"extra":1}},{"type":"Feature","geometry":{"type":"Point","coordinates":[23.687315,37.941091]},"properties":{"lines":"T7","color":"#7d2b8b","mode":"tram","arr":["T7","040","049","130","217","218","229","300","420","500","703","814","827","828","831","838","845","904","906","909","911Α","912","915","Α1","Β1","Β2","Ε90","Χ96"],"busLines":"040, 049, 130, 217, 218, 229, 300, 420, 500, 703, 814, 827 +15","angle":35.2,"extra":1}},{"type":"Feature","geometry":{"type":"Point","coordinates":[23.681785,37.943363]},"properties":{"lines":"T7","color":"#7d2b8b","mode":"tram","arr":["T7","040","049","130","217","218","229","300","420","500","703","814","827","828","831","838","845","904","906","909","911Α","912","915","Α1","Β1","Β2","Ε90","Χ96"],"busLines":"040, 049, 130, 217, 218, 229, 300, 420, 500, 703, 814, 827 +15","angle":19.5,"extra":1}},{"type":"Feature","geometry":{"type":"Point","coordinates":[23.675699,37.944408]},"properties":{"lines":"T7","color":"#7d2b8b","mode":"tram","arr":["T7","040","049","130","217","218","229","300","420","500","703","814","827","828","831","838","845","904","906","909","911Α","912","915","Α1","Β1","Β2","Ε90","Χ96"],"busLines":"040, 049, 130, 217, 218, 229, 300, 420, 500, 703, 814, 827 +15","angle":4.4,"extra":1}},{"type":"Feature","geometry":{"type":"Point","coordinates":[23.66943,37.944581]},"properties":{"lines":"T7","color":"#7d2b8b","mode":"tram","arr":["T7","040","049","130","217","218","229","300","420","500","703","814","827","828","831","838","845","904","906","909","911Α","912","915","Α1","Β1","Β2","Ε90","Χ96"],"busLines":"040, 049, 130, 217, 218, 229, 300, 420, 500, 703, 814, 827 +15","angle":-0.2,"extra":1}},{"type":"Feature","geometry":{"type":"Point","coordinates":[23.663684,37.943874]},"properties":{"lines":"T7","color":"#7d2b8b","mode":"tram","arr":["T7","040","049","130","217","218","229","300","420","500","703","814","827","828","831","838","845","904","906","909","911Α","912","915","Α1","Β1","Β2","Ε90","Χ96"],"busLines":"040, 049, 130, 217, 218, 229, 300, 420, 500, 703, 814, 827 +15","angle":5.7,"extra":1}},{"type":"Feature","geometry":{"type":"Point","coordinates":[23.658576,37.946588]},"properties":{"lines":"T7","color":"#7d2b8b","mode":"tram","arr":["T7","040","049","130","217","218","229","300","420","500","703","814","827","828","831","838","845","904","906","909","911Α","912","915","Α1","Β1","Β2","Ε90","Χ96"],"busLines":"040, 049, 130, 217, 218, 229, 300, 420, 500, 703, 814, 827 +15","angle":39.3,"extra":1}},{"type":"Feature","geometry":{"type":"Point","coordinates":[23.652893,37.948492]},"properties":{"lines":"T7","color":"#7d2b8b","mode":"tram","arr":["T7","040","049","130","217","218","229","300","420","500","703","814","827","828","831","838","845","904","906","909","911Α","912","915","Α1","Β1","Β2","Ε90","Χ96"],"busLines":"040, 049, 130, 217, 218, 229, 300, 420, 500, 703, 814, 827 +15","angle":9.9,"extra":1}},{"type":"Feature","geometry":{"type":"Point","coordinates":[23.647022,37.94709]},"properties":{"lines":"T7","color":"#7d2b8b","mode":"tram","arr":["T7","040","049","130","217","218","229","300","420","500","703","814","827","828","831","838","845","904","906","909","911Α","912","915","Α1","Β1","Β2","Ε90","Χ96"],"busLines":"040, 049, 130, 217, 218, 229, 300, 420, 500, 703, 814, 827 +15","angle":-52.1,"extra":1}},{"type":"Feature","geometry":{"type":"Point","coordinates":[23.650696,37.941708]},"properties":{"lines":"T7","color":"#7d2b8b","mode":"tram","arr":["T7","040","049","130","217","218","229","300","420","500","703","814","827","828","831","838","845","904","906","909","911Α","912","915","Α1","Β1","Β2","Ε90","Χ96"],"busLines":"040, 049, 130, 217, 218, 229, 300, 420, 500, 703, 814, 827 +15","angle":-56.8,"extra":1}},{"type":"Feature","geometry":{"type":"Point","coordinates":[23.654228,37.945795]},"properties":{"lines":"T7","color":"#7d2b8b","mode":"tram","arr":["T7","040","049","130","217","218","229","300","420","500","703","814","827","828","831","838","845","904","906","909","911Α","912","915","Α1","Β1","Β2","Ε90","Χ96"],"busLines":"040, 049, 130, 217, 218, 229, 300, 420, 500, 703, 814, 827 +15","angle":-56.4,"extra":1}}]}